book_title,review_content,rating
자현 스님의 조금 특별한 불교 이야기,불교를 이해하려면 먼저 불교사를 읽어보는 것이 지름길인 것 같다. 저자의 독특한 목차구성과 혜안 그리고 읽기쉬운 점이 돋보이는 책이다. 불교에 대한 전체적인 개요를 파악하고 경전 하나하나를 읽어나갈 계획이다.강추!,5
자현 스님의 조금 특별한 불교 이야기,다작으로 유명한 자현스님의 이 책은 읽기에 부담없는 분량으로 값도 싸고 간단히 잘 설명되어 있다. 현대인에게 적당한 다양한 비유로 불교를 쉽게 설명하고 있어 불교를 전혀 모르는 초학자나 초신자에게 권할 만 하다. 다만 몇 가지 티를 굳이 말하자면 책 전반에 걸쳐 보수와 진보의 틀로 설명을 한 경우가 많은데 특히 석가모니부처님의 대제자 마하가섭과 아난을 보수와 진보의 대표자로 설명한 부분에서 읽는 이들이 오늘날 우리 한국사회의 대립적이며 심지어 적대하는 보수와 진보로 이해할까봐...+ 더보기,3
생명없는 종교생활에서 벗어나라,종교생활을 해야하는 것이 아니라 복음(예수가 그리스도) 신앙생활을 해야 함을 알았습니다. 감사합니다.,5
생명없는 종교생활에서 벗어나라,"무엇을 벗어나라고 말하려는걸까.. 제목에서 나타나듯 생명이 없는 종교생활은 또 뭘까... 책장을 넘기면서 하나하나 선명하게 발견되어지는 것들, 촛점없이 방황하는 나의 신앙생활에 친절하고 따뜻하게, 그리고 분명하게 하나님의 사랑과 계획을 깨닫게 해준다. 내가 정말로 하나님의 자녀로 선택받고 축복 안에 들어왔구나! 그것을 깨닫는것은 긴 시간이나 어려운 방법이 아니라, 내가 일하고 있는 그 삶의 현장 가운데서 잠시 1분만이라도 하나님의 계획을 보게 해달라고 기도만 하면 되는 거다. 점을 치러 다녀도 해결되지 않던...+ 더보기",5
생명없는 종교생활에서 벗어나라,'생명없는 종교생활에서 벗어나라'이 책을 친구의 선물을 받았는데 첫 느낌에 생명이라는 단어와 종교라는 단어가 끌려서 읽게 되었습니다. 읽고나서 참 많이 회개 하였는데 그것은 난 참 생명에 대한 감각이 없었구나와 시간이 흐를 수록 종교생활에 나도 모르게 찌들려서 기도응답이니 전도니 이런 것들이 나와는 전혀 상관이 없는 모습으로 살고 있었음을 알게 되었습니다. 오랜 종교생활에서 나를 끌어 내어준 책 이책을 많은 사람들이 읽었으면 좋겠다는 생각을 합니다.,5
생명없는 종교생활에서 벗어나라,여러가지 갈등이 있을 때마다 다시 읽게되는 책이다. 나의 신앙생활의 좋은 동반자인 책이다. 신앙생활을 하면서 풀리지 않는 여러가지들을 부딪칠때마다 가장 성경적이고 복음적인 답을 찾게 하신 책이다. 이 책을 만나게 하신 주님께 감사와 영광을 ... 신앙생활을 하면 할수록 기초.기본이 가장 중요하다는 생각을 하게된다. 이 책은 기초와 기본에서 시작하여 가장 최고 최상의 신앙생활을 인도해 주는 것이라 생각한다. 감사하다.,5
생명없는 종교생활에서 벗어나라,잘은 모르겠지만 성경에 대해서 잘 설명이 되어있어서 좋네요. 보통 기독교 책이라고 해도 거의 세상얘기만 하고 세상 방법대로 하고....이책은 좀 어려운거 같기도 한데...깊은 생각을 하게끔 만드는 그런 책이네요.. 좀 생각하시면서 고민하시면서 신앙생활 하시는 분들에게 추천합니다. 재미로 보기에는 좀 그럴수도 있구요^^,3
생명없는 종교생활에서 벗어나라,신앙생활이 또 하나의 인생이 짐이 되시는 분들께 이 책을 추천합니다. 제 신앙을 돌아보게 되고 진정한 신앙생활이 무엇인지 그리도 성도의 축복이 얼마나 크고 비밀한 것인지 깨닫게 해주는 참 소중한 책 이었습니다.,5
생명없는 종교생활에서 벗어나라,"모태신앙으로 자라나 그리스도인이라고는 불려졌지만 나의 삶 속에서 기도응답이 되어지지 않고 전도가 가장 어렵다고 느낄때.... 종교생활과 신앙생활의 차이도 모르고 살고 있을때... 목사님의 메시지와 책을 통해서 구원의 확신과 함께 기도, 전도가 되어지는 참 행복한 응답을 받았습니다. 이 책의 내용은 특별한 초대_영접, 영원한 생명_구원, 하나님이 주신 힘_권세, 하나님과 통하는 열쇠_기도, 영혼을 향한 애절함_전도, 누림이 있는 인생_삶과 전도’로 인생이 직면한 만 가지 문제의...+ 더보기",5
생명없는 종교생활에서 벗어나라,"복음이 너무 소중하기에 다른 것과 바꿀 수 없다는 것을 알게 되었고, 이 복음이 나를 통해서 다른 사람에게 전달될 때 또한 너무 소중한 복음이 된다는 사실을 알게 되었어요. 지금도 복음이 없이 살 수 있다는 사람들에게 꼭 필요한 책으로 추천을 하고 싶네요 그리고 한국 교회가 세상에 조롱거리가 되고 있는 이 시대에 조롱하는 그 사람들에게 보내는 주님의 희망 메시지라고 생각이 됩니다. 부디 복음을 몰라 열심히 봉사 헌신하고 있는 분들이 일고 깨달았으면 좋겠어요",5
생명없는 종교생활에서 벗어나라,우연히 친구의 소개로 읽은 책인데 이 책을 읽고나서 많은 신앙의 오해들을 풀게 되었다. 세상에서 가장 어려운게 전도인줄 알았는데 이 책을 읽고서는 가장 쉬운 것이 전도임을 알게 되었다.종교생활에서만 빠져 나오면 전도는 가만히 있어도 된다니..참 첨 듣는 말이지만 충격이 되는 말이고 또 믿음의 확신을 가지게 된다. 이제는 전도라는 날개를 달고 날아 다니면서 복음을 전할 전도자로 쓰임받을 모습을 그려본다.,5
생명없는 종교생활에서 벗어나라,그동안 왜 내가 갈등하고 살았는지 알것같다.. 너무 힘들게 방황하고.. 교회만 열심히 다니면 되는 줄 알았는데.. 정말 이책을 읽으면서 그런 문제에서 해방되는 듯한.. 너무 감사하다..,5
생명없는 종교생활에서 벗어나라,너무나 값진 선물과 같은 책입니다 문제가 있다면 답이 있듯 인생의 답을 얻고 싶다면 꼭 읽어 보시길 바랍니다. 마음이 시원해짐을 느끼게 되실 것 입니다.^^,5
생명없는 종교생활에서 벗어나라,"천주교 15년, 교회 13년을 죽어라 다녔지만 얻지 못했던 진정한 해답을 얻었습니다. 이 책을 만나게 하신 하나님께 감사드립니다. 이 세상 모든 분들께 자랑하고 싶은 책입니다.",3
생명없는 종교생활에서 벗어나라,이 책을 읽고 감사를 회복할 수 있었다. 내게 주신 생명 감사함으로 받고 누리는 삶이 되길 기도한다.,5
생명없는 종교생활에서 벗어나라,생명없는 종교생활에서 생명있는 복음생활을 누릴수 있도록 많은 것을 깨닫게 해준책입니다.^^,5
생명없는 종교생활에서 벗어나라,이 책을 통해서 종교가 아닌 오직 복음 종교생활이 아닌 생명있는 생활 자신의 삶 속에서 복음만을 풍요롭게 누리는 시간이 될것입니다,2
주 예수 그리스도,이 책은 두터운 분량에 비해서 매우 단순한 명제를 가지고 있다. 출판사 소개글이나 여러 학자들의 추천사에 구체적으로 언급된 것처럼 1913년에 출간된 Wilhelm Bousset의 의 명제를 반박하는 책이다. Bousset는 소위 종교사학파(Religionsgeschichtliche Schule)의 일원으로 그의 주장은 Jesus Devotion(예수 경배/헌신/섬김)이 이레나이우스를 거쳐서 2세기 말부터 시작되었다는 것이다. Larry Hurtado는 이 주장에 반박하며 Jesus Devo...+ 더보기,4
예수님 십자가 고난과 부활의 여정,"책 제목에 “여정”이라는 표현이 붙어 있긴 하지만, 사실 책에서 다루고 있는 기간은 그리 길지 않다. 흔히 말하는 공생애의 마지막 한 주간(고난주간)과 부활로 마무리 되는 짧은 기간의 사건들을 복음서를 중심으로 정리한 책이다(페이지도 꽤 적다).총 여덟 개의 장으로 구성되어 있는데, 각 장마다 하루 동안의 일정을 담고 있다. 저자의 간략한 설명이 덧붙여져 있기는 하지만, 신학적인 논의로 깊이 들어가는 않고, 대체로 복음서의 기록을 이어붙이거나 연결해 설명하는 방식으로 글이 진행된다.고난주간(과 부활주일)에 하루 한 씩 읽으며 묵상하...+ 더보기",3
바울,"오래간만이었다. 그간 나름 읽기 편하고 쉬운 에세이나 자기개발서, 혹은 소설 류들에 치중한 독서를 해왔더라면 이번 '바울, 그의 생애와 사역'은 완독하기까지 결코 쉽지 않았음을 먼저 고백하는 바이다. 두터운 책의 두께도 두께거니와 요즘 책 같지 않은 깨알같은 글씨까지 더해진 탓에 완독에 이르기까지 적지 않은 시간이 걸렸다. 크리스찬이 아니라면, 혹은 바울의 생애 전반에 대한 아주 강렬한 호기심이 있는 사람이 아니라면, 이 책을 선택하게 되기까지가 그 자체만으로도 쉽지 않은 여정이지 않았을까.성경보다는 그래도 좀 더 쉽게 그의 일생을...+ 더보기",4
바울,"사도 바울은, 조직적인 교단으로서 기독교가 원활히 기능하는 데에 초석을 놓은 행정가였고, ""서신""을 통해 교리 원형의 기반을 닦은 ""신학자""였으며, 불 같은 정열로 지중해 세계 곳곳을 누비고 다닌 활동가였고, 마음에 티끌만큼도 신앙에의 동요가 없었던 성스러운 사도였습니다. 예수 그리스도 생전에 직접 조우한 바 없음에도 불구하고, 그는 자신 앞에 홀연히 나타나 눈 앞의 비늘을 떨구어 준 그 성스러운 체험을 잊지 못 해 모두와 함께 진리를 공유하기 위해 일생을 헌신했습니다. 이전 그의 행적을 보면 ""믿음에의 길""과는 ...+ 더보기",5
바울,"""기독교는 디아스포라의 땅이 아니라 이스라엘 땅에서 유대 공동체 내부에서 하나의 운동으로 일어났다. 이 운동의 창시자는 한 유대인이었고, 그의 제자들도 유대인이었다. 제자들은 그의 선생이 떠나간 후 수년 동안 오직 자기들에게 맡겨진 복음을 유대인들에게만 전하였다. 그런데도 그들의 선생이 죽은 후 채 한 세대도 지나지 않아서 로마 제국 당국자들은 기독교를 큰 세력을 가진 이방 제의로 인정했""다(29). 이 중심에 바울이 있습니다. ""예수, 그는 누구인가?"" 예수를 진정으로 알기 원한다면 우리는 성경을 통해 예수를 만나야 하는데, 바울...+ 더보기",5
바울,"바울 그의 생애와 사역F.F.브루스 지음, 박문재 옮김CH북스 (크리스천다이제스트) 주일학교 아이들과 함께 사도행전을 읽고 있다.사도행전은 바울이 쓴 글은 아니지만바울이 예수님을 만나고 사울에서 바울이 되고나서전도여행을 다니며 쓴 이야기들이 많이 나온다.또한, 신약성경중 많은 서신서들이 바울에 의해 쓰여진 것을 보며이 책을 통해 이해의 폭이 넓어지길 바라는 마음으로 읽어보게 되었다.이전까지는 서신서인 갈라디아서, 고린도전후서, 로마서 등을 보면서이 글들을 '헬라 문화의 걸작'이라는...+ 더보기",5
티베트불교 반야심경 강해,"부처님 가르침을 자의적으로 해석하는 난법 시대.언제부터 불교의 공성이 참나의 아트만으로 윤색되었는지 모르겠다. 스스로 한 소식 했다며 하는 누군가의 강의가 불교의 공성을 힌두교의 아트만과 동일하게 보는 지경이다.훼불은 과거 시대만 일어나는 것이 아니라 불교라고 입에 담는 오늘 날의 누군가로부터도 일어나고 있다.그럴수록 헷갈리지 않는 바른 가르침이 필요한 시대가 되었다.이 책은 공성을 포함해서 불교의 여러 깨달음의 단계를 설명하고 있다.대승의 관점을 중심으로 통불교적인 설명을 해준다. 쉬운 부분도 있고, 익숙하지 않은 용어와 어려운 ...+ 더보기",5
티베트불교 반야심경 강해,초기와 대승사이 어디쯤 갤룩은 참나의 존재를 애써 무시하는 그런파다 그렇기때문에 진전이 없고 부처가없다,3
광우 스님이 들려주는 기도 가피 이야기,"9월의 서평 도서 ‘기도가피이야기’라는 제목이 궁금증을 불러왔다. 불교와 거리가 먼 집안 분위기로 매월 불교에 대해 하나씩 알아가는 기분이다. 교회에서 기도는 많이 해봤는데, 불교의 기도법문은 또 어떤 느낌일지… ‘불보살님은 간절한 기도에 분명 응답한다’는 ...+ 더보기",5
광우 스님이 들려주는 기도 가피 이야기,"간혹 윤회와 관련된 이야기를 하면 더러 불교는 숙명론이냐고 물으시는 분들이 있습니다. 제 대답은 '아니요'입니다. 불교는 운명이 정해져 있다는 생각을 거부합니다. 지금까지 이야기를 통해 보았듯, 부처님께서 전생의 업보에 대해 강조하시고, 또 지금 당장 조금이라도 더 복을 지으라고 말씀하신 건 내 삶은 결국 내가 만들어 가는 것임을 가르쳐 주고자 하셨던 것입니다.8%​​ 불교의 가르침을 요약하면 결국 '마음을 잘 써라.'라고 할 수 있습니다. 옛날부터 여러 큰스님들이 한결같이 말씀하신 것도 바로 이것입니다. ​ 달마 대사께서 이렇게...+ 더보기",5
광우 스님이 들려주는 기도 가피 이야기,"@bkbooks79#광우스님이들려주는기도가피이야기#광우스님 #기도가피이야기 #btn소나무#불교 #수행 #기도 #108배 #사경 #염불#불광출판사서포터즈빛무리 #서평#책스타그램 #북스타그램​어쩌다 보는 불교방송의 소나무란 프로에서 광우스님을 처음 접했었는데, 아이 같은 미소에 장난끼가 잔뜩 묻어나는 표정으로 거침없이 이야기를 펼치던 모습이 참 기억에 남았었다. 이번에 읽은 책이 광우스님의 ""기도 가피 이야기"" 처음엔 암암리 전해지고 있는 불교설화에 대해 모아 놓은 책인가 하고 읽기 시작했는데, 어느 순간부터 우리가 일상에서 접할 수 ...+ 더보기",5
광우 스님이 들려주는 기도 가피 이야기,"나는냐 병아리세상에 나온 사람은 모두 다 병아리인게 아닐까, 하고 엉뚱한 생각을 해본다. 응애에요. 뭐 이런 밈처럼 세상이 처음이고 모든게 새롭고, 지루하고 지치고 고루하고 매일이 똑같은 거 같아도 사실 들여다보면 모두 다르다.기도도 그렇다.제각기 종교마다 기도가 있고, 그런가 보다 했는데 이렇게 들여기보면 새롭고 저렇게 들여다보면 또 처음 보는 것이다. 종교간의 차이뿐 아니라 기도란게 본래 계속 새로운 걸지도 모르겠다. 그동안 고루하게 생각해봐서 똑같아 보였던 거지. 에는 마...+ 더보기",5
광우 스님이 들려주는 기도 가피 이야기,"할머니 할아버지 품에서 듣던 이야기가 떠오르는 가피加皮는 부처나 보살이 기도를 통해서 중생에게 힘을 주는 일을 의미한다고 한다. 는 제목 그대로, 중생의 눈높이에 맞는 방식으로 그들에게 기도를 통해 힘을 줄 수 있는 다양한 이야기를 전한다. 광우 스님의 다정한 어체로 줄지어 기도 가피 이야기해주는 것은 마치 구전 설화를 읽는 것 같았다. 옛날에 할머니 할아버지가 해주시는 이야기를 들으면 긍정적인 교훈과 반면 ...+ 더보기",5
광우 스님이 들려주는 기도 가피 이야기,"광우 스님의 기도 가피 이야기는 삶의 어려움을 기도와 절을 통해 극복할 수 있다는 희망의 메시지를 전하는 책이다. 최근 과중한 업무와 끊임없이 타인에게 힘을 주어야 하는 상담 일로 인해 육체적, 정신적으로 지친 나에게 이 책은 큰 위안과 깨달음을 주었다. 광우 스님의 따뜻하고 통찰력 있는 법문과 다양한 영험담들은 기도의 힘을 새롭게 일깨워주었고, 마음을 다스리는 지혜를 얻게 해주었다. 특히 '노는 입에 염불하라'는 가르침은 일상 속 작은 실천의 중요성을 깨닫게 해주었다. 이 책을 통해 나는 앞으로 매일 조금씩이라도 기도와 절을 실천...+ 더보기",5
광우 스님이 들려주는 기도 가피 이야기,"BTN 불교 TV 인기프로그램 소나무의 주인공 광우스님의 이 책은 기도가 낯설고 어색한 이들에게는 수행의 첫걸음을 쉽게 뗄수 있도록 인도해주고기도가 어려운 이들에게는 수행의 일상화와 지속적 습관화를 이끌어주는 내용으로 구성되어있다.1, 업과 운명, 2. 은혜와 원수로 엮인 인연의 이치, 3. 기도의 이유,4. 기도의 기적까지 총 4개 카테고리로 나뉘어져있으며 불자가 아닌 나 또한광우스님의 공감의 설법안에서 매료되고 공감되는 일상의 기도 이야기로 가득차있다.우리의 삶이란 전생의 복을 쓰면서 살아가는 여정...+ 더보기",4
광우 스님이 들려주는 기도 가피 이야기,"결국 우리에게 필요한 것은 바로 마음 공부입니다. 역경과 고비, 아픔과 상처를 극복하고, 나의 중심을 잡을 수 있는 것이 바로 마음 공부이지요.진정한 마음공부의 첫 걸음은 바로 보리심에서 시작됩니다. 이는 위로는 깨달음을 구하고, 아래로는 모든 중생을 제도하겠다는 거룩한 마음입니다. -364p 아버지가 돌아가시고 49재 첫 재를 지낸 9월 9일부터 해서 이 책을 읽기 시작했다. 49재의 5번째 재를 지낸 오늘(9/30)로 이 책을 다 읽었다. 마침 ‘광우 스님의 기도 가피 수행단’을 모집 중이...+ 더보기",4
6·25 잊지 말아야 할 그때 그 역사,"6.25 전쟁 75주년을 맞이하여"" 6.25 잊지 말아야 할 그때 그 역사"" 귀한 책이 출간 되었다. 첫 장을 읽자 마자 가슴에 묵직한 감동이 몰려와 마지막 장까지 읽지 안을 수 없었다. 6.25에 대한 생생한 증언과 6. 25 상황 가운데 이 민족에 대한 하나님의 사랑과 섭리를 알게 하셨다. 적극 추천합니다.",5
6·25 잊지 말아야 할 그때 그 역사,리박 뉴라이트 수준. 이런 책 읽을 바에는 만화책 본다,1
매력적인 공동체,"마크 데버의 건강한 교회 시리즈는 두고 두고 볼만한 가치가 있다. 본 책은 건강한 교회의 9가지 원리가 적용된 건강한 교회, 매력적인 공동체의 모습을 보여주고 있다. 읽으면서 교회를 매력적인 공동체로 만들어가고 싶다는 열망이 생길 것이다.",5
예수를 깊이 생각하라,우리가 현실 세계에서 겪고 있는 이 무수한문제들을 어떻게 받아들여야할지 이 책에서해답을 찾을수 있습니다.주님의 가르침으로 행동하는 주님의 자녀가되도록 도움을 받았습니다.,5
예수를 깊이 생각하라,예수님을 생각하는 것은 생활이고 습관이지만 때때로 제 신앙심이 흔들리고 믿음이 위태로워질 때가 있는데 그럴 때에 저의 마음을 단단히 붙들어줄 수 있는 책이네요. 주님의 사랑과 따뜻한 손길을 매일 새롭게 느낍니다.,5
2026 바르게 해석하고 알기 쉽게 풀어 쓴 토정비결,토정비결은 음력으로 보는 거라고 합니다.,5
2026 바르게 해석하고 알기 쉽게 풀어 쓴 토정비결,2019년 운세를 보면 정말 좋는 시간을 가져 행복 했습니다,5
2026 바르게 해석하고 알기 쉽게 풀어 쓴 토정비결,몸이 아프면 병원에 가듯이 마음이 공허 할 때는 토정비결이 마음의 병을 치유 하는 것 같네요,5
2026 바르게 해석하고 알기 쉽게 풀어 쓴 토정비결,운세도 찾기도 쉽게 설명도 보기 편하게 되어져 있어 좋아요 . 강추 ~,5
2026 바르게 해석하고 알기 쉽게 풀어 쓴 토정비결,현대적 느낌과 고전미가 잘 어울려 칭찬하고 싶어,5
2026 바르게 해석하고 알기 쉽게 풀어 쓴 토정비결,"점 집에 가기에 무서워 친구와 같이 가기로 했는데 친구도 역시 같은 과 라, 토정비결을 사서 운세를 보기로 마음먹고 서점에 들러 샀습니다. 생각보다 보기 쉬워서 선택하는데 별 어려움이 없었습니다. 그리고 좋은 것은 2019년 운세가 귀인을 맞나 승진도 하고, 좋은 사람을 맞나 결혼도 한다고 합니다. 몸이 아프면 병원에 가듯이 마음이 공허 할 때는 토정비결이 마음의 병을 치유 하는 것 같네요",5
2026 바르게 해석하고 알기 쉽게 풀어 쓴 토정비결,"어머님이 무척 좋아햐셔요. 활자도 크고 글자 간격도 넓어 보기 좋아요. 집에 있는 옛날 토정비결은 세로쓰기와 한자와 병행 되어져 있어 읽는 중간에 어느 줄인지 놓쳐버릴 때가 있어는데, 가로쓰기로 되어져있어 정말 편해요. 그리고 한자보다는 한글로 이해하기 쉽게 해석이 되어져있어 읽기도 편하고, 가족들이 함께 모여 서로 2021년 운세를 보면 정말 좋는 시간을 가져 행복 했습니다. 저는 내년에 성적도 더 오르고, 원하는 좋은 학교에 갈 수 있다고 하네요 . 강추 합니다",5
2026 바르게 해석하고 알기 쉽게 풀어 쓴 토정비결,"표지 디자인이 정말이뻐요 입금님 용상위의 일월곤륜도에 학을 넣어 십장생도 같은 느낌으로하고, 책 제목은 은박을 넣어 정말 고급 스럽고, 좋아요. 할아버지 할머니가 보는 토정비결이 아니라, 현대적 느낌과 고전미가 잘 어울려 칭찬하고 싶어요. 오래, 오래 소장하고 볼수 있을 것 같아요",5
D. A. 카슨의 하나님의 사랑,“하나님은 사랑이시다.” 모 대형교회가 벽에 써 붙이면서 더욱 유명해진 이 문구는 오늘날 많은 사람들이 좋아하는 내용을 담고 있는 것으로 오해된다. 당연히 하나님은 사랑이시다. 그분은 우리가 저지르는 모든 오류와 잘못을 언제나 용서할 준비가 되어 있는 분이다. 그러니 우리는 조금은 더 느슨해져도 된다.이 책의 저자인 D. A. 카슨은 바로 그런 세간의 오해에 정면으로 도전한다. 몇 개의 강연을 모은 이 책의 원제목은 “하나님의 사랑이라는 난해한 교리(The Difficult Doctrine of the Love of God)”다. ...+ 더보기,4
D. A. 카슨의 하나님의 사랑,"『D.A.카슨의 하나님의 사랑』은 책의 제목만 보면 한 사람이 하나님의 사랑에 대해서 느낀점을 서술한 것 같습니다. 그러나 이 책의 원제는 『하나님의 사랑, 그 어려운 교리』(The difficult doctrine of the love of god)입니다. 우리는 하나님이 사랑이시라고 믿고 있습니다(요일4:8). “하나님이 사랑이시다”라는 문구는 굉장히 많이 알려진 문구입니다. 맞습니다. 하나님은 사랑이십니다! 사랑을 제외하고는 하나님에 대해서 논할 수 없습니다.그러나 우리는 ‘사랑’ 그 자체에 대해서 좀 더 고민이 필요합니다. ...+ 더보기",4
냅킨 전도,정말 복음이 기쁜 소식입니다 하고 전할 수 있게 해 주는 좋은 책. 꼭 읽어보세요. 강추!,5
냅킨 전도,제목 : 냅킨전도저자 : 제임스 정옮긴이 : 출판사 : IVP읽은날 : 2017/06/11 - 2017/06/22보통 전도라고 하면 예수그리스도의 십자가를 전함으로 천국에 갈 수 있도록 하는 것이라고 생각한다. 나도 대학을 갈때까지 그게 전도라고 배웠으니까.그런데 어느 순간부터 이런 전도가 잘 먹히지(?) 않는다.가장 큰 문제는 일반인들이 봤을 때 그리스도인을 닮고 싶지 않기 때문이다.죽고나서 천국만 생각하는 종교를 누가 좋아할까? 더구나 요즘처럼 욜로를 외치는 시기에..이 책은 전도에 대한 시각을 교정해준다. 그리스도를 ...+ 더보기,3
냅킨 전도,청년 및 대학생 전도를 위해 항상 4영리만을 사용해 오다가 이번에 이 책으로 전도를 하려고 구입했습니다. 전도의 도구로 사용하기에 좋은 것 같습니다.,3
주께서 사랑하시듯 사랑하라,"˝감정은 하나님의 주된 관심사가 아닙니다. 하나님을 향한 사랑이든 인간을 향한 사랑이든, 기독교적인 사랑은 의지의 문제입니다. 하나님의 뜻을 행하려고 노력한다면 곧 '주 너희 하나님을 사랑하라'는 계명에 순종하고 있는 것입니다.˝ C.S.루이스,",4
주께서 사랑하시듯 사랑하라,"로버타 본디 감리교 신학자의 초기 그리스도인들과의 대화를 읽었다. 특히 사막 교부들이 잔한 하나님 안에서의 겸손, 사랑, 기도가 무엇인지를 안내하고 있다. 신앙의 진수가 무럿인지 찬찬히 궁구할 크리스찬들에게 좋은 영성 자료가 될 것이다.",4
과학을 앞서가는 성경 1,어떻게 접하다 보니까 이 책을 접하겠는데요.. 과학적으로 도전히 설명하기 어려운 부,5
신앙의 기초를 세워라,"에이든 토저, 그는 정식 신학 교육을 받지 못했지만 누구 못지 않은 높은 신학적 경지에 올라 많은 저서를 통해 사람들을 깨우치고, 감동을 주고 있다. 그는 꾸미지 않은 사실적 표현, 돌려 말하지 않는 직설적 언어를 특징으로 갖고 있다. 정곡을 바로 찌르는 그의 수사법은, 그러한 그의 메시지는 아픈만큼 성숙하게 하고, 누구의 메시지보다 깊게 그리고 오래 남는다. 현실을 분명히 볼 수 있게 해준다. 국내에 지금까지 번역 출간된 그의 책이 상당히 많다. 하지만 출간되지 않은 그의 책은 그보다 더 많다. 그러하니 앞으로 발간되는 ...+ 더보기",5
청지기 수업,"하나님께서 에덴에 동산을 창설하시고 사람을 거기 두시고 에덴동산을 다스리며 지키게 하셨다. 하나님이 주인이시고 사람은 하나님의 동산에 청지기일 뿐이다. 청지기는 소유에 대해서는 종의 의식을 가지고 일에 대해서는 주인의식을 가지고 사는 것이다. 이것이 뒤바뀔 때 인간은 타락하고 방종하게 된다. 하나님이 내게 주신 소유에 대해서는 내 것이 아님을 알고 그 모든 소유가 하나님의 영광과 뜻을 위해서 허락하신 소유임을 알고 주인의 뜻대로 사용하는 것이 청지기이고, 일에 대해서는 종처럼 수동적인 자세로 일하는 것이 아니라 주인...+ 더보기",5
청지기 수업,"매일 주인 뜻대로 사는 훈련 청지기 수업 - 한규삼 지음 - 이 세상에서 하나님 마음에 합한 선한 청지기로 살아가려면 우리는 어떻게 해야할까?part 1대단한 주인에게 청지기가 있다.part 2주인은 재물보다 관계에 관심이 많다.part 3청지기, 하나님이 공급하심을 안다.part 4주인으느 선한 청지기를 든든히 여긴다.이렇게 4가지 part로 나누어져서 쓰여져있다.청지기 수업 책을 읽으면서 '하나님의 은혜' 찬양곡이 계속 떠올란다'나를 지으신이가 하나님, 나를 부르신이가 하나님, 나를 보내신이도 하나님, 나의 나된것은 ...+ 더보기",5
청지기 수업,"청지기의 삶. 신앙의 연륜이 좀 된다면 청지기의 삶에 대해서 고민할 것이다. 그러나 어떻게 사는 것이 청지기로서 사는 것인지 막연하다. 그러다 보니 그저 하나님을 잘 섬기는 것, 다시 말하면 예배 잘 드리고(소위 주일성수), 교회의 일에 충성, 봉사하는 것 정도로 생각한다. 청지기란 주인이 맡긴 것을 관리하는 관리자라고 정의할 수 있다. 주인이 아니기에 선택권이 없다. 하나님 나라와 세상의 가치관이 공존하는 상황에서 청지기의 사명을 감당해야 하기 때문에, 청지기로서 사는 것이 힘들게 여겨진다. 즉, 하나님과 재물을...+ 더보기",5
청지기 수업,"충현교회 한규삼목사님의 ""청지기수업"" 온화한 목사님의 해맑은 미소와 웃음이 눈에 선하게 보이는 것 같았습니다. 이 설교집을 통해 진정 청지기의 정신이 무엇이며, 그리고 우리가 주님앞에서 주께서 우리에게 주신 시간과 물질을 어떻게 사용해야 할지 다시 한번 생각해 보게 되었습니다. 자녀들을 주님의 교훈과 훈계로 양육하며, 신실한 주님의 청지기로서, 주님이 나에게 주신 많은 것들을 어떻게 믿음안에서 잘 관리하며, 그것을 주의 일을 위해 사용해야하는지 귀한 많은 깨달음을 얻게 되었습니다. ""맡은 자들에게 구할...+ 더보기",5
청지기 수업,"""하나님께서 우리를 부르신 소명(구원)은 나 혼자 천국에 가는 것으로 끝나지 않습니다. 하나님은 우리를 하나님의 구속 사역 안으로 초대하셔서 하나님의 일에 동참하도록 하셨습니다."" (P.150) 이땅에서 살아가는 우리 크리스천들의 정체성이 무엇이라고 생각하십니까? 한규삼 목사님의 신간, 청지기 수업에서는 이땅에서의 우리의 정체성은 청지기라고 단언합니다. 이 정체성을 잃고 살아가는 우리는 모두 영적 실직자들입니다. 우리는 우리의 본질을 회복하고, 우리의 소명을 마땅히 감당해야 합니다. 그러기 위해서 필요한 것이 바로 청지기 ...+ 더보기",5
청지기 수업,"하나님을 믿고 섬기는 사람은 하나님의 청지기이다. 청지기란 주님을 대신하여 여러 가지 일을 돕는, 즉 시중을 드는 자를 말한다. 청지기란 주인이 아니고 관리자란 뜻이다. 우리는 하나님의 돈을 관리하는 관리자일 뿐이다. 그래서 “내 돈 갖고 내 마음대로 쓰는 데 무슨 상관이냐”라는 얘기를 할 수 없다. 이 재물이 하나님의 것이기 때문에 하나님은 마지막 날 ‘우리가 그것을 어떻게 사용하였는지’ 계산하신다. 이 책은 충현교회를 섬기고 있는 한규삼 목사가 그리스도인들이 어떤 청지기가 되어야 하는지 성경적 원리에 입각해서 기...+ 더보기",5
청지기 수업,"p. 98 청지기로서 관리해야 할 것은 주인이 맡긴 모든 것입니다. 다시 말해 사람이 소중하다고 생각하는 거의 모든 것입니다. 재능, 물질, 자녀, 직위, 시간, 자유 등 모두입니다. p.105 영혼의 청지기는 소유의 넉넉함이 아니라 생명의 풍성함에 마음을 ...+ 더보기",4
청지기 수업,기억에 남는 구절 우리가 하나님을 섬기면 그분의 종이 되는 것입니다.19p청지기 정신의 핵심은 주인을 향하여 한결같은 충성심을 갖되 아주 오랫동안 자신이 주도하여 행한 주인의 일을 자신의 일이라고 착각하지 않는 것입니다. 47p우리에게 자녀의 청지기로서 받은 사명이 있다는 사실입니다.그 사명중에서 가장 중요한 것은 바로 자녀에게 언약을 가르치는 것입니다.p134 현재를 살고 있는 우리에게 청지기의 삶을 살아라라고 이야기하면 너무 낯선 단어일 것이다.청지기라는 말이 마치 중세 유럽이나 로마시대때 사용되는 말같으며 주인...+ 더보기,5
읽기만 해도 신심 나는 법구경 이야기,"책 법구경을 보면서 기억이 났던 것은 사극 여인천하였다.승려 보우를 문정왕후에게 소개시켜 주었던 정난정은 그 당시 불교에 심취했으며 자신의 삶을 불교를 통해서 바꾸려 했던 것이다.그럼으로서 정난정이 문정왕후의 권세를 이용하여 힘을 가졌으며,윤원형과 문정와후 사이에서 자신의 존재감을 드러내게 된다. 그때 정난정이 사극에서 누군가에게 호통을 쳤을 때 꺼낸 책이 바로 법구경이었다.10년이 지난 드라마여서 많은 것이 지워졌지만 그것은 또렷이 기억하고 있었다.법구경은 우리의 인생에 도움이 될 만한 불교 이야기를 시로 지은 책이며,그 안에 담...+ 더보기",5
읽기만 해도 신심 나는 법구경 이야기,"부처님의 가르침을 짧은 경구로 농축한 ‘법구경’은 가장 널리 알려진 불교 경전이다. 법구경은 부처님께서 간결하고 함축적인 게송을 읊어 깨달음으로 인도한 가르침의 정수가 집약된 경전으로 평가받고 있는 경전이다. 보통 '경전'이리고 하면 책을 온통 한자어로 씌어 있어 일반인이 해석하기가 어럽다. 하지만 이 책은 전혀 그렇지 않은게 어려운 법구경을 이야기 형식을 빌려 부처님의 가르침을 옮겨 놓은 책이다. 그래처 이 책을 '부처님의 일대기, 초기불교의 역사서, 불교의 기초교리서'라고 부...+ 더보기",5
읽기만 해도 신심 나는 법구경 이야기,">읽기만 해도 신심나는 법구경 이야기.원빈 지음에 도서출판 이층버스에서 펴냈다.사실 부처에 관해서도 불교도, 법구경이 뭔지도 모르고 신심이라는 단어에 끌러 이 책을 집어들었다.""난다 난다 사하바""왠지 의심이와 신심이가 떠나는 '법구경' 신심 증장 여행!책 표지에 있는 글로봐서도 이 책은 심히 초심자를 염두에 두고 만들어진 듯 싶다.특히 의심이와 신심이의 대화체로 법구경을 풀어 불교에 대한 손쉬운 접근을 하고 있다.사실, 불교도 법구경도 잘 모르는...+ 더보기",4
읽기만 해도 신심 나는 법구경 이야기,"난다난다 신심난다 사바하 읽기만해도 신심 나는 도서출판 이층버스 ​이 책을 지은​ 원빈 스님은 해인사에서 출가를 하고 중앙승가대학교를 졸업, 대한민국 육군 해군 장교로 임관하여 복무를 하셨네요. 육군 용사들이 어려움이 닥쳐도 부처님의 힘으로 모든 역경을 이겨 낼 수 있도록 용기를 복돋아 주었어요. ​ 나를 찾아 떠나는 행복 여행 2층버스 와 함께 해요세상을 따뜻하게 만드는 책을 만들겠습니다 라는 슬로건을 내...+ 더보기",5
읽기만 해도 신심 나는 법구경 이야기,"읽기만 해도 신심 나는 법구경 이야기 아주 오래전에 마음공부를 할 기회가 있었다. 그때 화엄경, 묘법연화경, 성경 ...에 있는 좋은 말씀을 들려주던 스승이 계셨다. 그 스승을 통해 처음 입문하게 됐던 법구경, 그 당시 좋은 말씀이 참 많아 궁금했었다. 꼭 찾아 읽어야지하고 별렀는데, 이제야 접한다. 꼭 집어 어떤 말씀이었는지 잘 떠오르지 않지만, 가슴이 따스해지던 기억만은 또렷하다. 그때 당시 어떤 측면에서 법화경하고는 사뭇 다른 내용이라는 것만 기...+ 더보기",5
읽기만 해도 신심 나는 법구경 이야기,누구에게 권할까? 명상에 관심이 많은 사람.평소 불교에 대해서 배우고 싶었던 사람.느슨한 마음을 다잡고 심신을 일으켜 수행을 하고픈 불교신자. 두 명의 수행자가 등장하여 법구경 이야기를 이끄는데한 명은 열심히 수행하였지만 수행의 성과가 적어 실망한 의심이 많은 '의심이'와'의심이'를 돕는 '신심이'라는 '의심이'와 '신심이'가 이야기 하는 형식으로법구경의 이야기를 하면서​부처님의 가르침을 알기 쉽게 독자들에게 알려주고 있다. ...+ 더보기,5
쉬운 법구경 담마빠다,필사용으로 좋은 것 같아요~!!,5
예수의 보혈의 능력,"결혼하기 1년 전부터 교회를 다니기 시작했으니까 이제 만 7년이 되어가네요. 처음 교회에서 예배를 드렸을 때 너무 낯설고 어려워서 아무런 말도 귀에 들어오지 않았는데 이제는 성경 1독을 목표로 열심히 성경도 읽고, 찬양대원으로 헌신하고, 가정 예배도 자주는 아니지만 드리려고 하는 성도가 되었답니다. 그래도 여전히 모르는 것 투성이에요. 안다고 생각하지만 막상 누군가가 물어보면 대답하지 못하는 것들이 허다하죠. 그 중에서도 보혈의 의미는 머릿속에서 이런 것이라는 생각이 들기는 하지만 럭비공처럼 이리 튀고 저리 튀고 해서 전혀...+ 더보기",5
예수의 보혈의 능력,"신앙에 있어 어떤 영성의 문제는, 말하는 사람의 문맥 전체를 관통하는 것이라고 생각합니다. 텍스트를 읽을 때 정보의 이해와 취합에 중점을 둘 때도 있고, 줄글 전체를 관통하는 어떤 박력, 영감, 호소력 등을 느껴 가며 읽을 때도 있습니다. 후자는 독서라기보다 모종의 감동적인 연설을 들을 때의 느낌과 비슷하죠. 종교적 감화와는 직접 관련이 없지만 예컨대 마틴 루터 킹 주니어 목사가 1963년 링컨 메모리얼에서 행한 ""I have a dream."" 같은 연설을 들어 보면 (그 유명한) Free at last 대목에서 ...+ 더보기",5
예수의 보혈의 능력,"""예수 그리스도의 피 뿌림을 얻기 위하여 택하심을 입은 자들""(벧전 1:2)예수님이 오시기 전까지, 구약의 예배는 짐승들의 피로 얼룩져 있습니다. 어떤 글에서, 유월절 주간에만 25만 5천마리의 어린양이 거래되고 희생제물로 바쳐진다는 이야기를 읽은 적이 있습니다. 실제로 유월절이 되면 예루살렘 성전은 온통 짐승의 피 냄새가 진동을 하고, 핏물이 강물처럼 철철 흘러넘친다고 합니다. 어릴&...+ 더보기",5
예수의 보혈의 능력,세상에 많은 종교가 있지만 믿는 자에게 영생을 주는 종교는 오직 기독교뿐이다. 생명은 또한 피에 있기에 기독교는 피의 종교라고 할 수 있다. 아담 하와가 범죄 했을 때 하나님은 양을 잡아 그들에게 가죽옷을 입혀 부끄러운 곳과 죄를 가리워 덮어 주셨는데 그 양은 아담 하와의 죄 때문에 피를 흘리고 생명이 죽었다. 모든 생명은 피에 있기에 죄로 죽은 생명을 살리려면 누군가 그 죄인을 대신하여 피를 흘리고 죽어야만 하는데 우리를 위하여 예수 그리스도께서 십자가에서 보배로운 피를 흘리시고 죽으셨다. 그러면 그리스도의 보혈의...+ 더보기,5
예수의 보혈의 능력,"인간사회의 온갖 유혹속에서 살아가는 오늘날 현대인들이 2.000여년전 인류의 죄를 대속하시기 위하여 이땅에 오신 예수 그리스도와 어떠한 상관관계가 있으며 예수님의 구속사적 은혜의 진정한 능력이 어디에서 나오는지를 깨닫게 해주는 글이었다. 위대한 영성이란 저서로 나에게는 이미 오래전부터 감명을 주셨던 앤드류 머레이 목사님은 ""예수의 보혈의 능력""이란 글로 하나님의 구속사적 은혜가 어떻게 나타나며 이루어지는 지를 보여주고 있었다. 구속의 피, 화평의 피, 의롭게 하는 피, 완전케 하는 피, 양심을 깨끗게 하는 피, ...+ 더보기",5
예수의 보혈의 능력,"이 책의 저자인 앤드류 머레이는 19세기 네덜란드 개혁교회의 가장 유력한 인물로서 국제적인 신망을 얻은 복음주의자이다. 그는 유럽을 여행하는 중에 예수님의 보혈의 능력에 대해 구체적으로 살펴보아야겠다는 확고한 생각이 들었다고 한다. 그래서 고난주간 동안 그의 교회에서 이 문제를 다루었고, 강론을 책으로 출간하였는데 이 책은 과 을 완역 합본한 책이다.책에는 ‘피에 대한 성경의 가르침’에 대한 이야기가 있는데, 먼저 피에 대한 구약 성경의 가르침이 있다. 아벨의 희생을 보면 ...+ 더보기",5
예수의 보혈의 능력,"그리스도인들에게 '보혈'의 의미는 무엇일까? 십수년간 교회를 다녔다고 하는 그리스도인들조차도 예수의 보혈, 십자가 보혈의 진정한 의미를 깊이있게 이해하는 사람은 많지 않을 것이다. 대략적으로 예수 보혈의 공로로 우리가 구원을 받는다는 정도. 본서는 대다수 그리스도인들의 보혈에 대한 피상적인 개념과 지식에서 더 한층 진일보한 보혈에 대한 교리적 지식을 선사한다. 그러나 무턱대고 복잡하고 난해한 지식의 나열이 아닌 일반적인 신자들의 지성적 능력으로 충분히 이해하고 받아들이기 어렵지 않을 정도의 평이함으로 전달되고 있다...+ 더보기",4
예수의 보혈의 능력,예수의 보혈의 능력 크리스천다이제스트(CH북스) 출판사의 '세계기독교고전'시리즈를 좋아합니다. 그동안 기독교 관련 출판사나 책들은 무척이나 많지만 세계적인 고전을 번역해서 출간하는 경우는 이 시리즈가 처음이지 않을까 생각이 들어요. 책을 좋아하는 사람이라면 당연히 세계명작시리즈를 꼭 읽어야하듯이 어쩌면 크리스찬이라고 한다면 꼭 읽어야할 책들이 이 시리즈가 아닐까하는 생각입니다. 사실 어렵고 난해하기도 하지만 한줄 한줄 묵상하고 생각하면서 읽어야할 필독서들이 아닐까 생각합니다. 그런면에서 이책시리즈의 책들이 우리에게 주는 깊...+ 더보기,5
예수의 보혈의 능력,"앤드류 머레이라는 이름 만으로도 이 책은 충분한 가치가 있다.이 책은 앤드류 머레이의 강좌를 엮은 것으로 2권으로 나뉘어예수의 보혈의 다양한 능력을 얘기한다.예수의 보혈에 대해 항상 생각하고 기억하고 감사하며 살아야 하는 것이 당연함에도,자꾸 잊고 불평하며 때로는 위축된다.이런 나 자신에게 이 책의 내용은용기와 감사와 기쁨을 주었다.""죄에서 깨끗이 씻는다는 것은 죄의 책임에서 벗어나게 한다는 뜻이 아니라, 죄의 오염에서 구해낸다는 뜻입니다....제물의 경우 그 사람을 위해서 어떤 일이 행해졌습니다만 깨끗이 씻는 일의 경우는 그 사람...+ 더보기",5
예수의 보혈의 능력,"쉽지 않은 책이였다. 거의 일주일 가까이 붙잡고 있었다. 나는 육아 중이기에 틈틈히 짬내 책을 읽는데 이 책은 그렇게 읽을 수 없었다.집중해서 온 정신과 마음과 영혼을 다해 읽어야 했다. 사실 1부 예수의 보혈의 능력은 이론 같다. 이렇게 저렇게 설명하고 왜 예수 보혈의 능력인지를 알려주는 것에 가까웠다면 2부 십자가의 보혈에서는 설교에 가까웠다 읽으며 눈시울을 붉히지 않을수 없었다.1부에서는 내용이 살짝 어려워 꾸벅 졸기도 했고, 이해가 안되는 부분은 그냥 읽고 넘어가기도 했지만 2부에서는 구절 구절이 내 마음에 다가와 막 후벼팠...+ 더보기",5
예수의 보혈의 능력,"앤드류 머레이의 “예수 보혈의 능력” 정말, 많은 은혜와 감동을 받았습니다. 앤드류머레이의 책은 언제나 성경적이며 영성이 깊고 은혜가 풍성합니다. 예수님의 보혈만이 우리의 능력이 됩니다. 예수 보혈의 능력만이 우리가 이 세상가운데 살면서 유혹에서 이길 유일한 능력이요, 예수님이 보혈만이 우리가 하나님의 뜻에 따라 살아갈 수 있는 능력을 주시며, 예수님의 보혈만이 우리가 이웃을 사랑하고 섬길 능력을 주시고, 예수님의 보혈만이 우리의 모든 죄를 흰눈보다 더 희게 씻어주시고, 우리의 모든 죄를 다 사해주시는 능력이 되며, 예수님의 보혈만...+ 더보기",5
나가사키의 노래,"일본 동부에 사망, 실종자의 숫자가 이만 천여 명을 넘는 엄청난 재해가 일어났습니다. 이 재난으로 지진 피해자들이 겪은 절망과 상실감을 쉽게 표현할 길이 없을 것입니다. 피해자들은 무엇보다 사랑하는 가족이 하루아침에 주검으로 변한 현실이 믿기지 않을 것입니다. 그 누구라도 ‘‘왜 우리에게 이런 엄청난 비극이 일어났을까?""하고 한탄하게 마련입니다. 만약 만물을 주관하는 신이 있다면, 그 신을 원망하지 않을 수 없습니다. 막 태어난 아기, 순진무구한 어린이, 그 아이를 사랑하는 부모까지 가리지 않고 데려간 신의 잔혹함에 대해 한 서린 ...+ 더보기",4
나가사키의 노래,"부산의 성바오로딸의 서점에서 수녀님이 추천해주신 책. 우리본당의 수도회소속의 어느 신부님께서도 ""나가사키""에 관한 책을 이번에 번역을 하셨는데...우연의 일치인진 몰라도 이책을 소개받게 되었다. 가톨릭이 뭔지..그리고 그 영적인 느낌이 뭔지.. 가톨릭신자라면 누구나 한번쯤은 느껴봤을 그런 영적인 느낌을 이 책에선 아주 자세히..그리고 세밀하게 표현되어진게 가장 큰 매력이었다. 무엇보다도 실제의 이야기가 이 책의 스토리라는게 더더욱더 책을 읽으면서 책장 한장한장에 그 의미와 감동이 물밀듯이 밀려왔었고... 어렵고 힘든 시기마...+ 더보기",5
100년 넘은 시골 교회 젊은 교회가 되다,"[100년 넘은 시골 교회 젊은 교회가 되다] 라는 책이 도서출판 브니엘에서 나왔다. 이 책은 경기도 용인의 시골마을에 있는 송전교회 이야기를 담은 것이다. 이 책은 아신대학교 신학과를 졸업하고, 총신대학교 신대원과 일반대학원을 졸업하고 서른네의 젊은 나이에 송전교회에 부임하여 전도, 양육, 다음세대, 지역 섬김을 위해서 헌신하고 있는 권준호 목사의 땀과 눈물, 헌신과 기도가 집약돼어 있는 책이다. 대체로 역사가 오래되고 전통 있는 교회는 목회하기가 힘들다. 후임자는 전임목회자와 장로님들, 권사님들이...+ 더보기",5
100년 넘은 시골 교회 젊은 교회가 되다,저자 권준호 목사는 농촌교회에서 사역하고 있다. 농촌은 인구절벽을 현장에서 볼 수 있는 곳이다. 농촌은 사람들의 기본권을 누리기 어려운 곳이다. 제대로된 문화시설들이 부족하다. 젊은 이들이 떠난 자리에는 연로하신 분들이 감당하고 있다. 청년들의 연령을 상향해야 된다는 것이 농촌의 현실이다. 청년이라고 하면 30대까지 보아왔지만 이제는 40년 중반까지 이어져야 한다는 농촌현실에 모두가 수긍하고 있다. 농촌은 미래가 보이지 않는다고 한다.&n...+ 더보기,5
100년 넘은 시골 교회 젊은 교회가 되다,"복음은 모든 믿는 자에게 구원을 주시는 하나님의 능력이다. 복음은 멈출 수 없고, 황무지라도 살리는 구원의 능력이다. 복음이 들어가기만 하면 살아나고, 듣는 사람들의 삶에 놀라운 변화를 가져온다. 그럼에도 불구하고 너무나 많은 사람들이 환경에 매이는 것 같다. 이래서 못하고, 저래서 안 된다는 말들을 많이 하는데, 복음의 능력을 알고 경험했다면 그렇게 말할 수 없을 것이다. 100년 넘는 시골 교회 젊은 교회가 되다는 책을 읽으면서도 복음의 능력을 새삼 느끼게 되는 것 같다. 100년 넘는 시골 교회 젊은 교회가 되다는 ...+ 더보기",5
오픈 시크릿,"선교학 교과서로 쓰인 이 책을 손에 든 것은, 순전히 저자의 이름 때문이었다. 대학원에 다니던 시절 처음으로 레슬리 뉴비긴의 책을 읽어본 이래로, 그는 나에게 C. S. 루이스와 더불어 내용의 질은 보장된 저자 목록에 올라 있다. 물론 레슬리 뉴비긴의 글은 루이스의 그것과 달리 유머도 풍자도 거의 없고, 내용도 기발함이나 창의적인 생각보다는 오랜 전통을 새롭게 읽어 내거나 잘 정리해 내면서 새로운 통찰을 보여주는 쪽인지라 조금은 더 딱딱하게 느껴질 순 있지만, ...+ 더보기",4
돈과 영성,"돈이 있는 곳에 마음이 있다는 것은 굳이 크리스천이 아니라도 해당되는 말이다. 저자는 재정과 관련된 모든 문제는 늘 ‘마음’의 문제, ‘정체성’의 문제라고 한다. “돈은 우리가 중요하게 생각하는 것이 무엇인지 정확하게 보여준다.”",4
돈과 영성,"【 돈과 영성 】- 내 마음의 주인 찾기 _폴 트립 (지은이), 최요한 (옮긴이) 두란노 2019-03-13 원제 : Redeeming Money “이 책의 목표는 돈에 관한 모든 것을 성경적 세계관으로 살펴보는 것이다. 더 구체적으로 말하자면, 그리스도 예수의 복음이라는 렌즈를 통해 돈을 바라본다.” ‘복음의 안경’에 주목한다. 사람들은 누구나 자기만의 안경을 쓰고 살아간다. 시력보조용이나 멋을 위한 안...+ 더보기",5
돈과 영성,"인생의 주인은 내가 아니라는 사실에 비추어 살지 않으면 우리는 돈을 원래 목적대로 사용할 수 없고 해로운 버릇을 끊을 수 없다. 이 세상은 개인의 행복을 실현하라고 만든 곳이 아니요, 개인의 욕심을 채우라고 돈을 만든 것도 아니다. 20쪽고백하건데 이 책을 읽으면서 꼭 나에게 필요한 책이라고, 분명 완독하고 나면 현재 내가 겪고 있는 돈에 관한 문제가 완전히 풀릴 것이라고 여겼다. 그래서 그동안 내가 돈에 얼마나 마음을 두고 있었는지, 나의 행복을 위해서 얼마나 스스로 합리화를 시켰는지 인정하지 않을 수 없었다. 하지만 책을 덮고 ...+ 더보기",5
돈과 영성,"우리의 정체성은 돈에서 가장 많이, 가장 강력하게 드러난다.돈을 쓰는 방식을 보면 그 사람의 정체성이 보인다. 피조물의 정체성이 나타나는 사람은 제 생각을 버리고 창조주의 지혜로운 가르침과 목적에 따라 돈을 이해하고 사용한다. 제 마음대로 돈을 쓰면서 갖고 싶은 것은 무엇이든 갖는 것은 하나님의 피조물이라는 정체성을 부정하는 것이다. 당신의 소비생활에서는 어떤 정체성이 드러나는가? (p38)두번째 요소는 '필요'다.필요는 인간 문화에서 가장 남ㄴ용하는 허술한 단어다. 우리가 필요하다고 생각하는 것은 사실 대부분 불필요하다. 우리는 ...+ 더보기",5
돈과 영성,"돈과 영성 Redeeming Money 내 마음의 주인 찾기 ​ 폴 트립 지음 두란노 ​ 돈을 어떻게 사용해야 하는가. 가진것이 별로 없으니 이 문제에 자유한 줄 알았습니다. 그런데 아니더군요. 돈이 없어서 이건못하고, 돈이 있으면 이것도 할텐데...라는 생각이 어느새 밖으로 표출되어 아이들도 압니다. 물건을 사는데 돈의 액수가 얼마나 큰 영향력을 갖는지 말이죠. 아이들도 자신의 용돈을 자신이 좋아하는 것에 사용하려고 합니다. 자신이 돈의 ...+ 더보기",5
돈과 영성,"돈과 영성폴트립 지음 인상에 남는 구절17p 중립적인 인생관은 없다. 완전히 열린 마음은 없다. 사람은 모두 자신의 세계관으로 세상 만물을 이해하며, 자신만의 의미를 생산한다. 37p 우리의 정체성은 돈에서 가장 많이, 가장 강력하게 드러난다. 61p 인생을 바꾸는 것은 서너 가지 굵직한 사건이 아니라 수천 가지 소소한 사건이다. 대단히 중요한 순간에 우리가 어떻게 행동하는 지도 일상의 작은 선택들이 모여서 흐르는 방향에 따라 결정된다. 129p 우리의 재정관의 문제는 우리가 선물로 받은 예수님과 그 은혜의 가치...+ 더보기",5
돈과 영성,"""은혜는 마음의 변화를 일으킨다. 돈이 일으키는 어떤 수렁도 하나님의 은혜보다 깊지 않다."" (p.23) 사람들이 그러더라. 은혜를 받으면 마음의 변화가 일어난다고. 믿지 않을 때는 그게 어떤 것이 되었든 간에 돈이 최고라고 생각했다. 지금도 가끔 그렇게 생각하는 걸 보면 난 아직 신앙적으로 덜되도 한참 덜 되었다. ""하나님의 은혜는 돈이 전혀 새롭게 보이는 문을 열어 준다. 하나님이 우리에게 베푸시는 은혜는 그렇게 강력하...+ 더보기",5
돈과 영성,아끼면서 사는데도 늘 돈이 모자라 '얼마가 있다면'이라고 생각할 때가 많다. 성경에도 돈에 관한 내용이 나오는지 몰랐는데 꽤 많은 양으로 다루고 있었다. 역시 돈은 예전에도 지금에도 사람들에게 없어서는 안 될 물건인가 보다.​돈 문제는 내가 내 인생의 주인으로 살겠다는 태도에서 생긴다. 합리적인 경제생활의 첫걸음은 우리보다 높은 하나님의 영광에 순종하는 것이라고 한다. 내가 내 인생의 주인공이기 때문에 돈도 우리가 지배할 수 있다고 생각한다. 재정 문제에 빠져 두려움에 압도당하고 현실을 부정하고 자책하지 않기 위해 남 탓을 하고 희...+ 더보기,4
돈과 영성,돈과 영성폴 트립 지음/두란노 펴냄 '내 마음의 주인 찾기'라는 부제가 마음에 많이 와 닿았다. 그리스도인으로 살고 있지만 하나님을 내 마음의 주인으로 삼는 것은 한번으로 ...+ 더보기,4
돈과 영성,돈과 영성 지금 우리에게 꼭 필요한 책인 것 같다.나에게 돈은 어떤 존재일까?살아가는데 꼭 필요한 것 중에 하나 인 것 같은데...난 돈에 끌려가면서 살고 있을까? 아니면 돈을 잘 사용하면서 살고 있을까?이 질문을 나에게 던지게 됐다.돈을 사랑함이 일만 악의 뿌리가 되나니 이것을 탐내는 자들은 미혹을 받아 믿음에서 떠나 많은 근심으로써 자기를 찔렀도다. - 디모데전서 6:10 말씀 -돈을 쫓는 삶은 결국 그 많은 근심이 나를 찌른다고 성경에서 말해주고 있다.하나님의 자녀로서 돈을 우상숭배하며 탐심을 가득 채우는 삶이 아닌&...+ 더보기,5
돈과 영성,"사람들이 말하는 성공 그리고 행복이라는 개념에는 ‘돈’이 포함되어 있다. 경제 수단이 삶의 질을 결정하는 현실을 보면서, 인간생활의 수단인 ‘돈’을 사람들은 ‘목표’로 여기며 살아가는 것은 아닌가라는 생각을 해본다. 어쩌면 돈에 영향을 받지 않아야 하는 그리스도인의 삶 또한 돈에 의해 좌불안석인 것은 아닐까라는 생각에 슬프다. 우리의 삶에서 가장 우선시 되어야 하는 것은 무엇일까? 생각해보지 않을 수 없다. 지금 이 순간에도 수많은 사람들이 돈 때문에 울고 웃는 모습을 볼 수 있다....+ 더보기",5
돈과 영성,"재정관 바로 세우기 1부 왜 내 믿음은 돈 문제 앞에 무기력할까 | 현실과 믿음 사이에서 주저앉다2부 돈, 하나님 자리를 탐하다 | ‘마음’을 두고 벌이는 매일의 전쟁 3부 돈, 하나님 나라 안에서 제자리 찾기 | 경제생활을 변화시키는 ‘은혜’의 복음 ​'돈과 영성' 영어 제목인 "" Redeeming MONEY' 라는 뜻이 더 마음에 와닿는 책이었다. 그래서 담아두고 싶었던 내용도 많았고, 책에서 모두 담아낼 수 없었던 성경의 내용을 찾아보고 메모하며 큐티하느라 책의 분량은 많지 않지...+ 더보기",5
돈과 영성,"돈으로 시작했다가 은혜로 끝나는 책이 책을 읽고 싶었던 이유는돈과 신앙은 매우 가깝기 때문이다.우리는 돈이 없으면 살지 못하고이는 신앙인도 마찬가지이고 특별히 목회자에겐 더욱 더 다가오는 주제이기에 이 책을 선택하였다.이 책에서 가장 와 닿았던 두 문장이 있다면- 돈의 문제는 단순히 돈의 문제로 끝나는 것이 아니다- 일주일동안 섬기던 신은 우리가 주일날 섬기던 신과 다르다라는 문장이며가난한 한 사람의 고백이 ""나는 신앙인으로서 청빈했던 것이 아니라 돈이 없었기 때문에 청빈했다""라는 고백이 나의 고백처럼 느껴지기도 했다.이 책의 결론...+ 더보기",5
돈과 영성,"인생을 살면서 돈과 관계 없는 듯한 고민을 하며 시간을 소모할 때가 있다. 하지만 다시 생각해보면 그건 돈과 관계 없는 문제가 아니다. 오히려 돈과 직결되어있다. 책을 읽으면서 떠올려보니, 현생에서 붙들고 있는 고민 역시 궁극적으로 돈 때문에 나오는 고민이었다. 애써서 '이건 돈 문제가 아니고 다른 관점에서의 문제야'라고 합리화했을 뿐.​세상에 정의된 '수저론'에 의하면 내가 금수저인 것 같지는 않다. 그렇다고 해서 지금까지 한 번도 '돈 한 푼 없어서' 현생에 지장이 있던 적 없었다. 삶은 참 역설적이다. 그렇게 잡힐 듯 잡히지 ...+ 더보기",4
돈과 영성,"폴 트립 목사님은 처음 보는 저자이다.내가 책을 선정할 때에는 좋아하는 저자이거나 출판사를 보거나.. 아니면 내가 관심있는 주제이거나 할 경우 책을 선택하게 된다. 이 책은 세번째 경우인 내가 관심있는 주제이다. 특히 요즘 이 주제에 대해 많이 고민하고 생각하고 있다. 무언가 기독교인이 돈이라는 주제에 대해 생각한다고하면 세속적인것 같아 이렇게 글을 쓰면서도 나도모르게 돈이라는 단어를 잘 쓰지 않고 있는....것을 발견한다. ㅋㅋ​""내 마음의 주인 찾기""라는 소제목에 어울리듯 이 책은 단지 돈에 대해서만 다루지 않는다.이 책은 돈에...+ 더보기",4
돈과 영성,"'돈과 영성'이라는 제목을 접했을 때 딱히 어색하다고 표현하기도 어려웠지만, 부자와 바늘귀가 떠오르며 왠지 조화롭지 못하다는 느낌이 들었다. 하지만 책에는 달리 주장하고 있을까? 돈과 영성은 사실 함께 가야 하는 것이라고 적혔을까? 왠지 조화롭고 긍정적인 메시지도 담겨 있을 것 같아서 사뭇 궁금했다. ""내 마음이 실제로 예배하는 것이 무엇인지 파악해야 한다.""(p. 42)그렇다. 인생의 목적과 행복의 기준 그리고 내가 드리는 예배의 본질을 정확하게 파악해야 나를 찾을 수 있다. 하나님 안에서 웃을 수 있는 나....+ 더보기",5
돈과 영성,"돈, 영성. 이 두 단어를 나란히 놓으면 왠지 이 사이에 “vs”를 붙여야할 것 같은 충동이 들었다. 개인적으로 나에겐 그랬다. 왜냐하면 이 둘은 서로가 갈등의 구조 속에 있는 것처럼 여겨졌기 때문이다. 그러나 이 책의 제목은 돈“과” 영성이다. 돈과 영성? 왠지 책 제목만 놓고 보면은 내용이 뻔해 보였다. 또 돈에 관한 여러 가지 “지침들”이겠거니 생각했기 때문이었다. ​ 하지만 이 책의 원어 제목인 “Redeeming Money”(Re...+ 더보기",5
돈과 영성,"사실 재정사용에 대해 진지하게 고민하거나 기도했던 건 작년부터였다. 그 전에도 이런저런 고민이 있긴 했지만 오래가지는 않았고 별 문제가 없다고 생각했다. 그러다가 작년, 졸업을 앞두고 내가 돈쓰는 것을 꽤나 어려워 한다는 것을 깨달았다. 예수님을 만나면서 베푸는 일에, 가치있는 일에 돈 쓰는 것을 아까워하지 않는다고 생각했던 나는 아직도 내가 돈 문제에서 자유하지 못하구나 싶었다. 졸업 후 당장 백수인 나는 알바를 시작했고 다시 재정사용에 대한 계획을 세우기로 했다. 대학시절 훈련받았던 선교단체에서 배웠던 것과 나...+ 더보기",5
돈과 영성,돈을 사랑함이 일만 악의 뿌리가 되나니 이것을 탐내는 자들은 미혹을 받아 믿음에서 떠나 많은 근심으로써 자기를 찔렀도다디모데전서 6:10사람은 자신이 가지고 있는 세계관과 가치관을 바탕으로 돈을 바라본다.인생의 어떤 영역도 개별적으로 생각할 수 없다. 관계와 재정을 온전히 분리할 수 없고 가정과 일터를 완벽히 때어놓을 수 없듯이.그래서 돈을 쓰려면 재정의 영역 하나만 볼 것이 아니다.성경은 돈 자체를 나쁜 것으로 간주한 적이 없다. 다만 어떻게 쓰느냐에 따라 축복이 될 수도 있지만 저주가 될 수도 있다고 했다.그럼 어떻게 돈을 바라...+ 더보기,5
베이비 네이밍,"이거 정말 제가 찾던 책이었어요!!!!!!!!!!어떤 받침이 들어가는게 불리기 편한지, 또 영어로 쓰기에도 어렵지 않을지..맏이나 둘째에게 가려야 하는 글자, 우주의 이치에 관한 이야기, 음양이 고루 담기는 이치, 발음과 모음에 따른 이름, 오행을 배합하는 원칙 등이 담겨있어서 신뢰가 갑니다~",5
베이비 네이밍,"우리 아가는 신랑이 만두를 좋아한다는 이유만으로 만두라는 태명을 가지게 되었는데 어느덧 공주님?이라는 미명하에 완전히 확정되지 않은 이름도 예비로 가지고 있었다... 그러다 우연히 만나게 된 ""베이비네이밍"" 쉽고 좋은 아기이름 짓기라는 부제 때문에 눈에 확 들어온~~~~~~~ 기본적으로 아기 이름은 부모가 지어지자고 하면서 한글이름이 만사는 아니고 한자 이름의 획 수나 오행 등이 중요하다는 이야기를 하고 있다.. 아무래도 한글이 있기는 하지만 한자 이름을 병행해서 사용하기...+ 더보기",4
베이비 네이밍,이름은 중요한거라 막 짓기도 뭐하잖아요. 평생 불리우면서 쓰일 이름이라.. 단지 한자뜻만 가지고 좋은뜻으로만 하기에도 뭔가 부족하다 느끼던 차에 이 책을 신랑에게 선물 받았어요. 함께 공부해서 지어보자구요..초보자인 제가 보기에도 내용이 체계적으로 잘 잡혀있어서 정말 보기 좋더라구요. 하지만 이름짓느라 얼마나 골치를 썩었는지 하루만에 다 안되더군요.. 이 이름이 좋겠다 하면 획수에서 안맞고 획수가 맞으면 오행이나 이름운이 안좋고 아무튼 하루를 머리를 싸매고 집중해서 이 책을 돌파했어요. 그렇게 우리딸 이름을 지어주었고 혹시나 하는맘...+ 더보기,5
베이비 네이밍,이책의 수준은 거의 전문가나 다름이 없어요.읽다보면 이름짓는다는게 정말 보통일이 아니구나 싶네요.사실 첫애 이름을 작명소에서 지었지만 100%맘에 들지는 않아서 간혹 고민을 하게 됩니다.작명소에서 이름을 짓게 되면 사실 어느정도 안심은 되겠지만 그 짧은 시간안에 두세가지 제시해주는 이름중에 하나를 고르는 것이니 너무 성의없단 생각이 듭니다.지어주는 사람도 좋은이름을 몇 개 빼놓았다가 제시하는 것일 테니 같은이름을 가진 아이들이 많은것도 그런이유가 한몫하겠지요.이 책의 저자도 꼭 좋은 이름만을 원하고 고집하기 보다는 먼저 부모의 마음...+ 더보기,4
베이비 네이밍,"아기를 품고 있는 예비 맘이라면 누구나 아기 이름을 어떻게 지어야 할지 고민이 많을 것이다.평생 불릴 이름인지라 신중에 신중을 기해야 할 것인데, 초보 맘들은 어떻게 접근 해야 할지 부터가 막막하다. 나 역시 태중의 공주 이름을 어떻게 지어야 할지 몰라 난감한 와중이었다. 요즘 신세대 부모들은 이름을 지을 때 예쁘게 짓는것에만 신경쓰는 경향이 큰 것 같다.나도 첫째로는 부르기 쉽고 예쁜 이름이어야 한다는 기준을 세우고 있지만,동양 철학을 공부하시는 친정 아버지의 영향으로 사주에...+ 더보기",4
베이비 네이밍,"쉽고 좋은 아기 이름 짓기 베이비 네이밍 곧 태어날 우리 아기에게 좋은 이름을 지어 주고 싶은 부모님의 마음은 다 똑같겠지요?? 아기가 생기고 부터는 고민 고민 해온 '우리 아가들 이름은 어떻게 지어줄까??' 그러던 중, 무크 하우스에서 출간된 베이비 네이밍이란 책을 선택해 봤어요. 평생동안 ...+ 더보기",4
심령이 약한자의 승리하는 삶,내영혼을 보호하며 권능있는 그리스도인으로 살수있도록 도와주는 책,5
"옥중서신, 풀어쓴 성경",감옥에 갇힌 듯 답답함을 느낄 때 꼭 읽어야 하는 책,5
"옥중서신, 풀어쓴 성경","벅찬 감동이 사라지기 전에 기록해 두고 싶은 마음에, 부족한 언어로나마 「옥중서신, 풀어쓴 성경」을 읽은 소감을 남겨 본다.책을 덮은 후 하나님께 감사의 고백을 하지 않을 수 없었다. 어려운 고백이지만 사실 나는 약 1년이 넘는 시간 동안 결코 만만치 않은 옥살이를 했었다. 육신이 갇히는 것만이 옥살이는 아니다. '생각의 감옥'에 갇히는 것이 얼마나 큰 고통을 주는지, 살아가다 보면 누구나 경험하게 된다.「옥중서신, 풀어쓴 성경」을 읽기 시작하면서 주님께 간절히 기도드렸다. ""하나님, 부디 저에게 은혜를 주셔서 옥중서신을 읽는 동안...+ 더보기",5
에브리데이 어린이 테필린복음,"일반도서계에서는 별로 알려지지 않았지만 기독교세상에서는 이 책이 엄청 뜨거운 책입니다.신앙으로, 복음으로, 자녀들의 신앙계승으로 돌아가길 힘쓰는 참 그리스도인들이 사랑하는 책입니다.오래전에 ‘15분의 기적 테필린복음‘이 출간되어 사랑을 받아왔고 이번에 어린이 테필린복음이 나왔네요",5
교회다움,"리처드 코킨, 당신을 위한 에베소서 교회다움, 2021, 두란노 #리처드코킨 #에베소서 #두란노 #두피플2기 당신을 위한 에베소서 ‘교회다움’은 팀 켈러의 로마서로 시작된 당신을 위한 시리즈 가운데 에베소서를 강해한 책이다. 저자인 리처드 코킨은 영국 성공회 목사로서 영국 교회개척네트워크 코미션Co-Mission의 설립자이며, 청교도와 개혁신학에 영향을 받고 회심한 이후 영국 내 가장 영향력있는 목회자 가운데 한 사람으로 소개되고 있다. 리처드 코킨은 국내 독자들에게 저자로는 익숙하지 않아 보이지만, 2018년 ...+ 더보기",4
교회다움,"교회가 서비스직으로 돌아선지 어느덧 수십년, 고객 확보를 위해 달려오다보니 언젠가부터 잃어버리게 된 '교회다움(엡1:23)'. 애석하게도 제자는 없고, 손님만 있다.책의 마지막 페이지를 덮은 후, 글을 갈무리할겸 나의 생각을 되새겨보니 위의 글상자와 같은 내용이 흰 종이에 남아 있었다. 굉장히, 슬픈 이야기다.현재 교회의 목회자로 살아가는 내 인생에는 교회는 언제나 아픈 손가락이고기도의 대상이며, 걱정과 근심의 공동체이다. 바울도 이런 심정이였을까?젊은 목회자인 나는, 교회를 사랑한다. 주님...+ 더보기",5
교회다움,"​ 당신의 교회는 새로운 인류가 회집한 모임이요, 살아 계신 하나님의 성전이며, 영원히 지속될 그분의 작품으로서 천사들이 보기에도 기이한 존재임을 잊어서는 안 된다. 그러니 당신의 교회를 기뻐하라(141). ​​교회의 타락을 비난하고, 모이는 교회에 대한 회의감이 깊어지는 성도를 만나면 늘 '교회론'을 공부해볼 것을 권했고, 특히 를 깊이 묵상해볼 것을 권했습니다. 는 교회가 얼마나 놀라운 하나님의 계획인지를 깨닫게 해주기 때문이지요. 를 통해 교회를 통한 하나님의 지...+ 더보기",5
교회다움,그동안 에베소서 전문은 아니더라도 절반 이상의 서로 다른 본문을 여덟 차례 설교했던 경험이 있었기에 팀 켈러와 존 파이퍼 목사님이 강력 추천한 리처드 코긴의 [교회다움]을 맞이했을 때의 첫 마음은 '이제 에베소서의 남은 구절들도 설교해 볼 수 있겠다' 였습니다. 그러나 이 책의 마지막장을 덮었을 때의 마음은 ... '일단 이 책을 읽도록 추천해야겠다'로 바뀌었지요. 함께 공부하며 읽어갈 책이 아니고서야 어려운 책은 사실상 추천하지 않습니다. 오히려 그 문턱과 장벽만 높여주는 셈이 되니까요. 그래서 정말 유익하면...+ 더보기,5
교회다움,"– 리처드 코킨 성경교사, 리처드 코킨 /영국 던도날드 교회 담임목사. 영국에서 빠르게 성장하고 있는 교회개척네트워크인 코미션(Co-Mission)의 설립자이며 성경교사, 설교자, 저술가로 활동하고 있다. 케임브리지대학을 졸업하고 변호사로 활동하다가 옥스퍼드에서 신학을 공부한 뒤 2005년에 런던 윔블던에서 던도날드교회를 개척해 건강한 교회로 성장시켰다./ 저자 소개에 ‘성경교사’라는 부분이 특이했는데 책을 읽다 보면 왜 그의 소개에 성경교사를 ...+ 더보기",5
교회다움,"리처드 코킨? 처음 듣는 이름이었다. 인터넷을 살피며 이런 저런 정보들을 수집해 보았다. 우선, 리처드 코킨의 신학적 배경이다. 그는 복음주의자로 널리 알려진 존 스토트와 같은 영국 성공회 소속 목회자이다. 존 스토트가 그랬듯이 코킨 역시 종교개혁에 근거한 복음주의 노선을 지니고 있다. 그는 청교도를 통해 ‘신학적 회심’을 하였다고 한다. 그가 지향하는 신앙의 세계관이 상당히 보수적인 측면으로 돌아섰다는 것이다. 둘째, 이와 같은 충실한 신학적 비전을 가지고 지역 교회의 목사로 섬기고 있다. 그가 섬기는 던도날드 교회는 3개의 목표...+ 더보기",4
교회다움,"""하나님의 영원한 계획이 교회를 통해 펼쳐지다.""..이 한 문장이 이 책의 나침반이 되어주듯우리로 하여금 책의 내용으로 안내해준다..이 책은 에베소서의 내용을 크게바울이 생각한 교회다움이란 하나님의 마음으로 정의하고그 하나님의 마음을 각 사람에게 부어주신 은사로힘써 하나됨을 지키기 위해 교회가 실제적으로 해야하는부분에 대해 나누어 이야기 한다..에베소서는 언제나 읽을 때마다짧은 장으로 이뤄져있지만 그 안에기독교의 교리와 실천의 핵심들만모아 놓은 핵심교재와 같다는 생각을 했다.그래서인지 한 절, 한 절에 쓰여진한 글자, 한 글자를 절...+ 더보기",4
킹덤 패밀리,나는 크리스찬이다. 그리고 지금의 나는 신앙생활에 열심인 남편을 만나 8년째 결혼생활이 시작되었다. 작은 말다툼이 있지만 그건 당연하다고 생각이 들었다. 그리고 지난해 나는 어느 누구보다 행복한 결혼생활을 했다. 물론 중간 중간 어려움도 있었지만... 남편은 더 하나님과 가까이 살기를 원했고 그렇게 기도하며 살고 있다. 그런데 나는 지금 행복한가를 되짚어보면 꼭 그런 것 같지 않다. 자꾸 억울한 생각이 든다. 그리고 점점 어긋나는 모습에 어느날 우울해지기까지 하고 하염없이 눈이 났다. 그러던 중에 킹덤 패밀리를 만났다. 저자인 에슐...+ 더보기,5
킹덤 패밀리,[킹덤 패밀리 - 애슐리 박] 남편은 왕! 아내는 여왕! 가정은 킹덤![킹덤 패밀리 - 애슐리 박] 남편은 왕! 아내는 여왕! 가정은 킹덤![킹덤 패밀리 - 애슐리 박] 남편은 왕! 아내는 여왕! 가정은 킹덤!,4
쉽게 읽는 요한복음,쉽고 체계적인 요한복음 해설서가 나왔네요!,5
창조와 타락,"현대신서 71번은 창조와타락, 유혹, 두 권이 합본된 책입니다(Schopfung und Fall, Versuchung, Chr. Kaiser 1968, Gebundenes Buch).",5
창조: 하나님의 세계를 즐거워하라,사변적으로만 흐르는 기독교 세계관이 아니라 현실에 뿌리박은 세계관 담론을 확장시키고자 평생을 노력한 저자의 열심이 드러나는 책이다. 성경공부를 접목시킨 새로운 유형의 세계관 입문서.,4
목사 공부,정용섭 목사 특유의 성찰과 내면의 반성이 돋보이는 글이다. 목회자 후보생들에게 추천한다.,5
에베소서 묵상,에베소서 이해와 묵상에 도움이 됩니다,5
비움과 숨,끊임없이 쌓아가고 숨고르기 할 틈조차 없이 질주하는 우리 시대에 꼭 필요한 비움과 숨의 영성을 신뢰할 만한 한국신학 연구자에게서 들을 수 있다니 기대가 된다.,5
"하나님, 저 잘 살고 있나요? 365 묵상 캘린더",매일 매일 작가님의 한 문장과 성경말씀을 통해 새힘을 얻을 수 있는 기회! 크리스마스에 소중한 누군가에게 선물한다면 365일 1년 내내 이 선물을 건네는 이를 떠올리며 힘을 낼 수 있지 않을까?,5
"하나님, 저 잘 살고 있나요? 365 묵상 캘린더",신앙 에세이 ‘하나님 저 잘 살고 있나요?’를 읽은 적이 있다.어렵거나 부담스럽지 않게 믿음 생활을 점검하고 말씀을 묵상할 수 있는 감사한 책이었다.이번에는 그 감사한 마음을 잊지 말고 매일 되새기라고 이렇게 캘린더를 만들어 주셨다.책의 핵심 메시지를 잘 담고 있는 옹골찬 말씀 묵상 캘린더다.가까운 곳에 두고 하루하루 말씀을 먹고 기도하며 자신을 돌아보는 귀한 시간을 선물해 줄 수 있을 거라 기대한다.쉽게 하나님의 은혜를 망각해버리는 게 인간이다. 눈을 뜨고 감는 순간까지 매일 하나님의 말씀을 보고 듣고 순종할 수 있는 우리가 되면...+ 더보기,5
목사의 딸,"모든 논란과 진실 여부를 떠나서,지금까지의 한국교회에 대한 단상이자 증언인 것은 틀림없습니다.비록 부정적인 측면이기는 하지만요.이런 의미에서 굉장히 상징적인 책입니다.아니 상징 그 자체입니다.이 안에 저도, 또 여러분도 포함되죠...다만, 모든 에너지는 증언으로부터 시작됩니다...",5
목사의 딸,나의 강박적 신앙을 돌아보게 만드는 책. 진짜 믿음은 무엇인가 생각해보게 하는 책.,5
목사의 딸,"복음을 재발견하고 우리 가정에 적용하고자 한다면 이 책을 읽으라!한국 기독교가 짧은 기간내에 성장하면서, 권위주의와 기복주의와 율법주의로 인하여 왜곡된 복음때문에 상처받은 사람이 있다면, 교회에서 상처받은 사람, 교회를 떠난 사람이 있다면 이 책을 읽기를 추천한다. 목회자의 자녀로, 선교사의 자녀로 말못할 가정의 아픔을 경험한 사람들이 있다면 꼭 이 책을 읽기를 추천한다.목회자 자녀가 아니더라도, 신앙이 '좋은' 집안에서 자라면서 복음의 은총과 사랑을 누리지 못한 가정이 있다면 이 책을 읽고 치유함을 받기를 원한다. &nb...+ 더보기",5
목사의 딸,"책을 펼쳤을 때 마음 깊히 다가온 말은 이 책을 읽는 모든 이들에게 하나님의 깊은 속삭임이 되길 바란다며 전해준 저자의 신앙관의 터닝 포인트가 되었다는 다음 세 마디였다. Behoding is Becoming.바라보는 것, 그것이 곧 닮아가는 것이다. Not for God but with God.하나님을 위해서가 아니라 하나님과 함께하라. Separation not by lsolation but by Distinction.세상으로부터 물리적인 고립이 아니라 이질적으로 분리되라.&nbsp...+ 더보기",3
"히말라야, 내가 작아지는 즐거움",법상 스님과 함께하는 쿰부 트레킹 나는 한동안 히말라야 트레킹에 대한 책을 많이 읽었다. 왜 그런지 몰라도 요즈음은 히말라야 산을 트레킹하는 사람들이 많아지고 또 그런 트레킹을 원하는 사람들이 많이 늘어나고 있다라는 생각을 했다. 나는 산을 정말 싫어 한다. 왜 그렇게 까지 힘들게 해서 올라가서 잠시 잠깐 있다가 내려오는 것이 전부인데 왜 그렇게 사서 고생을 하는지 모르겠다. 하지만 이 산 히말라야에는 꼭 한번 힘들게 올라가보고 싶다. 왜 이렇게 산을 싫어하는 나조차도 언젠가는 한번 꼭 올라가고 싶게 만드는 것인지 모르겠다. ...+ 더보기,5
"히말라야, 내가 작아지는 즐거움",책이란 참 묘한 것 같다는 생각을 한다. 개인적으로 힘든 시기에 읽은 이 책은 마음의 치유와 위로를 안겨주기에 충분했다. 우리들은 소유하고 있는 것과 소유하고 있다고 착각하는 인간과의 관계에 있어 얼마나 집착의 끈을 놓지 못하고 있는지...이 책을 읽으며 그 팽팽한 긴장을 조금 내려놓으며 삶과 사람에 대한 내려놓음을 배우게 된다. 히말라야 등반을 하면서 느끼는 감상과 필자의 생각이 오롯이 담긴 이 책... 선명한 사진들과 살아있는 눈빛의 현지의 사람들... 나 역시 모두 내려놓고 떠나고 싶지만 아직은 어려운 현실... ...+ 더보기,5
"히말라야, 내가 작아지는 즐거움","많은 여행기를 보아 왔지만 작가가 스님이라는 사실이 책에 대한 호기심을 자극하기에 충분했다. 책을 휘리릭 넘겨보면 예상했던 것처럼 높은 고도의 히말라야를 배경으로 이제까지 본적 없는 맑고 진한 파랑의 하늘과 눈 덮인 설산, 바람에 휘날리는 룽다가 보인다. 사진만으로도 충분히 설레기 시작한다. 작가는 히말라야 등반과정과 등반을 하면서 느껴지는 인생에 대한 생각을 담담하게 이야기하고 있다. 히말라야 등반은 고도와의 싸움이라 해도 과언이 아니다. 높은 고도에 적응하기 위해 하루나 이틀정도 시간을 가지고 몸이...+ 더보기",4
"히말라야, 내가 작아지는 즐거움","히말라야 산은 그야말로 인간의 한계를 시험하는 곳 같아요. 한 여름의 더위에 새하얀 눈을 볼 수 있다는 것 자체가 자연의 신비인 것 같은데 그 높은 산을 사람들은 왜 굳이 올라가려고 하는 건지 이해가 안되요. 누군가에게는 다른 사람이 하지 못하는 것을 하고 싶은 마음도 있을테고, 거대한 자연에 대한 도전정신과 정복욕이 있겠지만 그 곳에서 돌아오지 못한 많은 사람들을 보면서 역시 인간은 위대한 자연에 맞서 싸울 수 없다는 것을 새삼 느끼게 되요. 하지만 그 곳에 오른 사람들을 보면서 또한 자연보다 더 위대한 것이 인간인 것 같다...+ 더보기",4
"히말라야, 내가 작아지는 즐거움","'여행을 떠나는 것만으로도 깨달음의 반은 성취 한 것'이라는 말을 남긴 티베트의 위대한 성자로 알려진 밀라레빠(1052~1135)는 12세기 위대한 시인이자, 뛰어난 수행승이었다. 다른 성자들이 여러 생에 걸쳐 최고의 깨달음을 얻은 반면, 그는 단 한생을 통하여 최고의 깨달음을 얻었다고 한다. 이 책의 저자인 법상스님은 '밀라레빠'의 말에 홀린 것처럼 네팔과 히말라야로 구도자의 수행의 길과 다름없는 여행을 떠났다. 누구나 여행을 꿈꾸고 그것이 이국적인 정취의 해외여행이라면 마다할 이는 없을 것이다. 그...+ 더보기",4
"히말라야, 내가 작아지는 즐거움","최근 사하라 사막 횡단, 히말라야 트레킹, 아마존 밀림 탐험, 남극 대륙 횡단 등 “오지여행”이 새로운 트렌드로 떠오르고 있다. 전문 탐험가들이나 방송사 다큐멘터리 제작진이나 시도해볼 만한, 즉 먼 나라 사람 이야기들로만 들렸던 그런 오지 여행이 색다른 여행을 해보고자 하는 일반 사람들의 참여가 늘어가면서 인터넷으로 검색하면 전문 여행사 리스트나 여행 체험담들이 몇 십개 씩 검색될 정도로 이제는 더 이상 낯설지 않게 되었다. 돈만 들이면 편하고 쉬운 여행들이 신문 일면을&...+ 더보기",5
"히말라야, 내가 작아지는 즐거움",히말라야로 트레킹을 이렇게들 많이 가시는군요. 몰랐습니다. 히말라야라고 하면 그냥 전문 산악인이 등반한는걸로만 생각했는데 그 험하디 험한 산을 일반인들이 더군다나 세계 곳곳에서 트레킹을 온다는게 놀라웠습니다. 높은 곳인데 퇴직하신 분들도 가시는것도 놀랍구요. 저도 퇴직하면 꼭 가봐야겠다는 생각이 들었습니다. 나를 위해서 꼭 가보고 싶네요. 30여년 넘게 뼈빠지게 일했는 자신에게 이 정도의 휴식과 명상의 시간은 줘도 될것 같습니다. 제가 제 스스로에게 주는 선물과 같은 시간이 될것 같습니다. 다만 그때까지 히말라야의 순수한...+ 더보기,5
"히말라야, 내가 작아지는 즐거움","불광에서 나온 책을 여러 권 읽었다. 향기나는 책이라고 할까? 많은 생각을 하게 만드는 책이라고 할까? 은근슬쩍 은은하게 가슴을 울리는 그 향내에 취해 불광출판에서 나온 책을 거푸 읽게 된다. 인터넷 생활수행도량 '목탁소리( 다음 카페 '목탁소리 지대방( 지도법사인 법상스님이 히말라야 쿰부 트레킹을 다녀온(안나푸르나, 라다크, 미얀마 여행을 한번에 다녀온 것중에서) 경험담과 구도자로서의 산중 체험을 진솔하게 담은 책이 히말라야 내가 작아지는 즐...+ 더보기",5
"히말라야, 내가 작아지는 즐거움",벌써 방학을 맞이한 아이들의 성화에 남들보다 이른 휴가를 떠나는 사람믈도 있고 다른 해보다 빨리 찾아온 무더위와 장맛비로 습도까지 높다보니 도심을 떠나고 싶은 간절함이 절정에 이른다....+ 더보기,4
"히말라야, 내가 작아지는 즐거움",히말라야는 어디에도 있다 요즘은 걷기 여행에 대한 관심이 유독 높아지는 시대다. 시간과 마음의 여유를 누리는 것 같아 부러운 생각이 앞선다. 비록 건강을 챙기고 유지하기 위한 방편으로 선택하게된 것일지라도 여유로운 마음으로 자연 속의 넉넉함으로 자신을 돌아보는 기회를 만든다는 차원에서 그렇다. 이제 이렇게 자연의 일부이며 자연 속에서 살아가는 존재임을 깨달고 자신을 성찰할 기회를 갖는다는 대단히 긍정적인 접근이라 더 좋아 보인다. 얼마 전 조선 선비들이 유명한 산을 찾아 그 정상을 올랐거나 기슭을 유람하며 느낌을 기록한 유산...+ 더보기,5
"히말라야, 내가 작아지는 즐거움","한 여름 더위 속에서 시원한 눈 산을 느껴볼 수 있어 참 행복했고, 더할 나위 없이 좋은 시간이었다. 그리고 저자인 스님의 산행을 함께 하면서 철학적 사유 또한 함께 할 수 있어 더욱 뜻 깊은 시간이었다. 나는 특정 종교가 없기 때문에 주제가 흥미롭고, 내용이 흥미롭다면 종교 구분 없이 책을 읽는 편이다. 특히 동양 철학의 서적은 특정한 신을 논하지 않고, 일반적인 자연의 이치를 논하며 인간으로 하여금 대자연과의 합일을 강조하는 것이 대부분이어서 읽는 데 불편함이 없다. 오히려 내 삶의 가치관과 일부분 맞아떨어지는 부분도 있어서...+ 더보기",5
"히말라야, 내가 작아지는 즐거움",보통 여행지에 관한 책을 접하게되면 가장 먼저 하게되는 생각은 가보고 싶다!!!언젠가 한번 가봐야지... 하는것이다. 하지만 가보고 싶다에만 그치게 되는곳이 있는데 그곳이 바로 히말라야이다. 내게 히말라야는 마음으로만 갈 수 있는 그런곳같다. 요즘은 일반인들도 많이 트레킹을 간다고들 하지만 내게는 가보기는 힘든 차마 갈 수 없고 마음으로 동경하게 되는 그런 곳인 듯하다. 산이 험하기에 그렇기도 하지만 왠지 일반인이 범접해서는 안될 그런 느낌이 든다고나 할까? 책의 제목을 보는 순간 아! 그렇지! 하는 생...+ 더보기,4
"히말라야, 내가 작아지는 즐거움","법상스님이 쓴신 히말라야,트레킹이다. 우선 나는 왜 내가 작아지는 즐거움이 뭘까?란 궁금증을 느끼면서 읽게 되었고 저자의 말을 읽으면서 왜 내가 작아지는 즐거움인지를 알게 되었다. 지금 우리사회는 항상 내가 커지려는 노력하는 사회에서 많은부를 가지려고 고전분투하며 사는 우리에게, 내가 작아지는 즐거움이란 나 라는 이상과 에고가 작아지고 작아져 무아가 되었을때 비로소 온 우주와 하나 되는 우주적 참된 자아와 만나게 되는 것이다라고 이야기 한다.즉 내가 없어질때 바로 참된 나가 나타난다는 것이다. 즉,스님...+ 더보기",4
영혼의 계절들,알아감으로 누리게 되는 자유함에 대해 알게된 책,5
영혼의 계절들,"오랜 고민이 된 영성의 문제가영혼의 계절들을 읽으며, 자연스러운 하나님과의 관계.그리고 말씀의 사계절을 느낄수있는정말 보면서 쉼을 누리는 책.꼭 읽어보길 바란다.하나님과의 관계에 있어서 부자연스러운 것은 전혀 없다. 자연스럽고 그분의 이야기를 조용히들어볼 수 있는 책이다.^^",5
맥아더 성경 주석 (컬러판 양장본),21세기 최고의 성경교사 존 맥아더..,5
마음의 요가,"숲노래 책읽기 / 인문책시렁 2023.12.1.숲노래 글손질 / 다듬읽기 126《마음의 요가》 스와미 비베카난다 김성환 옮김 판미동 2020.4.8. 《마음의 요가》(스와미 비베카난다/김성환 옮김, 판미동, 2020)를 곰곰이 읽었습니다. 마음을 다스리는 길이란, 마음을 다독이면서 가꾸는 하루입니다. 마음을 살리는 몸짓이란, 마음에 심은 생각을 반짝반짝 별빛으로 일으키는 이야기입니다. 우리는 저마다 스스로 살림하는 나날을 차근차근 느끼면서 마음에 말로 담습니다. 그냥저냥 살아갈...+ 더보기",3
마음의 요가,"마음의요가요가에 대한 책이라고 하면 심신운동으로서의 요가를 떠올리고 요가 자세이 대한 사진이나 그림을 예상할 것이다. 내가 실제로 요가를 배울 때 한번은 몸매 교정을 위한 수업이었고 또 한번은 명상으로 시작해, 명상으로 끝나긴 했지만 역시 요가동작으로 체력단련에 목적을 두었기 때문이다. '마음'이라는 단서가 달리긴 했지만 나는 여전히 요가에 방점을 찍고 이 책의 제목을 떠올렸다. 나의 짐작은 너무나 보기좋게 배반당했다. 이 책은 요가를 단순히 운동 혹은 마음수련으로만 보지 않는다. 그 이상으로 신의 지혜와 세상의 이치를 향한 가...+ 더보기",5
마음의 요가,"는 19세기 인도에 등장한 후 지금까지 세계인의 마음 속 영적 지도자로 남아있는 '스와미 비베카난다'의 강연집이다. 우리는 그보다 6살 어린 간디는 알아도 비베카난다는 잘 모른다. 인도의 국부이자 위대한 사상가 간디는 ""그의 글을 만나고, 나의 사랑은 1,000배 불어났다.""라는 말로 그를 향한 존경을 드러냈다. 내가 비베카난다를 처음 알게 된 것은 인도서 요가를 배우면서다. 만나는 요기(요가 수행자)들 마다 그를 스승으로 칭송하는 것을 보았다. 후에 그의 사진을 보게 되었을 때, 통통한 얼굴과 투박한 체형...+ 더보기",5
마음의 요가,"이 책은 방대한 인도 철학과 그 메시지를 일상의 언어로 쉽게 설명하려 애쓴 흔적이 곳곳에 보입니다. 그래도 가볍게 읽기는 어렵습니다. 요가, 마음, 지혜, 영혼이라는 키워드에 관심이 없다면 책 전체가 '뜬구름 잡는 말'로 들릴 수도 있을 것 같아요. 하지만 조금 인내심을 갖고 마음을 가라앉힌 뒤에 천천히 읽다 보면 마음의 눈이 밝아짐을 단번에 느끼실 수 있을 거라 믿습니다. 나와는 상관없을 것 같았던 인도 철학이 약해진 마음의 힘을 키워줄 수도 있습니다. 우리의 삶이 우주를 포함하고 다른 사람들을 포함할 때, 오직 그때에만 우리는 ...+ 더보기",5
마음의 요가,모든 것이 영원토록 존재해 왔다.인도는 불교와 힌두교가 시작된 곳이어서 명상과 영혼을 정화하는 철학이 많다고 생각합니다. 서구 철학을 배웠고 수행을 했던 영혼의 스승 비베카난다의 말이 담겨있다니 기대되었습니다.양과 함께 자란 사자는 양처럼 울고 자신을 양이라고 생각합니다. 사자가 연못에 비친 모습을 보고서야 자기가 사자란 사실을 깨닫고 포효했습니다. 우리의 영혼은 그 사자처럼 순수하고 무한하고 완전한 영혼 그 자체라고 합니다.우리는 세상을 우리 식대로 바라봅니다. 우리가 겉으로 볼 수 있는 건 그것이 우리 내면에도 있기 때문입니다....+ 더보기,5
마음의 요가,"""우리는 언젠가 반드시 묻게 된다, 이 삶이 진짜일까?""인간은 대체 왜 신을 찾는 것일까요?왜 모든 나라와 모든 민족들이 완벽한 이상을 추구할까요? 그런 관념들이 이미 당신의 내면에 있기 때문입니다.원래는 당신 자신의 심작박동 소리였지만, 당신은 그 사실을 모르고, 그것을 외부에 있는 무언가로 간주해 왔습니다. 하지만 '그'를 찾고 '그'를 실현하도록 부추기는 것은 당신 자신의 내면에 있는 바로 그 신입니다.​ 이번 영성 책은 판미동에서 출판한 .아직 배움이 짧아서 그런지 ...+ 더보기",5
마음의 요가,"이 책 의 저자 비베카난다는 인도 최고의 영적 지도자로 추앙받고 있습니다. 인도의 위대한 영혼 라마크리슈나가 인정한 유일한 계승자이기도 한 그는 스승의 타계 후 스승의 사상을 서양에 알리는 데 중요한 역할을 하게 됩니다. 그는 모든 종교와 사상을 초월하는 가르침을 전했습니다. 어떤 종교도 배척하지 않고, 나름의 쓸모를 인정하며 포용하는 자세를 취했습니다. 그런 관점은 세상 만물에 내재되어 있는 신을 통해 모든 것이 연결되어 있으며, 분리가 아닌 통합을, 우리가 곧 신이라는 결론에 도달합니다...+ 더보기",5
마음의 요가,"어려운 책이다. 난이도가 높은 책이고 인도 철학에 대한 지식이 있었다면 수월했을 것으로 보인다.이 책은 라마크리슈나라는 인도의 사상가이자 신비주의적 종교가의 제자인 비베카난다의 강연을 모은 내용이다. 비베카난다는 그리스도교가 창궐하는 미국, 영국에서 인도의 철학을 설파하였다. 그 내용은 서양인들이 받아들이기 어려운 철학이었다.""불이일원론""둘이 아니라 하나. 모든 것은 하나라는 것을 주장하는 철학이다. 서양에서는 이미 선과 악, 천국과 지옥, 신과 인간 등 모든 것들을 이분법적으로 이해하고 믿던 시절이었다. 그런데 신과 나의 경계가 ...+ 더보기",5
마음의 요가,"는 인도의 힌두 개혁자, 민족주의 우상, 전 세계적으로 자타공인 '영혼의 스승'이라는 타이틀이 붙은 '스와미 비베카난다'의 베단타 철학과 다양한 요가에 대한 강연을 엮은 책이다.*참고로 우리가 흔히 '요가'를 운동의 한 종류로 알고 있지만 본래 몸을 가꾸기 위한 운동이 아닌 몸과 마음을 통해 깨달음으로 나아가는 방법을 지칭하는 의미'스와미 비베카난다'의 글은 이번에 처음 읽어봤는데 '지혜'를 중시하며 마음과 생각으로 삶의 본질을 탐구하는 고차원적인 내용이었다. '종교인이고 사유에 대한 생각도 종종 해봤기에 ...+ 더보기",5
마음의 요가,"'어떤 형상에서도 위로를 찾을 수 없다.'아빌라의 데레사 성녀가 자서전에서 말했듯, 누구나 한번쯤 겪었으리라. 가족, 친구, 연인, 소유, 관계, 돈, 물건 등 어떤 것에서도 위로를 발견할 수 없었던 순간을. 그때서야 보이지 않는 것에 귀를 기울이게 된다. 눈을 열어 하늘을 보면서, 감각으로는 알지 못하는 저 너머의 '힘'을 느끼게 된다. 그 힘은 이미 있고, 항상 존재하는 것이지만, 그것과 늘 함께 있다고 자각하며 살기란 어렵다. 삶은 곧 꿈이요, 꿈이 곧 실재요 현실이라고 믿는 인간이기에. 하지만 '깨달음'이라는 말을 ...+ 더보기",5
마음의 요가,"인도의 영성을 넘어 세계의 스승으로 등극한 스와미 비베카난다의 가르침이다인도 최고의 영적 스승이 말하는 삶의 무상함을 극복하는 지혜의 길이라 칭한다스와미 비베카난다는 누구인가? 그는 인도내에서는 힌두 개혁가이자 민족주의의 우상으로 전세계적으로는 영혼의 스승으로 존경 받는 인물이다 [마음의 요가]는 그가 8년 동안 미국과 영국 전역을 돌며 전파한 즈냐나 요가(Jnanan Yoga, 지혜의 요가)의 가르침을 담은 강연 모음집이다.마음의 요가는 인도경전 베다의 가르침을 전한다. 그 영성적 개념과 관념들로 가득차 있다. ...+ 더보기",5
그 청년 바보의사 + 북라이트 기프트 세트,오늘반 반값~! 탐이나네 선물하고픈 책이기도 하다,5
그 청년 바보의사 + 북라이트 기프트 세트,참 의사의 이야기가 너무 감동적입니다. 정말로 하나님을 사랑하는 귀한 분이야기라,5
그 청년 바보의사 + 북라이트 기프트 세트,"이 책은 나와 좋지 못한 인연으로 맺어졌기에 한동안 부러 읽지 않았다. 작년 상반기에 나를 무척이나 힘들게 했던 TaLK 프로그램과 연관이 된 책이었기 때문이다. 급기야 TaLK 사업을 그만두는 상황에 처했는데 그 때 같이 일했던 국내 장학생이 ""늘 바쁘신 선생님...한 학기가 지났는데 고생의 흔적이 얼굴에 뭍어나는 것 같아 마음이 아픕니다""라는 카드와 함께 선물해준 책이다. 나는 지난 한 해 '늙었다'는 말이 딱 어울리게 많은 고통을 겪었다. 나는 늘 시간에 쫓긴다. 교사로서 아내로서 엄마로서 딸로서 해야하...+ 더보기",5
용수 스님의 코끼리,"언제가 경험했는데 풀지지 않았던 일들~또는 미래를 걱정했던 일들~그리고 지금 현제 일어나고 있는 수많은 생각들 때문에 혼라스러운 일들이 해결되면서 마음이 평온해지고 명료하게 정리가 된다.어떻게 생각하고,행동하고, 말해야 할지 스스로 정할 수 있어서 행복하다.",5
용수 스님의 코끼리,"숲노래 책읽기인문책시렁 96《용수 스님의 코끼리》 용수 스토리닷 2019.9.28.마음이 천당과 지옥을 만듭니다. 행복과 불행은 마음에 달려 있습니다. (15쪽)우리가 이미 완벽하고 신성한 존재라는 것을 모르기 때문에 좋은 것을 갈망하고 안 좋은 것을 거부하고 두려워합니다. (31쪽)‘앞으로 더 열심히 하라’보다는 ‘지금까지 참 잘했네’ 충분히 인정하고 칭찬해 주세요. (43쪽)자녀들에게 알려주세요. 있는 그대로 괜찮다고, 있는 그대로 좋아한다고요. 바꾸려고 하지 마세요. 바꾸려고 하면 아이는 스스로 가치...+ 더보기",5
신명기역사서연구,신명기역사서에 대한 좋은 책이 나왔군요. 감사합니다,5
창세기 1장의 잃어버린 세계,"논문이라 딱딱한 면이 있지만, 창세기에 대한 신학적 의미와새로운 관점을 설득력있게 제시한 책이네요~^^",5
바이블 맵,"이 책의 가장 큰 장점은 저자의 시각이다. 개신교도들 중에는 실상은 그렇게 믿거나 살지도 않으면서 성서를 비판하면 굉장히 불쾌하게 생각하고 나아가 불안해한다. 그래서 성서를 (잠깐만, 아마 성서라는 말조차가 화가 날지도 모른다. 성경이라고 해야 조금 더 권위가 있다고 생각할 테니) 그 자체로, 문자 그대로 믿어야 한다고 말한다. 신학의 말로 이런 태도를 fundamentalism이라고 한다. 이 태도는 성경을 숭앙하는 것 같지만 사실은 그 반대의 태도- 사사건건 성경의 역사성을 의심하고 권위를 깎아내리는 태도-인 liberalism...+ 더보기",5
바이블 맵,성경에 대한 큰 흐름에서 스토리의 개괄적인 이해가 가능하다. 성경이 종교 서적인 만큼 묵상하고 해석해야 하는데성경 구절의 의미들을 이해하는 데는 적합하지 않다.성경의 입문서 참고서 정도 되겠다,2
내 모습 이대로 기도합니다,"분명 알맹이가 있는 이야기임에도 불구하고 읽기가 쉽지 않다. 반복되는 개념도 많고 뜬구름 잡는 듯한 문장들도 많다. 구성도 효율적이라고 보기 어려울 것 같다. 저자 두 명의 목소리가 하나로 녹아들지 못한 탓도 있지 않나 싶다.무엇보다도 기도를 하나의 ‘수련’으로 접근하고 있는데, 수련을 통해 경험적으로 터득해야 하는 개념들을 말로 전달한다는 건 정말 어려운 일이다. (그래서 가이드북을 자처한다) 간절한 마음으로 쫓아간다면 분명 얻을 게 있을 책이다.",3
내 모습 이대로 기도합니다,우리는 신앙생활을 하면서 우리의 기도가 괜찮지 못 할 때가 있다. 이런 우리의 모습에 대해서 아닌 척 할 때 있다. 문제는 기도하는데 사막 가운데 덩그러니 홀로 남겨진 느낌을 받는데도 우리의 신앙상태에 대해서 하나님에게 그대로 아뢸 생각을 하지 못한다는 사실이다. 감사한 것은 오늘도 성령은 우리가 마땅히 기도하지 못할 때에도 우리를 위하여 친히 간구해 주신다는 사실이다.기도는 하나님과 대화하는 시간이다.우리가 기도를 하나님에게 진솔하고 솔직하게 아뢰는 것보다 잘 해야 된다는 생각에 사로잡히게 될 때 우리의 기도에 대해서 죄책감에 사...+ 더보기,4
적천수강해,적천수를 알기쉽게 이해하게 되었습니다. 짱짱!!,5
적천수강해,충실하고 자세한 내용이 좋았습니다.,5
적천수강해,세상이치를 알고 싶었고 격물치지의 한 방편으로 사주명리에 관심이 있었다. 그래서 서점에서 책을 몇 권 사서 보기는 했지만 공부가 지속되지도 깊어지지도 않았다. 그러다 우연히 동네도서관 카페에서 스터디하고 계신 선생님을 만나 본격적으로 공부를 &n...+ 더보기,5
적천수강해,"적천수 천미는 1846 임철초선생,적천수 징의는 1935 서락오선생인데 적천수 징의가 임철죠선생이라고 얘기하네요!어떤 책을 기본으로 해서 설명한 건가요?",4
이땅에서 그리스도인으로 설 수 있을까?,"디트리히 본회퍼의 설교집을 읽으면서 깊은 감동으로 내 영혼은 떨렸고, 세찬 폭풍우가 지나간 후 대자연이 정화되듯 영혼이 맑아졌다. 지금까지 많은 설교를 듣고 또 설교집을 읽기도 하였지만, 본회퍼의 설교는 한 단어 한 문장이 생생하게 살아나 피를 토하는 외침으로 내 영혼에 메아리 치는 듯하였다. 그는 하나님 앞에 자유가 무엇인지 알고, 살아 계신 하나님 앞에 겸허하게 살아간 진실한 그리스도인으로서, 하나님을 사랑하듯 사람을 사랑할 줄 아는 사람이었다. 그는 이 세상에 두 발을 딛고 책임감 있게 살아가면서도, 별이 반짝이는 하늘...+ 더보기",5
거룩한 사귐에 눈뜨다,"최근 각광받고 있는 '영성지도'에 대해서 가장 대중적 눈높이에서 쓰여진 책이 아닐까 생각한다. 영성지도의 의미와 방법, 영성지도의 소그룹 적용인 '영성지도모임'의 운영방법과 실례 등을 다루고 있다. 기대와 흥미를 불러 일으키며 이해하기도 쉽게 잘 썼다. 그러면서도 내용이 가볍지 않아 저자의 내공을 실감케 한다. 영성 지도에 대한 입문서로서 추천할만하다. 허나 탄탄한 이론적 기초를 쌓으며 공부해가기 원하면 다른 책의 도움을 받아야 할 듯 하다.",5
거룩한 사귐에 눈뜨다,"제목 : 거룩한 사귐에 눈뜨다작가 : 데이비드 배너번역 : 노종문출판사 : IVP읽은날 : 2019/11/13 - 2019/11/16분류 : 종교영성훈련에 관한 책..내가 취약한 부분이 영성과 관련된 부분이 아닐까 싶다. 기도를 열심히 하는 것도 아니고, 말씀대로 열심히 사는 것도 아닌 날나리 크리스찬이다 보니 이런 생활을 하시는 분들은 존경스럽고 멋지시다.제자훈련이나 성경공부와는 다른 영성사귐에 대하여 본인의 경험과 영성교제의 사례를 통해 영성에 대해 배우게 한다. 무엇보다 무언가를 가르치려고 하지 않고 성령이 직접 지배...+ 더보기",3
화나면 화내고 힘들 땐 쉬어,이렇게 유쾌하고 상쾌하고 통쾌한 글을 쓴 작가가 신부님이라니 믿을 수가 없다. 카톨릭교의 신부라면 근엄하고 점잖을 것이라는 선입견을 여지없이 무너뜨리는 신부님의 글들이 어찌나 속이 시원한지 읽는 내내 더위를 잊을 수 있는데다 실실 웃느라 곁사람 눈치를 보고야 말았다. 혹시 미친사람 취급을 받으면 어쩌나 하면서도 나오는 웃음이야 방귀만큼이나 참기 힘들걸. '신부님의 속풀이 처방전 2'라는 부제답게 시원한 속풀이가 한 여름 얼음동동 냉면맛이다. 가족걱정에 근심이 떠날 날 없는 자매에게 '쓸데없는 걱정...+ 더보기,5
넷째 왕의 전설,1989년판 이 책을 읽었는데 몇 번을 읽어도 가슴이 먹먹한 책...이번 성탄선물을 지인들에게 주려고 구입.정가가 1200원이었는데.,5
삶이 지금 어딜 가느냐고 불러세웠다,"코로나19를 겪으며 종교의 역할에 대해 그 어느 때보다 고민하게 되는 것 같다. 공공의 안전이 우선인가, 교리의 준수가 먼저인가. 또는, 종교의 본질은 집단의 결속과 카타르시스에 있는지, 아니면 개개인의 깨달음과 변화에 있는지 하는 고민들……. 종교가 오히려 사회의 발목을 잡고 있다는 원성도 높지만, 가치 있는 삶으로 가는 이정표로서 기능한다는 사실은 부인할 수 없다. 이 책은 불교 경전에 대한 해설서라거나, 난해한 선문답이 아니라 한 스님의 일기장이다. 따라서, 스님의 고민이 나와 다르지 않다는 점에 훈훈한 공감도 주...+ 더보기",3
어쩌다 쿠팡으로 출근하는 목사,"목회자에서, 쿠팡맨 알바일을 하기까지 여정을 쫒아가본다.",5
어쩌다 쿠팡으로 출근하는 목사,읽어보길 추천하는 책입니다,5
어쩌다 쿠팡으로 출근하는 목사,한국교회 위기에 직면한 현재 한번 읽어볼 만한 책입니다. 많은 분들이 여기에서 메시지를 읽어냈으면 좋겠습니다.,4
어쩌다 쿠팡으로 출근하는 목사,하나님이 무엇을 하고 계시는지 깨닫기 위한 잠시 멈춤이라고 생각하자.성경에 없고 복음이 아닌 그들이 이익과 자리 유지를 위한 정책은 아무런 영향을 끼치지 못한다고 합니다.그저 인간이 만든 바람에 날리는 먼지와 같이 느껴질 뿐 입니다.,5
어쩌다 쿠팡으로 출근하는 목사,"대형교회 부교역자의 삶… 그곳에서 나온 용기있는 삶..축복합니다만…지금도 그저 묵묵하게 하나님 나라를 위해 고군분투하는 교역자들의 삶, 한 영혼의 무게를 무겁게 느끼며 복음을 위해 살아가는 이들의 삶은 비열한것으로 치부하는 듯하며 그 작은 열정이라도 무시하는 듯한 느낌이 강하게 듭니다",1
어쩌다 쿠팡으로 출근하는 목사,오늘날 한국교회의 모습을 적나라하게 보여주는 책,5
어쩌다 쿠팡으로 출근하는 목사,"위를 바라보고 달리는 목사가 아닌, 한사람의 신앙인으로 다시 서는 삶이 무엇인지 보여주는 귀한 책입니다.",5
어쩌다 쿠팡으로 출근하는 목사,글쎄라는 말이 먼저 나온다. 정말 어렵고 힘든곳에 가보았는지.,3
어쩌다 쿠팡으로 출근하는 목사,재미있게 읽었습니다.한국교회 성도라면 꼭 한번쯤 읽어보시기를~,5
어쩌다 쿠팡으로 출근하는 목사,"교회 세습, 돈 비리, 권력등에 환멸을 느끼고 8년 간의 목사 타이틀을 내려놓는다. 교회 안에서 알지 못했던 찐 삶에 대해 편의점 알바를 하면서 알게된다. 목사를 그만두었다 하여 하나님을 버린것은 아니다. 사명을 찾아 치열하게 고민한다. 일반인으로 꿈과 비전을 갖고 새로운 미래를 꿈꾼다.",5
어쩌다 쿠팡으로 출근하는 목사,남이 정해진 길에 따라가는 것이 아니라 스스로 자신의 길을 개척해나가는 점이 멋있다는 생각이 들었습니다. 목사직을 내려놓는다는 선택이 쉽지않을텐데 이 책을 보면서 많은 생각을 하게 되는 것 같습니다.,5
어쩌다 쿠팡으로 출근하는 목사,"이 책은 대형교회 부목사로 사역을 한 저자가 목사가 된 계기, 목회 현장에서 느낀 회의감, 좌절 그리고 한국교회의 현주소를 이야기하고 있다. Who really are you?우리는 하나님 앞에서 누구인가를 깊게 생각하게 해준다 .*도서는 출판사로부터 서평 작성을 위해 무상으로 제공받았습니다",5
어쩌다 쿠팡으로 출근하는 목사,마침내 우리는 신 앞에 홀로 서게 된다. 우리 모두 생각해 볼 이야기.,4
어쩌다 쿠팡으로 출근하는 목사,"이런 결정을 한 목사도 있고,교회밖에서도 자신의 믿음을 지키며 변화를 모색하는 목사였던 사람이 있다는 것,그를 응원한다는 것 외에이래 이래서 저래 저래서 나쁘다 큰일이다다 잘못됐다 변화되어야한다고 판단하기에는참으로 다양한 교회와 사역자가 있고나도 저자도 알지 못하는 저마다의 사정과 사명이 있을 것이다.",5
어쩌다 쿠팡으로 출근하는 목사,"목사를 ,그리고 목회를 그만두고 살아왔을 때 딱 한가지 후회하는 것이라고는 내가 좁은 문으로 들어가지 않았다는 것이다. 그리고 멸망으로 인도하는 문을 거쳐 약 10년의 인생을 허비한 것이 너무 후회스럽다. 가끔 누군가 또는 친구 목사들이 목회를 다시 할 생각이 없느냐는 질문을 한다. 학부 선배 목사는 같이 사역하자고 선뜻 초빙을 권하기도 했다.그럴 때마자 난 거절했다. (-26-)그래서 그런지 어느 설교이든 부목사들에게 속 시원히 설교할 환경은 주어지지 않는다. 그렇게 이번 설교도 1년에 한 번 돌아오는...+ 더보기",5
어쩌다 쿠팡으로 출근하는 목사,"신학교에는 웃픈 농담이 하나 있다. 신대원 청빙 게시판에 유명 대형 교회 목회자 청빙 공고가 올라온다. 전도사들 세계에서는 삼성, LG, 현대와 같은 기업의 신입사원 모집 공고라고 여긴단다. 씁쓸한 농이다. 한국 교회의 담임 목사직 세습, 돈과 스캔들에 얼룩진 교회 강단, 명예와 공명심에 찌든 교회 정치판은 그야말로 진흙탕과 같이 추하다. ​한국 교회의 부끄러운 민낯을 볼 수 있는 책 한 권을 만난다. 장로회신학대학원을 졸업하고 장로교 통합 교단 서울의 한 대형 교회에서 부목사로 사역한 저자가 자신의 삶을 반추하며 참된...+ 더보기",4
어쩌다 쿠팡으로 출근하는 목사,"당신이 고민하는 것은 무엇입니까?이 책은 가난한 목회자의 생활고 이야기가 아니다또한 교회나 특정 학교를 비난하는것도 아니다 기독교의 명예를 훼손하는 이야기도 아니다그러, 우리가 어떠헥 크리스천으로 살지를 고민한 젊은 목회자가 누구보다 정직하고치열하게 그리고 아파하면서도 용기있게 써 내려간 교회 현장의 이야기하나님을 가린 그 우상이 목회의 성공일 것이란 착각속에 인간이 만든 우상만큼 인간을 더럽히는 것도 없듯, 목회자가 만든 목회자의 우상만큼 목회자를 타락시키는 것도 없다 이 책은 그 우상을 버린 사람의이야기다&nb...+ 더보기",5
어쩌다 쿠팡으로 출근하는 목사,[출판사로부터 도서 협찬을 받았고 본인의 주관적인 견해에 의하여 작성함] 목사 안 하렵니다!이 책은 8년간 목사의 일을 감당했던 사람이 왜 그만 두고 현재 어떤 심정인지를 통해 한국 교회의 현 주소를 볼 수 있다. 기독교인으로서 책 제목부터 충격적이었고 무슨 말을 하고 싶은지 너무 궁금했다. 특히 작가 소개란에 백혈병으로 고생을 했고 완치 판정을 받고 고등학교 때 목사의 길을 결심하였고 5:1의 경쟁률을 뚫고 26살이란 이른 나이에 장신대학교 신학대학에 입학을 하게 된다. 그런 그가 왜 목사직을 그만 두고 평신도...+ 더보기,5
어쩌다 쿠팡으로 출근하는 목사,"# 목회신학 # 어쩌다 쿠팡으로 출근하는 목사송하용 지음 | 한사람 | 2021년 09월 27일 출간""왜 목사가 되려고 하나요?""이 책은 이 질문에서부터 시작된다지금은 일반인이 된 젊은 목회자가 앞으로 목회자가 되려는 젊은 목회자에게 자신의 진심을 가득 담아서 쓴 글이다8년간 한국의 대형교회에서 사역하던 30대의 목사는어느날 더러워서 못해먹겠다며 담임 목사님에게 사직서를 던진다그렇게 그는 일반인이 되었고편의점 알바를 거쳐 지금은 쿠팡 물류센터에서 일하고 있다초등학교 시절 사망률이 70프로라는 급성 림프구성 백혈병에...+ 더보기",5
어쩌다 쿠팡으로 출근하는 목사,"목회를 하기보다는 성공적인 목회를 바랐고 예수님을 따르기보나는 예수님을 통해 무언가 얻어내기 원했고 조금이라도 잘 살고 유명해지고 무언가 목회자로서 족적이라도 남기고자 그렇게 장신대의 교문을 넓고 큰,그러나 멸망으로 인도하는 문으로 내가 만들었다. 도덕적인 면으로 보면 산에 미리 깎고 들어간 스님들보다 못할 것이다. 결혼도 안 하고 주님을 위해 인생을 바치는 신부님들에 비하면 어떨까! 세상에서 목사는 어찌 보면 어정쩡한 위치에 서 있는 그런 존재였다. 마치 신교와 구교 사이에 서 있는 공통분모라고 해야 할까! ...+ 더보기",5
어쩌다 쿠팡으로 출근하는 목사,나는 무 종교인이다. 종교에 대해 대체로 부정적이다. 부정부패의 온상이라는 선입견을 가지고 있고 종교 특유의 분위기에 이질감을 느껴서 일 것이다. 그리고 무엇보다 전문용어로 주일성수를 하는 사람들이 신기하다.(어떻게 매주 일요일마다 하루 종일을 저기에 집중할 수 있지?)그런 내게 종교가 훅 다가왔던 일이 있었다. 한 번은 내가 대학교 들어가고 울 오마니께서 제사 지내는 조건으로 본인의 모태 신앙을 찾아간 것과 외할아버지가 유언 비슷하게 모든 손자들에게 말씀하신 것이다. 하지만 나는 아직도 사명을 찾지 못하고 종교 테두리 밖에서 어슬...+ 더보기,5
어쩌다 쿠팡으로 출근하는 목사,"세상 뿐 아니라 교회 내에서도 여전히 축복에 대한 오해가 가득합니다. 우리는 교회 안에서도 밖에서도 내가 잘 되는 것으로 하나님이 영광받으신다고 생각합니다. 교회에선 교회가 부흥해야 하나님의 영광이 드러나는 것이고, 세상에서도 내가 잘 되어야 사람들이 하나님을 믿게 될 것이라고 착각합니다. 8년간 목사로 사역하다가 목사를 그만 둔 송하용 선생님께서 이번에, 어쩌다 쿠팡으로 출근하는 목사라는 신간을 통해 자신이 겪은 한국교회와 교인들의 이야기를 상세하게 풀어 전해주십니다. 송하용 선생님은 가장 입시가 치열했던 시절 ...+ 더보기",5
어쩌다 쿠팡으로 출근하는 목사,이 책을 읽으면서 안타까움이 몰려 왔다. 왜 이런 책을 썼을까? 나름 치열하게 고민하고 치열하게 싸웠겠지만 조금은 어리둥절한 느낌을 받았다. 서울의 이름만 대면 알만한 대형교회에서 부목사로 사역을 했다 하니 저자의 말대로 그 교회에 들어가려고 많은 노력을 했을 것이다. 그리고 거기서 겪은 여러 가지 불합리한 일들도 봐왔을 것이다. 그리고 거듭되는 고민 끝에 목사직을 내려놓았을 것이다. 충분히 이해가 된다. 어느 직장이나 자신이 살아남으려면 고개를 숙이고 자존심을 꺾어야 할 시점들이 많다. 그런데 저자는...+ 더보기,3
어쩌다 쿠팡으로 출근하는 목사,"​ ​ 뼈 때리는 글이다.대한민국 교회의 내부를 적나라하게 드러낸 책. 사도로 산다는 것이 무엇인지, 예수님을 믿는다는 것이 무엇인지에 대해 생각해보게 하는 책이다. 목회자라는 옷을 벗어 던지고 세상으로 나아가 예수님을 묵상하는 저자의 모습에서 참 많이 공감되고 감동이 되기도 했다. 한국 교회 성도들이라면 모두 공감할 수 있을...모두들 대략 짐작은 하고 있었지만 속 시원하게 내부에 대해 알려고 하지도 않았고 또 쉬쉬해왔었던 그런 부분에 대해 아주 속 시원한 사이다 발언을 거듭하고 있는 그런...+ 더보기",5
어쩌다 쿠팡으로 출근하는 목사,"2020년 내가 다니는 교회에 우리 교회에서 사역하셨다가 지금은 담임목사로 목회를 나가신 목사님이 오셔서 말씀을 전했던 적이 있었다. 그 목사님께서 설교를 전하시며 코로나로 어려워진 상황에 교회가 힘들어져 매일 아이들 운전원으로, 또 물류 일을 하며 시간을 보내고 있는데 그곳에서 듣는 이야기들, 그리고 만나는 사람들이 은혜입니다란 이야기를 들은 적이 있다. 이 이야기가 심금을 울렸었는데 비슷한 이야기가 있어 읽어보게 되었다. 그런데 책을 펼치자마자 두 번의 충격을 받게 되었다. 첫번째는 진짜 크리스천이란 삶의 모습에 고민하며 노력하...+ 더보기",5
어쩌다 쿠팡으로 출근하는 목사,"제목에 흠칫 놀랐다. '어쩌다 쿠팡으로 출근하는 목사'. 실제 회사 이름을 그대로 인용한 것에 1차적으로 놀랐고, 그 회사로 출근하는 사람이 목사라는 사실에 또 한 번 놀랐다. 글을 쓴 분이 목사님 같은데 어쩌다 이 목사님은 교회가 아닌 쿠팡으로 가게 되었을지 무척이나 궁금했다. 한편으로는 목회를 하면서도 직장에 나갈 수 있나 하는 궁금증마저 생겨났다. 이 책의 저자인 송하용 (전)목사님은 어린 시절 어머니의 서원기도 덕분에 병이 낫게 되었고, 그...+ 더보기",5
어쩌다 쿠팡으로 출근하는 목사,"​쿠팡과 목사'님'도 아니고 '목사'의 조합부패한 교회 현실을 고발하는 이야기일까, 아니면 사람들 속에서 목회를 실천하는 목사님의 이야기일까, 궁금했다.​ 저자 송하용님은 책에서는 하나님을 가린 우상을 버린 사람의 이야기, 우상을 버리고 다시 시작하는 한 사람의 그저 그런 이야기라고 소개하고 있다. 책을 읽는 나의 인상은 신랄하고 발칙하다는 느낌이다. 책으로 나오기까지 어느 정도 정제된 내용이 되었겠지만, 그래도 날 것의 형태. 내가 이해한 바로는 이 책은 교회현실을 고발했다기 보다 한 개인의 인생에 대한 고군...+ 더보기",4
어쩌다 쿠팡으로 출근하는 목사,외적인 부분-표지에서 독자의 궁금증을 자극시켰다. 분명 제목엔 목사가 있는데 표지에 있는 삽화는 목사를 표현하는 게 없다. 오로지 쿠팡이라는 것만 표현하고 있다.작가님께서 교회와 어떤 일이 있었는지 궁금해 본문을 빨리 읽고싶다는 생각이 들었다. -표지를 넘기면 바로 보이는 책날개 또한 인상깊었다. 큰 글씨로 작가님의 일생을 간략하게 적혀있다. 큰 글씨는 나이가 많아 눈이 침침하신 분들도 읽기 좋게 작성한 것 같아 작가님이 얼마나 독자를 신경쓰는지를 알 수 있었다.내적인 부분-본문은 글로만 구성되어...+ 더보기,5
어쩌다 쿠팡으로 출근하는 목사,"한 명의 기독교인으로서 이 책을 읽으면서 마음이 무겁고 착잡하였다.앞으로 한국 교회가 망할 것이라고 생각하며,교회의 부조리한 부분을 지적하는 저자의 이야기는솔직히 새롭지는 않았다.세상의 손가락질과 달리..대형 교회의 담임 목사님이 아닌 이상-약 8-90 퍼센트는 경제적 어려움을 버텨내야 하는 목회자들의 고된 현실,목회자 가정과 자녀들까지 함께 짊어져야 하는 부담들,그에 따른 가장으로서의 미안함, 책임감과 괴로움,한편 주보 글과 설교 내용까지도 담임목사의 허락과 눈치를 봐야하는부교역자님들의 부조리한 실정,가난하고 소외되고 외로운 사람...+ 더보기",4
어쩌다 쿠팡으로 출근하는 목사,"어쩌면 불편한 내용이었다. 그런 면에서 나는 보수적일지도 모른다. 읽고 싶지 않았다.긁어부스럼 같았다. 가뜩이나 코로나 때문에 가까스로 붙들고 있는 신앙인데, 와르르 무너질까봐 두려웠다.하지만 피할 순 없다고 생각했다. 한국 기독교는 영국과 유럽의 교회를 뒤따라 내리막 길을 가고 있는 건 맞다. 세상 못지 않는 더러운 모습들이 권력을 업고 자신들이 믿고 있는 껍데기가 진리라 주장하고 있는 꼴은 기독교가 아니다. 내가 봐도 역겹다. 그러니 실태가 이렇게 까발려지는 게 맞다고 생각한다. 이렇게나마 실태를 알아야 계란으로라도 바위를 치지...+ 더보기",4
어쩌다 쿠팡으로 출근하는 목사,어느 시대에나 어디서나 어두운 곳이 있기 마련이지만 마치 2000년 전 예수님 당시 종교지도자들의 모습과 비슷한 현 교회 실상을 보았다. 신학대학교와 대학원에 진학하기 위한 경쟁률도 놀랍고 학원에 다녀야 했다는 것도 놀라웠다. 더 놀라운 것은 조직적이고 체계화된 교회 시스템이다. 시스템이 좋은 것이긴 하다. 국가는 시스템이 작용해야 하고 어느 조직이나 단체에서 시스템이 무너지면 존재하기 힘들다. 그러나 교회가 이처럼 시스템에 따라 조직적으로 움직이다 보면 역동성이 떨어진다. 하나님이 원하시는 인애...+ 더보기,4
어쩌다 쿠팡으로 출근하는 목사,"사실 책 제목만 보고 코로나로 교회가 어려워지자 부업으로 쿠팡에서 일하시는 목사님 이야기일것이라고 생각했다. 실제로 주변 사역자 들 중 부업을 하는 경우도 많이 보았기 때문이다. 이 책은 대형교회 부목사로 사역을 한 저자가 목사가 된 계기, 목회 현장에서 느낀 회의감, 좌절 그리고 한국교회의 현주소를 이야기하고 있다. 저자는 목사를 그만둔 후 쿠팡, 편의점 등 알바를 하며 새로운 사명과 함께 성도 송하용으로 살아간다. 저자가 말한 한국교회의 현실은 적잖이 충격이었고 안타까운 마음이 들었다. 상처를 드러내고 인정해서 회복되길 바라는 ...+ 더보기",5
어쩌다 쿠팡으로 출근하는 목사,"『어쩌다 쿠팡으로 출근하는 목사』는 교회, 목회, 사명에 대해 고민하는 저자의 이야기다. 처음에 제목을 보고 당연히 생활고 때문에, 아니면 쿠팡 일을 통해 복음을 전하기 위해 쿠팡으로 출근하는 목사님의 이야기인 줄 알았는데 아니었다. 저자는 쿠팡 일을 하는 목사가 아니고 쿠팡 일을 하는 목사였던 사람이다. 저자는 교회 안에서의 ‘목사’, ‘목회’에 대해 문제를 느끼고 목사의 직분을 내려놓는다. 그리고 가장으로서 가정을 책임지기 위해 일을 하고, 진짜 ‘사명’을 찾기 위해 노력한다. 그 가운데 느끼는 생각과 마음들을 솔직하게 표현한다...+ 더보기",5
어쩌다 쿠팡으로 출근하는 목사,"선택이유​말그대로어쩌다 목사님이 쿠팡으로 출근하게 되었을까?궁금해서 읽게 되었다.​내용​대형교회의 담임 목사.목사들의 꿈이다.그 내면의 꿈을 좇아 부목사가 된 저자가 실제 대형교회의 부조리를 몸소 체험하며 결국은 그만두게 된다.그 내용이 나도 어린시절부터 알게 모르게 들어왔던 것들의 몇배 이상이어서 충격적이긴 했다.그만두어 믿음을 잃었거나 한국 교회를 저주하기 위해 쓴 책이 아니라 다행이다.하지만 서평을 쓰기에 매우 어려운 책이다.​​이런 결정을 한 목사도 있고, 교회밖에서도 자신의 믿음을 지키며 변화를 모색하는 목사였던 사람이 있...+ 더보기",5
스님은 아직도 사춘기,"스님의 출가 전 삶도 영화 같은 인생이고, 출가 후의 삶도 굴곡진 수행자의 삶입니다. 부처님께서 인생은 고행이다. 말씀하셨는데! 한편으로 평탄한 삶은 재미없잖아요. 시대의 스승이신 명진 스님! 좋은 글 감사 감사합니다.",5
소예언서 어떻게 읽을 것인가 3,"소예언서 어떻게 읽을 것인가 3 (스바냐,학개,스가랴,말라기) 김근주, 성서유니온 기다림, 이 지치는 폭염 가운데서도 겨울을 기다린다. 그 시원한 추위를 기다리며 이 뜨거운 여름을 인내하며 버틴다. 그 가운데 한 가지 소망, 아무리 덥고 괴로워도 이 더위에는 끝이 있다는 것을 기억하며 붙잡는다. 사실, 계절의 순환으로 시원한, 아니 서늘한 바람이 불어올 것이라는 사실을 우리는 믿어 의심치 않는다만, 요즘은 너무 더워 그 사실조차 잊을 때가 있다. 구약의 소예언서도 그러하다. 불의와 폭력이 난무하는 시대 가운데서도 예언자들은 외...+ 더보기",5
교회를 사랑합니다,"성경이 말하는 교회가 어떤 곳인지 고민하게 하고, 또 깨닫게 하는 책입니다. 교회가 교회답지 않다는 것은 성경이 말하는 교회가 무엇인지 잃어 버린 결과라고 생각됩니다. 교회는 과연 어떠한 모임인지, 교회의 목적은 무엇인지 성경의 가르침을 따라서 가르쳐줄 좋은 가이드북이라고 생각됩니다.",5
교회를 사랑합니다,"교회를 사랑하고 싶은 이들에게 꼭 필요한 책입니다. 그리고 교회에 대한 상처가 있는 이들, 무뎌진 마음으로 교회를 지키고 있는 이들, 주변을 기웃거리는 이들에게 정말 귀한 이정표가 될 책입니다.",5
부흥의 사도행전,"#부흥의사도행전 #박대영지음 #선율 #사도행전1-4장 #LIVE성경강해 강해서가 좋은 이유는 '읽고 묵상하는 설교' 이다. 이번에는 전보다 조금 더 느리게 읽고 묵상하는 시간을 가졌다. 일부러 읽는 시간을 보통보다는 한시간씩 더 드려서 딱 제시간에 맞추어서 볼 수는 없었지만 매일 강해서를 통해 깊이있는 묵상을 꾀했다. 사도행전이 전하고자 하는 뜻은 어떤것일까. 초대교회의 모델로써 성령님께서 어떻게 임하고 역사하는지를 알게되었다. 나에게, 가정에, 교회에, 공동체에 성령님이 역사하시기를. 성령님이 임하시어 사도행전을 통하여 성령님의 ...+ 더보기",5
문학으로 읽는 레위기,이 책 발간이 오래된 것 같은데 괜찮은가요?,4
붓다 없이 나는 그리스도인일 수 없었다,독실한 가톨릭 신자가 기독교의 이원론을 불교를 통해 해소하는 과정이 흥미롭습니다.,5
붓다 없이 나는 그리스도인일 수 없었다,"종교에 관한 이야기를 한다는 것은 참 조심스러운 일이다. 자칫 잘못하여 뜻하지 않게 어떤 종교를 비판하는 목소리로 들릴 수도 있기에 항상 사려깊은 생각을 한 후에 말을 하여야 하는 것이다. 역사적으로 보아도 종교로 인하여 전쟁이 일어난 경우도 있고, 민족간의 갈등을 겪는 경우도 있다. 지구상에서는 지금도 끝나지 않고 종교로 인한 다툼이 존재하고 있는 것이다. 그런 의미에서 볼 때에, 미국의 저명한 신학자인 '폴 니터'의 는 책은 신선한 충...+ 더보기",5
우리 봄날에 다시 만나면,"능행스님이 호스피스 병원을 운영하면서 지켜보았던 많은 사람들의 이야기를 이 책에 담았다. 죽음의 문턱 앞에 다다른 이들이 삶을 찬찬히 돌아보는 모습과, 삶을 정리하고 죽음으로 나아가는 과정 속에서 느끼는 성찰, 다양한 모양을 한 감정들을 잔잔한 문장 속에 녹여냈다. 소중한 사람과 마지막 이별을 준비하는 가족들의 모습이나, 미움이나 증오로 응어리져 채 풀지 못한 마음들을 죽음이 다가오는 시간 동안 함께하면서 조금씩 녹여내는 과정도 인상적으로 다가왔던 것 같다. 단순히 삶과 죽음으로 분리되는 것이 아니라 순환의 과정으로 바라보는 시선이...+ 더보기",5
우리 봄날에 다시 만나면,죽음이란 참으로 사람을 무력하게 만든다. 분명 인간은 세상에 태어나 죽음을 겪어야 하는 존재임에도 말이다. 죽음은 우리에게 모두 공평하게 다가온다. 멀어지려야 멀어질 수 없는 죽음은 우리와 항상 딱 붙어있다. 우리는 항상 예측할 수 없는 죽음을 기다리고 있다. 그래서 우리는 이 죽음을 어떻게 받아들이고 행동해야 할까?이 책에선 병으로 죽음을 맞이하는 사람들의 이야기를 담고 있다. 국내 불교계 최초로 호스피스 전문병원을 만드신 능행 스님께서 수천 명의 죽음을 돌보면서 깨달은 삶과 죽음의 아름다운 여정을 우리에게 말씀하신다. 이 책에 ...+ 더보기,5
우리 봄날에 다시 만나면,"그저 앞만 보고 달리기 바빴고살아갈 날들이 더 많다고 확신했어요.위염, 감기 같은 흔한 병에서 벗어나무슨 역할을 하는 장기였나 싶은 곳도 하나둘 고장이 나고 주변에 안좋은 소식들도 조금씩 들리다보니#웰다잉 에 대해서 생각해보게 됩니다.우리는 모두 이 세상을 떠난다는 것.이것은 변할 수 없는 진실이죠. 이 책은 우리에게건강한 삶의 순간순간마다 죽음을 기억하고,죽음에 대해 배우고, 알아가며 이별하는 연습을 하라고 합니다.죽음은 언제 맞이해도 갑작스러운 이별일텐데그래야 담담히 이별의 배를 타고 떠날 수 있다고 합니다. 책의 첫 장부...+ 더보기",5
"코로나바이러스 세상, 하나님은 어디에 계실까?","저자는 기독교 변증가이지만 목회자가 아닌 옥스포드대 전 명예교수요 수학자라는 다소 이색적인 경력을 갖고 있다. 다소 엉뚱해보이는 저자의 경력은 이러한 코로나 팬데믹을 맞아 모두가 얻고 싶어하는 해법에 대한 갈증을 이 분이라면 풀어줄 수 있지 않을까 하는 생각을 갖게 만든다. 사실 지진 아니 전쟁, 전염병같은 세계적인 이슈가 터질 때마다 비기독교인들이 늘 들고 나오는 질문이 있다. 이런 상황에서 하나님은 도대체 어디에 계실까? 하는 것 말이다.이 책은 코로나19가 한창 세력을 떨쳐...+ 더보기",4
그리스도의 승천,"종종 중요하고 핵심적임에도소홀히 대하는 교리가 있다.그중에 '그리스도의 승천'이야말로그동안 방치되어 있던 교리 중 하나다.승천은 성경 곳곳에서 중요한 변환점으로 기술되어 있으며,그리스도의 사역을 좀 더 완전하고 풍성하게 완성시켜 준다.이처럼 패트릭 슈라이너(Patrick Schreiner) 교수는'승천'이라는 주제를 성경의 큰 이야기에서 새롭게 조명한다.저자는 그리스도의 승천을 제대로 알게 된다면신학과 교회, 성도의 실제적인 삶에도 매우 큰 유익이 있음을 강조한다.저자는 구약과 신약의 큰 이야기 속에서그리스도의 삼중직 사역이 어떻게...+ 더보기",5
기도하고 싶은데 기도를 어떻게 시작해야 할지 모를 때,기도로써 더욱 하나밈과 함께할수있는 행복함과 믿음에 행복한 시간이 되는것 같아요.,5
"붓다의 마음이 되는 명상법, 로종",이 책은 우리가 인생을 살아가면서 어쩔 수 없이 겪게 되는 여러 부정적인 상황에서 우리 생각의 전환을 통해서 이것을 오히려 우리의 영적 성장을 이룰 수 있는 좋은 계기로 삼을 수 있다는 좋은 교훈을 주는 것 같습니다.,5
왕을 기다리며,"제임스 스미스의 이 책은 전통과 균형의 정치신학이다. 그의 정치신학은 은둔과 세속 사이에서, 크리스텐덤와 정치과잉 사이에서, 교부 아우구스티누스를 사유함으로써 현재와 종말의 긴장 사이에서 예전을 통해 구축하는 새로운 정치신학이다.",5
왕을 기다리며,"약 10년 간 지속되어온 제임스 K. A. 스미스의 문화적 예전시리즈가 를 끝으로 막을 내렸다. 이 책에서도 역시 제임스 스미스는 급진 정통주의자답게 교부신학에 근본을 두고 다른 한 편으로는 다양한 지적 조류를 종횡무진 횡단해가며 대화하고, 자신의 사유를 펼쳐나간다.이 를 통해 제시된 제임스 스미스의 정치신학의 중심은 전통과 균형에 있다. 지금까지의 정치신학은 정교분리라는 허울 뒤에서 은둔하거나, 아니면 교회라는 공간에서 벌어지는 종교영역의 일을 정치영역으로 환원시켜 종교 고유의...+ 더보기",5
기독교 예배학 입문,읽어보세요. 추천~,5
성경에 나타난 하나님의 선교,"저자인 아서 글라서(Arthur Glasser)는 중국 선교사로 사역하였고, 웨스트민스터 신학교와 풀러 선교대학원에서 선교학을 가르쳤다. 그는 조지 래드와 브로밀리 교수와 하나님 나라의 주제를 연구하였다. 이 책은 신구약 전체를 ‘하나님 나라의 선포’라는 주제로 관통하여 선교하시는 하나님을 힘주어 강조한다. 성경 전체가 “하나님의 선교”에 대한 기록으로 보고, 성경은 선교적인 책이라 강조한다. 하나님 나라를 주제로 한 여러 책들을 읽어 보았지만, 정말 잘 쓴 책이다. 최근 신구약 성경신학은 분절된 연구에 집중하는 경향이 있는데, ...+ 더보기",5
아우구스티누스와 함께 떠나는 여정,아우구스티누스의 삶의 여정을 통해 우리가 가야 할 길을 찾도록 도와주는 지도와 같은 저서이다. 이 책은 아우구스티누스의 삶의 여정이기에 기대가 된다. 또한 이 책의 저자가 제임스 스미스가 묵상이기에 더욱 기대가 된다.,5
구속사적 설교의 실제,"성경은 구속사이다. 그런데 설교에도 구속사가 드러나는가? 이 질문에 ""예"" 하기가 쉽지 않다.구속사 설교가 고민 끝에 등장하기 시작한 것은 20세기 초반이다. 저자는 화란에서 구속사와 구속사 설교에 대해서 연구하며 공부했다. 그리고 저자는 본인이 몸담고 있는 고신대에서 구속사적 관점으로 설교한 본문을 엮어 24개의 설교를 구속사 설교의 예로 제시하고 있다. 구속사 설교의 모델로서 참고할만한 가치가 있는 내용들이라 여겨진다.",5
복음서에 나타난 구약의 반향,"책을 보면서 당연한 이야기라고 생각하시는 분들은 공감이 되기 때문에 흥미있고 재밌게 보실 수 있을 것이고, 당황스런 이야기라고 생각하시는 분들은 반감이 되더라도 더욱 집중해서 읽으시면 좋겠습니다.",5
개역개정 취리히 성경해설 성경전서 NKS87EZU - 특대(特大).단본.무색인,"쿠팡에서는 50,850원 여기는 왜 56,500원일까요??쿠팡에서 구매해야겠네요~로켓와우로",5
설교자란 무엇인가,'설교자' 하면 아마도 우리는 목회자를 가장 먼저 떠올릴 것이다. 예배 때마다 강단에 서서 말씀은 전하는 자를 말이다. 양들에게 말씀을 먹여 바른 길로 가도록 하는 목회자는 분명히 '설교자'가 맞다. 따라서 그 '설교자'는 참으로 책임이 무겁다. '설교' 즉 가르침을 통해 양들을 바른 길로 이끌어야 하기 때문이다. '설교자란 무엇인가' 이 책은 얼마 전 생을 마감한 존 스토트의 책이다. 복음주의권에서 진리를 수호하고 전하며 많은 가르침을 남긴 그는 본서에서도 귀한 가르침을 전한다. 이 책...+ 더보기,5
설교자란 무엇인가,"예배의 중심이 말씀이 되어야 한다는 것에는 이견이 없지만, 예배에 대한 생각이 많이 바뀌었다. 소위 를 유지하기 위한 목회적 도구로 설교 외에 다른 것을 생각할 여지가 없다. 불특정 다수가 경기장 같은 교회좌석에 앉아 주목할 것은 오직 강단 밖에 더 있겠다. 주변에 앉아있는 삶의 질곡과 실존이 말씀과 공명하면서 길어 올려진 지혜를 나눌 여지가 없는 그곳에서 오직 강단에서 울려 퍼지는 삶의 정황에서 벗어나도 한 참 벗어난 설교 밖에. 사람에겐 누군가에게 종속되길...+ 더보기",5
에덴에서 새 예루살렘까지,"이 세상이 존재하는 목적은 하나님의 영광을 위함이다. 우주만물은 존재 그 자체로 하나님의 영광과 위대하심을 보여준다. 그러나 인간의 죄악으로 하나님의 영광은 손상을 입었다. 물론 여기서 손상이라는 말은 그 영광이 줄어들었거나 변질 되었다는 말이 아니다. 인간의 죄악으로 인해 하나님의 영광과 위엄이 능욕과 무시를 당했다는 말이다. 피조물에 불과한 인간에게 말이다. 그런 인간에게 하나님은 벌을 내리셨다. 하지만 동시에 구원의 계획도 마련해 놓으셨다. 하나님은 죄악된 인간을 그대로 두지 않고, 옹서해 주시기로 하셨다. 그...+ 더보기",5
영을 분별하는 그리스도인,영을 분별한다는 것은 곧 하나님의 뜻을 분별하는 것입니다. 많은 도움이 될 것입니다,5
영을 분별하는 그리스도인,하나님의 목적을 가지고 힘있는 삶을 살기 원하는 사람들의 필독서^^,5
영을 분별하는 그리스도인,단순한 형식적 그리스도인이 아닌 하나님의 목적을 가지고 살기 원하는 이들이 꼭 읽어봐야 할 책이다. 이 책을 통해 우리가 모를 수도 있는 그러나 결코 간과해서는 안되는 세 가지 사실에 대해 알 수 있었다. 첫번째로 잊고 있었고 또 결코 알고 싶지 않은 원수 사단의 전략들이다. 하나님의 목적을 가지고 사는 삶은 단순히 하나님만 알고자 하는 것을 뛰어넘어 원수 사단을 알고 그 사단의 모든 계획과 목적들을 깨트리는 것에 있다는 것이다. 이것은 하나님의 뜻을 이루는 가운데 우리가 겪고 이겨나가야 할 분...+ 더보기,5
영을 분별하는 그리스도인,종말의 시대 곧 이 시대는 하나님을 방해하려는 사단의 미혹과 계략이 극에 달하는 시대이다. 이 사단의 유혹에 많은 사람들이 넘어지고 있다. 넘어지는 이유는 악한 영과 하나님의 선한 영을 분별하지 못하기 때문이다. 지금 이 시대에 필요한 것은 악한 영과 선한 영을 분별하는 분별력이 필요할 때다. 이 책 (예수전도단.2010)은 하나님을 방해하려는 사단의 미혹과 계략을 그리스도인과 교회가 분별하도록 돕는 책이다. ‘미혹’과 ‘무지’는 이 책 전체를 정의하는 본문의 ...+ 더보기,5
선생님의 마음,방황하고 힘들어하던 시절에는 유독 나를 못살게 괴롭히는 사람들만 주변에 득실거린다고 생각했었다. 그런데 어느 순간 내 인생에서 한발 물러서서 바라보니 나에게 바라는 것 없이 사랑해주고 아껴주었던 소중하고 고마웠던 사람들이 매번 있었다는 사실을 깨달을 수 있었다. 은인들 가운데 빼놓을 수 없는 분들이 바로 선생님이다. 학창시절 너무 평범하고 조용해서 있는지 없는지도 모를 정도였던 나를 인정해주시고 칭찬해주시고 관심가져주셨던 몇몇 선생님 덕분에 나는 이렇게 잘 성장할 수 있었다. 학생들이 볼 때는 이상한 선생님들...+ 더보기,4
금강경·반야심경 읽기,금강경과 반야심경에는 세상의 지혜와 통찰이 담겨있는 좋은 이야기들이 많아요.나와 남을 차별하거나 나누지 않은 보살행에 대해 마음자세와 실천법을 배울 수 있어요.불교에 대해 잘 모르는 독자들도 읽어보면 좋을 것 같아요.,5
금강경·반야심경 읽기,하나의 철학으로서 불교에 대한 지적 관심을 불러일으키는 훌륭한 입문서. 불교가 인간의 정신을 이렇게까지 치밀하고 자세히 관찰하고 분석했는 줄 몰랐다. 최기표 교수님을 통해 불교를 공부해 볼 생각,4
엄마아빠가 지어주는 우리아이 명품 이름,"瑞 雪 마치 한권의 수필집을 읽은 것 같은 느낌이다. 저자의 유려한 필치가 나를 그렇게 느끼게 했던가 보다. 일반적으로 작명에 관한 책이라면, 길 흉수나 따지고 작명‧간명하는 기술이나 가르치는 내용일 것이라는 선입견을 불식해 주는 책이었다. 전광님의 이 책 “우리아이 명품이름”에는 깊은 철학과 처세학 마저 담겨있는 책이라고 느꼈다. 또한 나는 이 책에서 저자의 인생관까지 읽을 수 있었다. 이름에 관한 온갖 속설과 금기사항이란 것이 대부분 근거가 희박하다는 것을 조목조목 실례를 들어 논...+ 더보기",5
엄마아빠가 지어주는 우리아이 명품 이름,이제 곧 2세가 태어나고 나도 곧 아버지가 된다. 가끔 단란한 세식구를 그려보곤 한다. 요즘은 자연히 작명에 관심이 생겼다. 서점을 기웃거려 보다가 이 책이 눈에 띄었다. 뒤젹여 보다가 앞부분 서술내용이 그럴듯하여 '이름과 운명'이라는 대목까지 읽어보고는 구입하고 말았다. 이외로 술술 읽어졌던 것이다. 세식구 집에 와서 저자 사진과 소개를 보았더니 몇년전 내가 독후감으로 한시를 한수를 올린적 있는 그 사주책...+ 더보기,5
엄마아빠가 지어주는 우리아이 명품 이름,우리이름 교과서에 이어 또다른 이름책의 진수를 보여주시는군요. 발전에 발전을 거듭하여 내용면이나 구성면에서 요즘 신세대 부모들 스타일의 책이었어요 정말 쉽게 풀어져 있네요 실존인물들의 이름풀이와 '아사달과 아사녀' '바이킹'의 유래 등 예시들이 너무 재미있고 몰랐던 새로운 사실을 알게 되었습니다. 그에 맞는 사진과 그림들 역시 내용을 한층 돋보이게 해주네요 볼수록 이름에 대한 중요성을 깨닫게 해주더군요. 우리 엄마 아빠들이 소중한 아이의 이름을 직접 지어줄 수 있다는게 더 큰 선물일 것...+ 더보기,5
오늘날에도 기적이 일어난다,"기독교의 기적에 대해 기초적인 신학적 배경과 수많은 실제 예들을 제공한다. 너무 과하게 기적에 의존해도 안 되겠지만, 그 자체를 부정할 필요도 없겠다.",5
오늘날에도 기적이 일어난다,이 책에 대한 반박은 의학 전공자이자 기독교 변증가이기도 했던 피터 메이가 비판적 반론을 게재한 바도 있으니 참조하세요.,1
기도 많이 걱정 조금,"제목처럼 걱정이 많은 요즈음, 그리고 기도의 자리로 나아가게 될 때에 필요한 책인 것 같아요. 코로나시대로 햇수로 2년이 되어가고 있네요. 여기저기 아픔과 슬픔으로 신음하고 근심걱정으로 힘들때에 기도로 하나",5
기도 많이 걱정 조금,"#기도많이걱정조금 #도나K말티즈지음 #보배그릇옮김 #사자와어린양 #근심걱정이찾아들때힘이되는181가지말씀묵상 #아마존여성묵상분야베스트셀러 하나님을 알게된 후 막연한 걱정, 근심, 불안은 작아지고 평안함으로 충만한 삶이 주어졌다. 힘든 일, 어려운 일도 주변에 털어놓아도 편치 않고 짐을 지어주는 것 같아서 담아두는 나인데 그런 마음을 하나님께 얘기하듯이 터놓고 기도하면 해결되지 않아도 언제나 나의 편인 하나님이 계시다는 그것만으로도 큰 위로와 안위를 주셨다. 기도를 잘하는 편이 아니어서 미사어구와 말씀으로 무장한 기도의 사람을 볼 ...+ 더보기",5
즐겨라 위험하게 사는 즐거움,"삶, 인간, 우주 전체를 꿰뚫어 보는 그의 지혜와 통찰력에 절로 고개가 숙여진다. 역시 그는 위대한 영적 지도자이며 스승임에 틀림없다. 감히 그의 책을 평가한다는 것조차 무례한 짓이리라,, 지식이 아닌 깊은 깨달음을 주는 책, 새로운 도전과 기회 앞에서 망설이고 있는 요즘 나에게 용기과 확신을 준 책.",5
걷는 동안 믿음이 된다,"‘출판사로부터 도서를 지원받아 주관적으로 작성한 리뷰입니다.’ 나는 40년간의 목회현장에서 은퇴를 하고 나서 두 번의 암 수술을 받고나니 몸의 근력은 예전 같지 않고, 무릎의 통증은 세월의 훈장처럼 따라다닌다. 하지만 죽음의 문턱에서 살아난 것만 생각하면 얼마나 감사한지 모른다. 육체적 고통도 하님의 은혜였음을 고백하지 않을 수 없다. 이제 고통을 불평의 대상으로 삼지 않고, 오히려 ‘나’라는 아집을 깨뜨리는 통로로 삼게 된다. 육신이 약해질 때 비로소 영혼의 눈이 밝아진다는 역설적인 진리는, 노년기를 살아가는 나에...+ 더보기",5
걷는 동안 믿음이 된다,"당신이 그 늪에서 도움을 받았다면 이제는 다른이를 도와 줄 차례입니다. P38진리를 위한 고난은 결코 헛되지 않습니다. P130​‘천로역정’(Pilgrim’s Progress) 살아있는 하나님의 말씀으로 그 시대의 사회와 종교의 부조리를 파헤치며 강하고 생명력 있는 말씀을 세상에 선포하다 1660년 감옥에 투옥되어 더럽고 추운 시멘트 바닥 감옥에서 쓴 글로 기독교인들이 반드시 읽고 깨달아야 할 책이다. 필그림 하우스에 있는 천로역정 순레길을 따라 40일간의 묵상을 하도록 마련되어 더욱 의미가 깊다. 사순절을 지나며 질문과 나눔, ...+ 더보기",5
걷는 동안 믿음이 된다,"**출판사로부터 도서를 제공받아 주관적으로 쓴 글입니다. 천로역정은 이미 오래전부터 성경을 제외한 책 중에 가장 많이 판매된 책이다. 많은 버전들이 있음에도 이 책을 읽고 싶어진 이유는 순례자가 ‘멸망의 도시’를 떠나 ‘천성’에 이르는 여정을 40일 동안 함께 묵상하며 삶에 적용할 수 있도록 돕고 있기 때문이다, 그래서 더 관심 갔고, 더 읽어야겠다는 생각이 들었다. 이 책은 천로역정의 순례길을 갈 수 있도록 다양한 공간과 인물들의 사진들을 배치해 놓았고, 개인 또는 소그룹에서 활용할 수 있도록 질...+ 더보기",5
걷는 동안 믿음이 된다,지은이 장재훈지구촌 목회 리더십센터 총괄 목사이며 지구촌 비니스트 네트워크 섬김이래서 이동원 목사를 도와 한국 교회의 목회 리더십과 선교사들을 섬기며 사역에 헌신하고 있다.지구촌교회 가평 필그림하우스 '천로역정 순례길' 조성의 전 과정에 참여했으며 순례길 완공 이후 지금까지천로역정 순례길 안내를 통해 의 성경적 지혜와 말씀의 은혜를 수많은 그리스도인들에게 전하고 있다. 이 책은 의 순례자가 멸망의 도시를 떠나 천성에 이르는 여정을 40일 동안 함께 묵상하며 삶에 적용할 수 있도록 돕고 있다...+ 더보기,5
걷는 동안 믿음이 된다,"기독교 고전 가운데 가장 많은 사랑을 받아온 책을 꼽으라면, 아마 많은 분들이 존 번연의 「천로역정」을 떠올릴 것입니다. 한 번쯤 제목은 들어보았지만, 막상 읽어보려 하면 '고전'이라는 말 때문에 조금 멀게 느껴지기도 합니다. 어렵고 무거울 것 같아서 쉽게 손이 가지 않기 때문입니다. 그런데 사실 「천로역정」은 우리의 마음을 깊이 붙드는 이야기입니다. 그리고 정재훈 목사님의 「걷는 동안 믿음이 된다」는 그 고전을 오늘 우리의 삶 가까이로 다정하게 데려다주는 책입니다.​이 책은 「천로역정」의 주인공 크리스천이 걸어가는 순례의 길을 따...+ 더보기",5
걷는 동안 믿음이 된다,지구촌교회 원로목사 이동원 목사님이 예수님을 믿기 전 영어를 배우기 위해 나갔던 교회에서 선교사님에게 선물받은 원서 천로역정을 읽고 감동받아 이 이야기를 테마파크로 현실화하고 싶다 생각했다고 합니다약 오십년의 시간이 지나 2016년 9월5일 가평에 위치한 필그림하우스 천로역정 순례길이 오픈됩니다1Km의 순례길로 39개의 처소와 40여점의 인물 형상멸망의 도시에서 천성까지 이르는 길을 따라 걷다보면 영성훈련이 됩니다그 훈련에 깊이를 줄 수 있는 인내서이자 영성훈련 묵상집이 되겠습니다천성 가는 그 길 여정 가운데는 많은 유혹과 난관과 ...+ 더보기,5
말씀세대,"노년의 삶으로 바라보는 성경은 어떠할까? 상실의 세대가 아닌 새로운 소명을 발견하는 세대, 꿈을 꾸는 세대로의 발걸음에 함께 할 책이 아닐런지.. 일단은 큰글씨가 너무 좋다.",4
행복한 임신 아름다운 태교,일반 임신에 관한 책을 보고 친구가 권유해서 이 책을 사 보았는데 신앙과 접목이 되어서 좋았다.일반책에 비해서 산모운동에 관한 부분은 좀 부족했지만 나머지 정보는 일반책보다 훨씬 좋았다. 매일 말씀을 묵상할 수 있도록 꾸며 놓았고 남편도 같이 임신에 대한 정보를 얻고 남편의 역할을 할 수 있도록 해 주어서 좋았다.태교에 관한 정보나 임산부의 식사나 생활등에 대해 정보를 주어서 이석이조라고 할 수 있다.,4
행복한 임신 아름다운 태교,기독교적인 관점에서 임신정보를 얻고자 구입을 했다. 임신정보와 함께 신앙정보 및 음식관련 기사들은 적잖은 도움을 얻을 수 있어 좋았으나 생각만큼 많은 정보를 수록한 것 같지는 않았다. 오히려 신앙관련 기사가 많은 반면 임산부와 관련한 정보의 수록은 늘 부족한 듯 했다. 결론적으로 임신백과사전으로써는 약간 부족하나 신앙적인 면과 함께 보기를 원한다면 꽤 괜찮은 책이다.,3
스펄전의 전도,스펄전은 설교의 대가로 불리우고 있다. 19세기 중반 영국의 목회자였던 그는 설교로 전 세계 교회에 지대한 영향을 끼치며 ‘설교의 황태자’라는 칭호를 얻었다. 동시에 19살이라는 믿기지 않은 나이로 뉴파크스트리트 교회에 부임해 38년 간 목회하면서 세기적인 부흥을 주도한 탁월한 목회자이기도 했다. 이 책은 극단적 칼빈주의와 아르미니우스주의를 반대한 복음주의적 칼빈주의자인 찰스 스펄전이 전도에 대해 그리스도인들이 필히 알아야 할 모든 분야를 다루고 있으며 영혼을 구원하기 원하는 사람들에게 실질적인 도움과 용기는 물론 ...+ 더보기,5
스펄전의 전도,"찰스 스펄전의 전도 입니다. 이 책은 주님의 뜻에 따라 사역을 하며, 전도를 신천으로 하는 것, '전도란 무엇인가?' 라는 질문의 본질적인 대답을 말하고 자 합니다.주님께서 워하시는대로 삶을 바꿔 나가며, 죄를 지은 이들은 주님의 곁으로 머물게 하는 방법과 길잡이 역할을 도와줍니다. 전도에 있어서 방향을 잃고 해메는 양들에게 제 갈길을 가도록 도와주는 책입니다.찰스 스펄전은 영국 침례교 목사입니다. 16세에 이사야 45장 22절을 본문으로 하는 설교를 듣고 회심하였다 합니다. 그리고는 1854년 뉴파크스트리트 침...+ 더보기",5
스펄전의 전도,"설교가이며, 영성가인 스펄전의 글은 심금을 울리는 강력함이 있다. 세계기독교고전으로 ""스펄전의 기도"" 읽게 되어 감사했다. 이 책은 전도의 개념부터 정리하면서 시작한다. 수많은 전도책들이 나와 있다. 전도에 대한 구체적인 대안과 방법들을 나열해 주기도 한다. 그러나 동기부여를 위한 대안들은 많지만 말씀에 따른 전도의 능력은 많지 않다. 이 책은 스펄전으로 하여금 전도에 대한 분명한 가이드라인을 제시해 준다. 전도자가 갖추어야 자격을 하나님의 입장과 인간의 입장에서 바...+ 더보기",5
스펄전의 전도,"""단순히 수가 많아지고, 교회의 규모가 커지는 것으로 전도가 이루어졌다고 생각해서는 안 됩니다""(11).그동안 단순히 교회의 규모가 커지는 것을 전도로 착각한 탓일까요? 교회사에 유례가 없는 급성장이라고 흥분했던 한국 교회인데, 어느새 대한민국이 선교강국이 아니라 선교대상국이 될 위기에 놓여 있다는 말들이 흘러나오고 있습니다. 교회의 가장 큰 위기는 전도의 위기가 아닐까 싶습니다. 그래서 영적 거장 스펄전에게 전도를 배워보았습니다! 에서 전도자는 곧 목회자이며, 복음선포는 곧 설교이고,...+ 더보기",5
스펄전의 전도,"침체된 한국교회는 필사적으로 전도를 많이 강조한다. 그런데 오직 자신이 속한 교회의 수적 성장에만 관심을 갖다 보니, 다른 교회의 신자를 자신의 교회에 나오게 하는 것까지 전도로 인정한다. 대부분의 목사님들이 들어내 놓고 그렇게 주장하지는 않지만 암묵적으로 그렇게 여긴다는 말이다. 이런 현실 속에서 전도에 관한 스펄전의 설교들은 큰 도전이 된다. 스펄전 목사는 전도의 개념을 분명하게 말한다. 전도는 영혼들을 ‘우리 교회에 속한 개종자’로 만드는 것이 아니라, 그들을 ’그리스도께 인도하는 것‘에 그 목표를 두어야 한다고 설교...+ 더보기",5
스펄전의 전도,"주님께서 남기신 최후의 유언으로 지상끝까지 주의 말씀을 전하라고 하실정도로 전도는 그리스도인들에게 있어서는 당연하면서도 더할나위없이 중요한것임에도 불구하고 전도하는데 열의를 띄우는 사람이라면 목사님이나 전도사,전도폭발훈련을 마친 특정인들을 떠올리게 되는것이 오늘날 교회의 전도하는 모습이다. 마침 찰스H.스펄전목사님은 ""스펄전의 전도""라는 저서를 통하여 사역은 하나님의 자녀들이 하는것이지만 이루어주시는 분은 하나님임을 상기시켜 주고 있었다. 전도라는 것으로 만인들을 향한 구속의 은혜가...+ 더보기",5
스펄전의 전도,"아직까지 스스로를 초신자라고 생각해서 그런 걸까요? 전도는 신앙생활을 오랜 한 분들만 하는 것이지 저처럼 아직 신앙이 뭔지 제대로 알지 못하는 사람들은 자신의 신앙을 추스르기에도 바빠 다른 이들에게 다가가 복음을 전하는 일이 쉽지는 않다고 생각했어요.그러다 교회에서 종교개혁 500주년을 맞아 담임 목사의 설교를 듣는데 그게 아니라는 것을 깨닫게 되었어요. 한 사람, 한 사람이 제사장의 역할을 감당해야 하는데 그런 제사장의 역할에는 자신을 위한 것도 있지만 세상을 위한, 이웃을 위한 제사장 역할이 분명히 있다는 것을 깨...+ 더보기",5
스펄전의 전도,"그리스도인이라면 누구나 전도의 중요성을 알고 있지만, 생각처럼 전도를 한다는 것은 쉬운 일이 아니라는 것을 느낄 것이다. 이 책을 통해서 전도에 관해 바르게 알고 싶었다. 전도의 사전적 의미를 보면 기독교의 교리를 세상에 널리 전하여 믿지 아니하는 사람에게 신앙을 가지도록 인도는 일이라고 명시되어있다. 이 책의 저자인 찰스 스펄전은 설교의 황태자로 불리는 분이다. 책의 구성은 전도의 개념부터 시작해서 하나님과 인간의 입장에서 본 전도자의 자격, 전도에 합당한 설교, 전도의 장애물, 전도의 비결, 전도자의 삶과 사역, 전도에 대한 지...+ 더보기",5
스펄전의 전도,"본서는 설교의 황태자라 불리었던 19세기 영국의 '찰스 스펄전' 목사가 신학생들, 목회자들, 다양한 부류의 신자들에게 자신이 가지고 있는 성경적 전도관에 대한 담론을 책으로 엮은 것이다. 쉽게 말해서 전도에 관한 설교라고 보면 된다. 저자가 근대 개신교의 워낙 큰 영적 거인이었기에 그의 이름은 교회를 다닌다고 하는 사람이라면 익히 한번쯤은 들어보았을 것이다. 그러나 본서는 우리가 흔히 알고 있는 전도에 관한 개념과는 사뭇 다르다. 많은 기독교인들이 배우고 알고 있는 그 전도의 개념이라는 것이 무조건 자신의 교회에 숫...+ 더보기",5
스펄전의 전도,이 책은 스펄전 목사님의 전도를 주제로 한 설교 모음집입니다. 그러나 단순하게 전도하라는 내용이거나 어떻게 전도해야 한다는 방법론보다는 전도자가 어떤 자세와 태도를 가져야 하느냐에 주로 초점을 맞추고 있습니다. 특별히 이 책은 평신도보다는 목회자를 대상으로 한 내용들이 더 많습니다. 목회자로서 전도자의 사명을 어떻게 할 것인가? 다른 말로 하자면 목회자가 갖추어야 할 덕목과 자세와 태도에 대해서 많은 내용을 하례하고 있습니다. 당연히 반대급부인 잘못된 목회자의 모습에 대해서도 많이 지적합니다 그래서 자칫 잘 못 읽으면...+ 더보기,5
스펄전의 전도,"설교가이며, 영성가인 스펄전의 글은 심금을 울리는 강력함이 있다 이 책은 전도의 개념부터 정리하면서 시작한다 수많은 전도 책들이 나와 있다 전도에 대한 구체적인 대안과 방법들을 나열해 주기도 한다 그러나 동기부여를 위한 대안들은 많지만 말씀에 따른 전도의 능력은 많지 않다 이 책은 스펄전으로 하여금 전도에 대한 분명한 가이드라인을 제시해 준다 전도자가 갖추어야 자격을 하나님의 입장과 인간의 입장에서 바라보게 했다 우리 사회는 전도에 호의적이지 않다 전도에 대한 상대적 반응은 인권침해까지 받았다...+ 더보기",4
스펄전의 전도,"◆제목 : 스펄전의 전도◆지은이 : 찰스 스펄전◆출판사 : CH북스◆리뷰/서평내용 :-> 스펄전 목사님은 설교의 대가로 불리우시고, 지금 이 시대에도 많은 설교가들이 그가 했던 말들을 인용하곤 합니다.저도 신앙생활 하며 스펄전 목사님께서 해 주셨던 귀한 말들을 들어왔지만, 정작 그 분이 했던 설교집이라던지, 가르치셨던 내용들에 대해서는 아는 것이 전무하였습니다.이번에 이 책을 통해 스펄전 목사님이 전도에 대해 가지셨던 생각과 마음, 그리고 그 당시의 상황들을 읽...+ 더보기",5
신약성경은 신뢰할 만한가?,"이 책 ‘신약성경은 신뢰할 만한가?’을 보는 순간 속으로부터 ‘당연하지!’라는 답변이 자동적으로 튀어나왔습니다. (어떤 목사님은 이 책 사진을 포스팅하시면서 [F. F. 브루스 형님의 답: - 암요. 그렇다마다요. 읽어보시라니까요.]라고 쓰시기도 했습니다. ㅎㅎㅎ) 그리고 책을 펼쳤는데, 브루스 형님은 마치 제 생각을 읽고 있었다는 듯이 글을 전개하고 있었습니다. ㄷㄷㄷ “기독교 신앙의 진리가 명백히 신약성경의 역사성과 밀접하게 연관되어 있다 할지라도, 그 기록의 역사성 문제는 기독교 진리를 다른 근거를 바탕으로 부...+ 더보기",4
일본 선교의 그루터기,"이 책은 한일 양국 부모를 둔 일본 교회 목사님이 들려주는 일본의 기독교 역사와 일본 교회 이야기, 그리고 일본에서 목사로 살아가는 한국인 선교사님의 이야기이다. 오랜 시간과 인내가 필요한 일본 선교이기에 현재 시점에서의 이야기 뿐만 아니라 일본 기독교의 뿌리와 오랜 시간의 이야기를 훑어보는 것도 중요한 부분인 것 같다. 일본은 우리에게 좋은 이미지로만 다가올 수 없는 나라이다. 그러나 기독교의 역사를 보면 우리는 일본에 빚진 나라이다. 조선의 마케도니아인이라고 불리는 이수정에게 복음을 전했던 쓰다 센, 영화 &...+ 더보기",5
일본 선교의 그루터기,".일본 선교의 그루터기(박철민 / 세움북스)저자는 우리가 일본 기독교에 빚진 자들이라고 말한다. 빚을 갚는 심정으로 일본에 가 있지만, 눈에 보이는 성과를 얻기는 힘든 것 같다. 일본 교회는 노령화되어 있고, 언제 없어져도 이상할 것 없는 상황이다. 공식적으로 일본의 복음화율은 0.4%라고 한다. 아주 오래전부터 그랬다. 그럼에도 불구하고, 저자는 ""단순하지만 친밀한 교제와 동행""으로 선교 현장을 지킨다. 끝도 밑도 보이지 않는, 허공을 달리는 일을 오늘도 내일도 한다. 가족을 챙기기에도 바쁘지만 저녁에는 허무한 마음이 드는 일상을...+ 더보기",5
일본 선교의 그루터기,"감사하게 나는 하나님의 은혜로일본 단기선교를 5번 정도 다녀왔다.여행을 합하면 10번은 넘게 밟은 일본 땅,언젠간 가족이 함께 일본선교를 꿈꾸며 책을 읽었다.니시후쿠오카그리스도교회를 섬기고 계신 박창민목사님께서 일본선교를 하시면서 겪으신 간증과상황들을 이야기해주시는 책이라 읽기가 편했다.우리는 일본이라고 하면 좋지않은 감정들을 가지고있는데,나 역시도 좋은감정은 아니었던 것 같다.하지만 이 책에서 일본 교회와 일본 그리스도인들을 통해우리나라의 복음이 전해졌고, 우리는 빚진자라는 것을 말씀해주셔서 더 일본선교에 대해 감동이온다.선교사님...+ 더보기",5
일본 선교의 그루터기,"나에게 일본이란 크게 반감이 있지도 그렇다고 너무 호감이지도 않은 그냥 이웃나라, 여행하기 좋은 나라 정도 였던 것 같다. 하지만 이 책을 읽으면서 저자 목사님의 삶과 일본과의 관계, 그럼에도 역사하시는 하나님의 손길들을 보며 특히 많이 언급하셨던 믿음의 부채라는 것을 다시 생각해보고우리가 품고 더 눈물로 기도해야 하는 곳이란걸... 여전히 해결되지 않은 역사적인 문제들과 어려움이 있지만, 분명 복음은 그 사건과 경계를 뛰어넘는 것임을 기억해본다. 일본은 일찍이 복음이 ...+ 더보기",5
일본 선교의 그루터기,"일본 선교의 그루터기일본이라는 나라와 선교 그리고 그루터기의 조합이 만들어내는 이야기가 무척 궁금했다. 일본에 대해 큰 관심이 없기도 했고, 선교에 대한 열정도 사라진지 오래이고,그루터기라는 단어가 주는 의미도 처음에는 생소했지만 이 책을 읽고 나서 나의 마음과 생각이 많이 바뀌게 되었다. 가까운 나라 일본이 조금은 친근하게 다가왔고 사라진 줄 알았던 선교에 대한 열정도 생겨나고 그루터기라는 단어가 주는 힘이 얼마나 큰지도 알게 되었다. 나의 첫 선교는 대학교 1학년 여름 방학학(2000년) . 전공이 중어중문과였던 나는 마침 다니...+ 더보기",5
일본 선교의 그루터기,"1. 아마도 나의 인생에서 가장 큰 비중을 차지하는 선교라는 키워드.. 역시 앞으로도 계속 그 안에 담겨있고 싶다는 생각을 하게 했던 책이었다.지금은 잠시 멈춰 있는 듯한 시간이지만, 그렇지 않다는 걸 알고 있고 다시 걸어갈 수 있다는 것도 알고 있기에..2. 책을 읽으면서 짐 엘리엇의 전능자의 그늘이 떠올랐다. 나도 그처럼 매일 타오르며 살고 싶다는 생각을 했었는데, 이 책의 일기를 읽는 듯한 솔직하고 세세한 글들 또한 내가 하루하루 얼마나 치열하게 하나님 앞에 서고 있는지 돌아보게 만들었다. 잔잔하지만 진솔한 문장들이 깊게 와닿...+ 더보기",5
가정교육,고전이지만 지금도 정말 유용한 정보들이 많네요,5
부부 플랫폼,"#부부_플랫폼 #서상복 은,구수함 속에 담긴 그리스도의 사랑을 ‘부부 관계’로 적용하면서, 부부 관계가 하나님의 나라로 세워가기를 소망하는 마음을 담았다. 성경적 부부 관계를 한국적인 담백함으로 담아내면서 부끄러울 수 있는 자신의 사례를 소개하면서 성숙함의 의미를 담아 ‘환승’ 하기를 바라고 있다. 은, 행복에 머물지 않고 행복을 넘어 거룩한 가정 공동체를 추구하며 플랫폼마다 ‘언약과 십자가’를 마주하게 하는 지혜로운 책이다. 인격 대 인격으로 만난 부부의 성격이 환승하고, 성(性)의...+ 더보기",5
부부 플랫폼,"""하나님 나라를 누리고 나누는 가정""이저희 부부의 결혼 예배 말씀 제목이었습니다.올해 10주년인데'가정에서 이루는 하나님 나라 가이드북' 을 읽게 되어 뜻깊고 감회가 새롭습니다. 아내와 남편이 행복하고 만족해서서로를 볼 때 '예수님이 보이는 것 같습니다.'라고 헛것이 보일 때까지, 계속적으로 사랑하고 의지를 들여 노력해야 합니다.이 책을 읽고 적용점을 찾는 것 또한 그러한 노력의 일환이겠지요 행복을 위해 사는 세대입니다.행복하기 위해 서로 섬김을 받고자 하면 다툼이 일어납니다.그러나 거룩을 추구하...+ 더보기",5
부부 플랫폼,"결혼 10주년을 돌아보며 읽는 은 더 특별하게 다가왔습니다. 신혼시절과 아이들이 어렸을 때 자주 부부 싸움을 했어요. 나름 결혼 예비학교도 수료하고, 신앙 안에 가정을 이뤘다고 생각했거든요. 그런데 막상 살아보니 부부관계가 어렵고 힘들더라고요.. 결혼하기 전에 이 책을 읽었으면 더 좋았겠지만, 지금이라도 이 책을 만난 게 감사라고 생각했습니다. 부부관계에 갈등이 있다면, 가정사역에 지침서가 필요하다면 꼭! 읽어보시길 바랍니다. 결혼의 목적 하나님 나라를 이루고 하나님께 영광을...+ 더보기",5
부부 플랫폼,"결혼은 원래 이렇게 힘든 것인가? 라는 질문으로 시작하여 결혼 생활이 힘든 부부들의 원인을 6가지로 설명한다. 이 부분을 읽으며 과거의 미성숙하고 무지했던 내가 떠올랐다.결혼 후 4년 동안 남편을 이해하고 수용하는 데 지난한 시간을 보냈었다.그 시간동안 내가 얼마나 죄성에 갇혀 미성숙했는지, 알면서도 올바른 대화법을 사용하지 않았는지, 남녀의 차이에 무지했는지, ...... 주마등처럼 스쳐지나갔다. 나만 힘든 줄 알았는데 ‘남편이 참 힘들었겠다.’ 새삼 느껴지며, 그 시간을 잘 버티고 견뎌, 지금의 모습이 되어 감사했다. 이 ...+ 더보기",5
부부 플랫폼,"가정사역의 대가라고 알려지신 서상복 소장님.서상복소장님은 개인적인 친분이 있는 것은 아니지만10년전 쯤 교회에 협력사역자이면서 교회에 많이 초청되어서 부부학교와 설교를 많이해주셨다.그때 나는 솔로였지만 하나님이 서상복소장님을 통해아내로 준비시키고 계셨던 손길을 느낄 수 있었다.내안에 많은 가시들을 발견하게 하셨고,내안에 많은 회복이 일어나도록 통로가 되어주셨기 때문이다.이 책을 읽는 내내 그때의 시간들이 되짚어지기도 하면서소장님의 특유의 웃음포인트와 함께확실하게 이야기해주시는 부분들에 대해 다시 한번 생각해보게 되었다. (음성지원되...+ 더보기",5
부부 플랫폼,"가정 안에서 하나님 나라를 세워가는 슬기로운 길잡이 ‍ 가정사역자로 유명하신 서상복 목사님의 책이나 특강을 한 번쯤은 접해 봤을 것이다. 이미 목사님의 좋은 책들이 많지만 이 시대에 가장 무너지고 있는 부부생활에 대한 가이드북이라는 소개에 더 기대가 되기도 했다.신앙생활하면서 부부나 가정에 대해 많이 들어왔던 이야기들이라 자칫 뻔하게 여길 수 있는 내용들을 신선한 용어(플랫폼, 레시피 등)들을 사용하여 호기심을 자극할 뿐 아니라 결코 뻔하지 않은, 단순한 결혼 생활 지침서를 넘어 부부가 함께 신앙 안에서 가정을 세워가는 데 ...+ 더보기",5
부부 플랫폼,결혼 15년차가 되는 우리 부부에게 필요한 이야기가 가득!아이들을 키우느라 정신없이 지내다보니 서로를 배려하고 신경 써주지 못한 우리의 모습을 발견하게 되었지만 익숙한 듯 그냥 지내왔던 시간들이 있었는데 다시 한 번 서로의 존재에 대해 귀하게 생각하며 어떻게 하면 가정에서 하나님 나라를 누릴 수 있는지 알게 된 책이다. 읽는 것에 그치지 않고 함께 나누며 실천하면 더 좋을 듯 하다. 예비 부부부터 갈등이 있는 부부까지 모든 부부가 읽으면 너무나 큰 도움이 될 것 같다. 특히 인상적이었던 것은 저자의 시였다. 시를 통해 보여주는 마음...+ 더보기,5
부부 플랫폼,"4월 우리 부부가 만난지 5년이 되는 달, 생각보다 많은 시간을 함께 했다. 부부가 되고 자녀를 낳아 기르는 여정을 함께 하면서 서로를 더욱 깊이 알게 되었지만 여전히 너무너무 다른 우리..ㅎㅎ5년이 되는 이 시기에 ‘부부플랫폼’ 책을 만나 나는 나의 남편에게 어떤 아내인가 되돌아보는 시간을 갖게 되어 유익했다.저자는 아내와 남편이 각각 자신의 플랫폼에서 해야 하는 네 가지 환승을 제시했고, 그에 대해 자세히 설명하는 레시피 또한 제공한다.아내의 입장인 나에게 아내 플랫폼의 내용도 물론 유익했지만 남편 플랫폼의 내용이 왠지...+ 더보기",5
무례한 기독교,"한국땅에서 '기독교', '기독교인'은 어떤 이미지를 갖고 있을까요? 세상의 빛과 소금과 같은 존재로서 가난하고 약한사람들을 돕고, 사랑으로 우리사회를 밝게 하는 존재...였다면 얼마나 좋겠습니까만, 그렇지 않은점이 부각되고 있는 것이 현실입니다. 특히 기독교인이 비난받고 있는 부분은 그 특유의 아집, 꽉막힌 사고방식입니다. 따라서 비기독교인의 입장에서 '기독교인'은 (조금 과장해서)'앞뒤좌우 다 막히고 고지식하며 자기 주장만 내세울줄 알고, 보수적이고 변화를 싫어하는 바보들, 그러면서도 남들을 불쌍하다고 여기는 역겨운 존재들'인 것...+ 더보기",3
확신,천국 가는 거 맞습니까?현대 종교인들.,5
"그의 나라, 그의 왕, 그의 백성",저자의 본문을 향한 깊이있는 해석이 놀랍다.,5
"그의 나라, 그의 왕, 그의 백성","이 책은 오롯이 말씀에만 집중한다. 처음부터 끝까지 말씀이 이끄는 대로 말씀의 길을 따라 그 내용을 깊이 있게 강해하면서 묵묵히 그 길을 따라가게 한다. 시중에 나와 있는 설교집은 모두가 그런 것은 아니지만 많은 예화와 본문과는 전혀 동떨어진 이야기를 하는 책들이 있다. 그런데 이 책은 그런 것들이 전혀 보이지 않아 좋다. 저자는 하나님과 교제하지 않으면 목회자라 할지라도 타락한다고 말한다. 목회자의 타락이나 교회의 타락, 기독교 타락 역시 하나님과의 교제의 부재(不在)라고 말하고 있다. 하나님과의 교...+ 더보기",5
구약성서 입문,장 루이 스카 신부님의 이 책 의 표지는 자못 도발적이다. “조금 알거나 거의 알지 못하는 사람”들을 위한 책이라고 표시되어 있다. 나는 조금 아는 사람인가? 아니면 거의 알지 못하는 사람인가. 양심상 전자라고 말할 수 있을 것 같지 않다. 조금 안다고 말하기보다 거의 알지 못한다고 고백해야할 것 같다. 장 루이 스카는 이 책에서 다루는 구약성서를 “이스라엘 국립도서관”이라고 명명한다. 그에 따르면 모세오경으로 알려진 토라는 현대 이스라엘을 모든 것을 주관하는 모체가 아닐까 싶다...+ 더보기,4
쓰는 기도,지칠 때마다 마음을 힐링시켜주기 위한 좋은 책이었습니다. 특히 마음에 있는 말씀을 소리 내어 읽고 손으로 적어가며기도하는 부분이 참신했습니다. 기도문 라이팅 북 추천합니다.,5
쓰는 기도,"그냥 읽기만 하는 것과 한번 써보는 것은 느낌도 다르고 기억도 훨씬 잘 되는 것 같아요. 좋은 기도문 열심히 쓰다보면 마음의 평온을 얻는데 조금이나마 도움이 될 듯 합니다. 본인의 마음수양을 위해서도 좋을 것 같고, 선물용으로 자신만의 책을 만들어서 줘도 종교인에게는 좋은 선물이 되겠네요.",3
쓰는 기도,흐음...추천을 드리겠습니다.,5
쓰는 기도,필사라고 하지요. 좋은 글을 손으로 옮겨적으면서 내 안에 담아두는 행위는 자신을 성장하게 하는데 큰 도움이 된다고 하더라구요. 올 한해 쓰는 기도 책을 열심히 활용하면서 제 안에 평온과 믿음으로 행복하게 살 수 있었습니다. 좋은 책을 만드는 일은 쉬운 일이 아닐 것 같아요. 좋은 책 감사합니,5
쓰는 기도,믿음이 흔들리거나 신앙이 약해질 때에 필사하면 좋을 책입니다. 필사하다보면 마음이 차분히 정리되기도 하고 신앙심을 다시 돈독하게 다질 수 있어서 좋아요. 손으로 써서 기도를 올린다는 생각도 들어서 마음도 편안해집니다. 참 좋은 책입니다.,5
쓰는 기도,손으로 기도문을 하나하나 쓰다보면 마음 깊숙한 곳에 새겨질 것 같습니다. 마음이 혼란스럽거나 정리하고 싶을 때에 쓰는 기도를 쓰면서 기도해보면 정신적으로 무척 도움이 될 것 같습니다.,5
쓰는 기도,성경인물과 신앙위인의 기도문을 하나하나 손으로 적으며 필사하면서 기도를 하면 마음속에 큰 위로가 되며 하나님의 사랑을 크게 느낄수 있어 좋아요,5
쓰는 기도,"주옥같은 기도의 마음을 필사하며 마음을 다스리고, 더 힘차게 살아갈 커다란 사랑과 용기를 선물 받으리라 믿어요.",5
쓰는 기도,"힘들고 어려울 때, 자신이 삶에 지쳤을때 읽으면 위로가 됩니다. 다시금 힘차게 한발을 내딛을수 있게 힘을 주는 것 같아요. 기도문을 한 자씩 필사하다보면 마음이 차분해집니다.",5
홀리베베 사운드북 : 소망,아기있는집에 선물했어요. 노래가사도 귀엽고 음질도 좋아서 선물했는데 엄마입장에서 후기 들어보니 all 버튼이 있어서 전곡듣기 가능해서 편하고 아침~밤 까지 하루 아기 일과가 들어있어서 아기한테 흥미롭다네요. 돌 앞둔 아가가 노래 듣다 잘 잠들었대요,5
바울을 읽다,한 인물의 사상을 해석하기 위해서는 먼저 그 시대를 올바르게 이해해야 한다는 역사적 연구의 기본에 충실한 책이다. 저자는 바울이 당시 사회에 어떤 변화를 일으킨 것인지 바울 서신을 중심으로 풀어낸다. 이 과정에서 그는 환대의 개념을 사회철학이 아닌 신학적 맥락으로 새롭게 해석한다.,5
바울을 읽다,"대가의 흔적이 곳곳에 베어있는, 평이하면서도 깊은 책.",5
바울을 읽다,바울의 핵심 개념을 붙들어 사상 전체의 윤곽을 그려냈다. 고수의 솜씨! 무엇보다도 참 쉽고 명쾌했다. 교회가 바라야 할 이상이 무엇일지를 돌아보게 하는 책.,5
성경 파노라마 + 성경 익스프레스 세트 - 전2권,이두책은 성경을 전혀 모르는 분에게 진정한 성경이 어떻게 이루어져있는지알려주는 가이드책입니다. 오직 예수님만을 중심으로 만들어져있는 성경과 성경의 각각의 구성 성경속의 의미 성경속의 숨겨진 예수님에 대한뜻 이 이안에 숨겨져 있습니다 꼭 읽어보시고 성경 1독할때 각 부분 시작전에 부분별로 읽으면 이해가 빨라지는 좋은 책입니다,5
주님은 나의 최고봉 한영합본 (양장),"지금까지 여러 종류의 번역본으로 '주님은 나의 최고봉'을 읽어 보았습니다. 어떤 책은 번역이 조금 어렵게 되어서 이해하는 데 어려움이 많았지만, 그 점이 오히려 내용을 기억하는 데에 크게 도움이 되었었고, 어떤 책은 번역이 아주 쉽게 되어서 이해하기에는 어려움이 없었지만, 오히려 내용을 가볍게 만들어 그 깊이를 느끼기에 어렵게 만들어 놓은 것 같은 느낌을 받았더랬습니다. 이번에 오스왈츠 챔버스 목사님의 저서를 꾸준히 한국에 소개해 오고 계신 스데반 황 목사님의 새로운 번역으로 출간된 주님은 나의 최고봉을 읽으면서 이해하기 어렵...+ 더보기",5
주님은 나의 최고봉 한영합본 (양장),주님은 나의최고봉 한영합본은 영어과 한글로 동시에 써있는책입니다. 전에나온최고봉 책과 비교해보니 글씨가 더 큼지막해져있고 크기가 더 커졌지만 내용의깊이라던지 묵상할때 적용가능하도록 쉽게 나온거같습니다. 영적인삶과 하나님을 바라보는것과 태도 에있어서 어떻게 해야할지 궁금했던삶의진리를 풀어놓은책입니다. 책내용은 하나님과 더 가까이할수있도록 영적인면을 토대로 써놓은거같습니다. 한장 한장 넘기면서 그날 묵상해야할 주제와...+ 더보기,3
주님은 나의 최고봉 한영합본 (양장),"My Utmost for His Highest! 나는 영의 사람입니다. 눈에 보이는 것이 전부인 줄 아는 세상 속에서, 눈에 보이지 않는 하나님을 믿고 섬기며 살아가는 영의 사람입니다. 나는 하나님 나라의 백성입니다. 세상 가치관이 아니라, 하나님 나라의 법에 지배 받는 하나님 나라의 백성입니다. 그런데 세상에 살지만 세상에 속하지 않는 자로서 살아가는 일이 갈수록 어려워지고 있습니다. 생명을 위협하는 핍박이나 세상의 왕따 때문이 아닙니다. 신앙 안에 자꾸만 불순물이 침투해 들어오기 때문입니다....+ 더보기",5
주님은 나의 최고봉 한영합본 (양장),오늘 나는 어떻게 살았을까? 주님이 보시기에 잘했다 칭찬하실까? 주님이 아닌 다른 이에게 보이기 위해서 살지는 않았을까? 그 질문에 답을 구할 수 있는 책. 『주님은 나의 최고봉』 한영합본으로 내 앞에 놓여져 있다. 토기장이 고전시리즈중 하나이고 너무나 유명해서 어떤 미사어구가 필요없는 책이 『주님은 나의 최고봉』이다. 365일 묵상집『MY UTMOST FOR HIS HIGHEST(주님은 나의 최고봉)』. 한영합본으로 원서와 번역본을 함께 묵상할수 있도록...+ 더보기,5
주님은 나의 최고봉 한영합본 (양장),붉은색 장미꽃은 그자체의 향기와 함께 누구눈에 띄던지 아름답다고 탄사가 터져나올만한 꽃이다 반면에 장미꽃나름대로 들짐승으로부터 자기자신을 보호할수있는 기능으로 이쁜 꽃송이와는 색다른 모습인 건조하고 날카로운 모습의 뾰족한 가시를 지니고 있다 하지만 장미나무가 제대로 살아남기 위해서는 보다 구체적인 무엇인가가 필요하다 비가오나 추위가올때 비바람과 추위를 막아주는 따뜻한 온실속의 화훼농부의 손길이 그것이다 오늘날 이세상의 인간들이 자기잘난맛에 취해서 살아가고는 있지만 아무리 영리하고 똑똑한척해도 우리인간들뒤에는 하나님의 ...+ 더보기,5
주님은 나의 최고봉 한영합본 (양장),"오스왈드챔버스에 대해서는 교회에서 목사님께서 간혹 인용하시곤 하셨다. 강의를 들을때면 그의 책을 언제가는 꼭 읽어봐야지 하면서 지나치곤했다. 최근에 주님의 나의 최고봉이 토기장이에서 새롭게 번역되어 출간된 소식이 전해졌고, 주변의 몇몇 분들이 구입하는것을 보았다. 주님은 나의 최고봉은 사실 오래전에도 출간된적이 있어 얼핏 본기억이 난다. 매일성경묵상을 위해 다른 교재를 활용하고 있기때문에 다시 한번 이 책을 구해보겠다는 생각은 그다지 없었지만, 한영합본이 나오면서 생각이 달라졌다. 얼마전부터 TOEIC 영어를 공부하고 있다...+ 더보기",5
주님은 나의 최고봉 한영합본 (양장),"인상깊은 구절 하나님께서는 우리를 구원하시기 위해 예수 그리스도 안에서 자신의 모든 것을 거셨습니다. 이제 주님은 우리가 그분만을 믿은 믿음 아네서 우리의 인생을 주께 걸기를 원하십니다. 오스왈드 챔버스 목사님의 [주님은 나의 최고봉] 번역본이 처음 나왔을 때, 솔직히 별 관심이 없었다. 챔버스 목사님의 책은 그 전에 [산상수훈] 한 권만 읽었고, 탁월하다는 생각은 했지만 큰 관심을 갖지 않았었다. 또한 개인적으로 묵상집을 그다지 선호하지는 않았기 때문이다. 그 후로 챔버스 목사님의 책들을 읽지 않다가 얼마 전 ...+ 더보기",5
주님은 나의 최고봉 한영합본 (양장),"신앙서적을 읽으면서 그 책에서 언급하는 책이나 신앙인물들에게 주목하게 되고, 그 책을 읽는 것이 습관화되었다. 그리고 나름의 독서방법 중 하나가 신간 3권 읽으면 고전 1권은 읽어야 한다는 것이다. 이 점을 고려해 두고 기독고전을 살펴 보면서 눈이 가장 들어왔던 책이 ‘오스왈드 챔버스의 주님은 나의 최고봉’이었다. 오스왈드 챔버스의 주님은 나의 최고봉(한영합본)이 내 손에 있기 전에 타 출판사에 이미 출판했던 주님을 위한 나의 최선이라는 제목의 책과 그 책으로 만족할 수 없었고, 좀 더 저자의 의도와 깊이를 알고 싶어 원서를...+ 더보기",5
토미 넬슨 어린이 성경,"성서원에서 다음세대를 위한 성경책을 발간했다. 특히, 세계적인 명성을 얻고 있는 넬슨사와 독점 계약으로 아이들에게 가장 간결하면서 쉬운 성경을 출판하게 되어 기쁘다. 어른이나 아이들에게 성경을 읽힌다는 것은 쉬운 일이 아니다. 성경을 통해 우리에게 하나님은 새로운 세계관을 보게 하신다. 성경은 하나님의 창조의 역사가 지금도 이루어지고 있음을 보여준다. 아이들에게 생명과 같은 말씀을 먹인다는 것은 귀한 일이다. 아이들의 삶과 미래를 세계관속에서 펼쳐가야하는 ...+ 더보기",5
토미 넬슨 어린이 성경,"토미 넬슨 어린이 성경 토미 넬슨 어린이 성경을 상품으로 받아 읽고 살펴보았는데 매우 간결하면서도 아주 쉬운 성경 이야기와, 생동감 넘치는 그림, 그리고 매 페이지마다 본문과 관련된 짤막한 영어 문장과 단어가 소개되어 있어 영어학습도 가능하도록 했을 뿐 만 아니라 초등학교 아이들이 보기에 너무 좋게 나온 어린이 그림성경이다. 토미 넬스 어린이 성경은 120가지의 구약과 신약성경에서 가장 핵심적이면서도 반드시 알아야 하는 기본적인 내용을 차례로 나열하여 일반 성경구절을 찾는 것도 상당히 쉽게 되어 있으며,...+ 더보기",5
토미 넬슨 어린이 성경,시중에 나와 있는 어린이 성경이 종류가 많고 단권으로도 많이 나와 있어서 막상 고르라고 한다면 어떤 것을 골라야 할지 한참을 골라야 할 것 같다는 생각이 든다. 예전에 아장아장 어린이 성경을 갖고 있었는데 성경의 내용이 많이 나와 있었고 내용과 그림도 참 좋았던 것으로 기억이 된다. 이번에 보게 된 도 그와 비슷한 성경이었다. 내용도 그림도 좋았고 무엇보다 그림이 복잡하지 않고 단순하며서도 색이나 표현 자체가 거친것이 없어서 어린이가 받아 들이기에 부담감이 없어 보...+ 더보기,5
숫타니파타,"범계역에 있는 자유문고에 숫타니 파타는 이 책밖에 없어서 구매했는데. 나름 대조할 다른 책이 없어 이 책만 보고 평가하자면, 쉽고 빠르게 이해할 수 있는 번역의 보편성이 뛰어납니다. 정말 좋습니다. 다만 사람들에게 잘 알려지지 않아 다른 출판사 책을 사시는데 개인적으로 이 책도 좋습니다",4
숫타니파타,"가장 오래된 경전 숫타니파타이다. 그런만큼(?) 읽기 쉽다. 부담없는 운문체의 글들이다. 일상사에서의 마음가짐부터 수행자의 자세에 이르기까지, 술술 기록하고 있다. 그런만큼 좀 가벼워 보일지도 모르나(동일한 패턴의 글이 무수히 반복된다), 그만큼 다가가기 쉽다는 장점. 어느 때이고 머리맡에 두고 아름다운 경구들을 읽을 수 있다. 번역자의 성실한 노력이 엿보인다. 그리고 무엇보다 첫 번째 경전이다. 그 이상 무슨 말이 필요하랴. 다만 아쉬운 점은 직역이 아니라, 중역이라는 점이다. 옥스포드판과 일본판을 대조...+ 더보기",4
구름기둥,『구름 기둥』을 읽고솔직하게 내 자신은 아직 종교를 갖고 있지가 않다. 그렇다고 절대 부정적인 입장은 아니다. 주변에 많은 사람들이 독실한 믿음 아래에서 주어진 생활에 열심히 임하고 있는 모습을 얼마든지 볼 수가 있기 때문이다. 내 자신도 기회가 주어지면 어디서든지 찾아가서 참여할 수 있을 정도로 개방적이다. 그래서 모든 경우에 항상 동참하려는 모습을 견지하고 있다. 어차피 우리 인간은 더 좋은 세상을 향해서 더욱 더 열심히 살아가야 할 운명이라 생각한다. 이렇게 가는데 진정한 믿음을 바탕으로 활동할 수 있다면 확실하게 더 큰 힘...+ 더보기,5
구름기둥,"나는 때로 주님께 여쭈어 본다.""주님,고난이 언제 끝날 줄 모르기 때문에 이렇게 힘들잖아요.고난이 끝나는 날을 제게 살짝 귀띔이라도 해주시면 안 될까요? 그렇게 해 주신다면 제가 훨씬 견디기 쉬울 텐데요.""사랑하는 딸아,내가 이미 말해 주지 않았느냐? 성경에는 너희 믿음의 선진들이 통과했던 모든 과정이 기록되어 있지 않느냐? ​나는 그들이 갔던 그 길을 너희도 본받으며 가길 원한단다.​​한동대 총장 김영길 장로를 도와 눈물의 기도로 하나님께 간구한 김영애 권사의 구름기둥은 오늘을 살아가는 크리스천들에게 믿음의 본보기로 남아...+ 더보기",5
구름기둥,"세월이 이렇게 빠르던가. 김영애 권사의 전작 '갈대상자'가 나왔던 때가 10년 전이니 말이다. 당시 갓 결혼한 새댁이었던 나는 이제 초등학생의 엄마가 되었고 당시 한동대 이야기를 감동적으로 전하던 김영애 권사는, 지난 2월 이십년 가까운 한동대 사역을 마무리한 김영길 총장과 함께 이제 평범한 일상으로 돌아와 있다. 광야와 같이 척박한 환경 속에서 승리의 찬가를 전하던 그들의 이야기, 그리고 한동대의 이야기를 '구름기둥' 속에 담고서 말이다. 2004년 김영애 권사의 '갈대상자'를 ...+ 더보기",4
구름기둥,"'갈대상자'라는 책을 오래전에 잠깐 읽은 적이 있는데, 그때는 이상하리만큼 전혀 관심이 없이 책을 훓었던 기억이 납니다. 하지만 이번에는 달랐습니다. 19년의 한동대학의 총장직을 수행하면서 생긴 갖가지 사건,사고(?)는 조그만 일에도 일히일비하는 저에게는 감당할 수도 상상할수도 없는 일들로 다가와서 너무나도 충격적으로 다가왔습니다. 너무나도 힘든 길을 감당해나가는 한동대 총장님부부가 정말 안쓰럽게 느껴지기도 했습니다. 그런데 그길을 끝까지 믿음과 ...+ 더보기",3
구름기둥,김영애 사모는 갈대상자를 통해 수많은 독자를 확보하고 있는 분이다. 그녀는 갈대상자를 통해 한동대를 세우시는 하나님의 마음을 보여주었다. 그녀는 갈대상자를 통해 자신이 만난 하나님을 눈물로 간증했다. 갈대상자를 눈물로 읽었다. 한번에 읽지 못했다. 책장을 넘길 때마다 울고 또 울었다. 갈대상자의 감동은 지금도 내 안에 가득하다. 눈물로 하나님을 만났던 이야기였다. 이후 10년이 지났다. 세월의 흐름속에도 한결같은 하나님의 관심과 사랑은 한동대에 가득했다. 오늘날 한동대는 세계적인 대학이 되었다. 세계적인 ...+ 더보기,5
구름기둥,이세상을 살아가노라면 미쳐 예측하지 못한일들로 인하여 좌절에 빠지므로 삶의 방향감각을 잃어버리게 되는수가 있다. 이처럼 자신의 앞날에는 늘 이끌어주고 지침이 되어 함께하므로 자신이 헤쳐나가야할바를 모색하게 되는데 그것을 어디에서 찾는지에 따라 진정한 그리스도인과 비그리스도인의 모습이 구분지어진다. 삶의 시간을 보내는곳을 이책에서는 광야에 비유하고 있는데 예수님이 공생애를 시작하실때 마귀들의 시험을 물리치시던 광야는 이스라엘사람들이 마귀들이 활동하는장소로 인식되어 있는곳이었다. 이처럼 광야와 같은 세상속에서 사탄의 시험이...+ 더보기,5
구름기둥,"""Why Not Change the World!"" ""배워서 남주자"" 언제부턴가 많은 분들이 이 구호를 외치고 다녔습니다. 가만히 생각해 보니, 이 구호가 바로 한동대학의 구호였습니다. 이름없는 한동대학교를 일류대학으로 만든 김영길 총장님, 총장님의 삶은 전편인 '갈대상자'라는 책을 통해 조금 알고 있었지만 후속편 '구름기둥'이 출간되었다는 소식을 듣고 꼭 읽어보고 싶다는 욕심이 들었습니다.저자인 김영애 사모님 특유의 대화체의 글들은 마치 내가 현장에 있는 듯한 생동감을 느끼게 해 줍니다. 또한 이번 후속편을 통해 한동대가 지금의 ...+ 더보기",4
구름기둥,고난의 현실에 부딪혀 간절히 기도해야만 했던 절박함 그 속에 하나님은 언제나 동일하게 역사하셨다.고난속에서 좌절하지 않고 믿음을 지킨 믿음의 용사고난 가운데 축복과 은혜의 많은 열매를 체험하는 나의 길이 아닌 한동의 길을 보여 준다.,4
보이지 않는 공급자,"‘ 풍요의 DNA ’‘ 보이지 않는 무한 공급자 ’‘ 진정한 성공을 이루는 가장 빠른 길은, 아무것도 하지 않은 상태에서 멍때리면서 고요하게 자주 긴 시간을 가지는 것입니다 ’ 책 곳곳에 보석같은 글귀가 적혀있는 책입니다. 태양빛을 받는 것과 같이 조건없이 누릴 수 있는 공급의 원천이 있음을 알고 공급의 원천의 주파수에 맞춰서 어린아이와 같이 순수한 마음으로 살 수 있는 방법을 알려줍니다. 하나님을 찾겠다고 노력하는 외부로 향하는 마음을 안으로 거두어, 내 안에서 ...+ 더보기",5
"상처 입은 예언자, 헨리 나우웬","예언자란 누구일까? 아브라함 헤셸이 그의 대표작인 (삼인, 2004)에서 밝힌 바에 따르면 ""예언자는 자기 말로써 하나님을 보이게 하는 사람""이다. 그렇다면 나우웬은 예언자임에 틀림없다. 그가 숨지기 전 10년 동안 봉사했던 데이브레이크 사람들은 나우웬을 향해서 '하나님을 보여 준 예언자'라고 스스럼없이 말했다(346). 그들이 10년 동안 나우웬을 직접 보고 내린 결론이니 다른 의견이 있을 리 만무하다. 그는 숨지기 3주 전에 다음과 같은 의미심장한 말을 남겼다. ""우리는 예언자들이 죽은 이후에야 그들을 칭송...+ 더보기",5
로마서,성경책에 로마서가 있는데 어떻게 해석되어 있을지 궁금하네요.,5
새번역 성경 - 무색인 (RN62ET),정직한 가격 정의로운 가격,5
위대한 만남,위대한 만남을 위한 당신의 첫걸음!,5
성모님과 함께라면 실패는 없다,성모님에 대해 어려울 수 있는 부분들을 매우 이해하기 쉽게 쓰여진 것이 이 책의 큰 매력이라고 생각됩니다. 성모님에 대해 궁금한 분들에게 강추합니다. 사전 지식 없으신 분들도 읽는데 아무 무리가 없습니다.,5
성모님과 함께라면 실패는 없다,"5월입니다. 봄도 오고. 한반도에도 평화의 기운이 가득합니다. 자고 나니 5월. 올한해가 무지하게 바쁘게 정신없이 돌아갑니다. 세례받고 어느새 9년차. 사춘기아들을 키우고 삶을 알아가며성모님을 바라봅니다.함께 합니다.흔들리지 않고 곰곰히 생각하는 삶.성모님과 함께라면 실패는 없습니다,",5
성모님과 함께라면 실패는 없다,"[성모님과 함께라면 실패란 없다]성모님, 가장 훌륭한 신앙 롤모델 토요일에도 4교시까지는 수업하던 시절, 토요일마다 교문 앞에 전도사들이 와서 어린이들에게 사탕이나 과자를 주며 ‘교회에 가자’고 전교하였다. 모태 가톨릭 신자인 필자가 곤란했던 점은 종교를 밝히며 제안을 거절할 때마다, 애고 어른이고 할 것 없이 개신교 신자들이 눈을 세모나게 뜨며 “그거 마리아교야, 가면 안돼, 이단이야!” 몰아세우는 것...+ 더보기",4
성모님과 함께라면 실패는 없다,"책의 표지는 눈에 잘 띄는 하늘색입니다. 제목도 눈에 잘 들어옵니다. 양승국 신부님께서 쓰신 이 책을 읽으며 술술 잘 읽혔습니다. 상반부에는 가톨릭 교회의 마리아와, 하반부에는 성모 신심과 식별 등에 대해 얘기해주고 있습니다. 이 책에서 자주 나온 단어는 ‘겸손’입니다. 성모님은 무슨 일이 있어도 항상 겸손하셨습니다. 오늘날 많은 사람들은 교만하고 자만해합니다. 이럴수록 성모님의 겸손을 더욱더 생각해봐야겠습니다. 성모님은 겸손을 가장하거나 하느님이 주신 선물도 거절하지 않으셨습니다. 또한 하느님의 은총에 두려워 도망...+ 더보기",5
성모님과 함께라면 실패는 없다,"뭐이리 시간이 빠를까.매일매일 읽어야할 것들, 생각해야할 것들. 결정해야할 것들 투성이다.막중한 책임도 맡았고 대학원도 갔고. 아들은 사춘기로 접어들었다. 미사를 드릴때마다... 성체를 영할 때마다 기도해야할 것이 한무더기. 성체성가가 다 끝나가도록 나는 기도하고 기도한다. ""성모님과 함께라면 실패는 없다""는 마리아교를 이야기하는 책이 아니다.되려 마리아교는 가톨릭이 아니라는 사실을 다독다독 다독이며 알려준다. 조선의 선교를 위해 파리외방전교회 신부님이 파견받고 순명하실 때신부님들은 정원구석에 계...+ 더보기",5
성모님과 함께라면 실패는 없다,"표지 색상이 아름다운(개인적으로 좋아하는) 멋진 제목의 책이네요. 얼른 펼쳐 읽었는데 이 부분이 와 닿았어요. ""우리의 선악과 구원을 위해서라면 체면이고 뭐고 다 던져 버리시는 분입니다."" 꼭 두 주먹 불끈 쥔 정의에 불타는 모습이 상상이 되는데 도움이신 성모님에 대한 설명이었어요.^^ 성모님이라면 늘 온화하고 부드러운 이미지로만 생각되었는데 이렇게 강인한 인상의 설명은 처음이었어요. 마치 한국 아줌마를 떠오르게 하는... &...+ 더보기",5
성모님과 함께라면 실패는 없다,성모님을 간단히 소개한 책이지만 성모님 관련 교리에서 핵심 내용들을 너무나도 잘 요약했으며어렵거나 오해할 수 있는 부분들을 아주 쉽고 간결하게 설명해주어 얇지만 매우 공들여 만든 책이라는 느낌을 받았다.성모님이 지니신 여러 측면의 덕행들과 면모들을 비유와 사례를 들어 이해에 도움을 주었고유명 박물관에 있는 성모님에 관한 명화나 사진들이 아주 많아서 시각적 즐거움도 주었다.각 장이 끝날 때마다 성모님과 관련된 교회 지식이 요약된 '성모님 Tip'은 매우 유용하게 쓰일 것 같다. 또한 성모님에 대해 ...+ 더보기,5
사후생,"는 작가의 말에 동의한다. 임사체험을 했다는 많은 사람들의 말이나, 깨달은 사람들이 하는 말의 많은 공통된 부분은 어쩌면 보이지는 않지만 실재하는 무엇인가에 대한 똑같은 경험의 소리가 아닌가 싶다. 과학이라거나 물질문명이라는 이름으로 불과 일이백년 사이에 묻혀버린 의 소리가 아닌가, 생각할 때가 있다. 큰 성찰이 담긴 책이다.",4
그곳에선 나 혼자만 이상한 사람이었다,"호주 원주민들을 보면서 우리는 '그들은 자연친화적 삶을 사는 이들이다' 라고 말한다. 그러면서 원주민들을 자연적인 미신을 믿고 살아가는 특이한 사람들이라 생각한다. 하지만 그들은 묵묵히 자신의 삶에 충실할 뿐이다. 자연을 느끼면서. 호흡하면서. 함께 생활하면서. 그냥 삶의 일부로 받아들일 뿐이다. 우린 그들에게 자연친화적 삶이란 단어를 붙여줄 필요가 없는 것이다. 오히려 그런 수식어를 붙일수록 그들은 우리에게서 멀어저만 간다. 파리가 귀,입,눈,코로 들어가도 그것들은 원주민들에게 있어 몸 청소부일 뿐이지 더 이상 귀찮은 존재가 아니...+ 더보기",4
그곳에선 나 혼자만 이상한 사람이었다,"여행은 준비되고 예측되지 않을 때 진정한 의미를 가진다. 이미 계획된 여행은 계획되고 준비된 대로의 의미만을 가지기 때문이다. 반면 느닷없이 닥쳐 온 여행은 그 여행의 의미에 대해 선험적인 결론을 내리지 않으며 우리의 마음먹기에 따라 천차만별의 의미를 가진다. 그 여행의 경험을 얼마나 값진 것으로 만드느냐는 그 여행에서 우리가 얼마나 가슴을 열고 세상의 이치를 받아들이려 하느냐에 달려 있다.우리의 인생 역시 하나의 여행이다. 그것은 예측할 수 없으며, 계획할 수 없는 것이다. 우리의 삶은 어느 순간 뜻하지 않는 일들로 인하여 완전히...+ 더보기",4
그곳에선 나 혼자만 이상한 사람이었다,어린시절 우리막내고모가 읽던책이었다 고모가 좋다고 그랬었는데 글쎄 별로 안 땡겨서 읽어보진 않았었다.... 그로부터 오랜시간이 지난후 중고서점;; 에서 우연히 이 책을 다시발견해서 냉큼 집어왔다 그때가 2001년이었고 같이 집어든 책은 소피의 세계1 이었다 (여담이지만 그때 모리와 함께한 화요일 도 같이 사려고했으나 다시 내려놨는데 지금은 엄청난 베스트셀러가 돼버러서 선뜻 손이 안간다 ㅋㅋ) 그해 가을 한학기 휴학을 하게됐고 엄마가 병원에 입원하게 되셔서 그 책을 들고 가서 엄마침대에서;; 봤다근데 너무 잘 읽혔다 술술 잘 읽어나갔...+ 더보기,5
그곳에선 나 혼자만 이상한 사람이었다,1995년 나는 길을 찾고 있었다。 나는 어디서 와서 어디에 있으며、 어디로 갈 것인가? 에 대한 존재론적 물음에 빠져 허위적거리고 있었다。 뭐 그렇다고 거창하게 구도의 길을 걸어간 것은 아니었으며、 구도의 길을 걷기에는 세파에 너무나 찌들어 있는 영혼이었던지라 나와는 동떨어진 별나라의 이야기였고、 구도는 코흘리게 어린애들 동화책 한 언저리에 나오는 신선들에게나 해당되는 이야기 속의 허무맹랑한 거짓말 정도로 여기고 있었다。 직장이라고 다니고는 있었지만、 그날이 그날인 무료한 일상의 늪에 빠져 이러지도 저러지도 못하고 있었다。오뉴월 ...+ 더보기,4
그곳에선 나 혼자만 이상한 사람이었다,"뭐랄까.....신세계같은 기분이 들게 하는 책이다. 이 지구에서 사는 사람같지 않은 명상적인 종족;이랄까. 과연 이런 사람들이 정말로 있는 걸까라는 의심이 아직도 남아 있다. 정말로, 그렇게 자연과 공존하는 이상적인 인간이 있을까?한편으론 슬프기도......우리는 그렇게 도저히 살지 못한다. 자연의 주어진 것을 그런식으로 자연스럽게 이용하면서 살지 못한다. 나만해도 그곳에서 그런식으로 살 수 있을 것 같지 않다. 우리는 어쨌든 현대문명에 찌들어 사는 사람이 아닌가.사실은 정말 부럽다. 가장 인상깊었던 것은 그곳의 문화와 현대문화를 ...+ 더보기",3
그곳에선 나 혼자만 이상한 사람이었다,"모든 것을 버리고, 문명세계의 갑갑함을 벗어나 자연으로 가서 생활하고 싶다는 생각, 누구나 한 번 쯤은 해봤음직한 생각이다. 하지만 그것을 실제로 실천하기란 여간 쉬운 게 아니다. 나의 사회적 지위, 귀속 지위 등등에 의해 '책임'이라는 것을 갖고 있는 한 말이다. 처음엔 이 책을 의심했었다. 대충 봤는데 너무나도 당황스런 체험, 그래서 문명인인 나로서는 도저히 이해가 안 되는 이야기들로 넘쳐나던 것이었다. 하지만 실화를 바탕으로 쓰여진 이야기라는 말에 그래도 믿어보자 하는 마음으로 책을 읽었다. 여행기간동안 그녀는 벌레와 뱀, 캥...+ 더보기",5
목회자의 책읽기 혁명,경건생활을 위한 목회자의 책읽기 제안.. 지성과 영성의 균형을 위한 적절한 안배,3
목회자의 책읽기 혁명,책 읽기 혁명? 너무 혁명적이지 않는가? 조그만 더 차분하게 제목을 정했으면 좋으련만.... 처음 부흥과 개혁사를 만든다고 할 때 기대반 걱정반이었다. 양질의 도서를 찾고 보급하기 위해 거창?하게 시작된 부흥과 개혁사이다. 백금산 목사님의 꿈이요 열정인 부흥과 개혁사는 이렇게 시작되었다. 서론은 집어 치우고 백사님께서 알려주시는 독서 노하우를 알아보자. 머리말에서 백목사님은 -영적 성숙을 위한 신 독서법이라고 소개한다. 그의 새로운 독서법은 무...+ 더보기,3
목회자의 책읽기 혁명,"목회자의 책읽기 혁명 백금산 / 부흥과개혁사 가격 : 3,000원→2,700원 목회자는 성도들을 돌보는 사람이다. 성도들이 이 세상에서 하나님이 원하시는 대로 살아가도록 하기 위하여 그분의 말씀을 설교라는 도구를 통하여 전한다. 그 말씀을 바르게 전하기 위해 성경을 많이 읽고, 연구한다. 부가적 도움을 얻기 위하여 책도 많이 읽는다. 그것을 통하여 학문과 세상에 대한 식견을 넓히는 것이다. 자, 목회자에게 요구되는 사항이 몇...+ 더보기",5
목회자의 책읽기 혁명,"짧은 책이기도 하고, 이전에 같은 저자가 쓴 [책 읽는 방법을 바꾸면 인생이 바뀐다]도 보았었기 때문에 가벼운 마음으로 책을 손에 들었다. 1부는 [책 읽는 방법을...]에서 본 내용의 요약판 정도라고 할 수 있고, 2부와 3부는 좀 더 구체적/실제적으로 ‘로이드 존스’와 [기독교 강요]에 대해 다루고 있다. 로이드 존스에 대한 소개를 보면서, 이런 방식의 ‘가이드’가 있으면 한 사람과 그의 저작을 이해하는 데 많은 도움이 되겠다는 생각을 했다. 전에는 그냥 책을 읽는 수준이었다면, 이제는 좀 더 체계적으로 보...+ 더보기",3
참으로 소중하기에... 조금씩 놓아주기,"언제 죽을지 모르지만, 나는 죽기전까지만 잘 살고 싶다. 그래서 나는 지금까지 '잘' 살기위해 이것도 해보고 저것도 해보고, 여러가지를 배우기 위해 노력하고 또한 많은것을 깨닫기 위해서 노력했다. 하지만 잘 사는 것에 대한 기준자체가 유동적이어서 많은 시간을 꽤나 허우적거렸던 감이 없지 않아 있었다. 그러던 내 앞에 이 책이 나타났다.사실 이 책이 내게 운명처럼 다가온것은 아니다. 그냥 잘 살아보려는 노력아래 이 책 저 책 읽다가 우연히 내 손에 집혔을 뿐이라고 생각한다. 그러나 원하면 이루어진다는 말이 맞나보다. 책을 집어서 한 ...+ 더보기",5
참으로 소중하기에... 조금씩 놓아주기,"'밥퍼 목사 최일도가 가슴으로 써내려간 가족이야기'라는 부제를 단 ""참으로 소중하기에... 조금씩 내려놓기""란 책을 읽다. 300쪽이 채 안되는 얇은 부피에 비해 가족의 소중함을 진솔하게 밝힌 아름다운 이야기이다. 물론 가족의 개념은 한 이불 속에서 혹은 한 집에서 생활하는 작은 가족의 개념을 벗어난다. 588이야기나 혹은 밥퍼의 이야기를 읽던 것이 언제였던지.. 한 십년쯤 된 이야기 아닌가 모르겠다. 수녀였던 아내의 이야기외에도 청년으로 자란 큰 아들 산이의 이야기, 그리고 우리집 둘째...+ 더보기",4
참으로 소중하기에... 조금씩 놓아주기,"최일도 목사님의 책은 빠지지않고 읽었는데 이 책은 특히 목사님개인의 가정이야기를 꾸밈없이 보여주고있다. 밖으로 어려운 이웃,소외된 이들을 위해 열심히 뛸수 있었던 그원천은 어머니의 기도와 아내의 인내와 수고 그리고 아이들의 희생이 없이는 이룰수 없는 일이었다. 그런 완벽한 가정속에서도 가족간의 갈등이 없지않았다는것은 우리 평범한 가정에게 조그만 위로가된다. 정말 너무나 사랑하기에 조금씩 물러나 상대를 바라보아야 하지 않을까? 그렇게 해서 나의 가족이 진정자유롭고 더큰 세계로 나갈수 있도록 도와 주어야하지않을까?",5
참으로 소중하기에... 조금씩 놓아주기,"몇 년전 TV를 통해 목사님을 뵙게 되었다. 그리고 그 분의 책'밥짓는 시인 퍼주는 사랑'을 읽고 그 분에 대한 존경심이 생겼고 내 삶의 가치관도 많이 바뀌었다. '참으로 소중하기에 조금씩 놓아주기'를 읽고 난 후 난 이책을 5번 이상은 읽었던 것 같다. 그냥 시간이 나면 읽었던 책이다. 너무나 내가 소중하고 좋은 책이기에 손에서 놓기가 싫었다. 정말 내 가족, 내 친구..너무나 가깝기 때문에 그들에게 따뜻하게 대하지 못했는데 이 책을 읽고 내 자신을 많이 반성하게 되었다. 내 삶에 있어 참으로 소중한 책이다....",5
창조론과 창조신학,"세포 속의 특정화 정보의 기원과 질서, 현재의 유지는 설명할 엄두도 못내는 박쥐들 조합이 블라~ 블라~ 신학을 논해요?",1
네가 하나님의 아들이라면,"언제부터인가 예수가 만들어지기 시작 했다. 예수에 관한 설들이 난무하기 시작했다. '성혈과 성배', '예수는 신화다', '다빈치 코드' 등을 중심으로 하여 허구적인 이야기들이 예수를 왜곡하기 시작 했다. 급기야 학자들, 바트 어만의 경우 그의 책 '예수 왜곡의 역사'에서 예수에 대한 회의적인 시작을 견지한다. 일단의 신학자들은 신인인 예수의 신성과 인성을 분리하여 연구하기 시작 했다. 신이자 인간인 예수가 아니라 신 혹은 인간 예수로 나누어 연구하여 예수를 훼손하기 시작 했다. 예수는 복음서에 있는 그대로 받아들여지지 못하고 만신...+ 더보기",5
네가 하나님의 아들이라면,"‘악’은 우리 성도들에게 늘 “네가 하나님의 아들이라면”하는 식으로 우리의 신분을 흔들고, 우리의 정체성을 흔들어 보는 질문을 던진다. 특히 우리의 약점과 연약함을 파고들어 우리와 하나님과의 관계를 분리시킬 뿐만 아니라 우리로 하여금 수치심과 좌절을 불러 일으켜 하나님께 가까이 가지 못하게 만든다. 이 책의 저자 자끄 엘륄은 이 책에서 인간예수가 겪었을 참담함의 고통과 그의 영혼이 가닥가닥 아픔으로 치렀을 고뇌의 편린들을 우리에게 분명하게 일깨워 주고 있다. 그는 우리의 무딘 지각에 성경의 말씀을 보는 눈을 열어주어 예수에 관...+ 더보기",5
네가 하나님의 아들이라면,"예수는 참 하나님이요 참 사람이다. 그러나 이 교리를 인간의 이성으로 완전히 이해하기란 거의 불가능하다. 이해하기 힘든 이 교리로 인해 초대 교회 때부터 많은 오해와 이단들이 발생했다. 오늘날에는 적어도 교회 내에서는 이 교리에 대한 논쟁은 더 이상 없다. 예수를 믿는다고 고백하는 신앙인이라면 온전히 이해하지 못한다 할지라도 이 교리를 받아들인다. 그러나 우 예수님이 참 사람이요 참 하나님이라는 사실을 믿는다 고백하지만, 우리의 이성이 한계로 인해, 예수를 신적인 측면을 더 크게 바라보던지 혹은 인간적인 측면을 더 크게 바라보게 된...+ 더보기",5
네가 하나님의 아들이라면,"네가 하나님의 아들이라면 이 책은 우리가 잊고 있었던 것에 대해서 이야기해주고 있다. 아니 우리가 알고 있었지만 미쳐 생각하지 못했던 것, 우리 잘 못 생각하고 있던 부분, 그냥 “그럴꺼야.”라고 아무 생각 없이 지나친 부분을 시원하게 꼬집어 주는 책이다. 별 것 아니라고 할 수 있는 내용이지만 이 사실 하나로 정말 많은 것을 느끼게 해주고 우리가 생각하던 것보다 더 큰 감동과 은혜를 느낄 수 있었다. 이 책에서 다루고 있는 내용은 예수님의 인성이다. 예수님이야 말로 신성과 인성을 동시에 가지고 계시는 ...+ 더보기",5
Sex Signs,"책을 많이 읽는 사람 중에 소설은 전혀 안 읽는 사람도 많다. 자기계발서, 실용서, 인문 경영학 저서, 외국어 학습서 등등... 처음에는 어떻게 그렇게 재미없는 책만 계속 읽을 수 있단 말인지 놀랐지만 그들도 나에게 비슷한 의견을 가지고 있는 것을 확인하곤 역시 세상은 다양한 사람으로 가득하다는 생각이 들었다. 그리고 그들의 취향을 무의식적으로 약간 폄하했던 나를 반성했다. 현실적으로 그들이 더 잘(?) 나가는 경향이 있었으므로.(어디까지나 개인적이고 협소한 관찰에서 나온 의견입니다.)나는 사실 영양가 없는 소설만 읽는 게 아니다....+ 더보기",5
Sex Signs,"이 책은 심리학과 점성학이 그대로 녹아있는 그야말로 여성만을 위해 만들어진 책이다. 책이 꽤 두꺼운데 책에 대한 정보없이 제목만 봤을때는 오해의 소지도 다분하다.(그래서 들고 다니며 보기에는 여러모로 부적절 하다.)나는 항상 나에 대해서 갈망한다. 이 세상 그 누구보다도 더 상세하고 많이 내 자신에 대해서 알고 있는 나 임에도 불구하고 나는 항상 나를 알고 싶어하고 나의 내면으로 빠져들곤 한다. 그 것은 불확실만 미래에 대한 불안과 결합되어 심리학이나 별자리 운세, 사주등을 통해 나를 알아가고 재확인해 가며 미래에 대한 확신을 얻고...+ 더보기",3
Sex Signs,"솔직히 뭔가 철학적인 책인 줄 알고 샀다. 음. 내 기억이 정확하다면, 이 책 광고 또한 그랬었다.그런데 그냥 별자리 책이다.좀 분량이 압도적이긴 하다. 두껍고, 아주 상세하고 12자리에 대해 써놓았다.중요한 건 여자들만을 대상으로 썼다는 것.그런데 내용이 너무 방대하고, 예들이 몹시도 구체적인지라 오히려 공감하기도 쉽지 않았고 잘 맞는다는 느낌도 없었으며결정적으로 여자들이라면 모든 별자리가 다 내 별자리같은 생각이 들 것같다.혹은 모든 별자리가 다 나랑은 다른 것같다는 생각이.별자리와 혈액형으로 사람을 나누는 걸 펄쩍 뛰며 싫어하...+ 더보기",2
Sex Signs,예전부터 이 책을 읽기로 마음먹다가 우연한 기회에 내 손에 들어 왔다. 꽤 묵직한 책이지만 책안의 내용이 신선했다. 별자리를 13개로 나누었고 (실은 원래의 12개의 별자리에다가 우주적 여성=이상적인 여성 의 별자리를 한개 첨가했음) 나를 더 잘 알 수 있게 도와준 책이었다. 사람들이 자신의 별자리를 알아서 자신의 운명을 안다면..여성들을 위한 책이라고 정말 감히 말씀드리고 싶다. 내 안의 내가 원하는 사랑이라든지 이상형이 거의 맞는다. 단지 지금까지 내가 알지 못했을뿐 내 속의 난 그런 걸 원할지도 모른다는 생각이 들었다.물론 별...+ 더보기,4
NSBT 레위기 성경신학,"19년에 읽은 책 중에 베스트!레위기 뿐만 아니라 오경 아니, 성경 전체의 흐름을 잡아주는 책",5
최강의 포식자 논 형충회합,대단한 넓이와 깊이를 가진 책. 다만 명리에 대한 여전한 의문들. 이론을 많이 알면 삶의 비밀도 정말 잘 알게될까? 현대와 맞지 않는 이론들도 많은데 여전히 붙잡혀 있는 건 아닐까. 결과를 놓고 이론을 끼워맞추는 건 많은데 이론과 맞지 않는 결과에 대한 사례와 설명은? 진짜 고수는 뭐라고 할지.,5
친구를 위한 복음,청소년 전도에 정말 좋은 책이다,4
친구를 위한 복음,"친구를 위한 복음 ​ 서창희 지음 생명의말씀사 최근 한 책을 읽으며, 구루로 이야기되는 멘토를 만나 변화되는 사람들의 이야기를 본 적이 있습니다. 내게도 그런 이가 있었으면 좋겠다는 생각과 함께 마주한 현실은 그런 조언을 들었다 하더라도 결국 그것을 풀어내야할 것은 나라는 것. 그 말을 받아들이느냐 마느냐, 그대로 행동하느냐 무시하느냐에 따라 삶이 달라지겠구나 싶었지요. 더 근본적인 삶의 질문들에 대해 고민을 할 때도 누군가가 대신 살아주는 것이 아니었습...+ 더보기",5
친구를 위한 복음,"시대가 변하면서 복음을 전하는 것도 어려워졌다. 많은 이들이 복음에 대한, 아니 교회에 대한 불신감으로 복음을 듣기를 꺼리는 현실 속에서 이 책은 가뭄에 단비같이 우리에게 어떻게 하면 복음을 전할 수 있는가를 보여준다. 이 책은 제목을 봐서는 누군가에 복음을 전하는 책으로 오해하기 쉽다. 책의 내용은 그렇지 않다. 복음을 전하는 방식이 책을 통해서 전하는 방식을 채택하여, 단순히 복음만 전하는 방식에서 벗어나, 전도를 받는 대상자의 관점에서 이야기한다. 기독교와 삶의 연관성은 교회를 다니지 않는 사람들에게는 어려운 ...+ 더보기",4
친구를 위한 복음,불쑥 전도지 내밀며 ‘예수 믿으세요’하기엔 세상 사람들에게 복음은 무시당하고 버려지는 시대이다. 복음을 전하기 위해 많은 시간의 관계가 이루어져야 하고 그 관계 역시 꾸며지는 관계여서는 안 된다.삶의 모습에서 ‘그리스도를 믿는 사람은 다르구나. 또는 ‘교회다닌다더니 좀 다르네’하는 다름을 보일 수 있어야 그 진정성을 더할 수 있다.‘친구를 위한 복음’ 주위에 오랜 시간을 함께 해 왔지만 복음을 전하지 못한 친구들에게 그들의 고민에 공감하며 고민의 해결을 성경말씀에서 찾으며 마침내 복음을 전하는 책이다. 여기서 친구는 바로 ‘이웃’이...+ 더보기,5
친구를 위한 복음,"언제부턴가 인스타그램에 '친구를 위한 복음' 이라는 책의 발췌문들이 자주 눈에 띄었다. 평소 인스타를 통해 여러 기독교 신간을 알게 되기도 하고, 찰떡 같은 은혜를 받기도 하기에, 왠만하면 놓치지 않고 꼼꼼하게 읽는 편이다. 나역시 비기독교인이었고, 주변에 교회를 다니지 않는 친구가 많기에 '친구를 위한 복음'이라는 제목 자체가 내게 참 솔깃했다. 믿지 않는 지인들을 위한 간절한 기도가 있기에, 도움이 될 것 같은 맘에 반갑기도 했고, 나 역시도 신앙이 이래저래 흔들리던 터라 '아메리카노를 마시며 내 인생을 응원해봐도, 어쩐지 마음...+ 더보기",5
친구를 위한 복음,"‘친구를 위한 복음’ 제목이 참 정겹다. 책 표지가 ‘아메리카노’한잔으로 디자인되어있는데 딱 그런책이다.친구랑 아메리카노 한잔 마시면서 두런두런 이야기하는 느낌. 누군가가 세상의 여러가지 힘든 일을 토로할 때, 성경내용과 예수님에 대해서, 깊고도 따뜻하게 이야기형식으로 대화하듯 맺힌 부분을 풀어주는 것 같다.핸디사이즈라, 가볍고 한손에도 착~감겨 작은 핸드백에 넣고출퇴근길에 읽기에도 좋을 듯하다. 나도 그랬듯~ 목차를 보면 현실의 문제와 공허함(파트1) -> 도우시고 채우시는 하나님 (파트2) 로 ...+ 더보기",5
친구를 위한 복음,"모태신앙인 내가 그동안 수없이 고민하고 기도했던 ""전도""에 대해서 용기를 얻을 수 있지 않을까 싶어 꼭 읽고 싶었다. 20대 크리스천으로 지금의 시대를 살아가고 있는 나는 전도에 대해 고민이 많았다. 세상의 것이 너무나도 풍요롭고, 가치관이 흔들리는 이 시대의 나의 친구들과 주변 사람들에게 복음을 어떻게 전할지.. 주변을 돌아보면 술과 남자, 돈, 명예 등 세상의 것에 가치를 두고 살아가는 친구들과 삶의 문제와 가정의 문제들로 상처에 허덕이는 친구들도 참 많고, 남과 비교하여 자신을 깎아내리는 친구들도 많다. 세상의 것으로 채우다 ...+ 더보기",5
톰 라이트는 처음입니다만,톰 라이트의 책이 워낙 많기 때문에 쉽게 톰 라이트에 접근 하기가 어려운 측면이 있다. 그러나 이 책이 간략하면서도 쉽게 톰 라이트의 주장을 담아내고 있어서 톰 라이트의 입문서로 추천할만하다.,5
톰 라이트는 처음입니다만,"라이트 책이 어려워서 못 읽겠다는 생각을 했다면, 이 책부터 읽어 보기를 권한다. 핵심만 잘 요약해 놓은, 시험 전에 봐야 할 ‘톰 아저씨 요약 노트‘ 느낌!",5
톰 라이트는 처음입니다만,톰라이트를 입체적으로 접근한다. 그래서 재미와 내용 두가지를 다 챙기는 책이라고 본다. 톰라이트의 방대한 생각을 한 눈에 보기 좋게 전해준다. 책을 다 읽고 나서는 톰의 책을 슬그머니 장바구니에 넣게된다.,5
톰 라이트는 처음입니다만,기독교는 무엇인가? 이 질문에톰 라이트만큼 깊이있게 대답해주는 이는 없었습니다. 이 책을 읽으면 그의 다양한 저서에 녹아 있는 기독교에 대한 스케치를 빠르게 엿볼 수 있습니다.,5
톰 라이트는 처음입니다만,"톰 라이트 전문가라고 하기는 어렵지만, 나름 열심히 공부했다. 그가 쓴 것이나 그에 대해 쓴 것 모두 적잖이 읽었다. 하지만 턱도 없이 부족하다 여긴다. 워낙 많이 써제끼니 제대로 따라잡을 수 있겠나. 흡사 신학계의 지젝을 보는 것 같다. 톰 라이트가 많이 써내려가는 이유는 무엇일까? 그저 수다쟁이라서거나 타고난 달변가라서일 수도 있지만, 그보다는 새로운 패러다임을 열어가고자 하는 고투의 결과일 것이다. 16세기에 루터가, 20세기 바르트가 어마어마한 분량의 글을 남긴 이유도 마찬가지일 것이다. 이들의 핵...+ 더보기",4
길 없는 길 4,"경허스님을 필두로 우리나라의 큰스님들,수월스님, 혜월스님, 만공스님들의 행적과 불경들이 마음공부를 다시하게 해준다.",5
신비주의,‘인간 없이 신은 아무것도 할 수 없다.‘ 작지만 야무진 책.,4
신비주의,"영화 다빈치코드의 상영문제로 기독교인들과의 갈등이 표출되고, 웰빙시대의 조류를 타고 요가, 명상, 우리 고유의 선도 수양법 등이 붐을 일으키고 있으며, 정보화의 물결을 따라 감성적 개성주의, 신 인본주의 사조가 대두되고 있는 현상들이 서로 무관하지 않아 보인다. 기독교를 비롯한 기존의 거대 종교 교단들은 인간의 자유를 확장시키고 내재한 신성을 신장시켜 왔는가? 오히려 인간을 구속하고 한정시켜 오지는 않았는가? 시대를 넘어 일관되어야 할 종교의 본질, 신성과 인성의 관계를 왜곡해 오지는 않았는지 ...+ 더보기",5
집으로 돌아가는 길,"“너희 아버지의 자비로우심같이 너희도 자비로운 자가 되라” (누가복음 6:36) 작은 아들은 결국 떠났다. 녀석의 말은 내 심장을 찌르는 것 같았다. “아버지, 장차 내게 돌아올 재산의 몫을 미리 주십시오.” 결국 녀석의 몫을 주었다. 떠나버렸다. 먼 타국으로. 멀리서 온 객들에게 간간이 아들의 소식을 듣는다. 흥청망청 돈을 쓰고 창기와 몸을 섞는 방탕한 삶을 살고 있단다. 타들어가는 이 마음, 큰 아들은 결코 알지 못하리라. 큰 아들은 묵묵히 집안을 세우고 있다. 들에 나가 종일...+ 더보기",5
타로카드와 어스트랄러지,"‘동시성‘ 에 대해 관심을 갖고 타로 서적들을 보고 있다. 우리는 얼마나 많은 편견과 알량한 지식으로 세계를 받아들이고 혹은 거부했는가, 하는 생각을 해본다. 가독성 높은 번역이란 무엇인지 출판사는 연구해보길 바란다.",5
타로카드와 어스트랄러지,번역서라 자연스럽지 못한 표현으로 전혀 읽어지지 않네요,1
오쇼의 액티브 명상,작지만 강한 책! 베리 굿!,5
오쇼의 액티브 명상,그동안의 공부들이 정리되는..너무 좋네요,5
기도의 영을 받는 법,"힘으로 되지 않는 일 가운데 기도만큼 어려운 일도 없을 것이다. 기도는 '호흡', '친밀한 관계로 들어가는 통로'라는 등등의 기도에 관한 다양한 정의들이 공감을 얻고 있지만 그렇다고 그런 공감이 자연스럽게 기도생활로 이어지느냐 하면 그렇지 않은 경우가 많다. 무기력과 답답증의 원인이 기도하지 않은 채 분주하게 살아온 삶에 있음을 알고도 그 생활이 반복되고, 해결할 수 없는 염려와 근심이 심중을 눌러 극심한 고통에 내몰리고 있는 가운데서도 '익히 아는' 해결방법에 기대지 않는 근본적인 이유는 무엇일까? 19세기말...+ 더보기",4
주빌리 성경공부 2 : 관계편,"보통 내용 중심으로 가르치려 하는데 이 책은 거의 다 질문으로 되어있어 참신했다. 질문을 통해 성찰하게 하고 변화시키는 책이라는 생각이 든다. 이 책은 신념, 관계, 신비, 헌신이라는 주제별로 출판되었다. 주제별로 다양한 질문으로 모임을 풍성하게 하는 책이다.",5
나도 기적이 필요해,사람들에게 찾아 온 기적의 이야기를 읽으며 나도 모르게 박수를 쳐준다. 그들의 힘든 삶속에 찾아온 단비이기에...가볍고 행복하게 읽을수 있어 좋았다.,5
나도 기적이 필요해,이 책을 읽은것이 제 기적입니다!,5
나도 기적이 필요해,"나도 기적이 필요해. 세상에 없을 것이라 생각했던 기적을 찾았습니다. 아니, 사실 기적이 아니라, 기적처럼 보이는 변화와 체험의 사례들. 눈앞에 실제하는 기적을 이 책 속에서 보았습니다. 오랜만에 평생 소장하고 싶은 책을 만났내요.",5
나도 기적이 필요해,좋은책 많은 사람들과 함께 했으면 좋겠습니다 |!추천합니당,5
나도 기적이 필요해,"기적이라는 말이 아니고서는 표현할 수가 없네요! 이 책의 내용도, 책을 만난 후 제게 일어난 일들도...!",5
나도 기적이 필요해,기적이 필요한 많은 분들께 추천하고 싶은 책이다.,5
나도 기적이 필요해,이 책을 읽으면 마음 속 한 켠에 따뜻한 빛을 놓아주고 가는 기분이 듭니다. 항상 부정적이고 기적따윈 없다라고 생각하는 분들에게 이 책을 추천해 드리고 싶습니다.,5
나도 기적이 필요해,제목처럼..모두에게 각자의 기적이 찾아오는 행복을 느껴보았으면 좋겟다.,4
나도 기적이 필요해,나도 기적이 필요해~이 책의 제목을 보고 한눈에 반했습니다.누구나 기적을 바라고 기적이 필요하지요~미세먼지 유전자 조작식품 핵 전쟁의 공포 불황의 늪에서 우리는 무슨 생각을 하면서 살아가나요너무너무 힘든 이 삶에 이 책은 한줄기 빛과 같은 기적을 가져다 줍니다.꼭 읽어보시길 추천,5
나도 기적이 필요해,"지팡이에 의지하던 고 김대중 대통령이 지팡이를 놓게된 사례, 김수환 추기경의 빛viit요청, 자월스님의 기적같은 간암회복, 이태석 신부의 사례등 유명한,정치,종교인들이 체험한 기적같은 일들이 담겨져 있고, 마음준비 자세에 대해 쓰여 있다. 기적이 필요한 사람 읽어봄직 하다.",4
나도 기적이 필요해,힘든 일상에 지치신 분들이라면 이 책을 추천드립니다.누군가에게 손 내밀기 힘들때 이 책을 읽어보세요,4
나도 기적이 필요해,기적을 싫어하는 사람은 없을 것이다.직장을 다니고...스트레스...힘들고 어려운삶속에서...늘 나도 기적을 꿈꾼다...그러다 보게 된 책...나보다 더 어렵고 힘든 상황에 놓인 여러사람들에게...기적적인 빛이라는 힘으로~그들이 행복하지고 삶을 살아가는 원동력을 찾게되는 것을 읽으며 내 가슴에도 희망이 차올랐다.또 어느새 그들에게 찾오온 기적에 마음속으로 박수를 치며 축하를 해주는 내모습을 보면서...나에게 올 행복한 기적도 꿈꿔본다.세상 모든 사람이 만족하는 삶을 살 수는 없을지라도빛이라는 이 힘으로 서로 돕고 기...+ 더보기,5
나도 기적이 필요해,"살다 보면 술술 풀리는 날도 있지만 마음먹은대로 되지 않은 날도 있습니다.또 때때로 별일 없이 울적한 날도 있습니다.그런날엔 나에게도 행복이란 기적이 일어나면 좋겠다라는 생각을 하곤 합니다.그리고 제 마음을 들여본듯한 제목에 저도 모르게 책을 집어 구매하였습니다.책을 읽으며 김수환 추기경님과 김대중 대통령등 낯이 익은 이름들에 놀랐고, 그분들을 포함하여 수많은 사람들의 말하지못할 고민과 걱정이 '빛'으로 해결된 일화들에 다시한번 놀랐습니다.작은 고민부터 큰 고민까지, 아이를 바라는 소망에서 불치병이 낳기를 바라는 소망까지, 그 내용...+ 더보기",5
나도 기적이 필요해,인생을 살면서 한번 또는 여러번 어려움과 고난에 부딪히게 됩니다저 또한 그런 시기에 이런 좋은 책을 만나게 되어 큰 어려움 없이 위기를 극복하고새로운 인생을 살 수 있었습니다한번도 책을 읽으면서 나를 되돌아보고 나의 내면을 깊게 들여다 본적이 없었는데이 책은 좀 달랐던 것 같습니다또한 나도 기적이 필요해 라는 책을 접하고 난 후 부터는 행복과 감사를 느끼고 정말 기적이라는 것이 존재하는지에 대한 의문을 해결할 수 있었습니다 그 부분이 가장 마음에 들었습니다처음에는 의심으로 시작하였지만 이 책을 다 읽고 나면 의심이 확신으로 바뀌게 ...+ 더보기,5
나도 기적이 필요해,"솔직히 처음에는 제목을 보고 고개를 갸우뚱했다. 기적이라니. 세상에 기적이 어디 있어? 라면서.하지만 책을 읽으면서, 이름을 들어본적 있는 사람들과, 과감하게 밝혀져 있는 실명의 사례들을 보며 묘한 희망이 점점 들기 시작했다.이 책이 내게 기적을 가져다주었다.그리 큰 변화는 아니었다. 그저 우울함에서 벗어나고, 세상이 좀 더 긍정적으로 보이고, 집안이 평화로워지는. 그런 사소한 변화들.하지만 이것들 모두 나에게는, 내가 그토록 바라던 기적이다.이 책을 읽을 수 있었던 것에 감사한다.",5
나도 기적이 필요해,누구나 편하게 읽을 수 있는 책입니다. 지금 이 책을 읽는 당신의 삶에 아주 큰 변화가 있을 거라 생각합니다.,5
나도 기적이 필요해,"「나도 기적이 필요해」반복되는 일상에 지쳐 있는 요즘 내게도 특별한 일이 생겼으면 좋겠다... 라고 입버릇처럼 말하는 중 내게 놓여진 책 한 권신기하고 특별한 경험,동화같은 사례의 주인공의 이야기를 읽어가며내게도 특별한 일이 생길 것 같은아니 벌써 생긴 것 같은 기분 좋은 예감이 들게 하는 책입니다.책을 읽는 동안지쳐있는 나를 위로하며나를 돌아보고새로운 희망을 꿈꿀 수 있습니다.반복되는 일상이 무료하다면특별한 경험의 주인공이 되고 싶다면이 책 추천드립니다.",5
나도 기적이 필요해,"저는 평소에 '기적'을 바라면서 살아가고있었습니다.인생이 항상 평탄할순없었고,평탄하지 않은 순간이 올때마다 '기적'을 바랐습니다.그리고 평탄하지 못할때 이 책을 알게되었고 저도 모르게 제목에 이끌려 이 책을 읽어보게되었습니다.이 책에 소개된 수많은 '기적'같은 사례들을 읽어보게 되면서사례속에 나오신 분들에 비하면 '저의 평탄하지 않은 순간은 별거아니구나' 라는 생각을 하게되었습니다.이 책을 읽기전에는 오직 '나'만 생각하던 제가 책을 읽은후에는 주변을 돌아볼수있게되었습니다.그리고 지금 제가 이렇게 살아갈수있다는 것에 감사함을 배울수...+ 더보기",5
나도 기적이 필요해,책을 보자마자 기적이라는 말이 눈에 보였습니다.항상 부정적이고 기적같은건 없다고 생각했던 저에게 이 책을 만날 수 있었다는 것이 가장 큰 기적같은 일이 되었습니다. 책에 있는 신비롭고 기적과 같은 빛의 이야기들이 놀라울따름이었습니다. 이 책을 만나고 난 후 저는 하루하루 행복하고 긍정적인 마음을 가지게 되었습니다.,5
나도 기적이 필요해,"이 책을 접하게 되었을 때 그닥 신뢰가 가지 않았다.하지만 '빛'을 받으며 일어난 일들을 찬찬히 읽어보니 나는 믿을 수 없었고 이 '빛'과 함께 할 수 있음에 감사하였다.기적을 바라는 당신, 이 책을 읽어보길 바란다.",5
나도 기적이 필요해,"세상엔 마음대로 되지 않는 일들이 참 많아요. 건강도, 마음도, 사람과의 관계도.. 그래서 힘든 일들도 참 많았고 다가올 날들이 무섭기도 했었지만, 이제는 더이상 무섭지 않습니다! 나도 기적이 필요해를 만난 후 매일매일이 감사하고, 행복해요~",5
나도 기적이 필요해,누구나 인생을 살아가며 힘들지 않은 순간은 없을 것이다.나 또한 그랬듯이 말이다.이 책을 읽은 후 많은 것이 변화하고 나 자신을 관조하게 될 것이다.행복은 그리 먼 곳에 있는 것이 아니며 기적도 이 책을 통해 일어날 것이다.어둠속에서 누군가가 불 빛을 환하게 밝혀주듯이 나에게 빛을 밝혀준 책이다,4
나도 기적이 필요해,"옛날 이야기 처럼 실제 사례를 통하여 알 수 있는 기적같은 이야기들..초광력, 태양빛이 아닌 실질적인 현실변화의 에너지 빛(viit)을 알 수 있는 내용이 담겨져 있어현실변화와 기적을 원하는 사람이 읽어보면 좋을 것 같다.",4
자유,우리교회 소모임에서 하는 교재이다. 그 모임에 소속되어 있지는 않지만 나에게 꼭 사서 읽어보라고 추천한 사람이 있다. 제목에서 있듯이 성경적인 자녀양육을 위하여 어머니라면 꼭 읽어야 될 책이다. 따로 읽을 시간이 많지 않아 이 책으로 QT를 할 생각이다. 이 책에 추천한 도서들도 좋은 책이 많다.,5
자유,"심리학이나 아동학이 아닌 성경에 근거를 두고, 자녀를 어떻게 양육하고 어머니, 아내로서의 역할을 하는데 갈등을 어떻게 풀어갈지에 대한 저자의 경험과 성경구절과, 여러 tip이 함께 있고, 그때그때 실천해 볼 수 있는 사항들까지, 유익한 구성으로 되어 있다. 소모임 5-6명이 교재로 쓰면서 함께 하기에 좋은 책이다. 강추. 다 끝내고, 다음 편 지혜를 공부하고 있...+ 더보기",5
하룻밤에 읽는 성서,"전반적으로 성경을 조그마한 노트로 요약해 놓은 듯한 느낌이다. 그러나 저자가 성경에서 말하는 창조론을 어떻게 이해하는 가에 대해서 의심스럽다는 생각이 든다. 책 299페이지를 보면, 저자는 칼럼에서 단세포 생물이 진화되 궁극적으로 인간이 탄생했다고 말하고 있다. 이것은 명백히 성경에서 말하는 창조에 대하여 부정하고 거스리는 것이다. 성경을 하나의 역사적인 책으로 생각하여 그것을 요약해서 만들 수는 있지만, 성경을 올바로 본다는 것은 성경안에 숨어있는 복음의 메시지를 올바로 읽는 것이라고 생각해볼때, 성경을 올바로 이해하려는 사람들에...+ 더보기",1
하룻밤에 읽는 성서,"하룻밤에 읽는 성서를 나는 '비기너용 성서'라고 평가하고 싶다. 이 책은 절대로 성서 중 중요한 것을 추려놓은 것에 불과하지 않다. 성서에 대한 객관적 평가가 들어가 있는 것이다. 나는 이 책을 일본인이 썼다는 것에 대해서 상당한 신뢰감을 느낀다. 일본에는 무수히 많은 신들이 있고, 종교에 탐닉하지도 않는다. 따라서 일본인이 쓴 종교적인 책은 어느정도 신뢰감이 간다. 하지만 이 신뢰감은 내가 책을 펼치자 마자 '상당함'이 아닌 '절대적'인 신뢰감이 와닿았다. 이 책은 절대로 기독교인이 홀리 바이블을 신봉하는 마음에서, 절대적인 책이...+ 더보기",4
하룻밤에 읽는 성서,이것이 내새운 이 책의 특징이란 무엇인가제목처럼 하룻밤에 성서를 읽을수 있다는 것이다.그러나..조금은 무리였던것 같다..우선 책 인쇄글자가 너무 작다.그리고 도표를 사용했다는데 도표가 너무 조잡하고 복잡하다내용을 다 잊어버릴 지경이다.별로 하룻밤에 읽는다는 의미가 잘 전달 되었다고 보지 않는다.다만그 두꺼운 여러권인 구약과 신약을 자~알 추려서 한권의 책으로 뽑아 냈다는 장점이 있기는 한것 같다.하지만 그닥 그 장점이 활용되지는 않은듯.....조금 아쉬운 마음이다.,1
하룻밤에 읽는 성서,"이 책이 아니였더라면 미로와 같은 성경을 읽어내지 못했을 것이다. 전에 사람들은 말한다. 네가 믿음이 없기 때문에 성경을 읽지 못하는 것이라고. 하지만 이 책을 옆에 놓고는 성경을 읽게 되었다. 믿음의 문제가 아니라 성경의 구조와 문체가 문제다. 신앙심 하나로 성경을 직접 읽을 수 있으리라고는 생각지 않는다. 그건 너무 어렵고 견디기 힘든 인내를 필요로 하기 때문이다. 과연 얼마나 많은 신자들이 성경을 펼쳐 보며 고개를 끄덕일 수 있는지 의아스럽다. 게다가 전부 오역 투성이의 완전히 원본과 다른 번역 성경들, 그런데 원본...+ 더보기",5
하룻밤에 읽는 성서,성경을 처음 부터 모두 읽어 보려고 몇번 시도해 보았지만 성공한 적은 없습니다. 교회에 가면 목사님이 매주 성경에서 일부를 발췌해서 설교를 해 주시지만 그동안 숲을 보지 못하고 나무만 보아온 것 같습니다. 이책은 성경을 상당히 객관적이 시각에서 요약 정리해 놓은 책입니다. 주관적인 해석은 뒤로하고 사실 중심으로 서술했습니다. 성경의 전체 짜임에서 부터 시간의 흐름에 따라 이해하기 쉽게 서술하고 있습니다. 여러 지도와 도표들이 이해를 돕습니다. 실제 성경과 대조 해가면서 보면 더욱 흥미롭습니다. 정말로 숲을 보았다고는 할 수 없겠지만...+ 더보기,4
보리수 가지치기,"미시마 유키오, 가와바타 야스나리, 모토오리 노리나가, 그리고 미하엘 엔데의 『모모』에 대해서도 심층적 비평이 돋보이는 역작입니다.^^",5
주님 없는 복음,"복음은 그리스도다. 그런데 주님, 즉 그리스도가 없는 복음이 존재할까? 물론 존재할 수 없다. 그러나 현실적으로 그리스도 없는 복음은 얼마든지 존재한다. 우리는 그것을 '가짜 복음'이라고 말한다. 사도 바울은 갈라디아 교회를 향하여 가짜 복음을 버리고 그리스도에게 돌아오라고 외친다. 이천 년이 지난 현대교회는 바울이 피를 토하며 소리쳤던 갈라디아교회와 많이 닮아 있다. 복음은 있는데 주님이 없기 때문이다. 존맥아더 목사는 현대 교회의 가짜 복음을 향해 강하게 외친다. 주님 없는 복음을 버리고 참 복음인 주님께로 돌아 오라고. 이 책...+ 더보기",4
할,"최인호의 마지막 소설. 경허 스님과 그의 제자인 수월, 혜월, 만공의 소설 같은 일대기. ｀깨달은 자｀들의 이야기를 읽으며 마음을 깨운다. 할!",4
할,경허 큰 스님의 일화를 보니 많은 것을 느끼게 된다,5
성경을 따라가는 52주 가정예배 5 : 복음서와 사도행전,"'아무리 바빠도 가정예배'라지만,가정예배는 (적어도 저희 가정에게는) 언제나 도전해야 할 과제 같았어요.코로나 기간에 여러 상황에 따라현장 예배와 온라인 예배를 왔다갔다 할 수밖에 없을 때는오히려 매일 가정예배에 힘썼는데 말이죠.지금은 일주일에 한 번 가정예배를 드리기도 쉽지 않아요.그래도 매일 아이들과 함께 큐티와 말씀 암송을하고 있는 것으로 위안을 삼고 있지만,부담은 늘 있는 것 같아요. 그러던 와중에 이 책을 만나게 됩니다! 두둥! 성경 말씀을 따라가는 52주 가정예배 말씀을 따라 매주 가정예배를 드릴 수 있도록...+ 더보기",5
성경을 따라가는 52주 가정예배 5 : 복음서와 사도행전,"교재는성경의 핵심 본문을 따라가며가정예배를 드릴 수 있습니다.어린 아이를 둔 가정에서 부터연령에 상관없이 편안하게 접근할 수 있는교재입니다.일 주일에 한 번,1년 52주 동안 꾸준히 가정예배를드릴 수 있도록 안내합니다.총 6권으로 구성되어 있는데,일 년에 한 권씩 6년 동안 사용할 수 있습니다.제가 처음 사용하게 된 책은5권 복음서와 사도행전 부분입니다.책에는 그 날 함께 부를 찬송, 성경 본문, 질문이잘 안내되어 있습니다.교재를 매개체 삼아함께 성경을 묵상하고, 은혜를 나누고,삶을 나누...+ 더보기",5
성경을 따라가는 52주 가정예배 5 : 복음서와 사도행전,"ㅣ성경을 따라가는 52주 가정예배ㅣ복음서와 사도행전 성경을 따라가는 52주 가정예배 지은이 김태희 목사 펴낸곳 세움북스⠀""가정 기도회는 신자의 당연한 의무이므로 가정마다 행할 것이니 매일 성경을 읽고, 기도하며, 찬송함으로 행할 것이다."" (P5.서문)⠀아이들이 어릴적엔 가정예배를 드리고, 감사일기도 매일 쓰고 나누는 시간을 가졌지만, 하교시간이 늦어지고 아이들과 시간을 맞추기 어려워지면서 가정예배가 무너졌어요.⠀어떻게 다시 회복해야 할까?를 고민하고 있을 때, 큰 아이의 군입대 발표가 나고, 세움북스로부터 이 책을 받...+ 더보기",5
성경을 따라가는 52주 가정예배 5 : 복음서와 사도행전,"한국 교회의 크리스찬 부모의 상당수가 가정예배의 중요성에 대해 인식하고 있다고 생각한다. 그런데 지속하기가 왜 이렇게 힘든 것일까. 나 역시도 신앙의 가정에서 태어나서 자라왔지만 자녀된 입장에서 가정예배는 부담이었다. 규칙적으로 한 것도 아니었지만, 아버지께서 가정예배로 모이라고 하시면 괜히 짜증이 날때도 많았다. 특히 사춘기 즈음 가정에배를 드릴 때는 인도하시는 아버지도, 앉아 있는 가족들도 뭔가 편치 않은 마음일때도 앉아 있다가 마칠때도 있었고, 부모님들은 ‘오늘은 했다’의...+ 더보기",5
성경을 따라가는 52주 가정예배 5 : 복음서와 사도행전,"공과공부 교재나 소그룹 활동에 관심이 많아 어떤 구성으로 책이 이어질지 기대하는 마음으로 읽었다. 큐티는 매일 성경을 읽는 습관을 들이는 것에 도움이 될지는 모르겠지만, 성경을 조각내서 읽는 것이기에 올바른 성경 읽는 습관은 아니라고 생각한다. 왜냐하면 성경은 전체성과 통일성으로 앞, 뒤 맥락을 잘 따져봐야 하며, 본문만 봐서는 그 내용을 정확히 알 수 없기 때문이다. ​크리스천이 되기 전에 ""네 시작은 미약하였으나 네 나중은 심히 창대하리라""라는 욥기서 말씀으로 된 구절의 말씀패를 선물받은 적이 있었다. 그때는 좋은 구절이라고 생...+ 더보기",5
성경을 따라가는 52주 가정예배 5 : 복음서와 사도행전,"성경을 따라가는 52주 가정예배 복음서와 사도행전편을 읽어보니 성경을 읽으면서 놓쳤던 부분을 이 책의 저자목사님이 잘 설명해주셔서 말씀을 깊이있게 읽을수 있었습니다.꼭 기억해야 할 말씀 구절이 2~3절이 되는데, 그 설명이 어렵지 않으면서도 새로운 부분도 있고, 생각해볼만한 여지를 주네요.함께 예배드릴 아이들도 어렵지 않게 같이 읽고 이해할 수 있도록 쓰신것 같습니다. 그리고 마지막 묵상 질문과 기도로 말씀을 더 풍성하게 나눌수 있도록 구성이 잘 되어있습니다.진도에 맞춰서 매주 한번씩 가정예배를 드린다면 성경을 통독하며 가정예배를 ...+ 더보기",5
알리스터 맥그래스의 지성적 회심,과학과 신앙그리고 의심의 길 가운데 답을 찾아준다. 믿음의 흔들림이 있는 자들에게 추천하는 책이다.,5
알리스터 맥그래스의 지성적 회심,오늘은 알리스터 맥그래스의 저서 〈지성적 회심〉에 대해서 나누려고 한다. 처음 제가 그의 저서를 보게 된 책은 2003년 IVP출판사를 통해서 출간된 ‘자존감’이었다. 이 책은 십자가와 그리스도인의 자존감에 대한 내용이 담긴 훌륭한 저서였다. 이 후 그의 책을 사서 보기 시작하게 되었다. 우리는 그의 이력과 저술들에 대해서 자세히 이야기하지 않아도 될 만큼 많은 사람들에게 잘 알려진 분이다. 특히 우리가 이번 출간된 지성적 회심에 대해서 기대하는 점은 앞서 저자가 출간하였던 여러 책에서 애기되었던 그가 과학자에서 신학자가 된 배경이...+ 더보기,5
알리스터 맥그래스의 지성적 회심,"누군가의 신앙여정을 살펴본다는 것은 참 의미있는 일이다.다른 한 그리스도인의 삶과 그의 회심을 들여다보는 것만으로도나의 신앙이 한 걸음 나아가게 된다.그가 과학자이자 무신론자였다면 더더욱. 저자 알리스터 맥그래스는 수학, 물리, 화학에 관심이 많았다.증명하고 사실을 확인하고 명확한 답을 갖게 되는 학문에 매력을 느꼈고,인생의 모든 부분들 또한 명확한 것, 증명할 수 있는 것만 인정하고 받아들였다.그리고 그는 무신론자로 살아가기를 선택했다. 그러나 그는 더 깊은 학문을 공부하면서증명할 수 있는 것이 전...+ 더보기",5
알리스터 맥그래스의 지성적 회심,"『지성적 회심』은 알리스터 맥그래스의 개인적 회심에 관한 이야기이다.『지성적 회심』은 알리스터 맥그래스의 자서전은 아니지만, 자서전적인 내용을 상당히 포함하고 있다.그래서 이 책을 접하는 독자들에게 혼란을 줄 수도 있겠다는 생각이 들었다.책을 시작하면서부터 자신의 성장 과정에서 어린 시절부터 익숙하게 부딪혀 온 신앙과 과학의 공간 사이에서 갈등하는 모습을 보여주기 때문이다.​1부, 2부, 3부로 나뉘어 쓰인 책 속에서 호기심 많고 과학을 추구하던 그가 뜻밖의 사...+ 더보기",5
알리스터 맥그래스의 지성적 회심,"어쩔 수 없이 알리스터 맥그래스의 자서전으로 읽힌다.자신의 삶 속에서 '과학'이, '신학'이 어떻게 자리를 잡아 왔었고 둘 중 어느 하나의 선택이라기보다 거대하게 솟아있는 이 두 개의 산을 어떻게 올랐고 오르고 있으며 이 둘을 세상에 어떻게 전하고 싶은가를 말하고 있는 책이다. 저자의 삶을 정말 가득히 채우고 있는 과학과 신앙에 대한 진솔한 이야기를 만날 수 있다. '회심'에 대해 이야기한다. 그것도 저자가 직접 경험한 회심이다.무신론자였고 과학도였고 성공한 과학자로 박사학위를 받은 지성인이 자신를 둘러싼 세계를 이...+ 더보기",5
알리스터 맥그래스의 지성적 회심,"한때 유행했던 성격유형검사에 따르면 나는 감정 보다는 이성/논리적인 성향에 가까운 사람이다. 그렇기에 이런 나에게 이 책의 제목을 구성하고있는 두 단어 ‘지성적’ 그리고 ‘회심’ 은 나의 흥미와 호기심을 사기에 충분했다. 회심이라는 것이 즉흥적이거나 단순한 감정적인 결단 혹은 반응이 아닐텐데, 과연 이 저자는 어떤 삶을 살았으며 어떤 경험과 결론을 내렸을까 궁금해하며 책의 첫 페이지를 읽어가기 시작했다. 자서전 형태로 서술되어있는데 책의 앞부분에서는 마치 친구의 일기장을 읽는 듯한 느낌이 들기도 하고, 또 후반부로 진행되면서는 교수...+ 더보기",4
내가 죽어야 성령이 산다,"영에 속한 삶을 살기 위해 어떻게 해야 하나?첫번째 내안에 자리잡고 있는 자아를 죽이느냐, 살리느냐? 모든 문제의 근원은 자기! 죽기까지 자신을 겸허히 낮추는 겸손! ->겸손은.... 자아를 포기하는 것을 의미한다 =>하나님앞에서 완전히 아무것도 아닌 존재의 자리로 나아가는 것을 의미한다. 예)예수님은 자신을 겸손히 낮추셨으며 죽기까지 순종하셨다. -> 예수님은 죽기까지 순종함으로써 하나님의 영광이 되셨고 우리를 죽음에서 구워하셨다. 우리 안에 성령님이 내주하시게 하셨다.두번째...+ 더보기",5
영가천도,"주위에서 흔히 보면 사이비 종교에서나 무당 등에서 주로 천도 이야기를 많이 한다. 조상영이 잘못되었으니 천도를 해야한다는 둥 말이다. 하지만 이 책을 보면 실제 불교에서 그런 천도라는 행사가 꽤 오래전부터 스님들을 통해 해 온 것 같아 보인다.(사실 나는 불교신자가 아니라 이런 것에 대해 잘 알지 못한다.) 처음부분은 흔히 귀신이라 불리는 영가에 대한 특성과 죽음후의 세상에 대해 설명하고 있고, 그 다음은 영가들이 자주 깃드는 사람의 종류를 소개하고 있으며, 그 후 천도의 기본자세와 천도 방법에 대해 책의 분량에 비해 제법 상세히 ...+ 더보기",3
라임 바이블,제가 아이들에게 영어랑 성경을 같이 가르치게 되었는데 교제때문에 고민을 많이 했어요 그런데 이책을 보면서 성경도 가르치면서 영어도 가르칠수 있어서 너무 좋아요 영어 수준도 어렵지 않아서 초등학생 수준에 딱 맞고 그림과 내용이 너무 좋아서 추천하고 싶습니다 영어도 어려운단어가 많이 나오는 그런 어린이수준책이 아니라(미국애들에게는 그런 단어가 쉽겠지만 우리 한국어른들도 잘 모르는 단어가 많아요 ) 미국표준언어로 구성된 영어가 정말 맘에 들어요 또 개정판에는 CD가 있어서 영어로 말을 들려줄수 있어서 발음이 나쁜 나로서는 최고입니다,5
라임 바이블,"어린이를 위한 아주 밝고 따듯한 감성을 가진 성경책이 출간 되었다. 이란 모토가 신선하다. 어린이용 성경이 너무 화려한 것만 강조하거나 눈을 붙잡아 두려는 시도로 인해서 때로는 너무 화려한 컬러가 복잡해서, 내용은 간곳이 없고 그림에만 머물 때가 종종 있는데 이번에 나온 라임 바이블은 산뜻하면서 깨끗하고 밝은 이미지에 유아용 성경으로는 아주 제격인것 같다. 여기에 CD가 함께 있어서 어린이가 잠들 때나 놀고 있을 때 틀어 주면 스스로 들으며 자기 할일을 할 수 ...+ 더보기",5
라임 바이블,처음엔 어른의 입장에서 그림이 세련되거나 맘에 쏙 들어오지는 않았다. 그런데 보면 볼수록 그림이 정감있고 성경적인 내용과 상황을 잘 담아냈다는 생각이 든다. 익살스런 그림도 자꾸보니 정겹다. 책을 참 좋아하는 우리 아들이 두돌이 지났는데 보여달라고 가져오고 그림을 보면서 자기도 뭐라고 뭐라고 한다. 성경적인 사건이 일일이 적혀있다기 보다는 주요 사건이나 하나님의 마음등을 시적으로 표현하였다. 아이에게 질문하듯이 하면 대답도 듣고 대답해 줄수도 있겠다. 성경전체적인 내용이 구약신약 간단하게 여러주제들로 이루어져 있고...+ 더보기,5
만화 한눈에 읽는 교회사 - 상권,교회사를 만화로 보니 정말 시원시원하고 정리가 잘 됩니다. 감샤 감샤~~~,4
만화 한눈에 읽는 교회사 - 상권,지난 여름에 읽었다. 교회사를 처음 사작하는 입장에서는 입문용으로 좋다. 만화를 빙자한 신학서적이다. 일단 설명이 무지 많다. 이원복 스타일이라고나 할까. 하권까지 어서 보고 싶다. 근데 진도 잘 안나간다. ㅎㅎ,5
"성령, 위로부터 오는 능력","​""신약성경에서 성령을 나타내는 첫 번째 상징은 비둘기로서, … 구약성경에서 성령을 나타내는 첫 번째 상징도 비둘기이다. … 둥지를 품어 새끼를 돌보는 어미 비둘기의 모습. 그런데 그런 모습에 비해 이 그림은 얼마나 이상한 배경인가! 혼돈, 황량함, 소용돌이치는 물, 타오르는 화염, 심연, 별빛 하나 없는 흑암, 폐허와 죽음과 황량함이 지배하는 상태! 영원한 사랑과 평화의 어미 비둘기가 둥지를 짓기 시작한 배경은 바로 이런 장면이었다""(13).​ 은 성경에 처음 등장하는 성...+ 더보기",5
"성령, 위로부터 오는 능력","삼위일체 하나님의 제3위이신 성령은 외적으로 보이지 않으면서 영향을 미치고 영향을 받는 내적으로 일하시는 하나님의 힘을 말한다.‘성부’, ‘성자’와 함께 동등한 인격을 가지고 계시는 ‘하나님’이시다. ‘진리의 영’으로 믿는 자를 가르치시고, 진리 가운데로 인도하시며, 또한 장래 일을 알려주신다.그는 죄에 대하여, 의에 대하여, 심판에 대하여, 사람의 눈을 여신다. 또한 기도하는 것을 가르쳐 주시고 연약을 도우시며, 말로 할 수 없는 탄식으로 우리를 위해 친히 간구해 주신다. “내가 아버지께로부터 너희에게 보낼 보혜사...+ 더보기",4
"성령, 위로부터 오는 능력",어린 시절부터 청년 시절까지 다소 긴 시간 동안 유독 성령 세례를 강조하는 은사주의 계열의 교회를 출석했기에 성령에 대해서는 왠지 낯설지가 않다. 그러나 그동안 내가 알고 있었던 대부분의 성령에 대한 생각과 이해는 균형을 잃고 한쪽으로 치우친 오해에 기반한 것들이었음을 오랜 세월이 흘러 건강한 개혁주의 신학을 만나고 나서야 알게 되었다. 성령을 무엇인가 눈에 보이는 현상과 느껴지는 감정적 요소에 한정 지으며 그러한 경험과 체험의 바탕위에서 설명하려는 시도는 기독교 2천 년 역사 속에서 끊임없이 이어져 왔다. 이렇듯 성령...+ 더보기,5
"성령, 위로부터 오는 능력","한국교회와 성도들을 보면 성령에 대한 오해와 잘못된 이해를 하고 있는 것 같은 마음이 든다. 심지어 성령에 대해서 잘 모르면서도 마치 성령에 대해서 잘 아는 것처럼 이야기 할 때는 난감하기까지 한다. 너무 현상적인 것에 갇혀 있는 것은 아닌가라는 생각도 든다. 특히 오늘날은 예수님이 승천하시면서 또 다른 보혜사이신 성령의 보내시겠다고 약속하셨고, 그 일이 오순절 마가의 다락방에서 성취됨으로 지금은 성령의 시대이다. 그러기 때문에 성령에 대한 바른 이해와 함께 성령의 권능을 받는 것이 너무...+ 더보기",5
"성령, 위로부터 오는 능력","앨버트 심프슨의 ""성령, 위로부터 오는 능력""은 세계기독교고전 시리즈 중에 36권에 해당한다.​""심프슨 박사가 쓴 이 책은 성령의 인격과 사역에 관한 많은 책들 가운데 비교할 수 없을 정도로 중요한 자리를 차지하고 있다. 깔끔한 문체, 폭넓은 논의, 영적인 메시지가 책의 특징을 이루고 있는데, 그것은 저자의 다른 책들에서도 공통적으로 나타나는 특징이다. 성경을 깊이 공부하는 사람이나 새로 믿기 시작한 사람이나 저자의 책들을 읽고 풍성한 영적 교훈을 받았다. 구약의 모형과 상징과 예언, 신약의 약속과 기록, 그리고 계시에 타나난 성령...+ 더보기",5
"성령, 위로부터 오는 능력",하나님의 제 삼위인 성령을 통해 우리는 온전한 그리스도인으로 살아가게 될 것이다. 예수님이 사도들에게 이 성령을 기다리고 받으라고 하셨듯이 주님은 우리에게도 동일하게 성령의 인도함을 받으라고 하심을 본다. 시대가 혼란스럽고 또한 한치 앞을 내다 볼 수 없는 펜더믹에 있다. 더욱 깨어 그를 의지해야 하리라. 저자는 창세기부터 신약성경 전반에 걸쳐 성령의 역사가 어떻게 일어났는가를 상세하게 설명해 주고 있다. 하나님께서 세상을 창조하실 때부터 성령으로 우리와 함께 하셨고 하나님의 사람을 택해 또한 하나...+ 더보기,4
"성령, 위로부터 오는 능력","와~563p의 두꺼운 이 책은 처음에는 부담이었다. 개념정리를 보는듯한...딱딱한 느낌?마치 성령에 대한 개념제시부터 정의들, 각 책에 나온 성령에 대한 파헤침을 모조리 적어놓았다. 처음에는 성령에 대한 역사나 풀어놓은 산글이 아니라, 마치 개념정리를 하듯 1,2,3...등 딱딱한 어조로 풀어놓은 듯 해서 읽기가 싫었는데,,,,이건 웬걸~하나하나 깊이있게 들어가보니 얼마나 통찰력있는 글들이고말씀들인지 모르겠다. 깔끔한 필체, 폭넓은 논의, 영적인 메시지가 어우러져서 더욱 풍성하게 성령에 대해서 생각해보는 시간이었다. 이 얼마만에 읽...+ 더보기",5
복음이란 무엇인가,김세윤교수는 복음에 대해서 잘 정의를 하고 있다. 우리나라 기독교인들이 많지만 복음도 나름대로 알지만 체계적으로 알고 있는 사람은 드물 것이다. 이 책은 그런분들을 위한 책이다. 복음의 정의에 대해서 사도들이 말한 복음과 하나님께서 말한 복음이 다르다고 하는데 왜 이런 오류가 발생하느냐에 대해서 잘 나와있다. 하나님의 나라는 언제 오는가?에 대해서도 잘 나와있다. 그는 이렇게 말한다. 지금 하나님 나라가 도래 되었다. 하지만 아직 완성은 되지 않았다. 예수그리스도가 다시 오실때 완성될 것이다. 그럼 지금 어떻게 하나님의 나라가 도래...+ 더보기,5
복음이란 무엇인가,"8. ‘복음이란 무엇인가’ 김세윤, 두란노한마디로 좋은 책이다. 요즘 복음에 대한 잘못된 상식, 아니 적어도, 한국 교회가 지닌 잘못된 사고를 잘 짚어 내고 있다. 구원은 분명 은혜다. 우리쪽에서 어떻게 할 수 있는 부분이 아닌, 하나님의 전폭적인 사랑에 의한 완전한 은혜이다. 하지만, 그 구원의 일방적인 계약에 있어서, 한쪽 계약 당사자인 하나님은 그 할 일을 다 했다면, 다른 한쪽인 인간은 그 구원에 반응해서 하나님의 주권을 인정하고 순종해 감으로써 그 계약이 완성된다. 즉 하나님을 주인으로 섬기고 순종하는 삶이 동반되지 않는 ...+ 더보기",5
복음이란 무엇인가,"한국이 낳은 세계적인 석학인 김세윤 교수의 복음과 하나님 나라에 대한 강의집이다. 한국에서 김세윤 교수 만큼 열정적이고 진지한 학자는 찾아보기 힘들다. 이 책은 김세윤 교수가 한국 교회에 꼭 들려주고 싶어하는 복음의 본질에 관한 내용들 담고 있다. 복음은 기독교의 근간이다. 그러나 아이러니하게도 복음에 대해 바른 이해를 가지고 있는 기독교인들은 아주 드물다. 저자는 복음을 하나님 나라의 관점에서 설명하고 있다. 하나님 나라는 구약에서 부터 신약에 까지 일관되게 진술되고 있는 내용이요, 성경이 가장 중요한 주제 중의 하나...+ 더보기",5
복음이란 무엇인가,2005년도 학생회 교사로 헌신하고 있을 그 해 추석즈음에 학생회 전도사님으로부터 선물 받은 책이다. 당시 받자마자 가벼운 통독으로 읽긴 했지만 읽은 후 머리 속에 하나도 남아 있지 않음을 느꼈던 기억이 난다. 깊이 있는 내용인 만큼 읽는 이의 자세에도 깊이가 있어야 했는데 그저 문자만 주욱 훑은 것이 원인이었다. 2년여의 시간이 흘러 책장 한구석에 꼽혀 있던 이 책이 내 눈에 들어왔고 주말을 기회삼아 재차 읽을 수 있었다. 신학의 대학자가 쓰신 책 답게 평범한 여...+ 더보기,4
고린도전서,"고린도전서의 최고의 주석, 최고의 신약 학자에게서 듣다.",4
고린도전서,"고린도교회를 향한 하나님의 비전과 꿈, 복음주의학자에게서 듣다.",5
미술관이 살아있다 7 : 위대한 왕 다윗,어린 다윗이 형들에게 음식을 가져다주라는 아버지의 심부름으로 전쟁터에 가게 되었다. 그곳에서 골리앗이 하나님과 이스라엘을 모독하는 것을 본 다윗은 자신이 직접 골리앗과 싸우겠다고 용감하게 나섰다. 다윗은 어린 나이에 골리앗을 이기고 사울왕과 백성들에게 인정받았다. 그리고 이미 선지자를 통해 이스라엘의 왕이 될 것이라는 예언을 듣고 기름 부음도 받았다. 하지만 다윗이 이스라엘의 왕이 되는 길은 험난했다. 자신을 끊임없이 죽이려는 사울왕을 피해 다니느라 오랫동안 너무도...+ 더보기,5
목사와 설교,"대학교 3학년 때 구입해서신학대학원 1학년 때 완독한 책인데12년 후다시 읽었다.역시 설교학의 고전이다.번역이 매끄럽지 못하고, 강의를 옮겨적인 것이다 보니 가독성을 떨어지지만설교에 있어서 중요한 내용을 잘 담고 있다.오랜 만에 다시 읽으면서 나의 설교를 돌아본다.나의 설교는다행히도로이드 존스가 가르쳐 준 설교에서크게 벗어나지 않는다.그러면서 로이드 존스의 견해에 동의하지 않아서따르지 않는 것도 있다.",4
목사와 설교,"본서는 설교학 분야의 고전에 해당되는 책이다.저자는 역사적 칼빈주의에 입각하여 복음주의적 바탕, 영적인 예리함, 통찰력이 뻔뜩이는 위대한 설교자이다. 아마 20세기 최고의 설교자라고해도 결코 지나침이 없을 것이다. 본인의 40여년에 걸친 목회사역과 설교사역을 담아 본서를 저술하였다. 이 책은 단순한 책이 아니라 설교의 혼이 담긴 책이다. 신학생들은 반드시 읽어야 하며 목회자들은 수시로 읽으며 설교자로서의 자신의 자아상을 세워 나가는 기준으로 삼아야 할 것이다. 본서는 설교 사역의 영광을 깨닫게 하는 책이다.설교학의 백미로서 적극 추...+ 더보기",5
"충만한 삶, 존엄한 죽음","삶과 죽음에 대해 직설적이자 현실적으로 접근한 책! 죽음을 앞둔 환자 본인을 대하는 태도와 아픈 이를 돌보는 가족들과그 구성원들의 마음을 헤아리는 방법적인 요소들을 많은 사례로 알려준다~ 문화적 차이를 이해할 수 있는 부분과 공감, 동조되는 부분, 죽음을 바라보는 시선에 대해 알 수 있다!",3
"충만한 삶, 존엄한 죽음","『하나, 책과 마주하다』다른 것은 몰라도 이 한 가지는 확실히 압니다. 원하는 것을 전부 얻지는 못할 것입니다. 하지만 정말로 필요한 것은 항상 얻을 것입니다. _저자 「엘리자베스 퀴블러 로스」세계 최초로 호스피스 운동을 일으켰던 저자는 병원에서 죽음을 앞둔 환자들의 정신과 진료를 맡았었다.그 경험을 바탕으로 그녀는 삶과 죽음에 대한 자세, 생각들을 수많은 강연회와 책들에 녹여냈다.(내 기억으론, 타임지에서 선정한 20세기 사상가 중 한 명으로 알고 있다.)그렇게 나는 「인생 수업」과 「상실 수업」에 이어 ...+ 더보기",5
"충만한 삶, 존엄한 죽음","세상 그 무엇도 한 면만 있지 않습니다. 죽을병에 걸릴 수도 있고, 참을 수 없는 고통으로 괴로워할 수도 있고, 이야기 나눌 사람 하나 없을 수 있습니다. 아직 제대로 살아보지도 못했는데 이렇게 죽어야 한다니 너무너무 억울하고 원통할 수도 있습니다. 그럴 때 다른 면을 보세요. 그 순간 여러분은 여태 끌고 다니던 공허함을 단박에 던져버릴 수 있는 소수의 특혜자가 될 것입니다. 그렇게 한다면 여러...+ 더보기",5
"충만한 삶, 존엄한 죽음","이 책의 저자인 엘리자베스 퀴블러 로스는 스위스 출신의 정신과 의사이며 호스피스 운동의 선구자로 평생 죽음에 대한 연구를 멈추지 않았다. 이 책은 그중 뛰어난 통찰을 담은 네 번의 강연을 선별하여 담은 강연집이다.​​죽음을 맞닥뜨린 사람들은 자연스럽게 삶에 대한 철학적인 고민을 할 수밖에 없다. 남은 삶을 어떻게 살아야 할 것인지, 자신이 겪는 고통이 어떠한 의미가 있는지 절실한 마음으로 고민한다. 죽음을 앞두고 마무리 짓지 못한 문제를 해결하려 하는 사람들은 그 과정에서 진정한 삶이 무엇인지 깨닫기도 한다. 죽음을 앞둔 사람들과...+ 더보기",5
"충만한 삶, 존엄한 죽음","『충만한 삶, 존엄한 죽음』, 엘리자베스 퀴블러 로스 지음, 장혜경 옮김. 갈매나무. 2020. 은 ‘죽음학’의 대가이자, 우리에게 (2006, 이레)의 작가로 더 잘 알려진 엘리자베스 퀼블러 로스가 “죽음”에 대한 강연한 내용을 엮어 낸 책이다. 죽음은 나쁜 것이 아니라 아름다운 것입니다. 걱정할 필요가 없습니다. 죽음 걱정은 접어두고 오늘 무엇을 할 것인가 고민해야 합니다. 오늘 매사에 가장 윤리적인 결정을 내린다면, 행동 뿐 아...+ 더보기",5
"충만한 삶, 존엄한 죽음","우리 시대의 품위 있는 삶, 그리고 두려움 없는 죽음에 대하여P73 불치의 병을 앓는 아홉 살 아이는 늙은 현자입니다 고통을 겪은 아이, 사춘기가 되기 전에 신체의 사분면이 이미 아주 아픈 상태인 아이는 모두가 늙은 현자입니다 신은 인간을 정말로 놀랍게 창조하셔서 보통은 사춘기가 지나야 형성되는 영성의 사분면이 그런 경우엔 일찍부터 발달하여 손상된 신체의 능력을 메워준답니다 그래서 죽음을 앞둔 꼬마들은ㅡ여러분이 이런 상징적인 표현을 허락하신다면ㅡ 아주 늙은 현자랍니다 온실에서 자란 건강한 아이들보다 훨씬 더 지혜롭지요그래서 우리는 ...+ 더보기",5
"충만한 삶, 존엄한 죽음",죽음학의 대가 《인생수업》의 작가 엘리자베스 퀴블러 로스가 들려주는 네번의 강연 강연 녹취록을 기틀로 하여 한권의 책이 만들어졌다.총 4편의 강연속에 죽음에 대한 저자의 이야기가 앞에 청중을 두고 말하는 것처럼 진행이 되고 청중의 반응이 괄호 안의 지문으로 표시가 되어 현장의 소리가 들리는듯한 느낌이 나는가 싶더니 중간 이후부터는 환청이 들리는듯 했다.엘리자베스 퀴블러 로스는 죽음에 대한 전문가로 유명한 사람이라고 하는데 난 처음 접하는 분이다.죽음은 지금도 사실 입에 올리기 조심스러우며 그녀가 활동하는 1960년대에는 ...+ 더보기,5
"충만한 삶, 존엄한 죽음","p.81. 하지만 여러분에게 닥친 그 어떤 것도 정말로 나쁜 것은 없습니다. …(중략)…여러분에게 닥친 나쁜 일은 몯 여러분에게 주어진 기회요,가능성입니다. 성장하고 성숙할 수 있는 기회이지요. 성숙은 지상 모든 존재의 유일한 목표입니다. ​p.185. 성숙할수록, 발전할수록 더 많은 것을 얻을 겁니다. 다만, 바란다고 해서 얻는 게 아니라 준비가 되었을 때 얻을 것입니다. ​인간의 죽음에 대한 연구에 일생을 바친 저자 엘리자베스 퀴블러 로스(ElizabethKubler-Ross)는 미국 시사주간...+ 더보기",5
"충만한 삶, 존엄한 죽음",최근에 책을 읽으면서 이렇게 울어본 적이 있을까.원래도 눈물이 많지만 이 책 한 권을 끝까지 읽는 건 정말 힘들었다.눈물이 멈추지 않았기에 마음을 추스르고 다시 읽기까지 꽤 오랜 시간이 걸렸다.어린아이들이 부모의 죽음을 받아들이는 상황을 읽기만 해도 숨이 턱턱 막혔는데빨리 하늘나라로 데려가 달라는 죽음을 앞둔 어린 소녀의 기도는 참을 수가 없었다.하루라도 더 곁에 두고 싶은 부모들의 간절한 기도와아직 죽음을 잘 모르지만 이 상황이 싫기만 한 어린 동생들의 투정까지무엇 하나 그냥 지나칠 수 없었다.죽음을 받아들이는 게 자연스러운 감정...+ 더보기,5
"충만한 삶, 존엄한 죽음",이미 국내에 여러 책이 소개되면서 죽음학의 대가로 불리는 엘리자베스 퀴블러 로스의 신간이다. 네번의 강연내용을 담았고 큰 챕터 네 개에 각 강연이 배정되어 있다. 이 책을 읽으며 정말로 나는 죽음에 대해 몰랐고 관심도 없었다는걸 깨달게 되었고 어떤 대목에서는 놀랍고 완전히 새로운 개념을 배우는 기분이었다. 특히 죽음은 고치에서 나비가 되는 과정이란 말은 충격이었다.&nbsp...+ 더보기,5
"충만한 삶, 존엄한 죽음","죽음을 앞둔 사람들에 대한 이야기들을 들을 수 있었다.그리고 그 아이들과의 겪었던 이야기들과 느낀것을 이야기하고 있다.아이들의 이야기가 많았는데 아이들이 죽음을 앞두고 있다는 걸 알고 있다는 것에도 놀라웠지만 형제,자매인 아이들도 죽음에 대해서 알고 있다는것도 놀라웠다.어리다고 모를거라고 생각했는데 다 알고 있었다.그리고 솔직하다는 사실도 알게 되었다.아이이들이 오히려 더 느끼고 표현할 줄 아는 모습을 보면서 숨길 필요가 없다는 것을 알게되었다.아이와 아직 죽음에 대해서 이야기를 나눠본적은 없는데 주변의 죽음을 몇 번 본적은 있다....+ 더보기",5
"충만한 삶, 존엄한 죽음","내가 생각하는 충만한 삶, 존엄한 죽음은 내 운명대로 살다가 편안히 잠을 자면서 생을 마감하는것을 항상 꿈꿔왔다. 내가 생각한대로 죽음을 맞이할수 있다면 큰 축복이라고 생각한다. 왜냐하면 삶과 죽음은 떼어놓을수 없는 단짝친구이며, 죽음은 항상 내 주변에 맴돌기 때문이다. 그래서 하루하루 최선을 다해서 살아가려고 노력한다. 이 책은 죽음 전문가로 유명한 강의를 엮은책이다. 죽음을 함부로 입에 올리수 없었던 1960년대에 미국에서 처음으로 죽음을 주제로 강연을 하고, 죽음을 앞둔 사람들과 그 가족을 도와 편안한 임종의 길로 인...+ 더보기",5
"충만한 삶, 존엄한 죽음","충만한 삶,존엄한 죽음엘리자베스 퀴블러 로스 지음장혜경옮김갈매나무죽음을 앞둔 사람들에게서 삶의 의미를 배우다.인생 수업의 작가의 책이라 더 신중하게 읽었다.많은 생각을 하게 되고 어떻게 살아야 함을 알게 해주는 책이다.난 할머니의 임종을 마주한 적이 있다.뇌출혈로 쓰러져 아무것고 하실 수 없는 동안 진정으로 내가 해 드릴 수 있는 것은 하루 빨리 편하게 잠드시길 바랬다. 임종 당일날에도 난 할머님의 임종이 다가 옴을 느끼고 편하게 보내드리려 했다. 깨끗하게 온 몸을 닦아 드리며 편히 쉬세요. 고생 많으셨습니다. 꼭 손을 잡아 드리고...+ 더보기",5
"충만한 삶, 존엄한 죽음","정신과 의사이자 #호스피스 운동의 선구자이며, 인간의 죽음에 대한 연구로 평생을 보낸 #죽음학 권위자 #퀴블러로스 가 1980년에서 1985년 사이에 했던 네 번의 강연을 생생하게 담은 강연집이다.이 책은 충만한 삶을 살기위해, 존엄한 죽음을 맞기위해 어떻게 해야 하는 지에 대해 이야기하고 있는데, 죽음을 앞둔 사람들과 그 가족들, 그들을 도우고자 하는 사람들, 나아가 언젠가는 죽게 될 우리 모두를 위한 안내서라 할 수 있다.* 아이를 둔 엄마나 아빠가 죽음을 앞두고 있다면 그 사실을 아이에게 알려야 할까? 다가올 형제의 죽음을 아...+ 더보기",5
"충만한 삶, 존엄한 죽음","2007년에 “인생수업”이란 책으로 처음 만났던 엘리자베스 퀴블러 로스1976년부터 1989년까지 있었던 그녀의 8개의 강연을 기초로 품위 있는 삶과 죽음에 관해 4가지의 강연으로 엮은 새로운 신간이 나왔다.시선을 사로잡는 그라데이션 표지의 ‘충만한 삶, 존엄한 죽음’최근 상황이 상황인지라, 코로나19로 목숨을 잃는 사람들을 숫자로 접하면서, 갑자기 예기치 않은 전염병으로 인해 죽음을 맞이하는 사람들도 이 책에 쓰여진 사람들처럼 죽음을 준비할 시간이 있을까?란 질문을 떠올려보았지만, 이 책에 주로 다루는 사람들, 그리고 그들이 삶을...+ 더보기",5
"충만한 삶, 존엄한 죽음",지금하고 있는 고민은 정말 아무것도 아님을 느끼게 된 책,5
지금이라도 알아서 다행인 것들,"본디 서평을 이렇게 쓰면 안되는 것이지만, 그냥 솔직담백한 내 마음을 이 책의 서평을 핑계로 옮길까 합니다.이 책을 읽기 전 마음이 많이 어지러웠습니다.시기적으로 단지 연말이기에 지난 1년에 대한 회고가 아니라, 새해를 맞이하여 지금까지와는 다른 내 길을 걸어야 할까란 고민때문이였습니다.그래서인지 이 책을 보면서도 글자를 읽되 그 내용이 잘 들어오지 않았습니다.그런데, 아래 문구를 보는 순간 정신이 확 깨는 것 같더군요. 분명 난 많은 망설임의 시간을 가졌고, 힘든 선택을 하였습니다.그러나 그 선택에 대한 확신...+ 더보기",5
지금이라도 알아서 다행인 것들,"지금을 기준으로 생각하면 이 순간은 내 인생의 가장 마지막 날이자, 가장 젊은 날이기도 하다. 그러니 이렇게 늦은 것을 후회할 수도 있고 그래도 아직은 젊다는 것에 희망을 가질 수도 있다. 무엇을 선택할 것인지는 각자의 몫인 셈이다. 그럼에도 이 둘의 공통점을 생각하면 마지막 날인 동시에 가장 젊은 날이니 더이상의 시간을 낭비해서는 안된다는 것이다. 지난 간 일에 연연해서도 안 될 것이며, 아직 다가오지 않은 일에 대해서 미리 지레짐작해 겁먹고 걱정해서도 안될...+ 더보기",5
지금이라도 알아서 다행인 것들,이 책의 저자는 불교방송 라디오 '아침풍경'을 진행하는 원영 스님이다. 저자는 불교대학 교수이자 상담가로 활약하며 수많은 사람의 인생 멘토로 활동하며‘마음 간호사’라는 별칭을 얻기도 한 분이다.사람들은 '스님'이라는 존재를 세상을 초월하여 스스로 고행의 길을 선택한 수행자라는 측면에서 특별하게 생각하는데 본질적으로 '스님'이란 직업도 행복해지기로 결심하고 선택한 또 하나의 길이라고 말한다.스님은 불우하고 불안했던 과거와 수행자로서 겪는 고민을 진솔하게 드러내며 삶의 크고 작은 어려움을 어떻게 건...+ 더보기,5
지금이라도 알아서 다행인 것들,"마음이 차분해지는 책 ! 노란 표지가 참 예뻐서 기분이 좋았고, 읽으면서 또 한 번 힘을 내게 해주는 이야기들을 많이 만나서 좋았다. 어떤 것을 보고 받아들일 때 확실히 부정적인 부분만 보는 것보다는 긍정적인 부분을 보는 게 좋다. 에너지도 덜 빼앗기고(오히려 좋은 에너지를 얻을 수 있고) 불필요한 감정 소비도 하지 않을 수 있고... 하지만 항상 긍정적이고 좋은 부분만 보는 것은 쉽지는 않은 일인 것 같다. 그럴 때 또 이런 이야기들을 꼭꼭 씹어 삼켜야지. ​ 총 4...+ 더보기",4
지금이라도 알아서 다행인 것들,"원영스님 지음. 나윤찬그림. 불광출판사 원영스님 지음. 나윤찬그림. 불광출판사 별처럼 반짝이는 꽃들~ 꽃처럼 살랑이는 별들~ 아름다운 그림이 가득한, 스님의 아름다운 이야기책입니다. ​ ​ 이라는 큰 제목에 (인생을 좋은 쪽...+ 더보기",5
독서꽝에서 독서광으로,독서는 신앙생활이다. 예배 참석만이 신앙생활이 아니다.일상이 예배와 분리되는 것이 아니라 일상이 예배여야 한다고 말한다. 마찬가지로 독서가 신앙생활이다.- 독서꽝에서 독서광으로 중 -크리스천이 왜 독서해야하는가? 그 질문에 답을 주는 책입니다.,5
독서꽝에서 독서광으로,독서를 통해서 점점 다운되고 변방으로 밀려나는 교회를 살리고자하는 저자의 열정이 가슴에 해머질을 한다.이 책을 읽은 독자들이 독서 광으로 변화기를 기대해본다.,5
독서꽝에서 독서광으로,최고입니다. 내 삶을 바꾸는 책이었습니다.주저하지말고 집어서 읽으시길 바랍니다.이 책을 읽고 인생의 터닝포인트가 생겼습니다.매일 1권의 책을 읽고 있습니다저는 독서꽝이었습니다. 독서광으로 다시 태어날겁니다. 리더는 리더입니다.,5
독서꽝에서 독서광으로,"이방선교를 위해 인문학에 정통한 바울을 선택하셨던 것처럼, 나와 다른 문화와 생각을 가진 세상과 대화하고 선한 영향력을 끼치는 능력이야말로 이 시대에 가장 필요한 그리스도인의 능력일 것이다. 세상속의 그리스도인으로 우뚝 서기를 소망하는 모든 그리스도인에게 일독을 권한다.",5
독서꽝에서 독서광으로,이 책은 솔직한 자신의 경험담과 여러 책들을 인용하며 그리스도인이 왜 책을 읽어야 하는지를 때로는 어르고 달래고 때로는 사정하고 때로는 으름장을 놓아서 결국 독자에게 책을 읽겠다는 항복을 받아낸다. 강추!,5
독서꽝에서 독서광으로,"한국 교회에는 독서 운동을 하는 사역자나 단체가 있습니다. 크리스찬북뉴스(대표 채천석 목사)도 독서 운동에 기여하려고 헌신하는 단체입니다. 한국 교회에서 독서 사역자로 생각되는 분은 송광택 목사(크리스찬북뉴스 고문)와 안산에서 사역하는 장석환 목사(하늘기쁨교회, 하늘기쁨목회자독서회)입니다. 김도인 목사(주담교회 담임, 아트설교연구원 원장, “독서 운동과 함께 (치열하게) 설교 연구 활동”을 하는...+ 더보기",5
독서꽝에서 독서광으로,"#독서꽝에서독서광으로 #김도인지음 #목양 독서가 삶이고, 독서가 그리스도인에게 얼마나 중요한지, 목회자에게 독서만큼 중요한 것이 없다며 외치는 그는 목회자를 대상으로 설교글쓰기 강의와 글을 쓰고, 책을 꾸준히 집필하고 있는 노력하는 목회자이자 작가이다. 제목에서처럼 저자는 독서꽝이었다. 남다른 독서력으로 하루 1독을 하기도 하며 지천명 때 독서를 시작해 10년만에 5,000권을 읽었다. 저자의 글을 읽으면 독서에 대한 열정이 정말 가득하다. 내가 책을 읽는 속도나 마음이 뒤쳐질라치면 저자의 글을 한번 읽고나면 다시 그 열정에 불을...+ 더보기",5
독서꽝에서 독서광으로,독서‘꽝’에서 독서 ‘광’으로 #김도인_저몇 년 전에 설교 목사로 섬긴 적이 있다.새로운 목회자를 기다리는 교회였다.한 달간 설교로 섬기기로 하였다.한 달이 지난 후에 다시 연장해서 섬겨주기로 했다.그때 교회 리더들이 저에게 지난번에 계시던 목사님에 대해 이야기를 하였다.‘목사님이 토요일인데 설교를 준비하지 않고 텔레비전만 보고 있더라’는 것이다.설마 그랬겠는가? 그렇지만 이 책을 읽으면서 오버 랩이 되어서 아쉬운 마음을 금할 길 없었다. 기독교인이 되었다는 것은 독서가가 되었다는 뜻? 타락한 가톨릭에 반기를 든 마르틴 루...+ 더보기,5
독서꽝에서 독서광으로,"복사뼈에 세 번이나 구멍이 났던 정약용손가락이 움직이지 않을 만큼 절실하게세상을 어떻게 살고, 어떻게 복음화하나? “내가 그동안 독서를 하지 않았던 것은 독서와 설교의 상관성을 몰랐기 때문이다.”(P.290) 다산 정약용은 18년간 강진에서 유배생활을 했다. 두문불출하며 독서에 전념했고 복사뼈에는 세 번이나 구멍이 났다. 저자는 지난 10여 년간 5천여 권의 독서를 감행했다. 눈이 충혈 될 정도로 독서했고 울면서 기도하면서 독서했다고 했다. 읽은 책을 손가락이 움직이지 않을 정도로 노트북에 입력했다고 했다.&nbs...+ 더보기",5
이야기 뵈뵈,"1. 추천존 바클레이(John M. G. Barclay)의 (2020)(=감은사 2021 출간예정)의 CHAPTER 13 각주에 보면 라는 책이 등장한다. 이야기(Story)라는 단어와 여성 리더십에 관한 내용으로 언급된 뵈뵈(Phoebe)의 동시 등장은 호기심을 자극했다. 수많은 책들 중 바클레이의 손에 쥐어지고, 그의 저서에 참고할만한 책으로 소개할 될 정도면 믿고 볼 수 있는 책이 분명하다고 생각했다.​2. 출판사그렇게 책이 스...+ 더보기",5
이야기 뵈뵈,"선물 받아서 읽었는데, 너무 재밌게 휘리릭 읽어서 처음으로 리뷰 남겨봐요. 이젠 바울 서신서를 읽을 때, 문안에 등장하는 인물들의 이름을 볼 때, 이 책을 읽으며 상상한 얼굴들과 배경이 떠오를것 같아요. 상처받은 뵈뵈라는 한 인간의 회복을 중심으로 로마의 초대교회의 여러 인물들을 입체적으로 다루었어요. (브리스가와 아굴라가 누군지 드디어 알게됨!) 반전도 많고 묘사도 찰져서 재밌게 읽히고, 로마서와 바울서신서의 글들을 주인공들이 인용하는데 그 성경구절들이 묵직하게 다가왔어요. 강추!",5
[POD] 성서의 문학유형과 설교,온라인 서점을 이용하고부터 생긴 풍속도다. 어떤 책은 머리말만 읽고 내동댕이친다. 책 내용이 기대에 못미치기 때문이다. 어떤 책은 참고문헌까지 읽고 책꽂이에 고이 모셔둔다. 제목을 볼 때마다 내용을 기억해 내려고 애쓴다. 어떤 책은 눈에도 잘 띄고 손에도 잘 닿는 곳에 놓아둔다. 이런 책은 얼마 지나지 않아 다시한번 읽고 싶어진다. 처음에 느꼈던 진한 감동이 은빛 물결이 되어 어김없이 밀려온다. 나는 책읽기의 즐거움에 흠뻑 빠진다. 이런 책은 서평도 쓰고 동료에게도 권한다. 이 보다 더 높은 단계도 있다. 자신만 알고 싶은 책말이다...+ 더보기,5
주와 함께 하라,"가난한 시골마을에서 태어나고 자란 그가 하나님을 만나고 어찌보면 허황되리만치 원대한 세 가지 꿈 (박사학위를 받고, 큰 회사의 사장이 되고, 100개의 교회를 세우는)을 꾸고 이루어 가는 과정을 적은 책들 중 가장 최근 출판 된 책이다. 앞선 책들처럼 여전히 그는 열정적이며 열정의 하나님의 일하심에 적극적으로 순종하며 동행하는 과정 중의 놀라운 일들을 뜨겁고 벅찬 감동으로 고백하고 있었다. 지난 12월 초 이 책의 저자인 채의숭 장로님이 우리교회에서 간증을 하셨었다. 그때 그분의 친필사인을 받고 싶어 구입한 책. ...+ 더보기",4
성철 평전,백일법문도 50주년이라고 들었습니다 큰스님의 평범한 가르침인 부처님 법대로 살자 자기를 바로 봅시다 자기를 속이지 맙시다 남을 위해 기도합시다 듣기만 해도 마음을 먹먹하게 합니다 평범한 진리 속에 큰 가르침과 울림이 있어 그 많은 사람들이 지금도 큰스님을 따르나 봅니다,5
성철 평전,부처님 법대로 살자고 다짐하며 봉암사에서 결사를 한 지가 올해로 꼭 70주년이네요.성철스님을 존경하는 불자로서성철스님을 객관적으로 이해할 수 있는평전이 나왔다는 것은 굉장히 의미있는 일이라고 봅니다.이 책을 계기로 한국불교가보다 바람직한 방향으로변화되길 기원합니다.,5
성철 평전,1029참사(이태원)를 겪으며 허망한 마음에 쩔쩔매다... 희망을 찾고 싶어서 읽기 시작했습니다. 위로받았습니다. 희생자들의 명복을 빕니다.,5
성철 평전,책을 읽는 중간 중간 두번에 눈물이 났다어떻게 저렇게 살 수 있다는 말인가..내가 책을 보고 눈물을 흘린적이 있던가..!!삶의 방향을 제시 해준 책꼭 불자가 아니더라도..왜.. 성철스님인지..왜 큰 스님인지 말해준다..산은 산이요 물은 물이요...조금은 아주 조금은 그 뜻을 알 것 같다...,5
설교자와 묵상,수많은 시행착오를 거치며 각고의 노력 끝에 완성된 저자의 묵상법을 통해 성도들의 반응이 달라지는 것을 보고 싶다면 꼭 사서 그렇게 해보시라. 나도 변하고 성도도 변화는 것을 경험할 것이다.,5
설교자와 묵상,"설교자에게 묵상에 대한 절대적 필요성을 강조하며 왜? 무엇으로? 어떻게?의 해답을 말해준다.저자는 설교자와 함께 한 걸음씩 내딛으며 묵상에 대한 시작과 끝으로 걸어가준다는 느낌이든다.신학과 인문학의 만남으로 들려지는 설교, 적용으로 하나님을 위한 삶의 변화가 있기를 추구한다. 굿!!",5
설교자와 묵상,#설교자와묵상 #김도인지음 #CLC #창조적성경묵상을하라 설교와 묵상은 하나라고 해도 과언이 아니다. 청중이 들리는 설교를 하려면 창조적 성경묵상을 하라. 저자가 묵상을 시작하게 된 이유는 청중에게 설교할 때 전달되어지는 설교를 하는 설교자가 되고 싶어서 묵상과 설교를 연결하는 묵상법을 만들게 되었다고 한다. 목차로는 제1장 묵상과 설교는 하나다. 제2장 묵상을 힘있게 한다. 제3장 창조적 성경묵상을 하라. 제4장 묵상에서 설교로 어떻게 연결할 것인가. 로 되어있으며 저자의 오랜 연구와 실습에서 기존의 큐티와 다른 창조적 성경묵상...+ 더보기,5
설교자와 묵상,"설교자의 고민 중 하나는 청중의 변화이다. ""만약에 청중에게 변화가 일어나지 않는다면 묵상에 문제가 있음이다. "" p.17. 저자는 이 고민의 해결책으로 묵상을 강조한다. 묵상을 통해 자신과 청중의 변화를 원하는 설교자들에게 묵상의 좋은 길잘이가 될 것이다. 이 좋은 책을 한 번만 읽지말고 여러번 읽고 정독하기를 바라는 마음이 간절하다. 읽으면 읽을 수록 자신의 설교가 업 그레이드 될 것이다. 무라카미 하루키는 자기의 독서법을 독자에게 은밀하게 소개했다. ...+ 더보기",5
설교자와 묵상,"설교자에게 묵상은 가장 기본적인 시작이면서, 가장 무거운 짐이기도 하다. 묵상이 잘 되어야 바른 설교가 나올 수 있음을 설교자는 누구나 알고 있다. 그러나 바쁜 목회 환경 속에서 묵상을 대충 적당히 하고자 하는 마음은 에덴동산에서 하와의 유혹처럼 넘어가지 않을 수 없는 매력이 있다. 많은 이들이 이 유혹에 넘어가 묵상을 철저히 하지 못하고 마침내 평범한 설교에 머물고 만다. 은 이런 관념을 깨는 망치소리와도 같다. 결국 치열하고 깊이 있는 묵상만이 감동을 주는 설교를 만들어낼 수 있음을 강조한다. 알고 있...+ 더보기",5
교회에서 쉬쉬하는 그리스도교 이야기,정직한 사람이라면 기독교인이라도 고개를 끄덕일**,5
교회에서 쉬쉬하는 그리스도교 이야기,신앙을 갖기 전에 읽으면 신앙을 평생 갖지 못하게 될 것이다. 하지만 개인적인 신앙 경험이 충만한 사람이 읽으면 자신의 신앙이 어느 정도 내구성이 있는지 알게 될 것이고 궁금해하던 것들이 해결되면서 더 정치한 신앙인이 될 것이다. 다 떠나서 일단 재미있다.,4
교회에서 쉬쉬하는 그리스도교 이야기,"'교회에서 쉬쉬하는 그리스도교 이야기'는 정말 교회에서는 쉬쉬하면서 꺼내지 말아야 할 이야기들이 수록되어 있다.'만행'의 저자인 현각스님은 한때 기독교 학교에서 왜 장애인이 태어나느냐고 질문했다가 황당한 대답을 받은 기억이 있다고 하는데, 개인적으로도 그러한 경험이 몇 번 있다. 그렇게 때문에 교회에 가서는 그냥 입다물고 기도나 하고 찬송을 부르는 게 상책임을 알게 되었다.만약 우리 동네의 교회에 가서 '교회에서 쉬쉬하는 그리스도교 이야기'의 내용들을 꺼낸다면 어떻게 될까? 사탄의 하수인으로 화형을 당하지는 않을까?우리나라는 유독 ...+ 더보기",3
교회에서 쉬쉬하는 그리스도교 이야기,"읽는이가 크리스트교신자라면 상당한 혼란을 안겨줄것이다. 적어도 나는 그랬다. 그리고 믿음이 흔들릴때 이 책을 본다면 아마 더 혼란스러워질 것이다. 교회의 이면, 크리스트교의 이중적인 면들, 잔인한점등등을 다루고 있다. 무서운 책이다. 그리고 어려운 책이다. 저자가 많이 조사를 하고 책을 썼음을 알수 있다. 나는 정말 어렵게 읽었는데 성경구절 나오면 하나하나 찾아보면서 읽었는데 절망이였다. 내가 믿는 종교가 이렇게....잘 읽어야 할 책이다. 대충읽으면 저자의 논리에 그냥 먹혀버린다.조심하지 않으면 그냥 삼킬 기회를 주니 주의해...+ 더보기",5
교회에서 쉬쉬하는 그리스도교 이야기,교회에서 절대 언급하지 않는 이야기를 저자가 엮은 책이다. 교회라는 커다란 사업장에서 공급자(=목회자)와 수요자(=신도)가 결코 인식해서는 안되는 이야기들이 주를 이룬다. 기독교라는 재밌는 꿈을 주고받는 사람들이 읽으면 불쾌해 진다. 진실을 알고싶은 사람들에겐 미소가 지어진다. 다양한 사진자료와 더불어 쉽게 풀어쓴 작가의 열정이 돋보인다.,4
기독교 변하지 않으면 죽는다,탈레반에 피랍되어 있는 23명의 한국 선교봉사단원들 중 2명은 벌써 운명을 달리했고 2명의 여성이 석방되어 한국에 도착했다. 그러나 이들을 보는 한국 사회의 시선은 차갑다 못해 매정하며 소름끼치도록 잔인하다. 연일 인터넷 악플로 이들을 비난하고 기독교를 개독교로 칭하면서 공격을 퍼붓고 있다. 이러한 시점에서 한국 교회를 돌아보고 기독교를 돌아볼 수 있게 해주는 책이다. 저자인 스퐁 감독은 미국 성공회 목사로서 미국에서 가장 논쟁적인 인물로 불려지고 있는 인사로 소개되고 있다. 스퐁은 현재의 기독교인들을 교회의 교인이면...+ 더보기,4
기독교 변하지 않으면 죽는다,"내가 교회를 다니고 있다는 것을 아는지.....성경공부 발제가 있어 (한국기독교연구소)를 읽는다.처음에는 그저 그런 책이겠거니 생각했는데, 아니다. 도전적인 책이다.인격적인 하나님을 부정하고, 천국과 지옥을 부정한다. 그동안 전통적으로 전승되어온 기독교 신앙의 대부분의 전제는 무너졌다고 고백한다.그런 의미에서 지금 기독교를 믿는 사람들은 유배된 사람이라고 정의한다.무신론적 맥락에서 기독교의 가능성을 고찰한다. 그리고 평온함에 도달한다.글쓴이가 교회밖의 사람이었다면 놀랄만한 일이 아니다. 글쓴...+ 더보기",4
"바울, 마케도니아에 가다","우리는 다른 사람에게 무관심할 때가 많습니다. 그들이 들려주고 싶어 하는 이야기를 주의 깊게 듣지 못하여, 오해를 할 때가 종종 있으니까요. 그들의 진심을 충분히 느끼지 못하고, 그들이 말하고자 하는 바를 이해하지 못할 때가 많습니다. 상대방의 의도를 곡해하고, 내가 원하는 바대로 상대를 재단할 때도 있습니다.지금 현재 마주 보고 앉아 이야기를 나누는 사람과도 완벽한 의사소통은 힘듭니다. 눈을 마주치고, 마음을 열고, 에너지를 쏟아야만 소통이 시작됩니다. 2000여 년 전, 우리와 다른 문화와 세계관을 가진 사람과의 대화는 더욱 힘...+ 더보기",5
윤회와 인과의 실제 이야기,윤회의 진실과 인과에 대해 실제 사례를 중심으로 소개하고 있어 재미있고 교훈적이다.,5
스펄전 구약설교노트,"어떤 설교자들은 목발에 의지해서 설교를 합니다. 그들은 남이 준비한 설교를 거의 읽어 내려갑니다. 그러나 이것은 정말 절름발이 작업이 될 것입니다. 우리들 가운데 대부분은 지팡이가 필요하고, 필요할 때 가끔 의지하곤 합니다. … 이제 나는 이 지팡이를 자신의 설교 여행에서 필요하다고 느끼는 사람들에게 제공하고자 합니다(5).​목회자에게 설교 준비만큼 중요한 것도 없지만, 설교 '준비'만큼 우선순위에서 밀리는 일도 없을 것입니다. 현실적으로 설교의 가장 큰 어려움은 설교를 '준비할 시간'이 절대적으로 부족하다는 점일 것입니다. 모든 ...+ 더보기",5
스펄전 구약설교노트,"크리스천 여러분은 명설교가하면 누가 떠오르십니까? 여러 인물이 있겠지만, 누가 꼽든 반드시 열손가락 안에 들어가는 희대의 설교가가 있습니다. 바로 찰스 스펄전 목사님 입니다. 찰스 스펄전 목사님을 설명하는 가장 중요한 단어는 바로 설교입니다. 찰스 스펄전 목사님은 설교로 한 영혼을 변화시키는 데 평생을 던지신 분입니다. 찰스 스펄전 목사님께서 소천하신지 한세기가 훌쩍 넘게 지났지만, 아직까지도 찰스 스펄전 목사님의 설교로 많은 영혼들이 주의 품으로 돌아오고 있습니다. 이런 명설교가의 설교에는 어떤 내용이 담겨 있을...+ 더보기",5
스펄전 구약설교노트,"이 책은 보물과도 같은 찰스 스펄전 목사의 설교 노트를 엮어놓은 책이다. 구약과 신약 두 편으로 나뉜다. ​영국의 침례교 목사인 찰스 스펄전은 복음주의적 칼빈주의자로 알려져있다. 말씀 그 자체의 능력이 설교노트만 읽어도 그대로 되살아난다. ​스펄전의 설교노트는 총 264편으로 구성되어 있는데 1~129편은 구약편이고, 130~264편은 신약편이다. 그리고 현대지성의 기독교 라인 CH북스에서 출판한 이 책은 그 순서대로 번역되었다. ​근본적으로 이 책은 목회자들을 위해 쓰여진 책이다. ​스펄전 목사는 서언에서 ""...+ 더보기",5
스펄전 구약설교노트,교회를 다닌적은 없다. 하지만 성경공부를 한다는 친구들 애기는 많이 들은적이 있다 성경은 두께도 만만치 않아 다 읽는게 무척 힘들다는 애기를 들었다. 그럼에도 성경읽기를 쉬지 않고 한다는 친구들을 보면 사실... 좀 의아헸다.. 저렇게까지... 가끔 식당을 가면 성경말씀에 액자를 본적이 있는데 참좋은 글귀가 많다 (물론 성경에 나온 애기 있지만) 세계 기독교 고전이라하여 더 궁금했다. 책에 구성이 이렇다. *서언으로 시작한다.'설교자들의 게으름을 조장...+ 더보기,5
스펄전 구약설교노트,"설교가하면 빠질수 없는 분이 스펄전목사님이다. 그의 설교를 모은 책이 출간되었다. 구약 39권의 말씀중에 129편의 설교가 성경 순서대로 실려있다. 설교자들에게 도움을 주기 위해서 책을 출간했다고 한다. 이 책은 우리가 보통 접할 수 있는 설교집 묶음의 형식과는 다르게 설교를 요약해놓은 형태이고, 마지막에 이해를 돕기 위해서 예화나 도움이 되는 글들이 있어 설교가 어렵게 느껴진 사람들의 이해를 돕고 있다. 초신자들이 읽기에는 조금은 버거울 수도 있다. 내용도 많고, 쉽게 풀어서 섰다기 보다는 요약되어 있는 설교집이라 어렵게...+ 더보기",5
스펄전 구약설교노트,"스펄전 목사가 어느 날 예배 설교를 마치고 단상에서 내려오자 기다렸다는 듯이 한 남성이 찾아와서 스펄전 목사에게 ""목사님! 설교가 정말 은혜로웠습니다. 이런 깊은 은혜의 설교를 준비하시기 위해서 목사님은 몇시간이나 설교 준비를 하시나요?"" 라고 질문했다. 이 질문을 받은 스펄전 목사는 한치의 주저함도 없이 대답했다. ""평생이요!""​본서는 19세기 영국 침례교 목사로서 설교계의 황태자라는 별칭으로 불리웠던 '찰스 해돈 스펄전' 목사의 구약설교를 기록해놓은 저작이다. 총 264편의 신구약 설교를 담아낸 본서는 구약과 신약 ...+ 더보기",5
스펄전 구약설교노트,"교회를 다니면서도 예배 이외에 성경을 읽거나 기도를 하거나 QT를 하지 않아서 일요일 빼고는 기독교인이라고 말하기도 좀 그런 위치에서 한참을 살았다. 생명의 삶으로 QT를 해보기도 했지만 그것 또한 잘 되지 않았다. 그 때에는 성경, 말씀이라고 하면 조금 어렵기도 했고, 하루에 하나씩 날짜가 적혀져 있는 것도 부담스럽기도 했다. 그러던 중에 설교노트라는 제목의 책을 접하게 되어 읽게 되었다. 찰스 스펄전은 기독교에서 꽤나 유명한 목사인 듯 하다. (나는 잘 알지 못하지만) 3대 째 목사를...+ 더보기",5
한눈에 명화로 보는 구약 성경,크리스찬은 아니어서 성경에 대해서는 그리 잘 알지 못하지만 성경이 그리스 신화와 더불어 서양 문명의양대 산맥이다 보니 성경 속 여러 이야기들이 문화 콘텐츠들에 사용되어 성경의 내용을 잘 이해하는 게서양문화를 이해하는 데 큰 도움이 된다. 특히 서양 미술 작품은 성경을 제대로 모른 채 이해한다는 건 상당히 어려운 일인데 그렇다고 무작정 성경을 공부할 수도 없고 하던 차에 구약 성경의 내용을 이를 다룬 미술 작품으로 간략하게 설명한 이 책이 딱 내 취향에 제격이라 할 수 있었다. ...+ 더보기,4
한눈에 명화로 보는 구약 성경,"한눈에 명화로 보는 구약 성경 이 책은? 이 책 『한눈에 명화로 보는 구약 성경』은 성경의 한 부분인 구약 성경을 명화를 통해 읽어보는 책이다. 편자는 이선종, 이 책...+ 더보기",5
한눈에 명화로 보는 구약 성경,"코로나의 기간 동안 교회를 못 갔으니까교회에 못 간 지 이제 1년이 다 되어가는 거네요.그만큼 믿음이 흔들릴까봐 걱정되어주일마다 영상으로 예배에 잘 참여하고 있어요.이번 기회에 성경을 읽어볼까, 필사할까, ... 여러 생각이 많았지만쉽게 도전하지는 못하겠더라고요.그런데, 명화로 보면서 성경을 읽을 수 있는 책이 출간되었다고 하니안 읽어볼 수 없죠. 와우!한눈에 명화로 보는 구약성경 (이선종 편저, 아이템하우스)최고의 성경 입문서!멋진 그림을 통해 성경을 잘 이해하게 되고,성경말씀을 통해 명화의 내...+ 더보기",5
한눈에 명화로 보는 구약 성경,성경은 구약 39권 신약 27권 모두 합해서 66권으로 구성되어 있다. 각 권은 각기 저마다의 특색을 가지고 있어서 어디를 읽어도 독특한 매력을 접할 수가 있다. 그것이 아마도 세상에서 가장 잘 팔리는 책이 성경이라는 것을 입증하는 것이리라. 구약에서는 왕들의 이름과 업적이 담긴 열왕기서가 있는가 하면 선지자들의 이야기들을 담은 사무엘서나 하박국 같은 책도 있고 한 여자의 이야기를 담은 에스더나 룻기 같은 이야기도 있다. 욥기나 요나서는 한 남자의 이야기를 그리고 있고 조금은 야하게 느껴지는 사랑 이야기를 담은 애가서나 ...+ 더보기,5
한눈에 명화로 보는 구약 성경,"명화(名畵)와 함께 읽는 구약 성경 이야기이 책은 성경 중 을 명화와 함께 볼 수 있도록 구성 되어 있다. 세계에서 가장 많이 팔린 책은 단연코 ‘성경’일 듯 하다. 성경은 구약과 신약으로 구성 되어 있으며 총 66권, 1189장으로 되어 있다. 방대한 양만큼이나 입에 담기도 힘든 여러 가지 사건들로 구성 되어 있다. 현재 상식으로 납득이 되지 않는 근친상간, 집단살인, 인신매매 등이 나와 있다. 왜 이런 것들이 성서에 기록되어 있을까? 텍스트로만 보던 성경을 명화와 함께 봄으로써 더욱더 쉽게 이해할 수...+ 더보기",5
한눈에 명화로 보는 구약 성경,"여러분은 세계에서 가장 많이 읽힌 책 성경에 대해 얼마나 알고 계십니까? 성경은 역사적으로 전세계 수많은 지역에서 수많은 국가와 사람들에게 지대한 영향을 끼쳤습니다. 성경을 이해하는 것은 곧 서양사를 이해하는 것과 같고, 더 나아가 세계사를 이해하는 것과도 같습니다. 그런데 이 성경이 애초에 읽는 목적으로 전해지지 않았다는 사실을 알고 계십니까? 글자를 모르는 사람들이 많던 시절, 사람들은 스스로 성경을 읽을 수 없었고 성경을 이해하기 위해선 그림이 필요했습니다. 성당이나 교회를 가득 채운 스테인글라스 그림들과 역사적으로 ...+ 더보기",5
한눈에 명화로 보는 구약 성경,"기독교의 권위 있는 경전(經典)이며 최고의 고전(古典)인 성경 이야기는 서양 화가들에게 언제나 중요한 모티프(motif)를 제공해 주었습니다. ‘한눈에 명화로 보는’이라는 표현이 맘에 쏙 들어와 이 책을 펼쳤습니다. 기존 성경에 익숙해서인지 서술된 이야기는 평범하고 무난합니다. 아마도 성경 내용을 잘 모르는 분들을 염두에 두고 아주 쉽게 풀어놓아서 그럴 것입니다. 그래도 성경을 체계적으로 읽어보지 않은 분들에게는 꽤 유용하겠다 싶습니다. 천지창조부터 시작해, 족장들 이야기, 출애굽, 가나안 정복, 사사들, 사울, 다윗, 솔로몬, 분...+ 더보기",5
한눈에 명화로 보는 구약 성경,성경은 기독교의 경전으로 세계적인 베스트셀러이자 기독교의 전부라고 한다. 당연히 기독교인에겐 필독서이겠지만 분량도 방대하고 많은 상징과 비유로 되어 있어서 그 의미를 제대로 이해하는 것이 쉽지 않다. 그리고 문장도 일상적으로 사용하는 일상어가 아닌 경우가 많아서 성격의 언어에 익숙하지 않은 사람에겐 어렵게 느껴진다. 그래서 이렇게 어려운 성경을 좀 더 쉽게 다가갈 수 있게 이 책에서는 성경의 주요 사건이나 인물을 소재로 그린 명화들을 삽화처럼 사용하여 명화를 통해 성경의 내용과 주제를 시각적으로 쉽게 이해할 수 있도록 ...+ 더보기,5
한눈에 명화로 보는 구약 성경,고등학교때 이런 질문을 받았다. 현재까지 전 세계에서 가장 많이 읽힌 책이 무엇이냐고? 과연 무엇일까 생각했는데 성경이라고 선생님께서 알려주셨다. 교회에 가면 항상 펼쳐놓고 목사님께서 말씀하시던 기억이 났다. 사실 종교에 대한 믿음이 크지 않았기에 성경에 대해 제대로 읽어본적도 없고 진지하게 교회를 다녀본 적도 없다. 하지만 흔히들 베스트 셀러를 말할때 '성경 다음으로 많이 읽힌~'이라는 표현을 자주 사용한다. 그만큼 성경의 위력은 대단하기 때문일 것이다. 굳이 교회를 다니지 않아도 기독교를 믿지 않더라도 상식으로라도 ...+ 더보기,5
한눈에 명화로 보는 구약 성경,성경말씀 중에 구약을 어려워 하는 아이에게 어떻게 하면 말씀을 쉽게 이해할 수 있도록 제대로 가르쳐 줄 수 있을지가 늘 고민이었다. 만화성경을 읽어보길 권하지만 너무 쉽게 표현된 만화를 보고 성경을 읽으면 문장이 더 어렵게 느껴진다고 한다. 이런 고민해결에 도움을 받을 수 있는 책을 발견했다. 글로만 이해하는 것보다 입체적인 그림을 통해 성경을 읽을 수 있는 '한눈에 명화로 보는 구약성경'을 만난건 축복이다.​'한눈에 명화로 보는 구약성경'과 '한눈에 명화로 보는 신약성경'으로 각각 구성되어 있다. '한눈에 명화로 보는 구약성경'은...+ 더보기,5
한눈에 명화로 보는 구약 성경,"이 책은 2020년에 제가 받은 최고의 선물입니다. 많은 책을 읽으려고 노력하지만, 늘 가장 읽고 싶은 책은 성경책이었어요. 죽기 전에 꼭 읽어야 할 책이나, 무인도에 가져갈 책 한 권을 고르라면 마땅히 성경책을 고르겠습니다. 종교적인 이유를 떠나서, 성경 속에는 인간이 배워야 할 삶의 가치와 방향이 들어있기 때문이죠. 하지만 솔직히 성경책을 읽어도 무슨 내용인지 잘 모르겠고 어렵게 느껴졌습니다. 목사님의 설교를 들으면 조금 이해가 쉬워졌지만, 설교로 성경책 전체를 알 수는 없었죠. 그래서 성경 통독이 큰 숙제처럼 느껴졌어요. 이런...+ 더보기",5
한눈에 명화로 보는 구약 성경,"이선종 편저 “한눈에 명화로 보는 구약성경(아이템하우스)”은 명화를 감상하며 성경말씀을 들을 수 있어 풍성한 은혜를 경험케 한다. 신약과 구약을 각각 한 권으로 담았기에 두 권 모두 소장하고 싶어진다. 어릴때부터 들어온 말씀은 특별한 광휘를 띄고 기억 속에 몇 개의 장면을 구축하고 있는데, 위대한 예술가들은 어떻게 해석하고 표현했을지, 사람들에게 어떤 영향을 끼쳤을지 나의 소박한 상상과 비교해보는 일은 신선한 즐거움이었다. 구약편은 창세기부터 에스더까지 총 여덟 개 장으로 정리했다. 각 장은 성경 속 중요한 주제를...+ 더보기",5
한눈에 명화로 보는 구약 성경,#서평 #서평이벤트 #시답잖은뒷말 #팔미호양 #한눈에명화로보는구약성경 . 나는 종교는 없지만 성경에는 관심이 많다. 예전에 읽고 봤던 서양 문학이나 미술에 성경의 어구나 내용이 참 많이 인용되고 그려지기 때문이다. 때문에 좀 더 깊은 이해를 위해서라면 성경을 아는 게 좋겠다고 줄곧 생각하고 있었다. 내가 좋아하는 소설 《빨강 머리 앤》의 이름 끝에 N이 들어가는 앤 셜리는 성경에는 장엄하고 멋진 말들이 많아서 황홀하다고 했다. 하지만 우리의 엄한 마릴라는 내용과 속뜻을 이해해야지 겉모양만 신경 쓰면 어떡하냐고 앤을 꾸짖었다....+ 더보기,4
한눈에 명화로 보는 구약 성경,서양미술의 배경이 되는 가장 큰 2가지을 꼽으라면그리스·로마 신화와 기독교가 아닐까 싶다.작품을 소개하며 그리스·로마 신화 이야기나성경이야기를 하는건 보았지만 반대로성경 이야기를 하며 명화를 소재로 하는 것은이번에 로 처음 보았다. 기독교인이 아니라면 아마 성경 이야기에알러지 반응을 일으키지 않을까 싶다.하지만 명화를 통해 이야기한다면의외로 관심을 가지는 사람이 많을거라 생각된다.어릴 때 한번쯤은 잠시라도 교회 다닌경험이 다들 있을거라 생각한다.하지만 의외로 성경이 예수의 탄생을기준...+ 더보기,5
한눈에 명화로 보는 구약 성경,"나는 어렸을 때 부터 교회를 다녔다. 그리고 매년 마음먹지만 잘 지켜지지 않는 스스로와의 약속이 바로 성경통독, 1년에 1독씩 하는 것이었다. 아무래도 꾸준히 읽는 것도 어려웠고, 특정한 부분으로 넘어가면 진도 나가기가 워낙 어려웠기 때문이다.&nbs...+ 더보기",5
소그룹으로 변화되는 역동적인 교회,소그룹으로 변화되는 역동적인 교회 모든 사람은 혼자서는 살아갈 수 없는 사회적인 존재이므로 공동체를 필요로 한다. 교회는 기존 교인들의 신앙심 강화나 비교인들에의 전도 등을 위하여 소 그룹을 필요로 한다. 즉 모든 구성원 들이 강한 소속감을 지닐 수 있는 의미 있는 관계를 개발하는 것이 교회의 중요한 존재 목적 중에 하나이다 즉 하나님이 선택한 사람들의 모임을 통해 서로를 보살피는 진정한 공동체로 거듭 나야 한다. 이런 공동체의 유지를 위해 교회의 목표를 확실히 하여야 한다. 즉 사람들이 교회활동을 통해 어떠한 사람으로 ...+ 더보기,5
물러서지 마,"이 시대를 살아가고있는 모든 크리스천에게 도전하고싶은, 책! ! 우리는 무엇에 물러서지 않아야 하는지,그러기 위해서는 우리가 어떤 복음의 기준을 가지고 살아가야하는지를 책을 통해서 다시 한 번 질문하고 알아갈 수 있기를 !",5
물러서지 마,"#물러서지마 #데이비드플랫 #dontholdback #래디컬 #두포터 #나를복음으로살게한문장복음은 좋은 소식이다.복음은 주님의 초대이자, 약속이다. 6-7쪽데이비드 플랫의 의 부제는 예수를 온전히 따르기 위하여다. 저자는 교회가 이미 많은 부분에서 타락하고 있음을 숨기지 않는다. 오히려 그렇게 비난받고 신도들 마저 교회에서 발생하는 정치싸움에 휘말려 크게 실망하여 심한 경우 교회를 완전하게 떠나버리는 일이 비일비재한 현실을 숨김없이 말한다. 아메리칸 드림에 이어, 여기에 종교적인 부분을 더해 ‘아메리칸 복음...+ 더보기",5
물러서지 마,"#물러서지마 #데이비드플랫지음 #두란노 #예수를온전히따르기위하여 말의 힘. 글의 힘. 이번에도 제목이 나를 끌어당겼다. 믿음앞에 물러서지마. 힘든일이 너의 앞을 가로막아도 물러서지말고 맞서서 앞으로 나아가봐라고 하는것처럼. 일주일을 본다면 일주일내내 힘든나날 그래도 그 순간순간중에 아주 잠깐 찾아오는 행복과 즐거움이 있는데 그 일주일에서 내가 예수님을 본받으며 살자고 생각하는 건 거짓말보태서 일주일내내라고 할 수 있다. 하지만 그런 실행을 얼마나 하면서 살지는 일주일지나고 보면 고개가 숙여진다. 부정적인 언행, 확인도 안하고 단정짓...+ 더보기",5
물러서지 마,"""오늘날 우리가 교회 안에서 경험하고 있는 깊은 낙심과 환멸과 상처와 의심과 분열은우리 마음속에서 거짓 복음을 받아들인 결과다.하지만 진정한 복음으로 돌아가기 위한 겸손과 용기가 있다면 예수님을 따라 다른 미래로 나아갈 수 있다.""- 《물러서지 마》 19p-《래디컬 Radical》을 통해서 현대 그리스도인들에게 신선한 충격을 주고, '진정한 제자도'가 무엇인지 강력한 메시지를 던져준 미국의 차세대 목회자 데이비드 플랫이 이번에는 '진정한 복음'이 무엇인지 전해주기 위해, 새로운 책으로 우리에게 찾아왔다. ...+ 더보기",5
물러서지 마,예수를​온전히 따르는 것에서하나 되는 것에서용납하는 것에서말씀을 먹는 것에서정의를 위한 것에서복음 전파를 위한 것에서복음을 살아 내는 것에서물러서지 말라! 뒷장의 핵심 말처럼데이비드 플랫 목사님의 첫 프롤로그의 내용처럼낙심과 환멸과 상처와 의심과 분열을 겪고 있는 이시대 크리스천들을 위해.. 그리고 더 중요하게는진짜 그리스도를 보기 원하는 다음세대에게 이책을 바친다라는 말씀처럼..어쩌면 우리는 나를 들어내려 하지 않않고 있지 않나 아니 나는..그랬던거 같다라는 생각이 들며 반성도 되는 책이였다.39p 현재 가장 많...+ 더보기,5
물러서지 마,"이번 7월의 날씨는 둘 중의 하나인 것 같습니다. 비가 많이 오거나 아니면 무덥거나 말입니다. 이렇게 습하고 무더운 시기를 보내면서 사역자의 몸과 마음에 피로가 누적됩니다. 특히 여름에는 교회마다 성경학교와 수련회를 진행하는 경우가 많은데 사역자는 여름사역을 몇 주 준비하다보면 지친 상태가 되기 쉽습니다. 사실 여름사역을 준비하다가 지친 설교자에게 추천할만한 책은 그리 많지 않습니다. 지나치게 어려운 책은 설교자가 끝까지 읽기 부담스럽고, 지나치게 쉬운 책은 설교자가 읽더라도 그리 도움이 되지 않을 겁니다. 그런 점에서 미국의 차세...+ 더보기",4
물러서지 마,"진짜 예수님과 교회는 지금 우리가 보는 세상과 전혀 다르다. 우리는 그런 교회를 경험할 수 있다. 그런 예수님을 경험할 수 있다. 예수님의 놀라운 경의로움과 그분의 교회가 보여주는, 세상과 다른 아름다움을 경험할 수 있다. 하지만 그렇게 되려면 무언가가 달라져야 한다. '저 사람들'이 아니라 먼저 '당신과 내 안에서' 무언가가 달라져야 한다.​ (p17-18)​낙심하고 좌절하고 지친 크리스천들에게, 교회에 환멸을 느끼거나 상처를 받은 크리스천들에게, 예수님은 다를 줄 알았는데, 교회는 다를 줄 알았는데 하며 고개를 돌리는 이들에게 ...+ 더보기",5
물러서지 마,"물러서지마 *인상 깊은 문장41p 우리가 서로 이견을 품어도 되는 문제들에 대해서는 서로 의견이 다르더라도 서로를 형제애로 사랑해야 한다.(롬 12:10) 서로를 받아주고, 단순히 비본질적인 문제에서 의견이 다르다는 이유로 서로에게 비성경적인 비판을 가하지 말아야 한다. 왜냐하면 우리는 서로에게 “사랑으로 행”해야 하기 때문이다.(롬 14:1-3,15)46p 예수님을 중심으로 연합하고 우리와 다른 사람들의 말에 유심히 귀를...+ 더보기",5
물러서지 마,"바르게 알기[물러서지마]라는 이 책은 현 기독교회들의 모습을 잘 보여주고 있어요.교회 안의 분열과 아픔들이 한국교회만의 일이 아니었네요.미국에는 인종차별까지 더불어 많은 진통이 있다는 것을 보았습니다.교단이 다르다고, 섬기는 방식이 다르다고, 이래저래 다르다고 서로 배척하고 나누어버리는 모습.그로 인해 상처주고 상처받는 모습들.사실 책을 읽으며 많이 마음이 아팠어요.처음 읽을때는 속이 시원했어요.나와 의견이 달리했던 사람들이 이 책을 꼭 보면 좋겠다는 생각을 했는데 다시 읽으니 반대로 와닿았습니다.성경을 본다면서 혹시 내가 성경을 ...+ 더보기",5
물러서지 마,"는 데이비드 플랫 목사가 낙심과 환멸, 상처와 의심, 분열을 겪고 있는 이 시대 크리스천들을 위해 쓴 책이다. ​핵심은 지금 내가 가지고 있는 나의 복음을 깨뜨리고 다시 제대로 선 예수의 복음을 마음에 세우라는 것. 이 과정에서 힘들고 포기해야하는 것이 있더라도 물러서지 말라는 강한 응원의 메세지도 함께 담겨있다.현실은 바램과는 멀다. '먼저 그의 나라와 그의 의를 구하라'는 예수님을 높이는 성경적인 복음을 버리고, 그 자리에 개인의 안위와 권력, 풍요를 위해 예수님을 이용하는 아메리칸 복음이 이미 많은 사...+ 더보기",5
물러서지 마,"이전에 데이비드 플랫 목사님의 책을 몇 권 읽었던 적이 있다. '복음이 울다', '카운터 컬쳐' 이 두 권의 책을 블로그 포스팅 한 링크를 아래에 기록해놓았다. 이 목사님의 책을 읽어보면 복음의 열정이 대단한 분이라는 사실을 알 수 있다. 이번에 나온 신작 '물러서지마' 역시 복음에 식어져 있는 기독교인들을 향한 외침을 들을 수 있다. 저자는 서두에 '복음은 좋은 소식이다'. '복음은 하나님의 은혜로운 초대이다.' '복음은 약속이다.' 라고 시작한다. 가장 기본 중에 기본이라고 할 수 있는 '복음' 에 대해 우리가 얼마나 그 의미를...+ 더보기",5
물러서지 마,"“성경적인 복음을 받아들이자!!!어떤 대가가 따르든지 오직 예수님 안에서만 발견되는 치유, 확실한 소망, 흔들림 없는 기쁨, 이해할 수 없는 연합, 형언할 수 없는 사랑, 영원한 생명을 ‘경험’하고 다른 사람에게도 ‘전해’주자”(256P) 예수님 안에서 치유를 경험하고 있나?예수 안에서 확실한 소망을 붙잡고 살아가고 있나?나의 상황이나 세상의 흐름과 상관없이 흔들림 없는 기쁨이 있나?예수로 하나된 공동체안에서 이해할 수 없는 놀라운 연합을 경험하고 있나?형언할 수 없는 그 분의 사랑 가운데 머물고 있나?예수 안에서 ...+ 더보기",5
물러서지 마,"오늘날 교회와 기독교인들을 향한 세상의 시선은 싸늘하기만 하다. 기독교를 향한 냉소적인 사회적 시선에 대해 쉽게 반박할 수 없는 상황 가운데 놓여 있다. 그간 무슨 일이 있었기에 이러한 현상이 나타난 것일까? 참으로 안타까운 것은 기독교의 이미지가 실추된 주된 원인은 교회와 기독교인들에게 있다는 것이다. 스스로 자멸한 것과 같다. ​입술로는 예수님을 사랑한다고 열렬하게 외쳤지만, 실상 예수님을 온전히 따라는 사람들은 적었다. 예수님은 온 인류를 구원하기 위해 사랑과 헌신, 용서와 정의 등을 이 땅 가운데 실현시키기 위해 자신의 생명...+ 더보기",5
물러서지 마,"항상 돌아가야 할 성경적 복음 - 복음은 좋은 소식이다, 복음은 하나님의 은혜로운 초대이다. 복음음 약속이다.. 우리가 신앙안에서 누구나 고민할 수 있는 복음에 대해, 거짓복음과 바른복음이 우리 삶에서 어떻게 다르게 나타나는지, 왜 그렇게 나타날 수 밖에 없는지.. 그럼 바른복음을 위해, 예수를 온전히 따르기 위해 우리는 어떤 선택을 해야하며, 무엇을 포기해야 하며, 어떻게 살아나가야 하는지에 대해, 더 이상 교회의 모습이 이래서는 안 된다는 깊은 고민들을 나누게 해 준다. 교회는 가족이다. 인종과 신분, 지역과 ...+ 더보기",4
물러서지 마,"#래디컬 #복음이울다 등 그리스도인이 진정한 제자로 살아가길 외쳤던 데이비드 플랫 목사님이 이 책을 쓰기 시작한 이유가 바로 이 부탁 때문이 아닐까. “목사님, 꿋꿋이 버티세요. 포기하지 마세요.”거짓 복음 앞에 타협함으로 무너지는 수많은 그리스도인과 목회자들을 바라 보며 버텨보자. 포기하지 말자는 결단으로 이 책은 외친다.Don't hold back.!!크리스천들은 서로 싸우는 것이 아니라 서로를 위해 싸워야 한다. 우리의 죄를 용서하셨고 우리를 자녀로 입양하신 하나님 아버지의 자녀된 우리의 삶의 자세를 들여다 봄으로 이 책을 열...+ 더보기",5
물러서지 마,"로 유명한 데이비드 플랫 목사님의 신간. 분명 미국은 우리 나라에 선교사도 많이 파송하고 불과 100년전까지만해도 복음을 전파하기 위해 모든 나라 가운데 앞서던 나라였다. 그런데 요즘은 다음 세대가 떠나가 문 닫는 주일학교, 분열에 빠진 교회, 꺠어진 가정 등…분명 예수님이 원하시던 크리스천의 모습은 아닐 것이다.이 책은 우리의 탐심을 채우기 위해 예수님을 이용하고 있는 거짓복음으로 물든 요즘음의 우리에게 진정한 복음이 무엇인지 되돌아보게하고 , 그리고 우리에게 거짓 복음에서 벗어나 다시 예수님를 따름에 있어서...+ 더보기",5
물러서지 마,"#물러서지마 #데이비드플랫 예수님을 중심으로 연합하고 우리와 다른 사람들의말에 유심히 귀를 기울이기 위해서는 오늘날 세상에서 보기드문 무언가가 필요하다. 바로 겸손이다.P.47 우리가 불의를 보고도 아무렇지 않게 살아가는 대신, 하나님 앞에 었드려 ,""이 일에 관해 제가 무엇을 하기를 원하십니까?""라고 묻는 습관을 기른다면 어떤 일이 벌어질까?P.I18 하나님의 선물을 모두 합친 것보다 하나님 자신이 더 낫다.P.213 성경은 우리의 삶 전체를 투자활 만한 가치가 있는 보물이다. 따라서 하나님의 말씀을 알기 위해 삶 전체를...+ 더보기",5
물러서지 마,"※ 요즘 우리 교회(언덕위의 신흥교회)에서 새벽예배, 주일 설교, 묵상 말씀이 '사도행전'이다. 사도행전을 묵상하다 보면 내가 정말 그리스도인이 맞는가? 도대체 나는 하나님을 무엇 때문에 믿는지 궁금했다. 지금 상황이 너무 힘드니깐 주님을 찾는 것은 맞다. 그리고 하나님도 간구할 것이 있으면 주님 앞에 나오라고 하셨다. 하지만 정말 요즘 내가 느끼는 것은 기도의 주인이 '나'이고 내 삶의 주인이 '나'라는 것이다. 고민이 되고 있는 상황에 '베스트셀러 래디컬 저자 데이비드 플랫 물러서지 마' 두포터를 통해서 만났다. 정말 나를 점검...+ 더보기",5
땃뜨와 슛디,"""성취한 많은 딴뜨라 수행자들은 딴뜨라에 대한 다양한 해석이나 논평에서 격찬되는 어마어마한 철학들을 알지도 못한다. 왜냐하면 그들은 단지 철학에 의해 깊은 감명을 받거나 사로잡힌 것이 아니라 모든 차원의 경험을 통해 의식이 변형되었기 때문이다.""머리말에 나온 이 설명과는 다르게 이 책 전체 중 서너개의 장을 제외하고는 딴뜨라, 요가에 대한 제반철학이 주 내용이다. 그러나 분명한 것은 이 책은 실수행의 한 방편이 주제라는 것이다. 이 책의 주제인 《땃뜨와 슛디》는 원소의 정화를 이르는데 《요가 우파니샤드》 중 '요가타트바 우파니샤드'...+ 더보기",5
겸손의 규칙,"인생의 막다른 골목에 다다랐다 생각이 들 때도,자신을 내려놓기는 참 힘들다.'철저하게 낮아져야 하는 상황을 만들어주신다'라고 입버릇처럼 말하지만,정작 자신의 영향력을 끝끝내 행사하고 싶어 한다.겸손은 인간의 본성에 역행한다.인간은 높아지려 하지만, 하나님께서는 낮아진 인간을 높이신다.성 베네딕도는 수도 생활 중에 자연스레 발생할 수 있는 상황에 대처하기 위해『수도 규칙』이라는 규칙서를 작성했고, 이후에 대부분의 수도원이 사용하기에 이른다.세인트루이스 베네딕도 수도회 사제인 어거스틴 웨타(Augustine Wetta)는『수도 규칙』의...+ 더보기",5
하나님 나라와 세상 나라,"이 책은 창세기 36장의 말씀을 강해한 설교집으로 어렵지 않게 페이지가 잘 넘어간다. 그럼에도 쉽게 한 자리에서 다 읽고 넘겨 버리기가 싫어서 여기 저기에 들고 다니면서 읽었다. 특별하진 않지만 안정적인 해석으로 창세기를 이해하고 이를 통해 우리의 삶을 돌아보게 한다. 특히 마지막 부분에 '창세기 *장의 교훈'이라고 한 번 더 정리를 해주시니 그동안 성경이 어려웠거나 많이 읽지 않았던 분들에게도 쉽게 다가갈 수 있을 것 같다. 성경은 '하나님 나라와 세상 나라'의 이야기이다. 그 둘 중 어디에 속할 것인가의 싸움이고, 어떻게 구...+ 더보기",5
하나님 나라와 세상 나라,"우리가 가정 예배책으로 잘 알고있는 김태희목사님의창세기 1장부터 36장까지의 강해집이다.자녀양육서가 아니고 강해집인데,가정예배와 자녀양육에 대해 고민이 많으셔서일까?아니면 지금 내가 자녀양육에 대한 고민이 많아서일까?책을 읽으면서 세상적기준이 아니라 하나님의 기준에 대해명확하게 설명해주셔서 감사하게 읽어나갈 수 있었다.우리가 너무나도 잘알고있을 것같은 창세기!나 역시 비슷한 내용들이 담겨있을 것 같았는데,1장부터 36장까지 매 챕터마다 새로운 내용들이 눈에 들어와""오~~~오~~~그렇구나!""하며 재밋게 읽어나갈 수 있었다.특히 노아가...+ 더보기",5
하나님 나라와 세상 나라,"하나님 나라와 세상 나라 하나님이 펼치시는 창조세계, 창세기 1~36장 강해 완전하고 무오한 성경을 읽으면서 가장 많이 읽는 부분이 창세기가 아닐까 생각해 본다. 창세기 중에서도 특히 창조의 말씀이 믿어지지 않으면 우리는 하나님 앞으로 한 걸음도 나아갈 수 없다. 이 창조가 믿어진다는 것은 순전히 은혜인 것이다. 그러므로 우리는 기도하는 사람이 되어야 합니다. 잔소리하는 사람, 비판하는 사람, 정죄하는 사람이 아니라 하나님께서 일하여 주시기를 바라는 ‘기도하는 사람’이 되어야 합니다...+ 더보기",5
하나님 나라와 세상 나라,"하나님나라와세상나라_김태희 창세기 1~36장을 다시 만나는 은혜의 시간이었습니다.창세기의 전체적인 흐름을 따라가며,각 장의 필요한 부분을 이해하기 쉽게 잘 설명해 주어360쪽 분량의 책을 흠미롭게 읽었습니다.각 장마다 본문 메시지와 교훈, 결론으로구성되어 각장이 주는 하나님의 메시지를 또렷하게이해하도록 했습니다.그리고 되새겨 보기와 생각해보기를 통해질문에 답해보며 본문에 대한 깊이 있는 이해와신앙 고백으로 까지 이어지도록 하는 구성이참 좋았습니다.믿음의 조상 한 사람 한 사람의 인생을 통해구속역사를 이뤄가시는 하나님의 일하심과그들의...+ 더보기",5
하나님 나라와 세상 나라,"모두를 위한 설교 시리즈12 ‘아니 창세기 1장부터 36장까지 총 37편의 설교가 359쪽의 책에?’처음 이 책을 받아들고 들었던 생각입니다. 여기에는 감탄이나 경이로움보다는 우려와 의심이 짙게 서려 있었습니다.이 정도 분량의 책에 37편의 설교가 들어가려면 각 장의 핵심 내용을 집약적으로 설명해야 하고, 설교문도 압축적으로 작성할 수밖에 없는데 그렇게 되면 본문에 대한 주해도, 본문을 통한 교훈과 적용도 제대로 할 수 없다는 것이 설교자의 세계(?)에서의 통념이기 때문입니다.그러나 책을 넘겨가며...+ 더보기",5
하나님 나라와 세상 나라,하나님 나라와 세상 나라_김태희이 책은 창세기에 관한 설교를 모아놓은 설교집이다. 이 책을 읽으면서 매주 교회에서 예배 중에 설교 말씀을 듣는 것처럼 은혜가 가득했다. 태초에 하나님이 천지를 창조하신 이야기부터 야곱과 에서에 관한 이야기까지창세기 1장부터 36장까지의 이야기를 담고 있다. 창세기는 늘 새해 성경 1독을 다짐하며 읽었던터라 다른 성경 말씀보다는 익숙하고 많이 알고 있는 이야기들이 많았다. 그래서 그런지 이 책을 읽어나가는게 큰 어려움은 없었던 것 같다. 중간 중간 잘 몰랐던 내용도 있었지만 이해하기 쉽게 내용을 설명해...+ 더보기,5
하나님 나라와 세상 나라,"이 책은 창세기 설교집입니다. 저자가 비전 교회에 부임한 첫해에 설교한 내용을 책으로 엮은 것입니다.⠀⠀첫째, 창세기가 성경 전체의 배경이 되기 때문에둘째, 창세기가 다양한 주제를 다루기 때문에: 구원과 심판, 출생과 죽음, 사랑과 복수, 용서와 미움 등셋째, 창세기는 '하나님 나라'를 가르치기에 좋은 본문이기 때문에⠀⠀첫 설교로 정했다는 창세기에는하나님 나라와 세상 나라 사이의 갈등이 전반에 나타납니다. 바벨탑사건, 애굽과 소돔, 동방의 나라들이 계속해서 하나님 나라를 위협하고 공격하지만, 하나님은 어떠한 상황에서도 하나님 나라를...+ 더보기",5
하나님 나라와 세상 나라,"모든 세대가 들어도 이해하는 데 무리가 없을 만큼 쉽고 명확하게 성경을 풀어주신다. 한 장 한 장 본문을 따라가며 그 안에 담긴 의미들을 차분하게 풀어주시고, 오늘을 살아가는 우리가 이 말씀을 어떻게 적용할 수 있을지까지 친절하게 인도해주신다. ‘되새겨보기’, ‘생각해보기’ 질문을 통해 각 챕터의 내용을 다시 리마인드하며, 창세기 말씀을 꼭꼭 씹어 소화하며 읽을 수 있는 것도 참 좋았다.설교자들에게도 유익한 책이라는 생각이 든다. 건전하고 안전한 주석을 바탕으로 한 설교집이기에 신뢰하며 마음 놓고 읽을 수 있고, 각 장의 중점적인 ...+ 더보기",5
부와 재물에 대한 40일 묵상 기도,작년과 올해 가장 많은 고민이 되는 부분이 돈이였는데 마침 출판사의 추천글을 보고 책을 심도있게 읽어 볼 기회가 되었다.첫번째 파트에서 저자는 성경속의 주요 인물들이 어떻게 하나님께서 주신 재물과 부와 사회적 지위를 하나님의 선하신 뜻에 맞게 사용했는지 알려준다. 그리고 계속적으로 우리가 이 세상에서 누리며 사는 것들은 모두 절대적인 하나님의 은혜임을 강조한다. 우리는 아무것도 없이 이 땅에 왔다가 아무것도 없이 하나님께 간다.하나님께서 주시는 부와 재물을 청지기의 자세로 사용하고 다뤘는지 계속 반성하게끔 한다. 그리고 두번째 파...+ 더보기,5
부와 재물에 대한 40일 묵상 기도,"물질에 대한 것은 항상 조심스럽고중요한 부분입니다. 하나님은 필요를 채우시며 재물 얻을 능력도 주십니다.물질을 얻을 재능과 건강, 여건과 환경 등하나님께서 주관자가 되신다는 것을 책을 통해 다시 한 번 확인할 수 있어요. 우리가 수고하여 얻은 물질이라도하나님의 은혜가 곳곳에 있었다는 것을 인정하고먼저 주님을 경외하길 원합니다.이 땅에서 물질을 쌓는 것이우리의 목적이 되면 안됩니다.그 모든 물질의 축복보다하나님을 만나는 것,하나님 자체가 가장 큰 축복임을 잊지 말아야겠어요. 우리에게 주신 재물을 잘 관리하여나와 내 가족에게 뿐만 ...+ 더보기",5
부와 재물에 대한 40일 묵상 기도,"#부와재물에대한40일묵상기도#생명의말씀사 #북챌린지#북서번트#서평단​※본 도서는 생명의 말씀사 제공받았으며 서평단 선정되었습니다.본 서평은 지극히 주관적으로 작성되었음을 알려드립니다.​20일 동안 북챌린지에 참여하면서 한 권의 책을 천천히 읽는 방법을 배웠으며, 충분히 좋은 말씀이 적힌 책은 한 번 읽고 또 읽고 하는 훈련을 통해 나의 삶을 돌아보는 시간이 되었다. 성경말씀 가운데 부와 재물에 대한 구절과 성경 속 인물을 소개하며 어떻게 우리는 삶에 적용할 수 있는지 이 책에서는 찬찬히 말한다. 호흡을 차분히 가라앉히며 청지기의 기...+ 더보기",4
부와 재물에 대한 40일 묵상 기도,말씀과 기도로 만나는 참된 기도의 책 이라는 부제에 맞게재물에 대한 소망이나 고민이 있을 때아침 묵상으로 하루를 시작하기 좋은 책입니다. 저는 아침 든든히 먹고 커피 마시면서 이 책으로 시작합니다.성경속의 인물들 이야기를 중심으로하루 분량이 3~4페이지 정도로 짧아서 부담없이 말씀을 가까이 하기 좋아요.또 매일매일 기도문이 함께 있어서참고하셔서 읽은 말씀 묵상하시며바로 기도할 수 있어요.40일 묵상이라빠르게 한 번 완독하고여러 번 돌아가면서 읽을 수 있어서 더 좋을 듯 해요#40일묵상기도 #부와재...+ 더보기,5
부와 재물에 대한 40일 묵상 기도,새해가 되면 해마다 많은 다짐들을 세우곤 하는데 올해 1월 1일부터 시작한 묵상기도는 다른 다짐들보다 값진 결정이었다.부와 재물에 대한 묵상을 하루에 한 챕터씩 읽고 주어진 말씀을 묵상하는 어찌보면 간단한 것 같으나 결코 그렇지만도 않은 내용들이었다.성경의 예화와 인물을 통해서 그들의 삶을 통한 축복과 하나님의 역사하심을 작가는 조목조목 짚어가면서 설명을 곁들인다.내용의 깊이는 묵상하는 것만큼 깊어질 수 있으며 깊이진 만큼 하나님의 역사하심을 체험하게 되는 말씀들이었다.할 수만 있다면 40일을 무한반복으로 한 챕터씩 읽고 묵상하는 ...+ 더보기,5
부와 재물에 대한 40일 묵상 기도,"하루 2장(4페이지) 분량으로 매일 읽기에 부담없어요!그러면서도 중요한 내용을 다루어주어서 좋네요!짧게 묵상+기도를 꾸준히 하기에 좋은 책입니다특히 4페이지 중 1페이지는 기도로 되어있어서,그냥 따라 읽기만 해도 됩니다 :)매일 묵상하면서 반복되는 메세지들이 있었고,재물에 관한 내용들이 결국은 '내 마음의 중심'을 다루는 말씀이라는 생각을 하게 됩니다그리고, 하나님께서 이미 내게 주신 충분한 것들에 감사하게 되었고,단지 부유함을 위해 구할 필요는 없겠다고 생각했습니다 ㅎㅎ필요하면 주실 것이니까요 !모든 것에서 하나님의 주권을 인정하...+ 더보기",5
청정도론 - 비쑷디막가,"초기불전연구원 것으로 보다가 설명이 거칠어 이 책을 구입 후 벌써 2회독째인데, 진심으로 추천합니다.ㅎ 분량 많으나 설명이 충분하기에 생각보다 진도가 잘 나갑니다.물론 이 책을 보고자 하시는 분들의 성향이 두께를 신경쓰지 않으니 더욱 좋습니다.",5
"성령, 그 위대한 힘",성경적 관점에서 성령님에 대해 주제별로 자세히 상고할 수 있었다. 구원의 진리는 동일한 반면 방언과 성령세례에 관해서는 아직 여러 가지 의견이 있는 것 같다. 우리가 지금은 거울로 보는 것 같이 희미하나 그때에는 얼굴과 얼굴을 대하여 볼 것이요 지금은 내가 부분적으로 아나 그때에는 주께서 나를 아신 것 같이 내가 온전히 알리라(고전 13:12)라고 하신 것처럼 언젠가는 이러한 궁금증이 모두 해결될 날이 올 것이다. 중요한 것은 성령님과 지속적으로 동행하며 인도하심에 순종하며 살기 위한 분명한 목적을 가지고 이러한 은사와 체험을 사모...+ 더보기,4
토마스와 함께하는 성지순례,토마스 형제님의 성지순례 책 출간이 되었군요. 유럽수도원 뿐 아니라 한국천주교회의 성지가 포함되어 있어서 의미가 큽니다.,5
설교는 글쓰기다 3,﻿어릴적 흑백으로 된 만화를 좋아했다. 신문에 만화로 된 만평을 먼저 읽었다. 이 책을 읽으면한글로 된 책이지만 만화가 눈에 보인다. 세종대왕이 만든 글자로 썼지만 만평이 눈에 띈다.특히 설교자들이 읽으면 등가려운 부분을 시원하게 긁어주는 책이다.,5
설교는 글쓰기다 3,"[ 책 소개 ]- 책 제목: 《설교는 글쓰기다 3》- 저자: 김도인 목사님“어떻게 하면 청중(성도)에게 들리는 설교를 할 수 있을까?”1. 설교는 글쓰기다설교자라면 누구나 좋은 설교, 청중의 귀에 잘 들리고 마음에 울림을 주는 설교를 할 수 있기를 희망한다. 그러한 목표를 이루고자 설교문을 잘 준비하는 일에 노력한다. 설교는 강단에서 선포하는 행위이지만, 그것이 가능하도록 설교를 준비하는 과정은 글로 원고를 작성하는 서재의 시간에서부터 시작한다. 그렇기 때문에 저자는 설교를 ‘글이자 말이다’라고 정의한다. 설교는 말 이전에 글이며...+ 더보기",5
설교는 글쓰기다 3,#설교는글쓰기다 #김도인지음 #글과길 #들리는설교에서보이는설교로 글쓰기에 관심이 있고 청중의 한사람으로써 현재 내가 살아가는 시대의 설교자는 어떤 설교를 중점적으로 해야하나 알고 싶기도 해서 읽게되었다. 책을 읽지 않거나 여러 매체를 보게되지 않으면 매번 같은 패턴의 전달과 경험으로 듣는이에게 지루함을 줄 수 있다고 본다. 이마골로기시대로 감성적인 이미지에 지배받아 살아가는 존재라고 한다. 듣는 설교를 이미지로 생각하게 하도록 이끌어야 한다. 나는 듣는 설교도 좋아하지만 읽는 설교도 좋다. 아마도 이런 이미지설교에 최적화된 강해...+ 더보기,5
설교는 글쓰기다 3,"저자인 김도인 대표는 설교 글쓰기 분야를 개척했다.[설교는 글쓰기다 3]는 그 세 번째 결과물로, 를 다루며, 전체 6개의 파트로 구성돼 있다. 란 무엇이며,왜 써야 하며, 어떻게 써야 하는가를'예수님의 비유'를 기반으로 알아본다.이미 이미지가 세상을 지배하는 '이마골로기' 시대이고,인간의 뇌는 정보를 이미지로 저장하고,이미지는 청중을 변화시키는 힘이 강하고,'예수님의 비유'도 이미지(묘사, 비유, 은유)로 되어 있고,소설, 시, 수필뿐 아니라, 성경도 이미지 글이므로,'설명하는 설...+ 더보기",5
기문둔갑의 맥 : 연국기문 편,"이번 책 리뷰는 #지식과감성 출판사로부터 책 두 권을 제공받아 읽고 저의 주관을 담아 자유롭게 쓴 독후감입니다.오래 전부터 #기문둔갑 이라는 말에 몹시 끌렸지만, 유튜브 등을 통해 토막지식만 섭취해오던 차에 읽고 싶은 다양한 분야의 책을 내주시는 '지식과감성' 출판사를 통해 《기문둔갑의 맥》이라는 타이틀의 책 두 권을 발견했고 즉시 온 신경이 그리로 향했다.위 사진은 책을 받자마자 독서의 기회를 주신 감사함을 담아 기념촬영(?) 해 둔 '동국기문' 편과 '연국기문' 편 합해서 두 권의 모습이다. 각각 456쪽과 678쪽 합...+ 더보기",5
기도의 세계,"그리스도교 교인들에게 기도는 빼 놓을 수 없는 습관이고 그만큼 소홀해지기 쉬운 활동이다. 나는 그리스도를 믿으면서도 기도를 그리 습관적으로 하지 못하는 편이다. 소득 없음과 세금 문제로 사업을 한 달 만에 폐업하고 며칠을 가슴 졸여 온 터라 기도에는 그리 집중하지 못했다. 묵주기도를 하고 나도 내 문제를 꼭 안고서 그것을 하느님께 내려놓지 못하고 있다. 그저 하느님께 내려놓기만 하면 될 일인데. 그렇다고 내가 할 수 있는 일들마저 하느님께 일임한다면, 그것은 게으름이다. 내가 할 수 있는 일은 내가 하되 어쩔 수 없는 일들은 하느님...+ 더보기",5
기도의 세계,"우리에게 기도란 무엇일까? 우린 단순히 무언가를 바랄 때마다 기도하고 있지 않은가? 기도는 '하느님과의 대화'라는 사실을 알면서도 자꾸 잊는 경우는 왜일까? 등등 - 수많은 궁금증에 대한 답이 이 책, 에 담겨있었다.영성 작가이자 신비가였으며, 의사로도 활동한 아드리엔 폰 슈파이어의 많은 글들 중 '기도를 주제로 한 글'만 엮은 이 책은 기도의 본질을 알려준다. '우리가 왜 기도해야 하는지, 어떻게 기도해야 하는지, 그 기도가 이루어지는 과정은 어떤지, 기도를 통한 효과는 무엇인지 등' 신앙생활을 ...+ 더보기",5
기도의 세계,"기도라는 행위를 두고무언가를 부탁하는 기도 또는무엇이 어떻게 되었으면 좋겠다고청하는 기도가 여전히 내가 생각하는 기도의대부분을 차지하고 있는데그 생각에서 몇 발짝 벗어날 수 있도록시야를 점점 넓혀주고 있다.가령, 하느님께서 내게 주신 것에 감사하며찬찬히 사색에 잠기는 것도 기도고성경필사를 하며 구절들을 곱씹어보는 것도기도의 범위에 속하는 행위들인데나는 아직까지도 청원 기도만을기도라고 여길 때가 많았던 것이다.또, 사도신경 역시도 하나의 기도이다.마찬가지로 주님의 기도 역시 당연히 기도인데특히 주님의 기도는 예수님께서 우리에게이렇게 ...+ 더보기",5
기도의 세계,"캐스리더스 9월 도서 중 하나인 서평을 기한 내에 쓰지 못해서 늦게나마 쓰게 되었습니다. 이 책은 572 페이지에 달하는 꽤 두꺼운 책이여서 솔직히 부담이 되었는데 다행히 완독을 할 수 있었습니다. 저는 지난주 금요일부터 2박 3일 동안 대침묵 피정을 했는데 피정 중에도 이 책을 읽고 묵상을 했습니다. ​이 책의 저자이신 아드리엔 폰 슈파이어는 1902년에 스위스 개신교 집안에서 태어났습니다. 그녀는 1940년에 가톨릭으로 개종했고, 현대 신학자 한스 우르스 폰 발타사르에게 세례를 받았습니다. 이후 그와 ...+ 더보기",5
기도의 세계,"이 책을 처음 봤을때 두께에 놀라 읽기도 전에 지쳐버렸다.내용도 조금 어렵게 다가왔었다.그래도 읽다보니 기도하기에 앞서 조금씩 읽다보면기도를 좀 더 풍성하게 할 수 있도록 많은 도움을 주는 책이라고 느낄수 있었다.또한 이 책은 중간부터 읽어도 되고, 처음부터 읽어도 큰 무리가 없을것 같다.하느님과 가까이함에 있어 봉사와 나눔, 그리고 기도로충만하고 풍성한 삶을 살아가도록 도와주는 책 같다.",5
기도의 세계,"찬미예수님 9월 가톨릭 북 캐스 리더스 리뷰 도서는 아드리엔 폰 슈파이어가 쓴 기도의 세계입니다. 처음 책을 받자마자 엄청난 두께에 기도의 세계는 참으로 심오하구나 직관적으로 알았더랍니다. ^^ 특히 책 초반부 2장 1절 삼위일체 하느님 안에서 이루어지는 기도 부분은 이 책의 핵심이자 가장 어려웠던 부분이었지만 다행히 그 부분 이후로는 무난하게 읽혔습니다.리뷰는 이 책의 핵심내용을 담고 있는 2장 기도의 원천을 중심으로 해보겠습니다. 기도는 하느님과 함께 사는 영적이고 신비스러운 삶이자, 그분의 현존하심에, 그분의 신적...+ 더보기",5
기도의 세계,"이 책의 저자 슈파이어는 기도에 대해 다방면의 시각으로 이야기를 풀어냈다. 단 한 번에 내용을 모두 이해하기는 힘들지만, 여유를 두고 읽어본다면 저자의 영성을 알 수 있을 것이다. 나 또한 모든 장이 이해되지 않았지만 기도의 본질, 마리아의 기도, 기도의 과정 등이 가장 와닿았다. 글 구석구석 담긴 저자의 철학적 색채에서 남성성을 느껴 여성작가라 생각하지 못했는데, 여성작가인 것을 책의 마지막 부분에서 알고 놀라지 않을 수 없었다. 또한 영성가들 중 개신교에서 개종한 사람들이 종종 있는데, 슈파이어는 어린 나이였음에도 불구하고 그...+ 더보기",5
기도의 세계,신앙인에게 기도라는 것은 무엇일까? 일반적으로 단순히 내가 원하는 것을 청하는 것을 포함해서 '하느님과의 대화'가 기도라고 말한다. ​ 하지만 기도를 하면 할수록 과연 제대로 기도하고 있는 것인가 하는 의문이 들 때가 많다. 더 깊이 있게 알고 싶다는 생각이 들어서 이번 책 『기도의 세계』를 선택하게 되었다. 『기도의 세계』는 영성 작가이자 신비가였으며 의사로도 활동한 아드리엔 폰 슈파이어가 쓴 많은 글들 가운데 기도를 주제로 한 글을 선별하여 엮은 책이다. 신앙 생활의 핵심이자 그리스도...+ 더보기,5
기도의 세계,"#살아있는복음#보금의기쁨#보금자리영성#기도의세계 ‍ 기도는 되는 것이 아니라 하는 것이라는 말을 마음 속에 새기고 살아가면서도, 기도는 여전히 어렵다. 그럼에도 불구하고 어떤 간절함이 있을 땐 기도하는 아이러니함. 어쩜 기도는 어려움보다고 가장 쉬운 것일 수 있다. 성호경과 영광송은 짧지만, 그야말로 언제든 쉽게할 수 있는 기도이기에 마음을 다하여 해야함을 알고 있다. 하느님과의 대화, 그 안에서의 체험이 여실히 담겨있던 책이 기도의 방향성을 설정해준 수단이 되었다.p.23""너 어디 있느냐?""(창세3,9)이때부터 비로소 하느님...+ 더보기",5
기도의 세계,"""기도""를 생각할 때 마음 한 구석이 슬쩍 무거워지는 저에게 500쪽이 넘는 책은 구원이자 숙제였습니다. ""기도는 믿음 안에서 관계를 회복하는 것이다.""책의 제 1장, 에서는 관계로 기도를 풀어갑니다. 책의 저자는 기도란 ""내가 바라는 것을 말씀드린다.""는 일방적인 행위가 아니라 하느님과 나의 관계를 설명하거나 드러낼 수 있는 통로라는 점을 강조합니다. 하고 싶은 말만 혼자 쏟아내는 사람과의 대화는,사실 대화라고도 할 수 없지만 이야기를 듣는 쪽의 피로감이 크죠. 할 말만 하고 자리에서 일어서려는 ...+ 더보기",5
기도의 세계,"이 책에 나오는 기도의 세 종류, 흠숭/감사/청원 가운데 제가 진정으로 마음을 다해 하고 있던 기도는 '청원'밖에 없었습니다. 가끔 감사기도를 하곤 했지만 흠숭 -> 감사 -> 청원의 순서가 아니라 결국 저는 청원한 것을 얻었을 때만 그 감사기도를 하는, 청원 -> 감사 라는 역방향의 신앙생활을 하고 있었음을 깨닫고 마음 한켠이 부끄러워집니다.성장하고 변화된 기도를 하고 싶은 모든 분께 이 책을 권합니다. 다만 앞부분은 커다란 신학적 지식을 가지고 있는 분이 아니라면 다소 어려우니까, 머릿말을 잘 읽어보시고 책에서 ...+ 더보기",5
기문둔갑의 맥 : 동국기문 편,*출판사로부터 도서를 제공 받아 읽고 주관적으로 작성했습니다.복잡한 공식 이전에 상황을 읽는 눈을 기르고 동양 역학을 삶의 언어로 이해하고 싶은 이에게 《기문둔갑의 맥》은 좋은 길라잡이가 될수 있을 것이다. ​단순 점술보다 판단과 통찰에 관심이 있다면 도움 되는 책이라 생각된다.,5
예수님은 법 받은 미륵존여래불,미륵불 믿는 불교도는 예수가 미륵이니이제 예수 믿으라는 말인가!제대로 알지도 못하면서 세상 어지럽히지 말라,1
성령과 성령의 은사들,"우리속에 성령께서 내주하시는지를 분명히 인식하는 것이 필요하다.""너희가 믿을 때에 성령을 받았느냐?"" 이것은 제자들이 믿는 자로서 인식한 것이다.목마른 사람이 열심히 물을 찾듯이 병에 걸린 사람은 의사를 찾는다.그러면 영적으로 갈급한 사람은 물론 성령님의 내주 하심을 갈망해야 함에도 불구하고 세상에서 그 해답을 찾는것을 볼 때도 있다. 우리는 우리의 마음을 스스로 부족하다는 마음을 깊은 확신으로 가득 채우고 하나님이 주시는 것이 무엇인지를 갈망하며,그것을 위해 기꺼이 모든 ...+ 더보기",5
성령과 성령의 은사들,"케네스 해긴 목사님의 성령론에 대한 이 책은 모든 그리스도인이라면 반드시 읽어야 하는 책이다. 사실, 성령론에 대해서는 말도 많고 탈도 많지만, 결코 포기할 수 없는 중요한 부분이다. 한국교회는 성령과 은사에 대한 부분들을 말하려면 먼저 알레르기 반응을 나타낸다. 그리고 이단시 하는 것을 서슴치 않는다. 그만큼 한국교회가 성령과 은사에 대한 문제들이 많았음을 짐작케 하는 부분이다. 그런데, 왜 가장 중요한 성령과 은사에 대한 부분이 가장 큰 문제로 남아 있는가? 그것은 성경적인 성령과 은사가...+ 더보기",5
성령과 성령의 은사들,"해긴 목사님이 소천하신지 오랜 시간이 흘렀지만 여전히 그분의 가르침은 오늘 날 교회에 대한 선지자의 외침을 가지고 있다.""형제들아 신령한 것에 대하여 내가 너희의 알지 못하기를 원하지 아니하노니""(고전 12:1) 해긴 목사님의 지적 대로 오늘 날 영적 은사들에 대한 총체적인 무지가 난무 한다. 오순절 교단이 꽤 많이 생긴 지금도 교계의 전체적인 상황은 여전히 그렇다. 말씀을 강조하는 많은 교회들이 정작 그들이 사랑하는 말씀인 성경에서 강조한 영적 은사들에는 관심이 없으니 그들은 말씀을 강조하지만 ...+ 더보기",5
파스칼의 팡세,"파스칼하면 생각나는 말이 있죠. ""인간은 생각하는 갈대다"" 이 말은 인간의 나약함을 말해주지만 반대로 인간의 위대함을 동시에 보여주고 있는 것 같아요. 이처럼 위대한 철학자이고, 수학자인 그는 프랑스가 낳은 위대한 천재라고 볼 수 있죠. 그런데 여기에 덧붙여서 신학자로서의 그의 모습을 볼 수 있는 것 같아요. 팡세는 이런 파스칼의 유고집인데, 그가 인생의 마지막에 완성하려고 했던 ""그리스도교의 변증론"" 하지만 이 글의 초고를 그의 사후에 정리해서 간행한 것이 바로 ""팡세""라고 하네요. 1623년 프랑스 오베르뉴 지방에서 ...+ 더보기",4
파스칼의 팡세,"어린시절부터 습관적으로 교회에 다녔었기에 교회는 나에게 간식과 선물을 주는 곳, 친구들을 만나는 곳, 학교 생활기록부의 종교란에 기독교라는 세글자를 적어넣는 것 그 이상의 어떤 의미도 갖지 못했다. 그러던 어느날, 삶에 대한 회의에 직면했고, 어린시절부터 습관적으로 배워왔던 기독교의 가르침이 거짓이라면 차라리 당장 죽어버리는 게 가장 행복한 결말이 아닐까 라는 생각이 들었다. 그때부터 불교, 유교, 도교, 기독교 등 다양한 종교서적들을 읽으며 진리를 찾아 헤메기 시작했다. 한번도 읽지 않았던 성경도 몇번씩 읽으면...+ 더보기",5
연애학교 결혼예비학교 워크북,"사실, 결혼하고 육아가 시작되면 정말이지 사랑이 넘치는 부부들도 위기가 한 번씩? 찾아오기 마련인 것 같아요. (더 끈끈해 지시는 부부도 계시지만요^^) 아이가 어린이집에 다니게 될 즘 이 워크북을 통해! 천천히 부부가 돌아보면 정말 좋을 것 같아요 ​",5
연애학교 결혼예비학교 워크북,"이 워크북은 20대 초반 남녀 대학생들뿐만 아니라, 결혼을 준비하는 커플들 더 나아가 결혼 후 결혼생활을 다시 점검하고 싶은 분들에게 정말 필요한 워크북이 될 것 같아요.사실, 마더와이즈를 온라인으로 진행하면서 많은 엄마들의 기도 제목 중에 하나가 남편을 더 섬기고, 이해하고 사랑하며 순종하게 하소서였어요.하지만, ""근데 왜 늘 아내들만 이렇게 노력해야 해요?""라는 마음의 소리를 들을 때마다 어떻게 하면 부부의 회복을 더 잘 도울 수 있을까 했는데.. 이 워크북을 통해서 부부가 함께 천천히 읽고 이야기 나누는 것도 것도 정말 좋을...+ 더보기",5
기도 돌판,최인규 목사님의 『기도 돌판』은 남녀노소 누구나 쉽게 따라 할 수 있는 기도 안내서입니다. 하나님과 친밀한 교제를 위하여 필요한 기도 최인규 목사님의 열정에 감사드립니다. 한국교회가 기도로 어려움을 극복했으면 좋겠습니다.,5
한 새사람,이스라엘에 대해 갖는 오해를 거부감 없이 따뜻하게 풀어줄 것으로 기대합니다,5
진리를 말하다,"1. 저자 : 비크너는 독특한 사람이다. 고개를 기울여서 본다. 사람들이 보는 방식과는 다른 눈으로 바라본다. ‘삐딱한 그리스도인을 위한’『통쾌한 희망사전』이라는 책 제목에 드러나듯이 꽤나 삐딱한 사람이다. 무뎌진, 뻔한, 변화가 필요한 사람들에게 낯선, 새로운, 뒤통수를 탁 치는 이야기를 들려준다. 2. 독자 :『진리를 말하다』는 진리를 말하는 사람이 말하는 내용이 무엇인지(무엇이어야 하는지) 말한다. 이 책에서는 진리를 말하는 사람을 설교자라고 해석했지만, 사람에게 영향을 준다면 누구나 진리를 말하는 사람이다. ...+ 더보기",5
말씀이 육아가 되어,"말씀이 육아가 되어 책을 읽으면서 혼자만의 상상의 나래를 펼친다. 만약, 예수께서 결혼해서 육아를 하셨더라면 복음서는 어떻게 쓰여졌을까? 모르긴 몰라도 육아에 대한 비유가 꽤 많이 삽입되었을 것이다. 그 만큼 책을 읽으면서 아빠의 육아일기는 굉장히 생소했다. 그러나 그 생소함이 점차 생생한 모습과 훈훈한 부정으로 스며들었다. “말씀이 육아가 되어”가 아닌 “육아가 말씀이 되어” 느낌으로 읽어갔다. 26화에 걸친 육아일기를 구약과 신약의 관점으로 진행한 방식이 경쾌하다. 1화 창조: 사랑은 너를 ...+ 더보기",4
말씀이 육아가 되어,"읽을 수가 없네... 를 읽고조정래가 그랬다. ‘제목이 그 소설의 절반을 결정 짓’는다고(황홀한 글 감옥, 334). 제목이 그렇게나 중요하다. ""말씀이 육아가 되어"". '어... 제목 괜찮은데.' 이런 생각을 하며 시원하고 따뜻한 표지를 넘겨 '김정태'라고 적힌 작가 소개 글을 읽는다. 압권이다. ""... 아들 결이와 함께하는 시간을 통해 말씀과 하나님 나라를 몸으로 새롭게 읽어가는 시간을 보내고 있다..."" 소개 글 전부를 옮겨 적고 싶을 만큼 좋다. 받아야 할 은혜를 이미 다 받은 듯...+ 더보기",5
말씀이 육아가 되어,"‘말씀이 육아가 되어’. 일단 제목에 끌렸다. 다 읽고 난 뒤 그 끌림에 후회했냐고? 전혀 아니다. 페이지를 넘길 때마다 공감하며 고개를 끄덕였고, 깊은 울림을 얻고, 구렁텅이에 빠진 내 생각을 새롭게 해주었다. 사역하다가 육아에 전념한 아빠로서 느끼는 감정들, 생각들이 비슷한 상황인 내게 친숙하게 다가왔다. 의미 있어 ‘보이는’ 사역을 하다 도무지 의미가 ‘보이지 않는’ 육아로 뛰어들어 느꼈던 자괴감, 우울감, 외로움. 감정은 여전하지만 이 책은 내가 ‘엄마모드’로 좀 더 전환할 수 있도록 도와주었다. 각 챕터의 전체적인 ...+ 더보기",5
말씀이 육아가 되어,"말씀이 육신이 되어 우리 가운데 거하시매종교개혁 이후, 모든 삶의 영역에서 하나님의 주권을 높여드린다고 배웠다. 그런데 육아는?이 곳은 영 아닌거 같다. 하나님께서 늘 동행하시고 그분의 영광을 높여 드려야 하는데 도대체 우째 해야하는가 싶다.첫 아이가 태어난지 50일이 막 지났다. 지금도 아이를 재우고 숨죽여키보드를 두드린다. 20분 후 아이는 깰 예정이다. 분유를 준비해두었고,기저귀도 미리 세팅을 해두었다. 남은건 나의 마음가짐 뿐… 육아는 ‘함께’ 하는 것이며, ‘아빠’가 주도적으로 하는 것이라고 그랬다.맞다 ...+ 더보기",5
"사랑의 또 다른 얼굴, 분노","분노라는 감정에 대한, 그 처리방법에 대한 책이다. 다섯가지 사랑의 언어라는 책을 쓴 게리 채프먼의 책으로서 오랜 기간 목사로서 상담가로서 상담하면서 축적된 경험과 방법들과 생각을 정리해 놓은 책이다.",4
귀납법적 성경연구,"먼저 이 책의 문제 제기를 살펴볼 필요가 있다. ""쿠이스트는 개신교 안에서 발생한 성경의 “재카톨릭화” 현상의 실체를 분명히 확인해 주었다. 그는 개신교인들을 포함한 일반적인 그리스도인들의 경향성에 대해서 (목회자와 성도들 모두) 그들이 자기 자신을 위해 성경을 읽거나 해석하는 신뢰받지 못한 사람들처럼 행동하고 있다고 묘사한다. 그는 사람들이 성경을 읽기 위해서 오직 권위를 인정받은 사람이 행한 해석의 도움을 받아 성경을 읽어야 한다고 지적했다. 개신교의 경우 교황이나 교권을 가진 사람(magisteriu...+ 더보기",5
"섬기는 사람, 느헤미야",얼마 전 한국교회의 신세대 리더로 각광받는 젊은 목사가 난관을 극복하고 성벽을 건축한 탁월한 리더 느헤미야라는 주제로 설교집을 펴냈다. 나는 느헤미야의 전방향 리더십에 감탄했다. 이번에는 목회현장에서 상처받은 영혼을 어루만지는 치유사역자가 느헤미야의 배후에서 일하시는 하나님의 섭리라는 주제로 설교집을 내놨다. 나는 역사를 주관하시는 하나님의 손길에 탄복했다. 성경이 다양성 속에서 통일성을 추구하듯이 두 분의 설교는 다르면서도 같은 내용으로 귀결되었다. 김형준 목사님의 설교를 방송과 책을 통해 접해보면 성경에서 우물가에서 ...+ 더보기,5
사탄과의 싸움,믿는 사람은 사탄과 그가 거느린 악의 세력을 상대하는 싸움이 아주 치열함을 알아야 한다. 사탄은 지성과 감정 그리고 의지를 모두 갖추고 있는 존재이다. 그는 교활하고 지능적인 강력한 원수이지만 과대평가하거나 과소평가할 필요는 없다.​사탄의 죄는 교만에서 시작되어 자기 기만으로 발전했고 반역하는 마음으로 귀결되었다. 사탄은 사람들 앞에서는 하나님을 비방하고 하나님 앞에서는 사람들을 비방한다. 사탄은 하나님의 나라를 전복시키려고 하고 우리를 파멸시키고 멸망시키려고 한다.​성경은 사탄의 존재를 인정하고 들어내는데 일부 성직자와 신학자들은...+ 더보기,4
성경 속 동물과 식물,"책을 처음 받아보자마자 감격에 젖었습니다. 책의 디자인이 너무 예뻐서요. 표지와 책 사이사이에 삽입된 보태니컬아트가 매력적입니다. 책을 읽다보면 저도 모르게 빠져들게 되고 어느새 다 읽고 난 자신을 발견하게 됩니다. 우아한 디자인도 그렇지만 내용도 어렵거나 길거나 하지 않아서 약 한두 시간이면 충분히 다 읽을 수 있는 분량입니다. 그러나 저는 너무 빨리 읽는 편이라 묵상에 도움이 되도록 천천히 읽는 것이 더 좋을 것 같아요. 성경을 읽거나 공부할 때, 우리는 주로 사람들의 행위와 예수님의 업적에만 집중합니다. 그러나 성경 속에는 사...+ 더보기",5
성경 속 동물과 식물,"찬미예수님~ 안녕하세요~ 가톨릭출판사 캐스리더스 9,10월의 도서는 허영엽 신부님의 「성경 속 동물과 식물」입니다. 작년 캐스리더스 7기 때에 허영엽 신부님의 「성경순례」를 통해 성경 속에 나오는 지역에 대해 알아보았다면, 올해는 「성경 속 동물과 식물」을 통해 성경 속에 나오는 동물과 식물에 대해 알아보았습니다. 탈출기 그룹성경 할때에 “왜 궤약 궤를 만들 때 아카시아 나무로 하라고 되어있나요?”, “왜 주님께 제물로 바칠 때 나귀의 첫새끼는 양으로 대속해야 하나요?” 질문들을 하셨는데 성경 공부 할 때에 이 책을 곁에 두고 함께...+ 더보기",5
성경 속 동물과 식물,"올해는 다시 청년 성서 모임에 발을 담그게 됐다. 과거에 그룹 공부는 했지만 연수는 다녀오지 않았던 요한복음도 교재가 새롭게 개정되어 다시 그룹 공부를 시작했고, 지난주부터는 사도행전 그룹 공부도 함께하고 있다. 군 시절부터 이어온 신앙생활이지만, 본격적으로 성경을 깊이 접하게 된 건 첫 청년활동을 연합회, 전례부에서 하게 되면서였다. 당시 전례부이자 청년회장 누나의 추천으로 연합회로 시작해 전례부에 들어가게 되었는데, 그때가 내 성경 여정의 출...+ 더보기",5
성경 속 동물과 식물,"자연관찰 책에 흥미를 갖고 있는 아기와 함께 자연책을 읽다 보니 성경 속에 등장하는 동물과 식물에 대한 책에도 관심이 생겼다. 무엇보다도 현대에도 존재하는 동물과 식물이 성경 속에서 언급되었다는 게 신기했다. 책의 구성은 각 동물과 식물의 특성과 그에 관해 얽힌 이야기, 언급된 성경 구절이 덧붙여있다. 그래서인지 마치 작은 백과사전을 읽는 것 같은 느낌이었다. 읽는 내내, 아이가 좀 더 커서 성경을 접하게 될 나이가 되었을 때 다시 한번 같이 읽어보면 너무 좋을 것 같다는 생각이 들었다. 가정에 동물이나 식물을 좋아하는 자녀나 조...+ 더보기",5
성경 속 동물과 식물,"이번에 접해본 책은 성경 속 동물과 식물로,성경에 등장하는 80여 종의 동식물을 신학적, 생태적, 문학적으로 담아놓은 책이다.그 중에서도 성경에서 자주 접하고 익숙한 동식물을 살펴보았다.사랑과 평화의 상징인 비둘기는 창세기의 노아의 방주 이야기에서 비롯되었는데, 올리브잎을 물고 오면서 새로운 땅(시대)이 있음을 알려주었다. 더불어 비둘기는 하느님의 영의 모습을 비둘기로 형상화하며 순결의 상징임을 나타냈다.(그런데 우리 현대에서는 비둘기는, 친숙하지만 더럽다는 이미지로 극혐의 존재가 된 것에 살짝 슬프기도 하였다.)초대교회 믿음의 상...+ 더보기",5
성경 속 동물과 식물,"#보금자리묵상​#독자적보금#성경속동물과식물 느리지만 근면한 달팽이""흘러내리는 물처럼 그들은 사라지고 그들이 화살을 당긴다 해도 무디어지게 하소서. 녹아내리는 달팽이처럼, 햇빛을 못 보는, 유산된 태아처럼 되게 하소서.”(시편 58,8-9)이 구절에서 ‘녹아내리는 달팽이’라는 표현은 오랫동안 햇볕을 쬐면 껍질 속에서 말라 죽는 특징을 빗대어 썼을 것이다. 달팽이는 느리게 움직이는 동물이다. 빠르게 변화하는 현대 사회에서 우리는 종종 쫓기듯 바쁘게 살아간다. 이럴 때 잠시 숨을 고르고, 천천히 자신만의 속도로 나아가는 달팽이처럼 여유...+ 더보기",5
성경 속 동물과 식물,"책을 읽은 소감을 한마디로 표현해보자면, '성경을 통해 바라보는 동물과 식물 대백과'라는 말이 적당할 것 같아요. 차례에서 알 수 있듯이 아주 다양한 동물과 식물들이 등장하고 있답니다. 단순히 동식물의 이름만 나열된 차례가 아닌, 해당 동식물의 간단한 설명이 함께 있어 더욱 호기심이 생겼어요. 특히 우리에게 아주 친근한 '개'가 성경속에서는 '이방인'으로 비유된다거나, 고수풀이 약초로 사용되었다는 것은 굉장히 이끌리는 내용이었습니다.책 본문 속으로 들어가면 과연 이 책을 가톨릭계의 동식물 백과사전으로 불러도 손색이 없겠다 싶은 페이...+ 더보기",5
성경 속 동물과 식물,"성경을 읽다 보면 배경이나 비유로 동물과 식물이 자주 나옵니다.동물은 책이나 TV 등으로 많이 봐 와서 익숙한 것도 많고, 동물이 의미하는 바를 어느 정도 알고 있지만 식물은 우리나라에 없거나 흔하지 않아서 낯선 식물이 많고 궁금할 때가 많았기에 책을 알게 되었을 때 그 내용이 무척 궁금했습니다.이 책은 내용이 쉽고 재미있습니다.그리고 각 동식물마다 한 장 반에서 두 장 정도로 구성되어 있어서 한두 장씩 가볍게 읽기 좋았습니다.이 책에는 어린양, 물고기, 메뚜기, 메추라기, 포도, 무화과나무, 돌...+ 더보기",5
성경 속 동물과 식물,"하느님께서 지으신 모든 피조물은 저마다의 의미를 지닌다 은 2009년 허영엽 신부님이 평화신문에 연재했던 글을 묶은 책으로, 16년 만에 개정판으로 새로 단장해 나온 책이다. 제목 그대로 성경에 나오는 동물 43종, 식물 35종 총 78종의 동식물 이야기가 담겨 있다. 동물 편, 식물 편으로 나뉘어 있어 차례대로 읽어도 좋고, 동식물을 번갈아 가면서 읽어도 좋다. 나는 두 달 동안 하루치씩 동식물을 번갈아 가면서 읽었다. 식물 편을 읽고 나선 엄혜진 수녀님의 <성경 ...+ 더보기",5
성경 속 동물과 식물,"책 표지마저 너무 예쁜 책이에요.​들판의 한 송이 꽃, 하늘을 나는 새 한마리에서도 하느님의 뜻을 만날 수 있다는 신부님의 소개말에흥미롭게 목차를 바라보다가​""평화와 안정의 무화과 나무""​라는 문구에 눈길이 가서 무화과나무 챕터부터 읽기 시작했습니다.​집 마당에서도 무화과 나무가 자라고 있고ㅡ 집에 무화과 나무가 들어온 다음 해부터 매년 무화과를 따먹기 시작했어요. 매년 먹을때마다 의식을 못했는데, 이제서 의식을 하면서 먹게 되니 매번 먹던 무화과가 새롭게 느껴지는 맛이었습니다.이렇게 무화과는 안전한 삶을 뜻한다.사람이 무화과나무 ...+ 더보기",5
성경 속 동물과 식물,"이번 도서는 '성경 속 동물과 식물'이다.이 책은 제목 그대로 성경 속에 등장하는 동물과 식물들에 대해 간단히 소개하는 책이다. 단순히 '이 생물은 무엇이다!' 이런 내용이 아니라 이 생물이 각 나라 별로 가지고 있는 이미지와 성경 속에서 어떤 구절에 등장하고, 어떤 의미로 사용되는지 짧고 간결하게 서술하고 있다.여기 나오는 모든 생물에 대해 당연히 다 알고 있을 거라고 생각했는데 막상 책을 읽어보니 이런 생물도 있었나..? 싶은 생물들이 보였다. 너무 당연하게도 다 알고 있을거라고 생각했는데 의외로 생소한 생물들이 있어서 성경을 ...+ 더보기",5
성경 속 동물과 식물,"제목 ; 성경 속 동물과 식물글 ; 허영엽출판사 ; 가톨릭 출판사이 책을 처음 받아 목차를 보고 깜짝 놀랐습니다. 왜냐하면 성경에 이렇게 많은 동물과 식물들이 나왔다는 사실이 놀라웠습니다.또 '이런 동물도 나왔어?', '앗! 이런식물들도 나왔구나~'제가 평소에 성경을 꼼꼼히 보지 않은 것이죠ᆢ^^;;이 책은 허영엽 신부님께서 2009년 신문에 연재했던 글을 책으로 묶어 출간한 책입니다.그래서 동물이나 식물 하나하나 간단히 소개가 되어있어 읽기도 편하고 성경 어느부분에 있는지 소개도 되어 있어 '아~내가 이걸 인지를 못 했네~', '...+ 더보기",5
성경 속 동물과 식물,"하느님께서 보시니 손수 만드신 모든 것이 참 좋았다. (창세기 1:31) 하느님의 말씀을 담은 정경(Canon)을 ‘성경’이라고 한다. 잘 알듯이 성경은 예수님 이전(기원전, BC)에 기록된 구약 39권과 예수님 이후(기원후, AD)에 기록된 신약 27권 등 총66권으로 구성되어 있다. 허영엽 신부님의 󰡔성경 속 동물과 식물󰡕은 이 66권으로 구성된 성경에 나오는 각종 동물과 식물에 깃든 하느님의 뜻과 섭리를 깨달을 수 있는 책이다. 이 책은 허영엽 신부님께서 서문에서 밝히신 바와 같이 이 글은 200...+ 더보기",5
성경 속 동물과 식물,"성경 속 동물과 식물지은이 : 허영업가톨릭 출판사이 책은 허영엽 신부님께서 성지순례 중 양귀비 꽃의 검은 십자가를 보며 깊은 묵상을 체험하신 후, 매주 동식물을 알아가며 그 안에 깃든 하느님의 섭리를 깨달아가는 과정에 연재하셨던 글을 묶어 출판하였던 책을 다시 새롭고 아름답게 개정 출판하신 책이다.한편, 서평의 저자는 성경을 묵상하는 과정에 궁금한 부분들이 많았으나 신부님이나 수녀님을 따로 뵈어 동식물에 관하여 질문하기에는 너무 사소한거 같아 고민하던 찰나, 본 책이 저자의 손에 들어왔다.도감처럼 궁금했던 부분만 찾아 볼 생각으로 ...+ 더보기",5
하나님 나라와 광장신학,"예수가 전한 복음은 '하나님 나라'다.예수는 친히 '하나님 나라'가 되셨다.하나님 나라는 예수를 통해 실현되며 완성된다.예수를 빼고는 하나님 나라를 논할 수 없다.하지만 하나님 나라는 그 중요성이 간과되거나다른 개념과 혼용되어 오해를 불러일으킬 때가 많았다.저자인 유태화 교수는 ""아우토 바실레이아""(αὐτὸ βασιλεία)라는 개념을 통해하나님 나라 개념의 핵심을 다루며 논의를 시작한다.저자는 성경신학과 조직신학을 아우르며하나님 나라를 포괄적으로 살펴보고 통섭하려고 한다.일반 계시와 특별계시에 대한 신학적 토대를 역사적으로 추적하...+ 더보기",5
하나님 나라와 광장신학,"이 책을 집어 든 순간, 어릴때부터 수없이 들어온 “하나님 나라”에 관한 메시지들이 스쳐갔다. “예수 천당, 불신 지옥”에서 연상되는 장소로서의 하나님 나라에서부터 현재 가장 많이 언급되는 “하나님 나라의 선한 통치”에 이르기까지 기독교인 각자가 가지고 있는 다양한 이해와 개념이 존재한다는 생각을 가지고 읽기 시작했다. 또한 기독교에 대한 반감이 극에 달한 이 시대에 주목하게 되는 “공공신학”의 의미와 사명은 무엇인지, 그 진지한 고민과 신학적 사색에 공감하며 읽었다.저자는 20세기에 접어들면서 너무나 흔히 듣게 된 단어인 ""하나님...+ 더보기",5
절 마당에 앉아,"2018년부터 독자들과 소통하고 있는 성진스님의 다섯번째 책이다.현재는 남양주에 위치한 성관사라는 절의 주지로 있다고 한다.대개의 사람들이 신과 직접 소통할 수 있는 능력은? 없으니신부, 목사, 스님과 같은 종교인에게서 일상의 구원을 얻고자 한다.누군가에겐 아무 무게감도 없는 뻔하고 지루한 일상인데누군가에겐 커다란 짐으로 뻘밭에 빠진 마냥 힘겨운 하루하루일 수 있다.그래서 성관사를 찾았다가 성진스님의 얼굴을 보는 순간많은 질문을 쏟을 것이다.""내가 지금 이런데 어떻게 살아야하는냐고""그렇게 성관사 절마당에서 신도가 묻고 스님이 답해준...+ 더보기",5
진리에 대한 복종,"『진리에 대한 복종: 갈라디아서에 나타난 바울의 윤리학』(Obeying the Truth: Study of Paul's Ethics in Galatians) 은 1986년 1월에 케임브리지(Cambridge) 대학에 제출된 존 M. G. 바클레이(John M. G. Barclay, 1958~)의 박사학위 논문이다. 1988년에 원본의 여러 부분을 개정하여 책으로 출간된다. 즉시 몇 가지 질문이 떠오른다. '최근 학문 경향이 매우 중요시되는 성서학에서 기존의 박사학위 논문이 우리에게 어떤 의미인가...+ 더보기",5
성령과 트라우마,"저자의 말대로 ˝해피엔딩을 강요하는 사회˝에서 트라우마는 외면당하기 쉽지만, 트라우마를 외면하는 부활 승리의 구원론은 억압자의 논리가 될 뿐이지, 삶 속에서 끈질긴 죽음을 경험을 하면서 살아가는 많은 이들을 더욱 절망시키는 구원론이 된다.",5
말씀으로 생각을 태우라,하나님의 말씀을 어떻게 하면 우리의삶 속에서 생활 그자체로 만들수 있을지에관해 잘 설파한 책입니다.실질적인 훈련법을 알려주시기에 매우 유익하고흥미로운 책입니다.,5
말씀으로 생각을 태우라,"요즘들어 부쩍 잠이 오지 않는 날이 많은데, 마음이 불편해서 그랬던 것 같아요. 좋은 말씀 읽으면서 마음을 다스려보고 싶네요",5
감사 혁명 : 10년 된 시골교회가 젊은 교회 된 비밀,감사혁명 책을 읽으며 나도 모르게 감사대신불평을 많이하고 있음을 알게되었다일상속에서 감사를 실천해야 겠다고생각이 든다,5
감사 혁명 : 10년 된 시골교회가 젊은 교회 된 비밀,코로나19이후 멈춰있는 크리스천들에게 많은 도움이 될 것 같다. 나도 책에 소개된 내용들을 실천해 봄으로 내 삶에도 감사혁명이 일어나 행복한 삶으로 변화되길 기대해본다!,5
감사 혁명 : 10년 된 시골교회가 젊은 교회 된 비밀,"˝감사 혁명˝ 정말이지 제목처럼 감사로 꽉꽉 눌러 담은 매우 귀중한 책입니다. 내용 구성이 부담스럽지 않고 가벼운 마음으로 읽기에 너무 좋습니다.감사에 대한 명사들의 명언이 가득히 들어있어서, 인용하기에",5
감사 혁명 : 10년 된 시골교회가 젊은 교회 된 비밀,"감사를 통해 하나님의 은혜를 알게 되었습니다. 나의 작은 감사가 가족의 감사가 되고, 교회의 감사가 됨을 알게 되었습니다.",5
감사 혁명 : 10년 된 시골교회가 젊은 교회 된 비밀,"‘출판사로부터 도서를 지원받아 주관적으로 작성한 리뷰입니다.’ 1. 십자가의 고통, 그리고 감사로의 초대40년이라는 긴 세월 동안 하나님의 양 떼를 먹이고 정년 은퇴를 맞이했을 때, 제게 찾아온 것은 평안이 아닌 ‘암’이라는 무거운 소식이었다. 신장암과 전립선암, 두 번의 큰 수술을 거치며 마취에서 깼을 때 느꼈던 그 극심한 통증은 일생 경험해 본 적 없는 절망적인 아픔이었다. 하지만 그 극한의 고통 속에서 제가 만난 것은 다름 아닌 ‘예수님의 십자가’였다. 주님이 날 위해 지신 고통의 무게를 아주 ...+ 더보기",5
감사 혁명 : 10년 된 시골교회가 젊은 교회 된 비밀,"감사는 하나님의 뜻입니다. 감사해야 된다는 것을 모르는 성도들은 없을 것이다. 감사가 있는 곳에 행복이 있고, 기쁨이 넘치는 모습들을 봄에도 불구하고 삶의 현실에서 현실을 뛰어넘는 감사를 하는 것은 쉽지 않아 보이는 것 같다. 그럼에도 불구하고 감사하는 삶은 삶을 바꾸어 놓는다. 그것을 보여주는 책이 바로 감사 혁명이다. 감사혁명은 100년이 넘은 송전 교회에서 일어난 감사 이야기이다. 저자는 감사는 송전교회에 주신 하나님의 선물이라고 고백한다. 감사는 하나님이 주신 선물이기에 감사를 통해서 자신이 새로워지고, 교회...+ 더보기",5
한.새.사람,나 자신의 존재이유에 대해 다시한번 스스로 물어보게 되는 책,4
한.새.사람,어떤 내용일지 정말 기대되네요..궁금합니다.,5
한.새.사람,"여기 에베소서를 통해 인생을 향한 하나님의 생각을 들여다볼 수 있는 책을 하나 발견한다.내가 바라보야할 것이 무엇인지, 알아야 할 것이 무엇인지...그리고 무엇이 되어야할지에 대한통찰이 기대된다.하나님이 찾으시는 한 새 사람이 되기를 소망한다.",4
너의 죄를 고백하라,"하나님께 지은 죄, 개인적인 관계 속에서의 죄, 교회에 지은 (공적인) 죄에 대해서 각각 하나님께 회개함, 개인적인 용서구함, 교회에 용서를 구하고 치리를 받음이라는 죄고백 방법을 제시하고 있다. 그리고 카톨릭 교회의 고해성사 제도가 성경적 죄고백 개념에 어떻게 어긋나는지 논증하고 있다. 제목과는 사뭇 다른 내용을 가진 책이어서 주제에 대한 정확한 정보가 없으면 다른 내용을 원하는 독자에게 읽혀지거나 또는 뭍힐 책이다. 이 주제에 관심이 있는 사람들에게는 존 스토트 특유의 명확한 정리가 큰 도움이 될 것이다.",4
간화선입문,입문서를 쓴다는 것은 참 어려운 문제이다. 어떤 것의 배경지식이 없는 사람이 전체적인 그림을 그려보고자 할 때 찾는것이 입문서일 것이다. 그래서 너무 개괄적인 이야기는 와닫지 않고 세부적인 것은 지엽적인 것밖에 파악할 수 없다. 간화선 더 찾아서 읽어볼 수 밖에... 말을 떠나 생각이 없는 수양이라하니 참 어렵다,2
하나님의 첫사랑을 회복하라,"예수 그리스도께서 이루신 구원은 인류 세계를 완전히 바꾸어 놓았다. 아담의 범죄로 말미암아 타락한 인간과 세상은 하나님의 사랑을 잃어버렸고, 하나님이 원하시는 삶을 살 수 없는 존재가 되었다. 이런 세상에 하나님의 사랑의 영이 부어지고, 새로운 삶이 시작되었는데, 이 놀라운 삶이 얼마나 엄청난 것인지를 안다면 우리의 신앙생활 뿐만 아니라 삶 또한 달라질 수 밖에 없을 것이다. 윌리엄 로우의 하나님의 첫 사랑을 회복하라를 읽으면서 본질에서 하나님은 그 자체가 사랑이시고 선이신데, 하나님의 본질과 인간의 타락한 본성에 대한 바른 이해를...+ 더보기",5
하나님의 첫사랑을 회복하라,하나님의 첫사랑을 회복하라 서평마음속에 처음 존재했던 하나님의 사랑을 회복하는 길하나님을 뜨겁게 사랑했던 내 모습을 떠올려 본다.내 삶의 전부라고 말하면서 가슴 벅찼던 시간.내가 살아가는 이유라고 고백했던 시간.하나님은 나에게 그런분이시다.지금 내 마음과 내 삶은 어떨까?온갖 핑계로 하나님과의 교제하는 시간을 내고 있지 않다.이 시간을 제일 뒷전으로 여기고 있는 것 같다.제일 우선순위가 되어야 하는 시간을.. 내일 마지막 시간으로 미루고 있다내 할일 다하고 내가 하고 싶은거 다하고 하나님께 시간을 드릴게요.. 라고 말하고 있는 내모...+ 더보기,5
하나님은 불의한가?,참된 기독교인이 누구인가? 그는 진실로 하나님의 말씀에 순종하는 새로운 인류이다.,4
하나님은 불의한가?,이스라엘 민족을 위한 기독교 신학이는 부제에서 느끼듯이 이 책은 이스라엘의 민족적인 배경과 함께 하는 로마서 9장 에서 12장에 나오는 내용을 깊이있게 조명하고 있다. 자끄 엘륄은 많은 이들에게 깊은 묵상속에서 나오는 보배로운 하나님의 계시를 밝혀주고 있다. 하나님의 절대적인 주권속에서 유대민족은 하나님의 사역에서 빼놓을 수 없는 깊은 관계를 가지고 있다. 유대인의 특수성과 유대인에게 베풀어진 선물이 바로 여기에서 찾아볼 수 있다. 이스라엘에게 주어진 가장 큰 선물은 인류의...+ 더보기,5
하나님은 불의한가?,"들어가기에 앞서, "" "" 속 내용은 본문 인용문임을 밝혀 둡니다. 유대인은 매우 독특한 역사를 갖고 있는 민족이다. 다른 어느 민족보다 우여곡절이 많은 민족이다. 어느 민족이 하나님께 선택 받았다고 자부하는가? 어느 민족이 2천 년 간 나라 없이 방황하다가 다시 나라를 찾았는가? 오직 유대인만 그러하다. 나라를 잃은 후 어디를 가든 박해 받고, 헤아릴 수 없이 많은 사람들이 몰살당하고도 생명을 유지하고 있는 민족이 어디 있는가? 오직 유대인 뿐 이다. 유대인은 신비하고 특별하다. 유대인은 하나님께 택함 받은 특별한 ...+ 더보기",5
하늘 생명수,하늘생명수 .. 제목처럼 내삶속에 생수로서 다가왔다. 안일한 신앙생활에서 회초리같은 책으로 나의 삶속에서 하늘의 생명수가 흐르는가를 뒤돌아 보게 하였다. 겉으로는 살쪄가지만 영적인 빈곤에 야위어가는 상황속에서 만난 하늘 생명수는 한줄기의 빛과 같은 책이었다. 종교로서 하나님인아닌 인격적인 주님을 만나고 나의 삶가운데서 하나님의 능력과 임재를 구해야겠다. 책첫장에 믿음이란 한알의 밀알이 땅에 떨어져 죽음으로 많은 열매를 맺음과 같이 진리의 열매를 위하여 스스로 죽는 것을 뜻한다는 글을 ...+ 더보기,4
미래학자 고난을 말하다,"미래학자 고난을 말하다​아시아 대표 미래학자가 전하는인생 고난에 대한 성경적 통찰​최윤식생명의말씀사 [교회오빠] 이관희 집사님의 이야기를 들어보았는가? 몇해 전 영화로 본 것을 최근에 다시 볼 기회가 있었다. 대장암에 걸린 엄친아 이관희집사님. 엎친데 덮친격으로 어머니가 돌아가시고 아내는 혈액암..이제 가정을 이루어 돌이 된 아이를 두고 하나님 앞에서 그 믿음을 더욱 견고하게 했던 집사님의 고백... 성경 속 욥의 모습을 현대판 이야기로 만난 것 같았다.​고난을 지나며 하나님을 더 깊이 만나고 성장하는 과정은 알지만, 고난...+ 더보기",5
365일 웨스트민스터 소교리문답,얼마 전 신혼 가전이었던 TV를 버렸습니다. 오래 사용한 연유로 기능상의 문제가 발생한 이유가 컸지만 삶에서 TV가 차지하는 비중을 줄이고 싶었던 내면의 갈망도 있었죠. 연일 웃고 떠들어대는 TV가 사라진 공간과 시간이 주는 그 적막함과 약간의 공허함(?)이 느껴졌지만 역시 인간은 환경에 무섭게 적응하는 동물인가 봅니다. 몇 달 전 초등학생인 첫째 아이가 출석했던 교회의 주일학교에서 부모님과 아이들이 함께 성경 말씀을 공부할 수 있는 제본 노트 한 권을 주었습니다. 매일 부모님과 아이가 번갈아가면서 성경적인 질...+ 더보기,5
재앙을 축복으로 만드는 사람들 1,김원수 법사님의 새벽 법문을 잘 정리한 책입니다. 마음 밝아지는데 좋은 강의입니다.,5
치유티칭,간단하지만 치유에 대한 놀라운 진리를 담고 있습니다!,5
성경을 따라가는 52주 가정예배 6 : 서신서와 요한계시록,"본 서는 가족 구성원 전체가 1년에 1권씩 6년 동안 사용하여 성경을 1독 할 수 있는 가정예배 가이드 책입니다. 전체 6권 중 저는 마지막 여섯 번째 서신서와 요한계시록편을 읽고 활용했습니다. 저희 가정은 매일성경 본문으로 주 1회이상 가정예배를 드립니다. 이번에는 이 책을 활용해 요한계시록의 한 부분으로 가정 예배를 드렸습니다. 책의 구성은 찬송가, 가정예배 성경 본문의 해설, 묵상 2가지 질문 그리고 기도로 이루어졌습니다. 가정예배에서 활용할 때 중요한 것은 2~3장씩 1주에 읽기 분량을 읽는 것이라 생각이 들었습니다. 가정...+ 더보기",5
성경을 따라가는 52주 가정예배 6 : 서신서와 요한계시록,#책리뷰 #책추천 #세움북스#성경을따라가는52주가정예배 #김태희 #서신서와요한계시록#가정예배 #기독교교육 #부모교육 #가정예배서 가정예배를 드리고 싶으나 어떻게 드려야 할지 모른다면!추천합니다!!!매일 매일 드리고 싶은 마음 가득하지만 막상 가족이 모두 시간을 맞추기 어렵다. 그래서 52주 한주에 하루 시간을 정해보자! 그렇게 시작하는 가정예배 우리 가족이 모두 모여 찬양을 하고 말씀을 읽고 말씀을 나누고 기도제목을 나누는 시간52주 ...+ 더보기,5
성경을 따라가는 52주 가정예배 6 : 서신서와 요한계시록,"성경을 따라가는 52주 가정예배 북리뷰우리 가정은 묵상집인 생명의 삶을 따라 가정예배를 드리는데아직 아이들이 어리다보니본문을 쉬운 성경으로 읽고 해설로 이해시키는 시간이 꼭 필요했었다첫째는 초2, 둘째는 아직 한글을 떼지 않은 6세이다책을 혼자 보다가 읽다보니그래도 아이들과 같이 보고 싶은 마음에민민형제에게 요청했다엄마랑 같이 말씀읽고 예배하자니까쪼르르 상으로 다가와 앉는다 책의 구성중요한 부분을 놓치지 않고 잘 이해할 수 있는 본문과질문을 통해 답하면서 본문을 다시 생각하고예배의 나눔을 풍성하게 할 수 있었다딱 적당한 길이의...+ 더보기",5
관계 중심의 어린이 사역,"오, 이 책 내용 좋더라고요. 요즘 애들 대하는 게 쉽지 않았는데, 이거 보면서 우리 아이들이 귀중한 존재라는 걸 다시 리마인드하게 되는 것 같아요. 암튼 주일학교 교사 분들께 강추합니당",5
시편,"칼뱅은 교회에서 찬양은 시편으로만 해야 한다고 하였다. 요즘에도 많은 찬양들이 말씀을 가지고 만들며, 그중에서도 시편을 가지고 음률을 붙여 부른 노래들이 많다. 소싯적에는 그저 음률들이 좋아서 흥얼거리던 노래들이 시편을 읽다가 ‘그 노래가 이 시편이었구나!’하고 반가워했던 기억들이 새록새록 떠오른다. 하지만 시를 분석하고 공부하는 것은 참 어렵다. 시를 읽는 것은 좋았으나 문학수업은 힘들었다. 이미 학자들이 분석한 내용은 지루했고, 이렇게까지 쪼개야 하나는 생각이 머릿속을 떠나지 않았고, 마구 쑤셔 넣는 지식은 시를 씹는 것을 방해...+ 더보기",5
다만 그윽한 마음을 내라,말그대로 다만 그윽한 마음을 내게하는 책입니다.감사합니다.,5
다만 그윽한 마음을 내라,*천지의 근본도 내 한마음이 근본이요태양의 근본도 내 한마음이 근본이라어찌 모든 세상 두루 살피지를 못하리오 *한 생각에 지옥을 만들고 한 생각에 극락을 이룬다그 한 생각을 잘 다스려라 *나 하나를 버린다면 모든 것이 다 잠자고 쉬게 되니삼세에 걸림없는 자유인이 된다 *나보다 남을 생각하는 마음그 마음이 마침내 온 우주와 함께하는 한마음인 것이다,5
창세기에서 예수님을 만나다 2,마음속 죄의 문제를 어떻게 해결 받고 의인되어지는지 알게하고 예수그리스께로 인도해 주님의 구원사역으로 주님의 자녀되게 하는 진리의 말씀이네요~,5
