book_id,book_title,review_id,reviewer,review_content,rating,created_at
375213,컴퓨터가 키득키득,1068111,최상철,"2005년 12월 2일 금요일(초3탐구생활-독서일기) 





오늘의 일기주제는 제목으로 공개하지 않겠다. 내용으로 공개하겠다. 괜히 궁금해서 들어왔다가 반드시 인체 깊고 깊은 곳에서 1그램의 분노가 치밀어 올르는 네티즌들이 있을 것이다. 일기 주제-앗! 시리즈중에 컴퓨터가 키득키득!여러분은 컴퓨터 바이러스를 아십니까?(말투가 바뀌었습니다. 말투 바뀐걸로 분노가 1밀리그램이라도 치밀어 오른다면 머리가 혼란스러운 겁니다.)우리가 자주 걸리는 감기바이러스와 비슷한 것이죠. 유명한 컴퓨터 바이러스 몇가지....1.크...+ 더보기",5,2007-02-25
375213,컴퓨터가 키득키득,860735,허공도인,주위에서 빌려서라도 한 번 읽어볼 만한 책이다.,5,2006-04-19
375213,컴퓨터가 키득키득,3402121,납득이되여?,"컴퓨터는 한 가지는 확실하다. 오늘의 세계에서 컴퓨터가 커다란 역할을 하고 있다면, 내일의 세계에서는 훨씬 더 큰 역할을 하게 될 것이다.  
그런데 얼마나 큰 역할을? 으음, 우선, 이런 기사 제목들을 보게 될 것이다. 
앞 머리의 안전판을 찌그러뜨리며 다른 차에게 돌진하고, 도로로 뛰쳐나가 실제 사람들을 공포에 떨게 하는 대신, 여러분은 먼저 컴퓨터에서 방법을 타득할 수 있다. 운전 VR장치가 가상의 차 바퀴 뒤에 여러분을 앉혀 놓고 여러분을 테스트할 것이다! 
테스트를 통과하기...+ 더보기",5,2010-02-07
315794492,마인크래프트로 배우는 지구 대백과,14582699,쭈미쭈미,"​ ​아들이 먼저 읽어보면서 과학적인 지식 설명도 있어서 좋았고, 마인크래프트 게임 속에서는 어떤 tip 들이 있는지도 나와있어서 여러모로 읽어보고 배워볼게 많이 있었다고해요.​​마인크래프트 게임 속 세계는 우리가 살고 있는 지구를 기반으로 만들어졌어요.지표에서는 100km 높이까지는 눈에보이지 않는 대기로 꽉차있고요. 지각과 용암등 있더라고요.현실과 다른 점에서는 마인크래프트는 '엔드'라는 세상이 존재해요.​*지구대백과 지식설명에서는 [ 지구의 내부 구조] 설명으로 하부맨틀, 외핵,내핵, 지표, 지각,상부맨틀에 대해서 나...+ 더보기",5,2023-05-13
315794492,마인크래프트로 배우는 지구 대백과,14595235,푸른하늘,마인크래프트 장인 조합 지음사마키 다케오 감수김나정 옮김제제의 숲​​마인크래프트 세계에 지구의 모든 것이 담겨있어요마인크래프트는 네모 블록으로 이루어진 세계로노래 '네모의 꿈~♬ '이 생각나네요;마인크래프트 세상에서 만들지 못하는 건 아~~무 것도 없을 정도랍니다지구의 모든 것을 알 수 있는 지구대백과 세상으로 고고해 볼까요!!차 례지구의 구조돌과 광석꽃과 풀채소와 과일나무와 목재땅에 사는 동물물에 사는 동물편리한 도구​​여러 지형과 기후가 존재하는 지구마인크래프트 게임 속 세계는 우리가 살고 있는지구를 기반으로 만들어졌어요지표 지...+ 더보기,5,2023-05-18
315794492,마인크래프트로 배우는 지구 대백과,14588854,하하하패밀리하맘,"이미 일본 아마존 100만부 판매 돌파를 이룬 책!​초등 과학교과 연계되는 책이니게임만 하는 아이들에게 잔소리 대신자연스럽게 초등 필수 과학 지식 까지 쌓게 해주는 책으로 선물하면 좋아요^^과학책이다 하고 주는게 아니고마인크래프트로 이런것들을 할 수 있다는 것을 이야기 해주며자연스럽게 노출시켜주기에 아주 딱인책이에요​처음에는 초등 저학년 아이들만 좋아할까 싶었는데마인크래프트 좋아하는 아이들은 누구나 재미있게 읽을 책이에요​지형, 날씨, 동물등등 초등 필수 과학 지식이 한가득 수록되어 있어요​겉표지 부터 아이들 취향저격에바로 마인크래...+ 더보기",5,2023-05-16
315794492,마인크래프트로 배우는 지구 대백과,14594877,행복한가득,"마인크래프트 좋아하는 막둥이를 위해 선물한 책 마인크래프트로 지구과학을 배울 수 있네요. 지형, 날씨, 동물 등 초등 필수 과학 지식을 배울 수 있는 과학책이랍니다. 좋아하는 마인크래프트 이야기와 함께라 흥미롭고 재미나게 읽을 수 있네요.    마인크래프트 좋아하던 아이에게 과학에도 흥미를 보이게 해주네요. 일본 아마존 100만부 판매돌파!지구과학분야 3년 연속 베스트셀러인 책이랍니다. 그런 책을 전 이제야 알게 되었네요. ㅎ 지구의 구조, 돌...+ 더보기",5,2023-05-18
315794492,마인크래프트로 배우는 지구 대백과,14600089,토끼와다람쥐,"요즘 마인크래프트, 로블록스같은 게임도 좋아하고 책 읽기도 모두 좋아하는 아이.게임에 대해 다룬 백과나 책, 심지어 게임 소설도 많이 찾아 읽는 것을 즐기고 있다.특히 이번에 읽어보고 있는 <마인크래프트로 배우는 지구 대백과>는이렇게 마인크래프트를 통해 과학지식까지 재미있게 배울 수 있다니 일석이조였다.ㅎ아이도 엄마도 흐뭇하게 만족했던 책.일본 아마존에서 베스트셀러를 기록하고 있는 과학 도서로,지식백과같은 어려운 비문학 도서는 잘 못 읽는 아이가 이번엔 술술 읽으며신기하고 흥미로운 과학 사실들을 가족들에게 이야기해주기 바...+ 더보기",5,2023-05-21
315794492,마인크래프트로 배우는 지구 대백과,14585712,hini3720,"마인크래프트 몇 년째 우리 아들을 사로잡았다.
게임+게임유튜브 보는걸 특히 좋아하는 아들

얼마전 닌텐도로 마인크래프트 칩도 사주고
너무 좋아하는 아들이라

이번 신간으로 나온 마인크래프트로 배우는 지구대백과를 제시하면 엄청난 시너지가 날 것만 같았다.

역시나, 책을 보...+ 더보기",5,2023-05-15
315794492,마인크래프트로 배우는 지구 대백과,14630088,열라귀연깜찍맘,딸이 요즘 자주 하는 게임 중 하나가 마인크래프트인데요~저는 게임을 잘 모르긴 하지만마인크래프트 할 때 보면 게임 속이 마치 하나의 작은 지구 같더라구요~도끼로 산이나 돌을 막 캐 내서 자기가 건설할 것들재료들을 마련하고동물들도 키우는 것을 봤는데요~게임 속 배경을 잘 들여다보면지구 자연환경을 그대로 옮겨 놓은 듯 합니다.마인크래프트로 배우는 지구대백과의 경우마인크래프트 게임이 아닌 그 배경과 아이템을지구와 매치시켜 하나하나 설명을 해 주고 있어서이 책을 모두 보고 난 뒤에는마인크래프트의 세계를 더 잘 이해할 수 있겠더라구요~그래서...+ 더보기,5,2023-06-01
315794492,마인크래프트로 배우는 지구 대백과,14585406,애니,"아이들이 좋아하는 게임 중 상위권 당연히 마인크래프트가빠지진 않겠죠마인크래프트로 지구과학에 대해 배워 볼까요????!!!!!!!!아이가 처음 책을 보고 와~~연신 감탄사 ㅋ좋아하는 게임이 책으로 나오다니 하며 관심 있게 봤답니다지구의 구조, 돌과 광석, 꽃과 풀, 채소와 과일, 나무와 목재, 땅에사는 동물, 물에사는 동물, 또 편리한 도구까지 우리가 살아가는데 필요한 모든 것들이 마인크래프트 게임 속에 있으리라곤 상상 못한듯 모든것은 다 가상인줄 알았나봐요하지만 마인크래프트는 모든게 다 현실속에 존재했단 사실에깜짝 놀랬어요 ㅎ마인크...+ 더보기",5,2023-05-15
260336,안나와 떠나는 미술관 여행,487086,미누리,"안나는 삼촌과 함께 미술관 입구에 서 있다. 미술관은 시커먼 입을 쩍 벌리고 버티고 서 있고 안나는 미술관에 들어가기 전 삼촌으로부터 주의사항을 듣는다. 아무거나 함부로 만지지 말고 질문도 하지 말고 떼 쓰지도 말고 칭얼 대지도 말 것.
미술관에서 삼촌은 엄숙한 얼굴로 사람들에게 어려운 용어를 동원하며 설명에 들어가고 안나는 화장실을 찾아 저 혼자 미술관을 배회하기 시작한다.  그러던 중에 미술관 바닥에 놓인 빨간드레스를 발견하고 그 옷을 입는다. 그 옷은 안나를 그림 속으로 들어가게 하고 안나는 그림속에서 화가들을 만난...+ 더보기",4,2004-06-27
260336,안나와 떠나는 미술관 여행,597452,대전복수동정지윤,"미술가들에 대해 작품의 특징에 대해 잘 아는 아이들은 이 책을 무리없이 읽을 수 있겠지만 그렇지 않은 아이들이 읽을 때는 분명 재미없다는 생각을 할 책이다. 이 책에 등장하는 삼촌도 미술관에서 작품을 설명해주고 화가의 일화를 설명해 주는 것처럼 이 책을 읽는 아이들에게 설명을 해 주고 이 책에 나와 있는 작품들의 사진이라도 보여줄 수 있는 길잡이 있다면 100배, 200배의 효과를 얻을 수 있는 책이라는 생각이 든다. 화장실에 가고 싶으면 정신 하나도 없다. 어른이나 아이나 마찬가지다. 볼 일이 급한 아이가 급한 마음에 이야기가 진...+ 더보기",4,2004-12-29
260336,안나와 떠나는 미술관 여행,1022406,최상철,"오봉초 4학년 
최 상철 

처음 책 표지를 보았을때, 그 사람이 안나가 아니라 마녀쯤 되는 사람인 줄 알았다. 그러나 실제로 그 사람은 안나였다. 책표지만으로 이런 오해를 불러 일으킬 수 있구나, 하고 책을 읽기 시작했다. 
이 책에서는 렘브란트, 뭉크, 몬드리안, 고흐, 피카소, 르네, 마그리트, 샤갈, 달리, 세잔 등을 만날 수 있다.   
안나는 삼촌과 함께 박물관으로 오게 된다. 삼촌은 박물관 큐레이터. 외삼촌이 열심히 그림에 대하여 설명을 하고 있을 때 안나는 매우 심...+ 더보기",5,2006-12-20
260336,안나와 떠나는 미술관 여행,1872050,하늘바람,"오랫만에 그림관련 된 책을 찾아보다가 이 책을 발견하였다.
미술책인데 실제 명화가 등장하지 않는다. 다만 그 명화를 모사해서 그린 일러스트가 등장하는데 거의 명화같은 느낌이어서 아주 재미있게 명화를 감상할 수 있었다.
안나의 미술관 여행일는 스토리인데 
화장실을 가려다가 뒤샹의 변기를 찾아다니며 이그림 저그림을 만나는 설정은 재미있기도 하다가 좀 억지스럽다는 느낌도 받았다.
하지만 그런 억지스러운 느낌을 새로운 기법 혹은 새로운 그림 아니면 그 그림의 작가들을 만나게 되면서 자연스럽게 여행을 따라다니는 즐거움을 얻을...+ 더보기",4,2008-01-29
260336,안나와 떠나는 미술관 여행,1711009,angella125,"첨엔 시큰둥하게 반응하던 아들녀석~
한페이지를 같이 읽으면서 수수께끼식으로 그림과 설명을 가지고 어떤 화가인지를 맞추는 식으로
이 책을 읽어나갔다. 
근데 웬걸~~
자기가 아는 피카소, 르네 마그리트, 반 고흐 등등이 나오면서 점점 그 다음 이야기가
궁금해지고 다음 페이지엔 어떤 화가가 나올까 너무 재밌어한다.
엔디 워홀이나 폴록 같은 화가들은 조금 낯설긴 한데 특히 폴록은 이 책을 통해서
아들한테 아주 강한 이미지를 남긴것 같다.
뒤의 설명도 도움이 많이 된다. 이 설명이 없었음 몇몇의 화가는 등장했는지도 모른채 끝...+ 더보기",4,2007-11-20
297280718,책 읽는 고양이 서꽁치,13820487,sonagahan,서점과 도서관에 있는 고양이라...생각만 해도 매력적인 존재이네요.처음에 읽으며 시같은 느낌이 강한 문체가 인상적이었네요. 즐겁게 읽었습니다.,3,2022-08-03
297280718,책 읽는 고양이 서꽁치,13944940,키치,"책과 고양이를 좋아한다면 사랑에 빠지지 않을 수 없는 소설이다. 소설의 배경은 검은 고양이 섬이라는 뜻의 흑묘도. 다섯 남매 고양이 중 맏이로 태어난 꽁치는 어느 날 엄마로부터 엄청난 이야기를 듣게 된다. 엄마의 집안은 대대로 한 세대에 한 마리씩 글을 읽을 줄 아는 고양이가 나오는데, 엄마 대에서는 글을 읽을 줄 아는 고양이가 엄마였고, 엄마의 자식 대에서는 꽁치가 바로 그 고양이라는 것이다. 자신이 글을 읽을 수 있다는 사실을 깨달은 꽁치는 그 날 이후로 글 읽는 재미에 푹 빠진다. 처음에는 눈에 보이는 간판이나 포스터...+ 더보기",5,2022-09-20
297280718,책 읽는 고양이 서꽁치,13728412,poiesis,"책 읽는 고양이 꽁치는 성도 있다. 그것도 무려 글 서(書)! 유서 깊은 가문 출신이며, 이 가문에 속한다 해도 한 세대에 한 마리만 글을 읽을 수 있는 유전자를 가지고 태어난다. 단 꽁치의 성씨인 <書>가 적힌 집안의 가보를 봐야 읽는 능력이 발현된다. 한 세대에 혼자라면 이 특별한 능력이 반가울까. 어떤 삶을 살게 될까. “책 읽는 능력이 꼭 좋은 건 아냐. 꽁치는 행운아지만 동시에 불운한 고양이일 수도 있어.” 나라면 무조건 좋...+ 더보기",5,2022-07-01
297280718,책 읽는 고양이 서꽁치,13743192,풍전등화,"이경혜 작가의 동화 <책 읽는 고양이> 가제본을 흥미롭게 읽었다. 세상에 책 읽는 고양이라니, 서당개도 아니고 도대체 무슨 내용이지하는 호기심이 생겼다. 요즘은 반여경과 반려묘가 일상이 되었으니 동화속에 등장하는 책방에서 태어나 50년을 살고 있는 서복동 쥐 정도면 그림책은 충분히 바라볼 수 있을 것도 같다. 우리집에 사는 잉꼬와 앵무새도 아침에 일어나서 밤에 잠들기 전까지 종일 클래식 음악방송을 듣고 있다. 기분이 좋을 때면 아내의 동요에 맞추어서 춤을 추는 것처럼 온 몸을 들썩이기도 한다. * 책읽는 고양이 서꽁치33...+ 더보기",5,2022-07-06
297280718,책 읽는 고양이 서꽁치,14392138,기진맥진,"고양이 이야기는 뭐, 이제 너무 흔해서 동화 중에 하나 건너 하나는 고양이가 나오는 것 같고, ‘책 읽는 ○○’도 꽤 많으니 흔한 요소 두 개가 결합된 책이라 하겠다. 하지만 식상하지 않다는 점이 이 책의 매력! 캐릭터가 너무 생생하고 서사도 아주 새롭다. 이런 점이 이야기의 고마움이 아닐까. 써도 또 써도 샘솟는 이야기. 덕분에 작가님들은 “또 그 이야기? 많으니까 안 써야지.” 이런 생각을 안 하셔도 될 것 같다.^^     하지만 그렇다고 해서 이야기가 쉽게 나오는 것은 아니다. 작가의 말에 보니 이 책은 오래된 된장...+ 더보기",5,2023-03-01
297280718,책 읽는 고양이 서꽁치,13742593,seran000101,"<책을 읽는다는 의미>책이 ‘책을 읽는다는 것’의 의미를 생각해 보게끔 한다는 점에서 특히 좋았다.  ‘그래서 꽁치는 탈출했어?’ 혹은 ‘나쁜 인간이야!’ 라는 감상뿐만 아니라 글을 읽는 행위의 의미를 곱씹어 보게 한다. 꽁치는 ‘장화 신은 고양이’에 빠지고, 쥐 할아버지는 평생을 ‘쥐둔갑 타령’ 내용을 궁금해했다. 마침내 꽁치가 읽어주자 책 결말이 어떠하든 죽어도 여한이 없다는 말을 남긴다. 고양이든 쥐든, 그리고 인간이든 자신을 궁금해한다. 자신과 관련된 듯한 이야기라면 호기심을 가진다. 즉, 글을 읽으며 우리는 스스...+ 더보기",5,2022-07-06
297280718,책 읽는 고양이 서꽁치,13730828,inging,"주인공 고양이의 이름은 꽁치이며, 성은 서씨다. 대대로 '글 서(書)'를 성으로 사용한 책을 읽을 수 있는 유서 깊은 가문의 고양이다. 이 가문의 모든 고양이가 글을 읽을 수 있는 것은 아니고, 한 세대에 한 마리씩만 그 유전자를 받는다고 한다. 꽁치 형제에게는 맏이인 꽁치에게 글 읽는 능력이 전해졌다. 과연 꽁치는 이름대로 공치(共治, 함께 다스림)의 삶을 살아갈 수 있을까. 남다른 재능을 타고난 꽁치를 두고 엄마는 말한다. ""책 읽는 능력이 꼭 좋은 건 아냐. 꽁치는 행운아지만 동시에 불운한 고양이일 수도 있어."" (p.44)엄...+ 더보기",5,2022-07-02
297280718,책 읽는 고양이 서꽁치,13882075,눈과마음,이경혜 작가의 신작동화입니다. 소설도 동화도 영화도 넘쳐나는 세상이다 보니 내가 지금 읽고 있는 이 책의 이야기 설정부터 파악하려고 덤비게 되는 것 같아요. 다행히 <책 읽는 고양이 서공치>를 읽기 시작하고 얼마 지나지 않아 참 재미있게 설정된 이야기라는 것을 알게 되었어요. 마치 인간에게 어떤 특정한 유전자가 전해질 수 있듯이평범한 고양이처럼 보이는데 알고 보니책은 물론 세상의 모든 언어에 능통한 고양이라니!우리의 서꽁치가 할 수 있는 모험의 폭이 가늠되기 시작했어요.&nbs...+ 더보기,5,2022-08-28
297280718,책 읽는 고양이 서꽁치,13743770,ynlove83,책읽는 고양이라니~어떤 고양이가 주인공일지제목부터 관심폭발! 흥미진진! 온몸이 한밤중처럼 새까만데네 발만 흰 양말을 신은 것처럼 하얀 고양이!바로 <책 읽는 고양이 서꽁치>예요!가제본이지만 책 속의 일러스트가 컬러로 그려져있어생생한 상황과 서꽁치의 귀여움을 느낄 수 있었어요!-😻사랑스러운 서꽁치는 어떻게 책을 읽게 되었을까요?글 읽는 능력을 갖게 해 주는 마법의 풀을 먹은서꽁치의 시조할아버지!사람이 만든 글자를 단번에 읽게되는 능력이 생기셨죠.그 뒤로 33대 동안 그 유전자를 한 세대에 한 마리씩한테만 전해 내려왔는데3...+ 더보기,5,2022-07-06
297280718,책 읽는 고양이 서꽁치,17291311,miseong.books,#도서제공 #세계책의날이벤트선물세계 책의 날 이벤트 선물!흑묘도(黑猫島) 검은 고양이 섬그곳에서 태어난 꽁치꽁치잡이 집에서 태어나서꽁치라고 이름 지었나?꽁치는 다섯 형제 중 첫째아기 고양이 다섯은무럭 무럭 자라고 무척이나 시끄러워요.주인 아주머니가시끄럽다고 나가라고 하니엄마 고양이는 다섯 아이들을 이끌고집을 나와버려요.뱀이 나오는 빈 집.주인 아줌마가 몇 번을 데리러 왔지만집으로 돌아가지 않고그냥 빈 집에서 살아요.아이들은 먹을 것이 많은꽁치잡이 주인집에 돌아가고 싶지만엄마는 단호해요.그 집으로는 안가.어느 날 엄마가 아주 충격적인...+ 더보기,5,2026-05-22
297280718,책 읽는 고양이 서꽁치,13728172,redd22,"여기 작은 섬 어부의 집에서 태어난 고양이 '꽁치'꽁치는 엄마와 살던 집을 떠나 그들만의 보금자리를 마련하고 그곳에서 꽁치는 엄마의 이름 '서명월'이라는 이야기를 듣게 되었다.어느날 엄마가 물고온 종이 뭉치에 적힌 글 중에 한 글자 '書' 를 가르키며 읽어 보라고 했는데 꽁치는 자신도 모르게 ""글 서!""라고 대답한다.그렇다 꽁치는 한 세대에 한 마리만 나온다는 글을 읽는 고양이였던것이다.글을 읽는 재미에 빠지고 엄마의 충고에도 불구하고 글을 읽고자하는 갈망으로 위험을 무릎쓰고 항구의 서점까지 가게 되고 그곳에서 <장화 신은 고...+ 더보기",5,2022-07-01
297280718,책 읽는 고양이 서꽁치,13745071,jem7402,"글을 읽는 고양이 33대 서꽁치.글 서(書) 함께할 공(共) 다스릴 치(治).꽁치를 좋아한다.""재능은 무거운 짐과 같아서 꺼내 쓰면 너무나 좋지만짊어지고만 있으면 너무나 괴롭거든...(중략)넌 재능을 행복하게 쓰며 살아라""꽁치의 엄마는 이렇게 말했다.자신은 비록 재능을 숨기고 살아서 괴로웠지만꽁치는 재능을 펼치며 살기를 원했던거 같다.자신의 재능을 숨기지않고 모험을 떠나 가족이나 스스로를 위험에 빠뜨리는 꽁치를 이해하고 받아들여주는 모습이 엿보인다.글을 읽는 재미에 푹 빠져 책을 읽는 모습이나 늙은 쥐에게 책을 읽어주는 대목은 마치...+ 더보기",5,2022-07-07
297280718,책 읽는 고양이 서꽁치,13743195,bookcheck,"Whatever I want!이경혜 지음, 이은경 그림, 『책 읽는 고양이 서꽁치』, (문학과지성사, 2022)​​​욕구는 감당할 수 없는 한계를 넘어섰을 때 존재를 다른 차원의 국면으로 향하게 한다. 나쁜 쪽으로든 좋은 쪽으로든, 욕구를 실천한 대상은 더 큰 것을 바라고야 만다. 기본적인 욕구에 가까울수록 욕구의 힘은 강하기에 사람도, 사람 아닌 모든 것들도 생활에 더 힘쓰는 것일지도 모른다.문학과지성사의 계열사인 문지아이들에서 출간된 『책 읽는 고양이 서꽁치』라는 책은 글을 읽을 줄 아는 고양이가 고양이의 능력을 이용하려는 인간...+ 더보기",5,2022-07-06
297280718,책 읽는 고양이 서꽁치,13728197,Poo,"'어느 날 내가 죽었습니다'의 이경혜 작가님의 동화! -""지금부터 하는 얘기는 우리 집안의 비밀이다. 누구한테도 말해선 안돼. 절대로!""-글 서(書)씨 가문의 특별한 능력! 글을 읽을 수 있는 능력! 책 읽는 고양이!한 세대에 딱 한 마리만 물려받을 수 있는데! 그 선택을 받은 고양이 서꽁치의 좌충우돌 이야기!-장화 신은 고양이, 쥐 둔갑 타령, 보물섬 살짝 나오고!이게 웬 떡이람! 새 발의 피! 식은 죽 먹기!같은 속담도 나와 정말 아이들과 함께 보기 좋다!귀여운 그림들은 보는 재미를 한껏 업업업!!! ...+ 더보기",5,2022-07-01
297280718,책 읽는 고양이 서꽁치,13820474,송아,어느날 내가 죽었습니다랑 너무 달라서 같은 작가가 맞나 어리둥절했네요. 고양이의 습성을 녹아내려서 고양이를 더 잘 알게 해주는 것 같습니다. 영미누나를 보며 사람의 욕심도 알게 되고 하여튼 고양이 헌정 동화 너무 좋아요,4,2022-08-03
297280718,책 읽는 고양이 서꽁치,13762118,parkgowoon,"꽁치는 섬마을에서 엄마, 다섯 동생과 사는 검은 고양이에요. 꽁치에게는 동생들에게는 없는 특별한 능력이 있어요. 바로 글자를 읽을 줄 안다는 것이에요. 그런데 이런 특별한 재능에도 불구하고 좋아하는 책을 마음껏 읽을 수는 없어요. 글을 읽을 줄 안다는 것을 아무에게도 들키면 안 된다는 엄마의 신신당부 때문이에요. 마을의 간판과 마을 사람들의 이름이 모두 적힌 전화번호부, 배들의 이름까지 읽었지만 글자를 더 읽고 싶은 꽁치는 용감하게 모험을 떠나기도 합니다. 배를 타고 시내의 서점에 가기도 하고 주인집 영미 누나의 책장에서 몰래 책을...+ 더보기",5,2022-07-13
111994617,공감 씨는 힘이 세!,9426340,루가녕이,"아들을 키우다 보니 여자인 엄마와 많이 다르구나 라는 걸 요즘 느껴요.아이와 대화를 하기 시작할 무렵, 확실히 느낀건 공감하는 능력이 역시 많이 낮구나 싶었어요.그래서 세상에 안되는 게 어디 있니? 라는 마음으로 아이의 공감 능력을 키우려고 무단히도 애쓴 것 같아요.육아라는 게 애쓴 다고 바로 바로 나타나는 것이 아니라서 사실 내가 이 아이에게 공감이라는 걸 제대로 알려주는 게 맞을까 생각했는데..몇 년이 지난 지금 확실히 저...+ 더보기",5,2017-06-30
111994617,공감 씨는 힘이 세!,9490800,희망나무,"책 읽는 곰에서 출판되는 같이 사는 가치 1권. 공감씨는 힘이세! 입니다.
이 시리즈의 첫 책은 ‘공감’을 주제로 삼고 있습니다.
같이 살아가기 위해 가슴에 품어야 할 가치인 공감에 대해 다루는 책인데요.
같이 사는 세상을 만드는 첫 번째 영웅 공감 씨가 주인공인데요.
어린이들을 공감의 세계로 이끄는 주인공은 민들레 씨앗을 쏙 빼닮은 ‘공감 씨’랍니다.
공감의 씨앗이 널리널리 퍼져 나가 어린이의 마음에 깊이깊이 뿌리 내렸으면 하는 
바람을 담은 캐릭터라고 하네요.
공감 씨는 먼저 어린이의 삶에서 건져 올린 다양한 상황을...+ 더보기",5,2017-07-28
111994617,공감 씨는 힘이 세!,9424545,미니츄,"같이 사는 가치 01[책읽는 곰 - 공감 씨는 힘이 세!]김성은 글 - 살면서 힘든 일이 생길 때마다 나를 다시 일으켜 준 건 '공감'이었어요.혼자 울게 내버려 두지 않고 함께 슬퍼하고 아파해 준 사람들이 늘 곁에 있었거든요.누군가와 마음이 통하고 서로 연결되어 있다는 느낌은 살아가는 데 큰 힘이 되어 준답니다.이런 공감의 씨앗을 널리널리 퍼뜨리고 싶어서 이 책을 썼습니다.그동안 쓴 책으로 <까치와 소담이의 수수께끼 놀이>,<할아버지의 안경>,<우리 땅 노래 그림책>,<우리 모두 이웃이야>...+ 더보기",5,2017-06-29
111994617,공감 씨는 힘이 세!,9417585,소금별_교실책방,"행복해 부끄러워 기뻐 화나 뿌듯해 짜릿해 속상해언제부턴가 아이들의 감정 표현이 한 두 단어로 정해지고 있다. 짜증나 / 좋아 이 두 가지 표현에서 벗어나지 못한다.공감을 위한 첫 번째 시작은 나의 감정과 다른 사람의 감정이 어떤 의미인지 아는 것이다 가까운 사람은 좀 더 공감하기 쉽지만 모르는 사람도 공감할 수 있다는 것. 다른 사람에게 공감을 받았던 기억을 떠올려 보는 활동마음으로 느끼기, 말로 표현하기처럼 아이들과 함께 교실에서 해 볼 수 있는 활동도 함께 제시하고 있다.",5,2017-06-25
111994617,공감 씨는 힘이 세!,9446859,김대희,"'공감', '소통'이 화두가 되는 요즘, 책읽는 곰 출판사에서 '공감씨는 힘이 세'그림책이 나왔다고 하여 기대가 되었다. '공감'의 소소한 사례들을 보여주면서 잘못된 대화, 잘된 대화는 어른인 내가 보아도 도움이 되었다. 흔히 하는 실수들을 보여준다. 내가 무심코 내뱉은 그 말에 상대방은 얼마나 상처를 받았을까 생각해 본다. 가장 인상적이었던 부분은 주변 사람들과의 공감을 넘어서 지구촌 아이들의 인권 문제도 '공감'의 영역으로 들어왔다는 거다. 공감이란 너의 슬픔에, 기쁨에 함께 해 주는 것.. 그건 바로 내 곁의 가족과 친구들로 ...+ 더보기",5,2017-07-08
111994617,공감 씨는 힘이 세!,9465527,lovingmusic,"공감씨는 힘이 세...'가치'에 대한 이야기를 담은 책을 몇권 본적있다.예전에는 '선함'을 요구하는 형태의 책이 많았는데,요즈음은 다양한 방법으로 알려준다.예를 들기도 하고, 얼마나 가치로운지 설명을 하기도 한다. 이책은 도덕책으로 활용할 수 있을만큼 비슷한 구조를 가지고도 있다.그림으로 의미와 사례들을 간단하게 이야기 해주고대화글로 설명도 해주고,몸짓이 함께 하는 활동도 들어있다.공감을 잘하는 사람들이 앞으로 많이 필요한 사회가 될것이다.대화에도 공감이 필요하고,협력을 바탕으로 하능 일들에도 필요하며사람들의 마음을 살피는...+ 더보기",4,2017-07-17
368904392,정상결전 이종 수중 생물 올스타 대결전,16683015,별빛정원,"*  이 리뷰는 출판사로 부터 도서를 제공받아 읽고 작성하였습니다.*매번 서점에 들리면 매대에서 발견하는 책 중 하나랍니다.하지만 아직까지 접해본적 없었는데 기회가 닿아이번에 만나보게 되었어요.낯설게 느껴지는 이중 수중 생물은 처음 만나보게 되었는데남아들이라 그런지 관심을 보였답니다.[정상결전 이종 수중 생물 올스타 대결전]이 책에서는 A팀과 B팀으로 나누어 대결을 펼쳐요.우리가 알고 있는 백상아리부터 시작해서 오리너구리, 크라켄그리고 인어공주, 아나콘다, 향유고래등 다양한 생물을 접할 수 있어요.실감나는 그림들...+ 더보기",5,2025-08-21
368904392,정상결전 이종 수중 생물 올스타 대결전,16714788,서평달인,"'이 리뷰는 컬처블룸을 통해 출판사에서 도서를 제공 받아, 직접 읽고 작성한 리뷰입니다.'역대 바다의 최강자를 찾아라책을 선택한 이유바다에는 생물들의 터전입니다.바다가 생겨난 이후로 수많은 생물들이 등장하고 멸종했습니다.과학적으로 실존 여부를 확인할 수 없는 존재들도 전해집니다.바다에 존재한 수많은 생물 중 진정한 최강자를 알아보기 위해""이종 수중 생물 올스타 대결전""을 선택합니다.""이종 수중 생물 올스타 대결전""은 지구 생물, 멸종 생물, 환상 요괴,옛이야기 등장인물 등 네 종족 중 최강자를 가립니다.""이종 수중 생물 올스타 대결...+ 더보기",5,2025-09-02
368904392,정상결전 이종 수중 생물 올스타 대결전,16669252,pinkpcl,"바다를 떠올리면 흔히 물결 속을 유유히 헤엄치는 물고기나 돌고래를 생각하게 되지요.하지만 이 책을 펼치면 그런 평범한 상상이 깨여진답니다.현실 속 바다 생물과 전설 속 존재들이 한자리에 모여, 상상 그 이상의 배틀을 펼치기 때문입니다.​ 이야기는 A팀과 B팀의 대결로 진행됩니다. A팀에는 백상아리, 고대 해양 파충류 모사사우루스, 남부바위뛰기펭귄, 전설 속 괴물 크라켄과 요괴 갓파가 등장하고, . B팀에는 빠른 돛새치, 향유고래, 인어공주, 세이렌까지 포함하고 있어서, 승자를 쉽게 예측할 수 없네요. ​ 이 책의 ...+ 더보기",5,2025-08-15
368904392,정상결전 이종 수중 생물 올스타 대결전,16668352,소소,"이번 최강왕 시리즈의 주제는 이종 수중 생물의 올스타 대결전입니다. 네 종족 (지구 생물, 멸종 생물, 환상 요괴, 옛이야기 등장인물) 중 물과 관련된 선수들이 모여 토너먼트 시합으로 최종 우승자를 가리게 됩니다. 능력치가 다양하다보니 대체 누가 최종 승자가 될지, 참가작들을 살펴보면서도 도통 감이 오지 않았어요. 예측불가한 시합은 참가 선수들을 알려주고, 대회 룰을 설명한 뒤 본격적으로 시작됩니다. 첫 시합의 주인공은 백상아리와 모사사우루스 였어요. 이 시합은 이름만 보고도 바로 승자를 알 수 있었어요. 모사사우루스를 백상아리가 ...+ 더보기",5,2025-08-15
368904392,정상결전 이종 수중 생물 올스타 대결전,16720671,one8848,"*출판사에서 도서를 제공받아 작성한 서평입니다.​아이가 최강왕 시리즈를 좋아하다 보니 이 책도 보게 됐다. 아이와 같이 보면 수중 생물들의 대결구도 이야기를 소리내어 읽으며 더 재미있게 볼 수 있는데 확실히 크게 소리내어 읽으면 더 흥미진진하게 읽을 수 있는 것 같다. 이번 대회에서는 물과 관련된 선수들이 모였는데 참가 종족은 지구 생물, 멸종 생물, 환상 요괴, 그리고 옛이야기 등장인물까지 총 4가지 종족이다.​현실과 상상을 넘나들며 종이 다른 초특급 수중 생물들의 배틀을 보고 있으면 상상력이 풍부해진다는 느낌을 받는다. 현실에서...+ 더보기",5,2025-09-04
368904392,정상결전 이종 수중 생물 올스타 대결전,16686676,지강사,"이번에 아이에게 읽어준 도서는 <정상 결전이종 수중 생물 올스타 대결전>이었다.아이가 이 시리즈 곤충대결전,공룡 대결전을좋아해서 이것도 좋아할 줄 알았는데 아이가아직 7살이라서 그런지 좀 무섭다고 한다.전 시리즈에 비해 잔인한 장면과 무서운 생물들이 대거 등장한다.​이 책의 일러스트들은 일본인이다. 확실히일본이 이런 괴기한 캐릭터를 잘 만드는 것 같다.이번 대회는 물과 관련된 선수들인데 지구 생물,멸종 생물, 환상 요괴, 그리고 옛이야기 등장인물등이 등장한다. 아이는 환상 요괴를 무서워했다.​전에 봤던 곤충과 공룡시리즈는...+ 더보기",4,2025-08-23
368904392,정상결전 이종 수중 생물 올스타 대결전,16719454,안진옥,"본 리뷰는 도서를 제공받아 작성하였습니다. #책서평 #책리뷰 #이종수중생물 #올스타대결전 #과학학습도감 #글송이출판사 #최강왕결정전 #도감책 #체크카페서평단요즈음 물고기 도감에 관심을 가지고 있던 아이여서 방학동안 재미있게 읽었던 이종 수중생물 책입니다. 저학년 아이들의 상상력과 과학적 호기심과 창의력을 자극하는 책입니다. 현실의 물고기부터 전설 속 괴물, 심지어 인어공주와 일촌법사까지 등장해, 마치 바다 속 올림픽을 보는 듯한 재미를 더해줍니다.책에서는 각 생물들의 스피드, 방어력, 공격력, 체력 기술력 등의 능력을 수치로 분석하...+ 더보기",5,2025-09-04
368904392,정상결전 이종 수중 생물 올스타 대결전,16711781,눈부신햇살♥,"* 출판사로부터 도서를 무상 제공 받았습니다.

 아이가 생물에 대해 관심이 많은데 정상 결전 최강왕 시리즈를 매우 좋아한다. 그래서 해당 시리즈를 몇 권 다루어 보았는데 흥미있게 스스로 읽으면서 생물에 대한 정보를 쉽고 자세하게 알 수&...+ 더보기",5,2025-09-01
368904392,정상결전 이종 수중 생물 올스타 대결전,16719763,wjdsj3,"[체크카페 서평단으로서 출판사로부터 도서를 제공받아 작성했습니다.]          지구를 넘어 전설 속 생물까지! <이종 수중 생물 올스타 대결전>바닷속 최강자는 누구일까요? 궁금하다면 이 책을 펼쳐보세요!     『정상결전 <이종 수중 생물> 올스타 대결전』은 신비로운 바다 생물들의 상상 초월 배틀을 담아낸 도서입니다.      평범한 물고기부터 신화 속에만 존재하던 바다 괴물까지, 그 어디에서도 볼 수 없었던 이종 생물들의 흥미진진한 대결!     백상아리, 대...+ 더보기",5,2025-09-04
368904392,정상결전 이종 수중 생물 올스타 대결전,16687814,오미밍,"*출판사로부터 도서를 제공받아 작성된 서평입니다. *물속 생물들의 상상 초월한 배틀이 눈앞에 펼쳐지는 촤강왕 이종 수중 생물 올스타 대결전 _ 요즘 아이들이 좋아하는 정상 결전 이종 수중 생물 올스타 대결전이랍니다. 매일매일 읽으면서 아이들끼리 깔깔거리며 대결을 보더라구요. 상상력 가득한 과학 학습 도감이랍니다. ​바다의 거대 포식자부터 전설 속 몬스터까지, 현실과 상상을 넘너드는 다채로운 수중 생물들이 올스타 팀을 이루어 펼치는 환상 배틀을 담고 있는 만화랍니다. ​​A팀과 B팀으로 나뉘어서 대결을 하는데, 백상아리, 대왕오징어,...+ 더보기",5,2025-08-23
368904392,정상결전 이종 수중 생물 올스타 대결전,16687023,로이루이,"*출판사로부터 도서를 제공받아 작성한 서평입니다.아이가 좋아하는 글송이 출판사의 최강왕 시리즈 신간 '정상결전 이종 수중 생물 올스타 대결전'을 읽어보았어요. 남자 아이들이 특히나 좋아하는 최강왕 시리즈..이번에는 이종 수중 생물전을 다루고 있네요. 아이가 읽은 것은 대부분 땅에서의 대결인데 이번에는 수중 대결이라 이곳에서는 대결이 어떤 식으로 진행될 지 흥미진진하더라구요. 이번 책은 실제로 존재하고 있는 지구 생물, 예전에 존재했던 멸종 생물 뿐만 아니라 실제로는 존재하지 않지만 세계의 신화나 전설에 등장하는 환상 몬스터와 요괴,...+ 더보기",5,2025-08-23
368904392,정상결전 이종 수중 생물 올스타 대결전,16665785,dae1802,"이 리뷰는 컬처블룸을 통해 출판사에서 도서를 제공 받아, 직접 읽고 작성한 리뷰입니다.바다의 신비로움, 그리고 놀라운 대결! 🌊📚정상결전 이종 수중 생물 올스타 대결전 읽었어요! 상상과 현실이 뒤섞인 이 특별한 이야기, 진짜 재밌어요! 🐠 다양한 수중 생물들이 펼치는 배틀!🐙 전설 속 괴물들까지 등장!🏆 누가 진정한 챔피언일까요?저자 Creature Story의 독창적인 시각, 생물의 특징을 살려서 상상력을 더해주네요! 생태계에서는 만날 수 없는 생물들끼리의 대결, 너무 흥미진진! 추천하고 싶은 사람? 바다와 생물에 관심 ...+ 더보기",5,2025-08-14
368904392,정상결전 이종 수중 생물 올스타 대결전,16687831,-,"출판사로부터 도서를 제공받아 읽고 쓴 리뷰 입니다.


#정상결전이종수중생물올스타대결전 #최강왕시리즈 #글송이 #글송이출판사 #책세상맘수다 #맘수다

최강왕시리즈 29번째인 정상결전 이종 수중생물 올스타 대결전이 출간되었어요. 정상결전 이종 수중생물 올스타 대결전에는 최강 출전선수가 총&nbsp...+ 더보기",5,2025-08-23
368904392,정상결전 이종 수중 생물 올스타 대결전,16730512,유자나무그림책,"[체크카페 서평단으로서 출판사로부터 도서를 제공받아 작성했습니다.] 다양한 최강왕 시리즈를 모을 만큼 아이가 좋아하는데 초위험 수중생물 책에 나왔던 생물들이이종 수중생물에도 나와서 더 재미있게 볼 수 있어요 최강왕 시리즈와 마찬가지로 배틀형식을 가지고 각 생물이 결투를 하며 특징을 설명하고토너먼트 형식이라 아이가 재미있게 볼 수 있어요 실존하는 생물 그리고 전설의 생물까지다양한 수중 생물의 초 집합으로 올스타 대결전이라는 타이틀이 꼭 맞아요 지구 생물, 멸종 생물, 환상 요괴, 옛이야기에 나오는 생물모두 4종족의 배틀을 하게 되는데...+ 더보기",5,2025-09-09
368904392,정상결전 이종 수중 생물 올스타 대결전,16678130,miya306,12살의 서평평소에 '최강~왕' 시리즈를 자주 보지는 않았는데 이 책은 무엇이 이길지 흥미진진하게 만들어서 다른 시리즈보다 더 많이 읽게 될 것 같다.그리고 현재 시리즈가 총 29권! 이렇게 많은 시리즈는 최강왕 시리즈 말고는 본 적이 없다. 그 정도로 재미있는 책을 많이 읽을 수 있어서 최강왕 시리즈를 읽을 때의 즐거움이 많다. 29번이나 즐거움을 각양각색하게 느낄 수 있다. 그러므로 이 책을 추천하는 것이다. 이 책 속의 수중 생물들은 실제로 튀어나온 것처럼 실감 나게 그려져 있다. 그렇기 때문인가? 몰입감이 더욱 많아진다. 분...+ 더보기,5,2025-08-19
368904392,정상결전 이종 수중 생물 올스타 대결전,16670645,제스트,"출판사로부터 도서를 제공받아 읽고 쓴 후기입니다.안녕하세요. 제스트입니다. 오늘은 수중생물에 대해 알아보겠습니다.글송이에서 새로 나온 정상 결전 이종 수중 생물 올스타 대결전을 살펴볼 예정이기 때문입니다.이종 수중생물 올스타 대결전에는 최강 48종의 출전 선수가 등장합니다.이 책은 오가와 스이가 스토리를 짜고, 고경옥이 옮기고, Creature Story가 편저를 한 책입니다.지구 생물과 멸종 생물, 환상 요괴와 옛이야기에 나오는 수중생물의 생태와 독특한 생존법을 살펴볼 수 있습니다.배틀 과정을 실감 나게 표현한 내용을 ...+ 더보기",5,2025-08-16
368904392,정상결전 이종 수중 생물 올스타 대결전,16667812,장군님.,"신비한 바닷속 생물들과의 대결전!!정말 세상에 이렇게 기발한 상상력으로만들어낸 책이 있다니보면 볼수록 놀라웠는데요.'상어 vs 문어', '고래 vs 심해어'이런 동물들이 서로 대결을 펼친다면 어떨까요?바다 최강의 자리를 놓고 펼쳐지는 개성 넘치는 수중 생물들의 한판 승부를 다룬 책입니다. 제목부터 호기심을 자극해 아이와 함께 읽기 시작했는데, 저도 모르게 이야기에 푹 빠져들었던 즐거운 경험을 공유하겠습니다.이 책은 다양한 바닷속 생물들의 특징을 생생하게 담아내고 있습니다. 단순히 힘이 센 상어만이 주인공이 아니라, 기상천외한 위장술...+ 더보기",5,2025-08-14
368904392,정상결전 이종 수중 생물 올스타 대결전,16686517,ilkhj,글송이 출판사로부터 도서를 제공받아 읽고 쓴 리뷰입니다.최강 출전 선수 48종이 펼치는 수중 생물들의 꿈의 토너먼트최강왕시리즈를 꾸준히 보고 있는 아이들28권을 재밌게 보고 나서 신간이 나올거라면서 기대하고 있었는데드디어 나온 신간 최강왕29 정상결전 이종 수중 생물 올스타 대결전.집에 도착한 책을 보면서 멀뚱히 있길래 최강왕 책이라니까바로 자리 잡고 앉아 읽기 시작하더라구요.최강왕은 어떤 매력이 있는지 함께 살펴볼게요.최강왕시리즈를 읽으며 작가의 상상력에 놀랄 때가 많았는데요.이 책을 읽고 이해하는 아이를 보면서 또 한번 놀랍니다...+ 더보기,5,2025-08-23
368904392,정상결전 이종 수중 생물 올스타 대결전,16710225,msolch,"[체크카페 서평단으로서 출판사로부터 도서를 제공받아 작성했습니다.]처음에 표지를 보고 오잉?!백상아리와 아귀, 북극곰이 등장하는 걸 보면서 의아했지만 오자마자 최신 대결전 책이라고 아이가 먼저 알아봐주네요 ㅋㅋ게임 안하고 책을 보면서 대화하는데 게임하는 기분이랄까요?배틀을 통해 각 생물들의 특성이나 습성, 사냥할 때 필살기같은걸 살펴보면서 이야기 나누고 좋아요!초등학교 남학생들한테 인기가 많다고 하네요.인어공주도 나와서 배틀을 한답니다! ㅋ 인어공주의 특성은인어 왕의 딸이여서 위기상황에서 바다 생물들이 도...+ 더보기",5,2025-08-31
368904392,정상결전 이종 수중 생물 올스타 대결전,16672723,oneohot,"​글송이 출판사로부터 도서를 제공받아 읽고 쓴 리뷰입니다아이가 대결하는 책을 워낙 좋아하다보니정상결전 대결전 시리즈의 책을 너무나 좋아하더라구요이번에 최강왕29_정상결전 이종 수중 생물 올스타 대결전을만나보게 되었답니다최강왕29_정상결전 이종 수중 생물 올스타 대결전은다양한 수중 생물들의 흥미진진한 대결이 펼쳐지는 내용을 담고 있어요출전에는 지구 생물, 멸종 생물, 환상 요괴, 옛이야기에 나오는주인공까지 한자리에 모여서 대결하는 내용이랍니다역대급 수중 생물들이 진정한 최강자를 선별하기 위해서대결을 그린 책으로 읽으면 읽을수록 흥미진...+ 더보기",5,2025-08-17
357645346,똑똑한 돈과 경제,16250923,-,"쉽고 재밌는 초등 영재 플랩북똑똑한 돈과 경제경제를 알면 세상을 보는 눈이 넓어져요!!70개 플랙 속에 초등 <사회> 지식이 쏙쏙!돈의 쓰임부터 흐름, 순환까지 쉽게 알아보고 배워볼 수 있는 초등 경제 입문서어렵고 지루한 지식책이 아닌 실용만점 현실적인 경제 교육서간단한 퀴즈를 통해 거스름돈과 이자도 계산해보고 저렴한 할인 이벤트도 찾으며 실용적인 돈 이야기를 배워볼 수 있으며실생활과 가까운 예시를 통해합리적으로 소비하는 방법도 익혀보고 경제의 개념부터 돈을 잘 쓰는 방법까지쉽고 재미있게 배워볼 수 있는 유익한 독서시간 ...+ 더보기",5,2025-02-23
357645346,똑똑한 돈과 경제,16255506,김뿌니,카드와 페이생활이 많아지다보니 아이들이 돈에 대한 개념이 부족하더라고요. 돈이 어떤형태로 있는지 배울수있고 저축과 소비 등 경제관념에 대해 배울수있어 좋아요플랩도서로 아이들이 지루하지 않게책을 읽어 좋습니다출판사로부터 도서를 제공받아 작성된 후기입니다,5,2025-02-25
357645346,똑똑한 돈과 경제,16256597,whoabc,경제공부가 필요한 초등학생들이 꼭 읽어봤으면 좋겠어요! 플랩북 형태로 되어 있어서 열어보는 재미가 있어요. 왠만한 돈과 경제에 대한 이야기가 설명이 친절하게 되어있다며 초등학생 아이도 좋아합니다,5,2025-02-25
357645346,똑똑한 돈과 경제,16256555,니키,.둥이들이 입학을 하면서.남편과함께 결정하고 고민하던것중하나가.용돈문제이다.어차피 엄마손에서 안벗어나니까.궂이 필요할까? 아니다 관리하는법은 배워야한다...소액이라도 스스로 모아보고.똑똑하게 소비하는법도.알아야할텐데..처음엔 전집을 고민했지만.지루한 돈과 경제 이야기를 저 많은책을.과연 끝까지 읽어줄까..내용은 알차지만 한권에 정리되어있는.책은 없을까? 하고 고민하던중.#usborne 어스본에서 내 소원을 들어주듯.#똑똑한돈과경제 라는 책이나왔다..그리곤 서평단 당첨까지 되어 러키비키..어스본답게 쉬운 단어로.간결하게 핵심만.하지만...+ 더보기,5,2025-02-25
377909182,정브르의 파충류 퀴즈 도감,16907175,pc17777,[업체로부터 제품을 무상으로 제공받아 작성하였습니다]정브르의 파충류 퀴즈 도감정브르 글/샌드박스 네트워크 감수 서울문화사아이들이 최근에 파충류에 대해서 관심을가지다보니 정브르채널은 꼭 보고 있는것 같아요. 아이들이 흥미가 생기는 파충류종류가 생기면 찾아보는편인데요. 정브르의 파충류 퀴즈 도감 / 서울문화사 도서에서는 직접 퀴즈를 풀어보면서 아이들이 색다르게그리고 흥미롭게 기억을 해낼 수 있는 장점이 있는 것 같아요.정브르의 파충류 퀴즈 도감 / 서울문화사 도서에서는 여러 파충류의 실사까지도 나와있...+ 더보기,5,2025-11-28
377909182,정브르의 파충류 퀴즈 도감,16906913,gpfksl12,"[출판사로부터 도서를 제공받아 작성한 후기입니다]우리 아이는 바다생물과 육지동물은 물론, 곤충과 파충류에도 꾸준히 관심이 많은 편이에요. 정브르와 에그박사 유튜브를 즐겨보며 생물에 대한 호기심을 키워왔기에, 이번 정브르 퀴즈북을 보자마자 정말 반가워하였어요.책에는 납테일게코, 토케이게코 같은 다양한 도마뱀과 레틱파이톤, 킹코브라, 돼지코뱀 등 여러 종류의 뱀이 소개되어 있고, 설가타거북·붉은귀거북·악어거북부터 드워프카이만, 나일악어, 미시시피악어 같은 악어류까지 폭넓게 담겨 있어요. 또한 양서류인 유리개구리, 플라잉프록, 밀키프록 ...+ 더보기",5,2025-11-28
377909182,정브르의 파충류 퀴즈 도감,16921724,랄라,"파충류 참 좋아하는 아이를 위해정브르의 파충류 퀴즈도감을 준비했다!​정브르도 좋아하고파충류도 좋아하고퀴즈까지 좋아하니이보다 더 좋을 수 있을까?!! *_*​144만 구독자 생물유튜버정브르와 함께하는파충류와 양서류 퀴즈책!​도마뱀 뿐 아니라 뱀, 악어, 거북 그리고양서류까지 만나볼 수 있는어린이 퀴즈책이다.120종의 파충류와 양서류를 만나니파충류 박사가 되겠네!​어린이 첫 생물 탐구도감이니까백과사전처럼 파충류에 대해알아볼 수 있는 어린이 퀴즈책이다.",5,2025-12-03
377909182,정브르의 파충류 퀴즈 도감,16921421,dang81,[정브르의 파충류 퀴즈도감]은신기한 파충류 양서류를 알고퀴즈도 같이 풀어보면서재미있게 배울 수 있는 책입니다[정브르의 파충류 퀴즈도감]도마뱀이 무엇인지부터설명을 해줍니다.​그리고 나오는 생물이름을아래 있는 설명을 참고로생각해 보는데요특이한 생물이라 그런지맞추기는 어렵지만어떤 생물일지 엄청 기대가 됩니다.😊​[정브르의 파충류 퀴즈도감]✅퀴즈로 궁금증 유발✅아이들이 보기 편한 큰 실제사진✅특징적인 설명들✅흥미를 자극하는 내용들✅간략하고 깔끔한 정리.​그 외 다른 파충류에 대한재미있는 사실이사진과 함께 나와있습니다.​생물에 관한 어려운...+ 더보기,5,2025-12-03
377909182,정브르의 파충류 퀴즈 도감,16905172,장수진,"파충류라는 주제가 아이들이 너무 좋아해서 문제 내면 잘 맞추더라고요 오늘 책이 배송왔는데 30분 안에 책을 다 읽고 문제를 내더라고요 아이들이 문제 내고 엄마,아빠가 대답해 주기 너무 좋은 책입니다 ​많은 파충류 문제가 나오는데 아는 문제도 있고 모르는 문제도 있어요 문제는 오른쪽 페이지에 나오고 답은 그 다음장에 나오는 형식입니다 문제만 나오는게 아니고 그 파충류와 양서류에 대한 지식도 나와서 아이들이 정보를 얻는데도 좋을것 같더라고요",5,2025-11-27
377909182,정브르의 파충류 퀴즈 도감,16933731,masimano,정브르의 파충류 퀴즈도감 책입니다.파충류와 양서류를 관찰하고 관련된 상식까지도 알수 있는 재미있는 이야기들이 가득합니다.파충류 퀴즈들도 풀어보며 호기심을 자극할 수 있는 내용들이라서 좋았습니다.​사진과 영상들을 보며 즐길 수 있는 관찰하며 자연스럽게 파중류에 대해서도 상식들을 풍부하게 익힐 수 있머요.아이가 넘넘 재미있게 보는 책입니다.120종의 파충류나 양서류들이 담겨져있어요.​​​​[출판사로부터 도서 협찬을 받았고 본인의 주관적인 견해에 의하여 작성함]​​,5,2025-12-09
377909182,정브르의 파충류 퀴즈 도감,16931097,-,"출판사로부터 도서 협찬을 받았고 본인의 주관적인 견해에 의하여 작성하였습니다.<<이 책을 읽고 싶었던 이유>>아이들에게 유명한 ‘정브르가 직접 쓴 도감’이라는 말에 아이들이 매우 보고싶어 했고 흔치 않은 파충류 설명과 실제 사진을 한 권에 모아 놓았다는 점이 가장 크게 끌렸어요.<<이 책을 처음 보고 느낀 점>>처음 책을 펼쳤을 때, 일반적인 도감처럼 딱딱한 느낌이 아니라 어린이 과학 잡지와 놀이 카드가 섞인 것 같은 구성이 눈에 들어왔어요. 표지와 차례부터 도마뱀, 뱀, 거북, 개구리 사...+ 더보기",5,2025-12-07
377909182,정브르의 파충류 퀴즈 도감,16920392,pig0823,"[출판사로부터 도서 협찬을 받았고 본인의 주관적인 견해에 의하여 작성함]​정말 곤충 관심이 없는 아이는 없는거같아요​저희집 둘째도 첫째따라​어릴때부터 곤충 동물로 태교를 한건지 너무 좋아하는데​아이가 어디서 어떻게 이런내용도 알지 하는게 많았는데요.​정브르 파충류 퀴즈도감은 부모님과 함께 보고 문제도 맞춰가면서​좀더 재미있게 지루하지않게 파충류 몰랐던점을 배울수있는 책이예요.도마뱀, 악어, 뱀, 거북이 이외에 양서류까지​신기하고 재미있는 퀴즈도 풀고 사진과 영상으로 관찰도하면서​한번 보더니 아이가 관심을 가지고 애착책이 되어버렸어요...+ 더보기",5,2025-12-03
377909182,정브르의 파충류 퀴즈 도감,17015036,김영심,남자아이라 그런가바다생물 그리고 파충류 등특이하고 특별한 생물에 유독 관심을 많이 갖는8세 어린이파충류와 양서류 종류별로 관찰해보고더 강력한 부분 발견하면 꼭 엄마를 불러 설명을해준답니다 방물뱀은 날카로운 독니로 적을 위협해요독니에서 독이 발사되는 영상을 본 적이 있어서흉내내기도 하지요 쉭쉭 ㅋㅋ 아고 무서브리퀴즈와 큐알코드가 있어서 더욱 재미있고입체적으로 볼 수 있어요,5,2026-01-11
281712823,용선생이 간다 14 : 이집트,13661983,미미땅콩,"이집트는 제가 죽기 전에 꼭 한번 가보고 싶은 로망의 나라예요. 이집트의 고대 문명과 신기한 유물을 실제로 눈앞에 볼 수 있지만 너무나 먼 곳에 있기 때문에 가기가 쉽지 않죠. 그래서 용선생이간다를 통해 아이와 함께 간접적이라도 이집트 여행을 다녀왔어요.10일 동안 이집트 구석구석 살펴볼 수 있는 용선생이간다.수도 카이로에서 시작해서 기자, 아시완, 아부심벨, 룩소르, 시나이반도, 바하리야 사막, 알렉산드리아까지 이집트의 명소를 살펴볼 수 있습니다.카이로 타워에는 70분에 한 바퀴 도는 회전식 레스토랑이 있다고 해요. 이집트는 사막...+ 더보기",5,2022-06-08
281712823,용선생이 간다 14 : 이집트,13743861,윤엄마,"이집트의 문화에 대해서 잘 모르던 아이는 이번에 많은 걸 배우게 되었다고 해요'이집트'라는 나라를 생각하면 '피라미드'만 떠올렸었는데,책을 읽고 나니까 그 나라에 대한 많은 것들이 그림처럼 생각난다고 합니다:)이집트의 수도 카이로-카이로 한가운데에는 세계에서 가장 긴 '나일강'이 흐르고 있지요그리고 카이로는 천만 명이 넘는 사람들이 사는 엄청 큰 대도시라고 해요!이집트라고 해서 사막만 가득할 거라 생각했는데,이렇게 멋진 대도시가 있다는 게 신기했던 아이였답니다^^'이집트 박물관'에서 꼭 보고 싶었던 투탕카멘의 황금 가면!투탕카멘이라...+ 더보기",5,2022-07-06
281712823,용선생이 간다 14 : 이집트,13272717,rosefull,"초등사회전집 용선생이간다 덕분에

아이들과 세계문화여행 즐겁게 다녀왔어요.



중국, 러시아, 미국, 독일, 일본, 호주, 인도, 브라질.

터키, 에스파냐, 프랑스, 이탈리아, 그리스, 이집트까지

총 15개국의 역사, 문화, 지리 등을 접해볼 수 있었답니다.





용선생과 함께 떠나는 10일간의 특별한 세계여행 ,

용선생이간다 세계문화여행


진짜 여행을 떠난 것처럼 보고, 먹고, 즐길 수 있답니다.
...+ 더보기",5,2022-01-19
281712823,용선생이 간다 14 : 이집트,13251532,김선희,이 글에는 스포일러가 포함되어 있습니다. 보시겠습니까?회색 영역을 클릭하면 내용을 확인할 수 있습니다.,5,2022-01-11
281712823,용선생이 간다 14 : 이집트,13171022,플라뇌르,"요즘 여행가지 못하는 한(?)을 학습만화 <용선생이 간다>로 푸는 것 같아요! ㅎㅎ 저희 아이들은 특히나 해외여행을 단 한 번도 가보지 못한 아이들이라, 다양한 문화를 직접 가서 보지는 못 하지만! 친절한 해설과 실사, 그리고 재미있는 삽화가 곁들여져 실제 여행가는 것 못지 않게 많은 정보를 습득할 수 있는 학습만화 <용선생이 간다>로 이번 주는 이집트와 독일을 다녀왔습니다!(물론 용선생이 간다와 함께요 ㅎㅎ)표지부터 반짝 반짝 넘나 예쁜 학습만화 <용선생이 간다>! 각국 여행 전문가들의 자문을 받아...+ 더보기",5,2021-12-14
281712823,용선생이 간다 14 : 이집트,13745152,통통쎄니,<용선생이 간다> 시리즈로 책 속 세계여행을! 꼭 가봐야할 주요 15개국을 엄선해 구성한 <용선생이 간다>로 세계여행 중이에요. 오늘은 이집트로 떠납니다.코로나로 시국이라 여행가기 쉽지 않은 것도 있지만 이집트는 그냥 여행을 가기에도 큰 맘 먹어야 가는 곳이지요.그래서 2021년에 <투탕카멘의 비밀>이라는 전시나 국립중앙박물관 이집트관 전시에 가서 이집트라는 나라에 대해 알고 왔답니다. 아마 전시관을 둘러보기 전에 <용선생이 간다> 책을...+ 더보기,5,2022-07-07
281712823,용선생이 간다 14 : 이집트,13168347,이은주,"예비 초등사회책 찾았다! 용선생이 간다!일곱살 사랑이와 매일 읽는'용선생이 간다'는 매력이 참 많아요!우선 <친절한 가이드>로성인인 제가 읽어도 꿀잼이더라고요?또 스토리를 읽으며사랑이가 스스로 <알쏭달쏭 미션 해결>을 한답니다~자연스럽게 스토리를 읽으며~사랑이가'이건 왜 이럴까? 궁금증 가득, [ Q & A ] 코너를 통해서 스스로 의문을 갖고해결하여 지식을 획득하는 꿀잼도 있고요~<용선생의 스페셜 가이드>를 읽다 보면 성인인엄마인 저도 잘 몰랐던 깊이 있는 정보 까지 빠짐없이알게되어 좋더라고요그리고...+ 더보기",5,2021-12-13
281712823,용선생이 간다 14 : 이집트,13762940,zigzag1031,"너무나 가보고싶었고 궁금했던 나라 이집트~수천 년의 찬란한 역사를 가진 신비로운 나라 이집트!여러신을 모셨고, 죽은 후 사후세계가 있다고 믿어서장례를 가장 중요한 의식으로 만든곳이기도하죠.카이로 다음 큰도시는 알렉산드리아~알렉산드리아엔 로마제국의 흔적이 남아있어요.이집트는 대부분 지역이 비가 잘 안오는 건조 기후이고, 나일강 주변을 제외한 대부분 지역은 사람이 살기 힘든 사막이에요. 아프리카 대륙의 북동쪽 끝에 있고, 총 면적은 한반도의 5배가 넘지요.​그리고 고대 유적과 유물이 워낙 많아서 관광산업이 발달되어있는 곳인데요~ 관광수...+ 더보기",5,2022-07-13
281712823,용선생이 간다 14 : 이집트,13762952,양양,용선생이 간다 14 : 이집트아이가 너무 좋아하는 용선생이 간다! 이집트편을 봤는데요!평상시에 언급이 자주 되지 않는 나라인지라크게 관심갖지 않고 지냈는데용선생이 간다책을 보면서이집트에 대한 알차고 다양한 정보를 보고나니이집에대해서 관심이 폭발하더라구요!엄마! 우리 이집트가야겠어! 이거보러가야겠어!!이러면서요.ㅋㅋㅋ참 좋은 책인것같아요!,5,2022-07-13
281712823,용선생이 간다 14 : 이집트,13255039,j5b2f,"가고싶은곳도 많고 하고싶은것도 많지만 녹록지않은 현실,하지만 그냥 있을 수는 없져, 용선생이간다와함께 떠나는 세계문화여행으로 우리아이의 눈을 넓혀줄 수 있답니다 직접가면 좋을만한 15개의 나라를 모두 가볼수 있고 또 한나라당 10일간의 여행처럼 생생한 기억으로 남으니 초등세계사, 초등사회가 어렵지 않아요 친구들과 이야기하듯 가는장소마다 시시콜콜한 수다부터 궁금한 호기심가득한 질문까지 함께하는 역사반 친구들덕에 아이들도 책을 읽으면서 함...+ 더보기",5,2022-01-13
281712823,용선생이 간다 14 : 이집트,13205414,myji,"오늘도 찬이와 '용선생이간다'로 세계여행을 합니다.'용선생이간다'는 문화, 역사, 지리까지 재미있게 공부할수 있는 초등사회학습만화죠.교과연계 책의 경우 어떤책을 선별해서 시작하느냐가 가장 중요한데, 초등사회중에 세계사의 경우는 '용선생이간다'가 기초책으로 만족스럽게 다가옵니다. 10일간의 일정을 쫓아가다보면 세계여행이라는 주제답게 진짜여행하는 설레임까지 있더라구요.  사실 찬이는 한번 꽂히면 여러번 반복해서 책을 읽는 스타일이에요. 저도 말리지는 않구요.집중해서 여러번 읽더라도 책을가까이하는게 맞다고생각하는 주의여서!​오늘...+ 더보기",5,2021-12-27
281712823,용선생이 간다 14 : 이집트,13203947,민남매콩,"몇 주 전 아이들과 함께 국립중앙박물관에서 전시중인 이집트전을 보고 왔어요.겨울이라 바깥활동이 여의치 않다보니,사전예약이 가능한 실내 박물관 관람 중심으로 활동을 이어나가고 있는데요-초등학생이 되니 상설전시 관람도 꽤 볼만하더라구요.한국사나 세계사에 큰 관심이 없었던 아들이지만,이런 전시를 통해 관심을 붙이기 시작하다보니 확실히 견문이 넓어진 느낌이 듭니다.코로나19 때문에 여행도 맘껏 다니지 못하는 상황이라이렇게라도 우리 주변의 여러 나라의 문화에 대해 알 수 있는 기회를 노출해 주려는 목적이랄까요벌써 초등학교 1학년 겨울방학이 ...+ 더보기",5,2021-12-27
281712823,용선생이 간다 14 : 이집트,13618847,양정인,"회, 세계문화에 대해 아이에게 알려주고 싶은 마음이 있는 분들이라면 이미 익숙하게 들어보셨을 '용선생이 간다'중국, 러시아, 영국, 미국 등 다양한 나라의 책이 있었는데 우리집 초딩은 이집트 책을 가장 먼저 꺼내들더라고요. 이집트의 파라오와 피라미드 등이 흥미롭게 느껴져서인지 이집트에 가고 싶다는 말을 하면서 말이죠.사실 라떼도- 파라오 라는 책을 읽으며 이집트 여행은 무조건 가야겠다는 생각을 했었는데, 이제 아이랑 가면 되겠어요.완벽한 학습만화가 아닌 글도 꽤 들어있고 캐릭터들이 설명하는 부분도 있어 아이들이 지루하지 않게 읽을 ...+ 더보기",5,2022-05-23
281712823,용선생이 간다 14 : 이집트,13188808,신나리,"이번에 아들이 고른 용선생이간다 책은 이집트~!이집트 정말 궁금한 곳이에요.피라미드, 스핑크스, 투탕카멘 등 직접 보고 싶은 것이 많아요.아들도 보면서 정말 호기심이 많아졌나봐요.얼른 커서 세계일주를 하고 싶네요.",5,2021-12-21
281712823,용선생이 간다 14 : 이집트,13761698,kim334002,"초등저학년때부터  우리 주변의 여러나라를 시작으로 사회교과를 배우고 본격적으로 중학과정에서 세계사를 접하게 되는데요​사회는 생소한 용어도 어렵고, 새롭게 배우게 되는 내용들이 확장되어 나오다보니 세계사부분은 더욱  어려워하는 아이들이 많아요​달달 외우면 더욱 힘들어지기 때문에 자연스럽게 책을 통해 배우는게 가장 좋다고 생각을 하는데요​그래서 부족한 부분은 교과연계가 잘 되어 있고, 배경지식을 쌓아볼수 있으면서 세계문화를 접해볼수 있는 용선생이 간다를 읽고 있어요아이와 함께 하는 마지막 세계여행지는  수천 년의 찬란한 역사를 간직한 ...+ 더보기",5,2022-07-13
281712823,용선생이 간다 14 : 이집트,13767387,28blue_sky,아이들 책을 보다보면 좋은책이 너무 많죠?하지만 가장 좋은책은? 내용이 탄탄한 책을 아이가 너무 좋아하는것만큼베스트는 없는것 같아요 그런면에서보면 볼수록 너무 마음에 드는 용선생이간다 전집!어제도 잠들기 전에 아이가 책을 꺼내어스스로 읽는 모습에 기분이 좋아지더라구요너무 재미있게 읽길래 저도 같이 한번 읽어보았는데내용도 탄탄하고 생각보다 저도 몰랐던 내용들이 있어서아이와 이야기를 나눠보는 시간이 되어 좋았던것 같아요.,5,2022-07-15
281712823,용선생이 간다 14 : 이집트,13720263,-,"하루에 한 시간, 태블릿pc도 TV도 끄고 오롯이 책에 집중하는 우리 가족의 독서타임! 언젠간 꼭 피라미드 앞에 서서 사진을 찍고 싶다던 아이는 이집트 문명, 스핑크스에도 관심이 많아요. 초등 사회 교과 연계가 되어있어 막막하고 어렵게만 느껴지는초등사회를 재미있게 읽는 것만으로 선행학습을 하고 있어요",5,2022-06-29
505714,백설 공주와 일곱 난쟁이,8159340,샹니님,최고 ! 유아들에게 보여주기엔 적합하지 않음  최소 6세 이상은 되야,5,2016-01-18
505714,백설 공주와 일곱 난쟁이,2949387,마노아,"내가 제일 안 좋아하는 공주가 바로 '백설'공주다. 백치미의 극치랄까. 너무 멍청하다 보니까 이쁜 줄도 모르겠다.그치만, 이 책의 표지에 등장하는 백설공주는 예쁘다.정말 서양 여자애를 가까이에서 사진으로 찍은 것 같은 느낌.복숭아빛 발그레한 뺨에 솜털이 보송보송해 보인다. 눈아래 저 라인 좀 보라지. 너무 실감나게 그려냈다.백설공주 엄마, 왕비 모습이다.백설공주라는 이름이 탄생하게 된 배경의 그 모습인데, 꼭 타로트 카드의 한 장면을 보는 듯한 느낌의 그림이다. 만화가로는 '규하' 씨 느낌이랄까.양 페이지에 그림이 가득...+ 더보기",,2009-07-08
505714,백설 공주와 일곱 난쟁이,939976,대전복수동정지윤,"백설 공주와 일곱 난쟁이 이야기 그림책을 볼 때면 꼭 짚고 넘어가는 부분이 있다. 난쟁이의 수를 세는 거다. 혹시 작가가 빼먹지 않았을까 하는 기대감을 가지고 있는 걸까? 못됐다. ^^
일단 그림에 후한 점수를 주고 싶다. 중세풍의 그림이 아주 마음에 든다. 일단 표지부터 눈길을 끌지 않는가? 너무 이쁘다. 중세의 약간 어두운 분위기와 음침한 분위기도 느껴지는 그림이 마음에 든다. 단 하나 마음에 들지 않는게 있다면 석탄같이 검은 머리가 아니라 흑단 창틀처럼 검은 머리라고 한 것이다. 이 책의 원본말로 영문으로 된 백설공주를 읽으...+ 더보기",4,2006-08-25
505714,백설 공주와 일곱 난쟁이,6431277,별바라기,"동화책에서 백설공주를 묘사한 글을 보면 ’눈처럼 하얀 피부와 핏방울처럼 붉은 입술,창틀처럼 새카만 머리카락을 가진... 세상에서 가장 아름다운 사람’아직까지 봤던 그림책이나 디즈니 애니메이션에서의 백설공주의 모습은 사실 위 묘사에 비추어보면 실망스럽기 그지 없었다특히, 디즈니의 백설공주는 너무 안예뻐서 진실만을 얘기한다는 동화속 거울의 말에 절대 공감할 수 없을 정도지 않은가~^^어떤 고전동화에 대한 테마글에서 처음 이 책에 대한 소개를 보았을때, 표지의 공주얼굴이 너무 아름답고 사랑스러워 보여 꼭 한번 ...+ 더보기",4,2013-06-24
505714,백설 공주와 일곱 난쟁이,3031614,조선인,"백설공주님께
백설공주님 난쟁이들이 창문도 열지 말고 문도 열지 말라고 했는데, 왜 열으셨어요?
일곱째 난쟁이를 비롯해 다들 백설공주님을 좋아하는데요.
그래도 많이 괜찮겠네요.
멋진 왕자님과 결혼을 했잖아요.
백설공주님 이제부터 왕비를 만나면 본 체도 하지 마세요.
나쁜 왕비가 또 공주님에게 나쁜 짓을 하면 어떡해요.
그리고 왕자와 행복하게 잘 사세요. 
초2 송마로.",5,2009-08-15
505714,백설 공주와 일곱 난쟁이,12073084,김아연,"아이에게 옛이야기 그림책을 읽혀주려고 찾고 있던 찰나였어요.어릴 적 제가 보았던 전집의 그림보다 더 퀄리티가 있고 책 내용의 특성을 잘 반영한 책을 찾던 시기에 진짜 선물 같이 비룡소에서 보내주신 책이에요. 세계의 옛이야기 시리즈 중 백설 공주와 일곱 난쟁이를 받았어요.(비룡소로부터 협찬 받은 그림책입니다.)빨간 표지가 마치 백설 공주의 혈색 돋는 볼 같기도 하고, 붉은 입술이나 사과를 뜻하는 것 같았어요.   한 페이지는 전부 글로 되어 있고, 이야기의 뒷 페이지는 그림으로만 되어 있어요. 그래서 아이...+ 더보기",5,2020-10-17
505714,백설 공주와 일곱 난쟁이,12063387,크레센,"『백설 공주와 일곱 난쟁이』는 많이들 아시는 고전이죠.  그림형제의 글로 원작에 가까운 내용입니다.원작은 아이들이 보기에 다소 부담스러운  부분이 많아 시중에 나온 책들은 각색이 많이 되어 나와있어요. 전 너무 어린아이들이 아니면 초등학생들이 읽기에 충분하다고 생각됩니다. 다소 부담스럽다고 생각되는 부분도 과하기 보다 글로 정제되게 표현되어 있어 부담스럽기보다 자연스럽게 받아들여집니다.​​이 그림책을 한 장은 그림으로 이루어져 있고, 한 장은 글로 이루어져 있어요. 글의 내용이 많아 저학년일 읽기에 다소 부담스럽지만 그림으로만 봐도...+ 더보기",5,2020-10-12
505714,백설 공주와 일곱 난쟁이,4031124,하루살이,"백설공주는 우리 아가씨가 무척 좋아하는 이야기이다. 
원본을 살려 읽어주고 싶은 마음이었다. 
헐.. 6살 아가씨가 이해하기엔 조금.. 한 장은 그림 
다음 장은 거의 글..  
이건 초등학생용이었나보다. 
그림은 무척 이쁘다. 특히 백설공주는 만화에서 나오는 듯.. 요즘 아름다운 아가씨같다. 
문제는 본문 2페이지(글 기준) 백설공주 나이가 문제다. 
일곱 살이 되자, 백설 공주는 맑게~~~ 라고 되어있다. 
그 이후에는 나이에 대한 언...+ 더보기",1,2010-08-20
505714,백설 공주와 일곱 난쟁이,12070991,reina120,"표지만 봐도 갤러리에서 작품을 관람하는 느낌이 들지 않나요?  섬세한 드로잉, 다채로운 중세풍 색감의 그림이 글자 없이 책 양면에 꽉 차 있어요. 다른 것에 방해받지 않고, 오롯이 그림만 볼 수 있는 책이 흔하지 않은데 말이죠. 백설 공주와 일곱 난쟁이의 책은 참 많고 다양하지만, 사실적인 나뭇잎 사이에 있는, 새하얀 피부에 발그레한 볼의 백설공주를 보고 있으니, 저도 모르게 마음이 설렙니다. 낸시 에콤 버커트는 이 책의 일러스트를 그리고 칼데콧 상을 수상했다고 하네요. 일러스트에 마음을 뺏...+ 더보기",5,2020-10-16
505714,백설 공주와 일곱 난쟁이,12074554,린이,"[세계의 옛이야기] 백설 공주와 일곱 난쟁이 #상품협찬 #해당상품은비룡소로부터협찬받았습니다#비룡소 #세계의옛이야기 #서포터즈--------------------백설 공주와 일곱 난쟁이그림 형제 글랜달 자렐 엮음낸시 에콤 버거트 그림이다희 옮김비룡소---------------------  백설공주는...눈처럼 하이얀 피부,흑단같은 머릿결, 빨간 입술이 세상 누구보다 아름다운.. 그러나 그전에 우리가 떠올리는건 디즈니의 백설공주그렇지 않은가요? 책보다 먼저 상품으로 판매되는 캐릭터를 만나고,...+ 더보기",5,2020-10-18
331175735,의자,15206519,jin09230225,-책소개-의자가 갖는 참 의미에 대해...​-생각 나누기-책을 펼치는 순간 괜히 울컥한다.시도  그림도 눈에 담기 바쁘다.아름답고 애틋하고 고맙고사랑스러워서  한글자도 한구석도 놓칠수가 없다.​의자...그냥 덜썩 앉기 바빴던 의자는늘 따뜻함으로 편안함으로  그리고기다림으로  가족으로 늘 우리 곁에 있다.​때론 아들의 넓은 등이  의자가 되어 부모님께 쉼을 주기도한다. ​호박하나도 그냥 둘수없는 가족이기에똬리를 받쳐 의자로 내어준다.​짧은 시 안에  가족과 사랑과 배려가 듬북담겨있어서 의자가주는 의미를 다시 되짚어본다.​​-밑줄긋기-...+ 더보기,5,2024-01-07
331175735,의자,15230532,깃쁘미,시보다 시 그림책을 더 좋아합니다.#바우솔출판사 에서 나온 #흰눈 이라는 시 그림책도제가 너무너무 좋아하는 시 그림책이에요.그림이 얼마나 예쁜지...시는 또 얼마나 좋은지...이 그림책도 시 그림책입니다.이정록 작가의 시에제가 좋아하는 <흰 눈>을 그리신 주리 작가님이 그림을 그리셨네요.역시나 표지가 너무 예쁩니다.병원에 갈 차비를 하는 어머니가 아들에게 말합니다.허리가 아프니 세상이 다 의자로 보인다고요.꽃도 열매도 모두 의자에 앉아 있는 거라고요.힘들 때 앉아 쉴 수 있는 의자.힘든 세상 서로가 서로에게의지가 되어주라...+ 더보기,5,2024-01-17
331175735,의자,15245688,Maiden-ish,"능소화가 담장에 어여쁘게 피어있는 파란대문 집에서 아들은 어머니를 모시고 나온다.병원에 가시며, ""허리가 아프니까 세상이 다 의자로 보여야"" 하신다.시인의 어머니들은 이런 감수성으로 어느 하나 허투로 넘기지 않고 사랑을 눈에 보여주시며 자녀를 키우셨나보다.​풀잎에 기대있는 꽃과 열매도, 너른 아들의 등판도 기대는 이에게는 얼마나 안락한 곳인가.작물 하나도 그냥 두는 것 없이 그것도 식구라며, 참외밭 열매 하나 하나에 똬리받쳐 의자를 내어준다.평생을 의자가 되어 식구들을 받치며 살아오신 어머님의 지혜와 사랑은 책 속 곳곳에 아름다운 ...+ 더보기",5,2024-01-23
331175735,의자,15241946,하하하,#도서협찬 #도서지원 주말이 지나고 다시 월요일이 시작됐습니다. 첫째가 방학이라 돌밥과 함께 첫째 챙기느라 정신없는 요즘입니다. 방학이라 힘들기도 하지만 가족과 함께하는 시간이 긴 요즘이 소중하기도 합니다. 언제 또 이렇게 보낼 수 있을까 싶은 생각이 들어 지금 이 순간들을 즐겨보려합니다. 아침에 등교를 서두르지 않아도 되니 좀 여유있는 것 같기도 하구요. 단지 제가 혼자 고요하게 즐기던 시간이 사라진 것이 좀 아쉽네요.📖주말엔 아버지 산소 좀 다녀와라그래도 큰애 네가 아버지한테는 좋은 의자 아녔냐-본문 중에서- 아버지의 좋은 의...+ 더보기,5,2024-01-22
331175735,의자,15283649,mandu337,"가족의 의미를 생각하게 하는 책이다.내 주변 의자같은 휴식처가 누구일까? 둘러본다. 가족이라는 의자 쉼터가 얼마나 소중한지를 깨닫는다. ​책의 내용은 소소하지만우리의 일상속에서 의자같은 사람이 되어야겠다고 생각했다. ​부모님, 자녀, 그리고 나의 형제자매와 도란도란 모여 이야기를 나눌 자리가 있다는 것은 정말 큰 행복이다. ​명절이 되면 부모님 댁에 함께 모여 지난 어린 시절 즐거웠던 이야기 나누다보면 어느새 세월이 참 빠르게 흘러 아쉬움이 클 때가 많다. 그리고 가슴 한켠 뭔가 서운했던 감정들이 되살아나면서 치유되는 느낌도 가지게...+ 더보기",5,2024-02-06
331175735,의자,15264925,meizhen02,"이 책을 받고 제목은 '의자'인데 표지가 꽃으로 되어있어 호기심을 불러일으키기도 하고, 다 읽어본 다음엔 표지의 '꽃'을 이해하게 된다. 꽃은 꽃봉오리 자기 혼자있지 않다. 꽃받침이 있고, 꽃받침아래로는 줄기가 있다. 꽃봉오리도 마찬가지다. 꽃방을 품어주고 있지 않은가?  우리의 삶에서 의자도 많은 의미를 지니고 있지만, 시를 읽어보고 있자면, 의자라는 게 '의지'하는 존재이기도 하고, '함께'하여 주는 존재이기도 하다. 힘들때 기댈 수 있고, 찾게 되는게 의자다. 또한 함께하면 편안하고 말이다. 이 시책을 감상하고 있자니, 마음의...+ 더보기",5,2024-01-30
27076855,내일은 발명왕 6,6420707,꿀꿀페파,"내일은 발명왕 : 부록이 알찬 학습만화는 거부할 수 없는 유혹!!
 
아이들이 좋아하는 내일은 발명왕 실험키트를 만들어봤어요. 늦은 저녁 방에 불꺼놓고 실험을 해보니 와~ 너무 이쁘다라는 말이 절로 나오네요. 내일은 발명왕 시리즈는 실험키트때문에 아이들에게 많이 권하는 책이에요. 뭐 제가 말하지 않아도 신간이 나오면 아이들 시선이 꽂혀있긴하지만요. 아이들이 찾으면 엄마는 절로 따라갈 수 밖에 없는 것 같아요. 특히 부록이 알찬 학습만화는 거부할 수 없는 유혹으로...+ 더보기",5,2013-06-18
27076855,내일은 발명왕 6,6429354,절세미인,한동안 <내일은 실험왕>에 빠져 살던 아이가 이젠 <내일은 발명왕>에 빠져 살게 되었네요. 과학자가 꿈인 아들은 발명에도 관심이 많아서 특허청 발명기자단 활동을 하며 발명가의 꿈을 키워가고 있습니다.  <내일은 발명왕> 책은 발명가가 되고 싶은 아이에게 멘토의 역할을 톡톡히 해줄것 같다는 생각이 드네요.같은 또래 친구들의 발명반 활동을 보면서 저희 아이도 배우는게 참 많으리라는 생각을 하게 됩니다.         내일은 발명왕은 아이도 아이지만 제가 더 재...+ 더보기,5,2013-06-23
27076855,내일은 발명왕 6,6431474,정여니,"이제 한 달 정도 뒤면 여름방학이네요.
방학때가 되면 항상 과학탐구보고서가 아이들에게는 숙제로 주어지더라구요.
아마도 올해도 어김없이 숙제로 나오지 않을까 싶어요.
매년 뭘 해야 할까 고민도 많이 되고 어떻게 할까 닥쳐서 생각하게 되는데...
이번에 내일은 발명왕6: 관찰은 발명의 첫걸음을 읽다보니 탐구 보고서 작성하는 방법에 대해 자세히 나와 한 시름 덜었습니다.

 
1.탐구 주제 정하기(제일 어렵지요. 그러나 실생활에서 궁금했던 것이나 경험에 바탕을 둔 주제를 정하면 된다네요)
2.탐구...+ 더보기",5,2013-06-24
27076855,내일은 발명왕 6,6420047,늘앤후,"<<내일은 발명왕 6 - 관찰은 발명의 첫걸음>>


아이들과 과학실험을 즐겨 하고 싶은 엄마인데..
엄마의 과학적 지식이 부족한것도 문제지만.
아이들에게 어려운 용어를 어찌 설명해야 하는지도 막막한게 사실이랍니다..

아직 특별히 과학이란 과목을 접하는 학년이 아니라서.
쉽게 접해주고 싶은데..
매번 서점에 가면..랩포장이 되어 있어서..
자꾸 궁금하게 만들던 학습만화가 있었답니다.

체험키트까지 있는데..바로 내일은 발명왕 이라는 책이죠..~~

딸내...+ 더보기",5,2013-06-17
27076855,내일은 발명왕 6,6418566,은빛송송,"초등학교 다니는 아이들이 셋이나 있다보니 보고서 작성할 일도 참 많아요.
특히나 탐구 보고서 같은 경우엔 어떻게 작성해야 할지 감이 안 잡히고 막막한 경우도 많더라구요.


 
내일은 발명왕을 보고 있는데 탐구 보고서 작성하는 방법이 똭~ 


 
와우~ 어찌나 반가운지요~
★표 다섯개씩 막 주고 싶은 마음이라면 오버인가요? ㅎ
 


그래도 저처럼 반가운 마음이신분들 많으실걸요~ ㅋ
 


탐구 주제 잡...+ 더보기",5,2013-06-17
27076855,내일은 발명왕 6,6434087,함께,"불량엄마가 요즘 아파서 며칠 빌빌대다가 내일은 발명왕에 있는 실험 키트로
아이들과 실험을 해 보았습니다.
종이컵도 두개 준비하고 했는데 사진상으로 표현이 안됐네요
연기의 기류에 대해 알아보는 실험이였는데요
요즘 모기향은 칼라도 예뻐용.ㅎㅎ

 
 

 
 
 
촛불을 피운 쪽으로 연기라 몰리는 것을 보고 신기해 하는 두 녀석입니다.
 
 
ㅁ
 
울 아들 학교도서관에서 학습만화류 대출이 금지되어 있었는데요
이번주 부터 매주 수요일...+ 더보기",5,2013-06-26
27076855,내일은 발명왕 6,6423454,aijieun,"내일은 발명왕 6권을 보니 아이들에게 요즘들어 하고픈 이야기가 들어가 있어서.. 많이 배우게될것 같네요.^^
내일은 발명왕 1권 볼때가 엊그제 같은데..벌써 6권이 나왔에요 학교에서도 발명 동아리에 들어서 활동을 하고있지만, 
하나를 관찰하고 꼬리에 꼬리를 이어서 생각과 창작의 세계로 들어간다는게 생각만큼 쉽지 않지만, 
이번달 온유한의 메모노트에서 시작해서 나오는  생각들을 통해서 아이들도 많이 배우게 될것 같습니다.
 
 


 
여름을 맞이하여  찾아간 교장선생님의 ...+ 더보기",5,2013-06-19
27076855,내일은 발명왕 6,6432605,하늘타리,"내일은 발명왕 6- 관찰은 발명의 첫걸음 편이랍니다.
이번 책과 함게 있는 발명키트는 공기의 대류 현상을 이용한 연기나는 굴뚝 만들기가 들어 있네요
발명 키트만 봐도.. 책 속에서 대류현상에 대해 다뤄지는 내용이 있겠구나 싶어져요^^
 
 


몇일만 있음 기말고사..
기말고사가 끝나면 아이들 금방 여름방학에 들어가겠죠.
여름방학때 무얼하며 지낼까 아이들 선행학습을 해야하나.. 아니면 1학기때 배웠던 내용을 복습해야하나 
아니면.. 어디 캠프에 보내서 고생 좀 시키고 와야하나 엄...+ 더보기",5,2013-06-25
27076855,내일은 발명왕 6,6419477,꿈꾸는책맘,"달콩양께서 아주 분위기 있게 독서하는 이유는??? ㅎㅎ
바로 아래에 있습니다!!
오빠가 대단한 발명품을 만들어줬기 때문이죠
 
바로바로 내일은 발명왕6이 나왔다는 사실~ㅎ
발명왕하면 바로 생각나는 거슨~~
바로 발명키트 ^^
 
초2아들래미~내일은 발명왕 보자마자
발명키트부터 뜯어제낍니다!! 
아들........엄마..준비물 좀 찍고~~찰칵찰칵~~!!
 
내일은발명왕6편에 나와있는 ...+ 더보기",5,2013-06-17
27076855,내일은 발명왕 6,6425346,쩡애 짱,"<내일은 발명왕> 6
 
~관찰은 발명의 첫걸음~
 
내일은 발명왕 책을 받고 제일 먼저 눈에 띈 글귀다...
덜렁대고 까부느라 늘 자세한 부분을 놓치고 마는 
초등학교 1학년 아들램에게 꼭 알려주고 싶은 부분이다...
내일은 발명왕 책을 받자마자 또 설레발이다...
이번에는 발명왕이 되고 싶다고...
내일은 실험왕, 내일은 수학왕 책을 볼때도 같은 얘기였다...
실험왕, 수학왕이 되고 싶다고...ㅜㅜ
책을 펴기 전에 미리 설명을 해주고 
책과 함께 있는 실험키...+ 더보기",5,2013-06-21
27076855,내일은 발명왕 6,6420076,연우준우맘,"내일은 실험왕에 이어 내일은 발명왕이 6권째 나왔네요.
 내일은 시리즈는 다른 설명이 필요없는 우리집의 인기 학습만화입니다. 
실험키트와 발명키트가 함께 구성되어 있어 아이들의 흥미를 높히고
 과학의 원리를 쉽게 이해할 수 있게 도와주는 구성이 참 좋은 학습만화입니다. ^^
 
 
관찰은 발명의 첫걸음.. 내일은 발명왕 6은 우리의 옛조상들의 발명과 
실생활에 사용하던 건축물이나 물건등을 관찰하면서 과학의 원리를 
이해하고 우리의 조상들의 지혜를 엿볼 수 있는 학...+ 더보기",5,2013-06-17
467755,직업의 세계,1052912,보물창고,"성현이가 넘넘 좋아 하는 책 중 하나.. 직업의 세계입니다. 여기에 각종 직업이 다 나오는데.. 종합병원, 개인병원이 등장하지요.성현이가 좋아 하는 페이지 이기도 하구요.. 말고도 다양한 직업이 많이 나오는데, 하는 일, 장소까지 나와 있어서 많은 호기심을 해결해 줍니다..",5,2007-02-02
80494527,도둑왕 아모세,8404239,중동이,"유현산 작가의 『도둑왕 아모세』는 제20회 창비 ‘좋은 어린이책’ 원고 공모 대상 수상작입니다. 고대 이집트에서 벌어지는 사건, 그 사건 속에서 펼치는 세 아이들의 모험을 그려내고 있습니다. 주인공 아모세는 이집트 최고의 도둑입니다. 물론, 처음부터 도둑은 아니었죠. 고위직 관리였던 아버지와 어머니는 정권이 바뀌며 살해당하게 되고, 고아가 된 아모세는 살기 위해 도둑이 되었고 지금은 이집트 최고의 도둑이 됐습니다. 그런 아모세에게는 부하이자 동료들이 있어요. 이포, 이피 쌍둥이 아이들이죠. 이렇게 셋은 일명 ‘아모세 전사단...+ 더보기",5,2016-04-06
80494527,도둑왕 아모세,8402447,꿀호떡,"이 작품은 고대 이집트를 배경으로 
신이 임명했다는 파라오와 신관,
그들의 음모를 파헤치는 소년과 친구들의 이야기를 다루었네요.
이야기 속에서 고대 이집트 사람들의 생활뿐만 아니라
투탕카멘 무덤의 구조, 
이집트 박물관에서 가장 인기있는 유물인 투탕카멘왕의 황금마스크,
미라 제작과정,오시리스 등 다양한 내용을 만날수 있어요.
세계사에 흥미를 가지고 있는 친구라면 더욱 재밌게 읽을수 있을것 같네요.
창비출판사의 좋은 어린책 수상작품이라 더욱 관심이 간 책인데요.
음모를 파헤치는 모...+ 더보기",5,2016-04-05
80494527,도둑왕 아모세,8481018,하울아줌마,"정말 꼭 가보고 싶은 나라가 이집트랍니다.
그 이집트를 배경으로 한 책이 나왔어요.
정말 딸보다 제가 읽고 싶었는데 이렇게 좋은기회가 왔네요.
딸과 함께 흥미진진하게 읽어봅니다~~
쌍둥이인 이포와 이피, 그리고 아모세 이렇게 소년셋이 이야기에 
나옵니다.
잿빛 털 뭉치 하나가 하늘을 가로지르더니 소년들의 발밑에 
떨어졌어요.
떨어진 건 고양이였는데 스핑크스였어요.
창조신이 재채기할때 태어났다는 스핑크스는 하늘을 떠돌아다니다가 어딘가에 떨어지게된다고 
해요.
그리고 땅에 떨어지는 순간 세상에 뭔가를 나눠줘야하구요...+ 더보기",4,2016-05-09
80494527,도둑왕 아모세,8427787,젼이,"도둑왕 
아모세
유현산 
장편동화
조승연 
그림
창비
 
창비 아동문고 시리즈 즐겨보고 있는데요 참신하고 기발한 모험심이나 
아이들에게 
상상의 나래를 펼칠 수 있는 내용들이 참 많더라구요 
무엇보다 창비 좋은어린이책 수상작들을 통해 참 다양한 이야깃속에 
빠지는 즐거움
이번 작품 배경이 특히나 눈길을 사로잡았는데요 고대이집트를 배경으로 

사라진 호루스의 눈을 찾아 떠나는 모험속에서 느끼는 짜릿함과 
긴장감에 
아들은 어느새 책을 단숨에 읽고 너무 재미있다며 또 다시 책장을...+ 더보기",5,2016-04-14
80494527,도둑왕 아모세,8962547,마법사의도시,"아그라바에 모험을 즐기는 ""알라딘""이 있다면 이집트에는 명랑한 소년 도둑 '아모세'가 있다???<제 20회 창비 좋은 어린이책 대상 수상작>이었던 <<도둑왕 아모세>>는 꼭 읽고 싶은 동화였다. 어린이 시절부터 그리스로마 신화보다는 이집트/북유럽 신화에 열광해왔기에 아모세 이야기를 놓치고 싶지 않았다.  성인인 내게도 가슴 두근거리게 만드는 이야기인데 아이들에게는 오죽할까. 특히 눈두덩이 시커멓게 칠하는 화장법이나 피라미드, 투탕카멘의 죽음, 재사장, 신성한...+ 더보기",4,2016-12-09
80494527,도둑왕 아모세,8399473,쫑이파,정말 색다른 배경과 내용의 재미난 동화를 접해보았다. 창비 좋은 어린이책 고학년부문 수상작으로 유현산의 장편동화이다. 이집트를 배경으로 파라오의 무덤을 도굴하는 겁없는 아모세 도둑단을 만나본다. 어려서 부모님을 잃은 소년들이 배고픔을 면하기위해 위험을 무릅쓰고 도둑질을 해야만하는 안타까운 아모세 기사단(?) 이 이야기속 주인공이다. 아이들은 자기들이 하지않은 도둑질로인해 모함을 받으며 쫓겨다니게 된다. 그러던중 하늘에서 떨어진 자기가 스핑크스라고 우기는 말하는 고양이를 만나 함께 진짜 범인을 찾아 여행을 떠나면서 이야기는 시작된다....+ 더보기,5,2016-04-05
80494527,도둑왕 아모세,8404527,유미건우맘,"3400년 전 이집트를 무대로 펼쳐지는 소년 도둑 아모세와 친구들의 모험 (창비 좋은 어린이책 
수상작)
 
이 책을 받고 반짝이는 푸른 빛이 도는 책의 표지를 보며, 묘한 기분에 사로잡히는 듯 했다.
고대 이집트.. 무척 낯선 공간을 배경으로 어린 도둑 '아모세'가 등장한다. 어린 주인공의 모습을 상상하며 책을 읽어가는 재미가 쏠쏠했다. 
우리 주변에서 흔히 볼 수 있는 그런 모습이 아닌, 대머리에 옆머리 한줌을 길게 땋고, 아마포라는 옷을 입고, 피부보호용 하마기름을 바른 반짝 
거리는 아이의 모습이...+ 더보기",5,2016-04-06
80494527,도둑왕 아모세,9442815,기진맥진,"<도둑왕 아모세 / 유현산 / 창비>이 책을 만화로 그리면 제격이겠다는 생각을 읽으면서 내내 했다. 어릴적 인기있었던 만화들은 대부분 이국적 배경을 가졌던 걸 기억하면서.... 이 책도 대단한 시공간을 가졌다. 3400년이나 거슬러 올라가는 기원전 이집트이니 말이다. 동화의 배경이 고대 이집트? 예사로운 일은 아니다. 실제로 존재했던 시대를 문학작품의 배경으로 하려면 역사적 사실과 상상력이 적절히 어우러져야 하는데, 독자를 몰입시킬 정도의 그럴듯함을 만들어낸다는 것은 보통 일이 아닐 것이다.작가는 고대 이집트의 신화와 역...+ 더보기",5,2017-07-06
80494527,도둑왕 아모세,8398001,장소민,"도둑왕 아모세작가 유현산출판 창비창비 아동문고 285번째 도서 도둑왕 아모세 는 창비 좋은 어린이책 수상작이네요 의문의 사고로 부모님을 잃은 아모세가 같은 처지의 쌍둥이 형제 이포와 이피를 만나 함께 도둑단으로 생활하다 투탕카멘의 가슴장식을훔쳤다는 누명을 쓰고 파라오의 군대와 경찰에 쫓기는 신세가 되요하늘에서 떨어진 고양이 아닌 고양이 스핑크스를 만나고, 창조신 아툼님이 재채기할때 태어난 스핑크스는 인간세상에 떨어진 이상인간들에게 지혜를 나누어 주어야 한데요부모님의 억울한 죽음을 파헤치고 가슴 장식 ...+ 더보기",5,2016-04-04
80494527,도둑왕 아모세,8396947,말괄량이,"고대 이집트하면 미라, 클레오파트라, 투탕카멘, 스핑크스, 피라미드 등등...신비로운 것들만 생각난다.그래서 그 시대의 이야기가 더욱 신비록고 재미있는지도 모르겠다.세계사를 공부하다보면 고대 이집트에 대해 나오는데 우리 딸아이  고대이집트의 이야기를 보더니 이집트라는 나라에 관심이 많아졌다.그러던 와중 만나게 된 도둑왕 아모세...이 책은 고대 이집트를 배경으로 소년 도둑 아모세를 중심으로 이야기가 전개되어 간다.모험이 펼쳐지는 책이기 때문에 읽는 문장문장 하나마다 흥미롭다.  이 책 도둑왕 아모세를 보면 중간중...+ 더보기",5,2016-04-04
80494527,도둑왕 아모세,8405663,올드북,"이 책은 지금으로부터 
3,400년 전의 이집트를 배경으로 펼쳐지는 사실과 
허구가 섞인 환타지 모험 동화입니다. 

제목에서 보여지듯이 
도둑인 아모세는 소년인데, 
친구들과 함께 사라진 
보물을 찾는 과정을 담았습니다. 

이집트 최고의 
도둑으로 꼽히는 아모세가 파라오 투탕카멘의 장례식에 필요한 보물 '호루스의 눈'을 훔쳤다는 누명을 쓰고 쫓기게 
됩니다. 
아모세는 자신의 
누명을 벗기 위해 쌍둥이 소년 이포와 이피, 
원숭이 
뮤, 
신비한 동물 
스핑크스와 함께 보물을 찾아 나서지요....+ 더보기",5,2016-04-06
80494527,도둑왕 아모세,8407204,alice,창비 좋은 어린이책 수상작<도둑왕 아모세> 아이가 고학년이 되고나서부터는 창비 책을 많이 선호하는데요엄마인 제가 더 재미나게 읽는 책들이 많아서인듯 해요재미도 있고 감동도 있는 그런 책들이 많거든요<도둑왕 아모세>는  평소 잘 접해 보지 못하는 이집트를 배경으로재미와 반전의 모험담이 담긴 이야기네요​ 아모세는 자신이 이집트 최고의 도둑이라고 자부하는데요하지만 어찌된 일인지 쫓기는 신세라 당장에 먹을 빵조차 구하기 힘들어 보여요그런 아모세 도둑단 일행(아모세와 쌍둥이...+ 더보기,5,2016-04-07
378286753,스키비디 토일렛 공식 생존 가이드북,16942618,소소,"- 이 서평은 출판사에서 도서를 제공 받아 직접 읽고 작성한 리뷰입니다. -스키비디 토일렛. 아이가 이걸 대체 어디서 보고 어디서 알게 되었는지 알 수는 없지만, 어느날부터 스키비디 토일렛 노랫말 비슷한걸 자꾸 얘기하고 도대체 무슨 말인지 알 수 없는 캐릭터 이름들을 말하기 시작했어요. 아이들 사이에서 새로 유행하는 시리즈인가 싶기는 했는데, 지금 제 아이가 보기엔 너무 잔혹해 보이고 나이에 맞지 않는 캐릭터들이 등장하는 이야기 같아서 아이에게 자주 경고를 해주곤 했었어요. 왜냐하면 막상 아이도 영상에서는 너무 무서워서 못 보는데 ...+ 더보기",5,2025-12-12
378286753,스키비디 토일렛 공식 생존 가이드북,16934745,별빛정원,[출판사로부터 도서 협찬을 받았고 본인의 주관적인 견해에 의하여 작성함]스키비디 토일렛 공식 생존 가이드북언제부터인가 스키비디 토일렛을 알게되어 그 뒤로 해당 굿즈들도 구매하고 그림까지 그리는 둘째 아드님을 위해서 만나 본 책입니다.​알고보니 구독자만해도 4680만을 보유하고 있는 유명한 유튜브 채널이더라고요.​아이가 관심있어서 저도 영상을 본 적이 있는데부모로써는 도저히 이해가 안가지만.. 어쨌든 아이들이 좋아하니! 스키비디 토일렛 공식 생존 가이드북 만나볼까요?[스키비디 토일렛 공식 생존 가이드북]​저희 아이의 최애 캐릭터는 바...+ 더보기,5,2025-12-09
378286753,스키비디 토일렛 공식 생존 가이드북,16959550,joooo00,"스키비디 토일렛은 인간의 얼굴처럼 보이는 머리가 변기에서 튀어나와 움직이는 괴물이란다. 그들은 지구를 정복하기 위해 다른 별에서 왔다고 책에 소개되어 있다. 이 책은 여러 토일렛 괴물들을 소개해 각 괴물들의 이름, 종족, 직책, 소속, 주요 정보들을 모아놓았다. 괴물들을 맞서는 휴머뉴이드 전사들의 소개도 있다. 머리가 카메라나 스피커, tv 등으로 이루어져있다. 괴물들과 전사들이 미스터리하고 기괴한 전쟁을 한다. 변기에 머리가 붙어 있는 이미지가 살짝 무섭게 공포스럽지만 눈,코,입이 커서 표정으로 감정이 자세하게 표현되는 것 같다....+ 더보기",5,2025-12-19
378286753,스키비디 토일렛 공식 생존 가이드북,16948804,-,"출판사로부터 도서 협찬을 받았고 본인의 주관적인 견해에 의하여 작성하였습니다.이 책은 유튜브에서 유행한 ‘스키비디 토일렛’ 세계관을 정식 가이드북 형식으로 풀어낸 책이에요. 아이들이 영상 속 캐릭터에 푹 빠져 있다면, 왜 재미있어 하는지 같이 이해해 볼 수 있는 자료 같아요.<<이 책을 읽고 싶었던 이유>>집에서는 본 적 없는 스키비디 토일렛 이야기를 아이에게서 처음 들었을 때, 부모 입장에서는 다소 황당하고 자극적으로 느껴져서 “이걸 어떻게 받아들여야 하나?” 하는 걱정이 먼저 들었어요. 그래서 공식 가이드북...+ 더보기",5,2025-12-15
890918,다름이의 남다른 여행,1088464,dirldirl,"우리교육에서 나온 책들을 개인적으로 좋아하는데,
이 책도 참 괜찮네요^ ^
선물용으로도 좋을 거 같아요~
추천합니다!",5,2007-03-28
890918,다름이의 남다른 여행,6655973,젼이,"다름이의 남다른 여행 
최유성 장편동화
김중석 그림
우리교육
 
앞으로 우리가 살아갈 아니 우리 아이들이 살아갈 미래의 모습은 어떨까요??
 스마트한 시대 내손안에서 모든 정보검색이 가능하다보니 
점점 정보의 홍수속에서 사람들은 생각하는 시간이 많이 줄어들었다란 생각을 하게 됩니다
 사실 저역시 어릴적 뛰어놀고 궁금한건 백과사전을 뒤지며 찾던 시간들이 확~~줄어
 모르면 바로 검색창을 열고 있고 그 수많은 정보가 눈에 다 들어오지 않아
&n...+ 더보기",5,2013-10-24
28109980,예쁜 얼굴 팝니다,6482298,책방꽃방,"요즘 학생들에게 쌍커풀과 코수술은 기본이라는 이야기를 할정도로 외모에 대한 관심도는 아무래도 사춘기를 접어들 즈음이 가장 높은듯 하다. 외모지상주의가 어쩌구 자연미인이 저쩌구 해도 애나 어른이나 이쁘고 싶은 마음은 누구나 다 같을듯 한데 그 미의 기준이 왜 모두 획일적인 브이라인과 오똑한 코와 쌍커풀 눈인지 모를일이다. 모두가 그런 얼굴을 하고 있다면 도대체 누가 누군지 분간을 못할테고 그럼 내 얼굴을 찾을수나 있을까? 
 
자신의 얼굴이 못났다고 생각하는 주인공이 파란 돌멩이를 발로 차다가 자신...+ 더보기",4,2013-07-22
28109980,예쁜 얼굴 팝니다,6481649,구름보풀,"언제부턴가 얼굴이 착하다. 몸매가 착하다 라는 표현을 자주 보게 되는데, 얼굴이나 몸매가 착하다는 말은 예쁘다는 것을 표현할 때 사용한다.
예쁘다 와 착하다가 동의어가 된 것이다.  예쁜것이 착한것이 될 수 밖에 없는 이유는 우리 사회의 외모지상주의 때문일 것이다.
실력보다는 외모가 뛰어난 사람에게  유리하게 작용하고 있는 현실이 사람들에게 그런 생각을 갖게 하는 것이다.
연예인들이 멀쩡한 얼굴을 뜯어 고치고 뼈를 깍아 예뻐진 얼굴을 보면서 많은 보통 사람들이 나도 저렇게 수술을 하면 예뻐 질 수 있...+ 더보기",4,2013-07-22
28109980,예쁜 얼굴 팝니다,6437150,두뽀사리,"예쁜 얼굴 팝니다
푸른숲 어린이 문학 029
선자은 글 / 김무연 그림
푸른숲주니어
 
● 외모지상주의 : 예쁘고 잘생긴 사람들을 더 좋아하고, 외모로 사람들을 평가하는 것을 말합니다. 외모지상주의 는 너무 당연해서 문제가 많습니다. 외모지상주의 때문에 사람들은 성형을 하고, 화장을 하고, 또 그래서 숨깁니다. 어떤 사람들은 와따가 되고, 놀리고, 자살까지도 합니다. 
이 책 속에서는 단비라는 한 여자아이가 외모지상주의를 경험해보게 됩니다. 작은 눈에 납작한 코, 너부데데한 얼굴을 갖고 있는 소녀, 단비. 단비는...+ 더보기",5,2013-06-28
28109980,예쁜 얼굴 팝니다,6462161,다락방꼬마,"아줌마라는 이름으로 살아가며 아이들을 키우기 힘들기에 외모에 신경쓸 시간은 없지만 거울을 보는 것이 싫습니다. 사진 찍는 것이 싫습니다. 외모에 예민한 반응을 보이는 청소년기도 아니고 결혼을 앞둔 미혼 여성이 아님에도 가끔 제 외모가 신경쓰일 때가 있습니다. 삼남매 중 못난이로 태어난 저. 동생들은 예쁘고 잘생겼다는 말을 듣고 자랐는데 전 예쁘다는 말은 가족들외에 그 누구에게도 들어본 기억이 없습니다. 물론 어른들이나 학교 선생님들이 예쁘다고 말씀해 주신적은 있지만 그건 제 외모 때문이 아니라 행동 때문이였을 것입니다. ...+ 더보기",5,2013-07-12
28109980,예쁜 얼굴 팝니다,6491716,희망찬샘,"예쁜 얼굴에 대한 갈망은 어린 아이나 어른이나 노인이나 누구에게나 다 있는 듯하다. 유치원 아이들도 예쁜 선생님을 좋아한다지. 예쁜 얼굴을 갖지 못한 단비는 그러나 성격이 참 좋은 아이다.예쁜 혜지랑 다니니 혜지는 공주, 단비는 시녀라고 하는 친구들이 얄밉지만, 그래도 언제나 꿋꿋하다. 짝 형두가 예쁜 친구 투표를 해서 1등을 한 혜지에게 '미스 햇살'이라 불러준 것까지는 좋았는데다음 번 투표에서 '미스 못난이 햇살 1등'이라는 타이틀을 단비에게 준 것은 너무 지나쳤다. 얼굴에 대한 열등감은 씩씩한 단비를 주눅들게 만들고,...+ 더보기",5,2013-07-27
28109980,예쁜 얼굴 팝니다,6436637,서란,"현대는 '외모지상주의'와 성형이 만연한 사회다. 예전에는 성형이 연애인들이나 하는 것이었다면 요즘은 일반인들도 성형을 하지 않은 사람을 찾는 것이 힘든 세상이 되어 버렸다. 눈,코는 기본으로 하면서 그외 다른 곳도 '자신감'을 위해서 혹은 그외 이유로 성형을 하는 경우가 많다. TV를 틀면 예쁜 연애인들이 많이 나오고 한때 '루저'는 그야말로 무슨 병처럼 이상하게 취급되어지던 그런 일들도 있었다. 요즘 아이들은 얼마나 '외모'에 관심이 많은지 울집 딸들만 해도 자신의 외모에 대한 '불만' 이 많아 가끔 별거 아닌 일을 가지고 ...+ 더보기",5,2013-06-27
28109980,예쁜 얼굴 팝니다,6448954,서뽕지뽕,"예쁜얼굴 팝니다, 푸른숲주니어, 선자은/글, 김무연/그림
 


 
 
오랜만에 푸른숲주니어 책을 만났어요.
제목부터 시선을 끄는 제목에 표지의 새초롬한 모습이 내용이 궁금하게 만들어요.
미스 햇살 !! 매일 거울속의 얼굴을 비쳐보면서 꾸미기 좋아하는 우리 두 딸의 모습이 겹쳐서 보이는 건 뭘까요? ㅎㅎ
요즘은 어린 아이들도 외모에 관심이 참 많죠. 우리 딸들도 매일 공주처럼 예쁜 옷만 입을려고 하고,
머리모양, 신발, 심지어 머리끈까지..자기가 이쁘다고 생각하는 것들은 ...+ 더보기",5,2013-07-05
6161288,미로탐험 : 공룡과 인류의 진화,5856509,북극곰,"미로찾기,숨은 그림 찾기,퀴즈 맞추기, 내용 익히기 등등 활용도 만점이다. 아이들이 서점서보고 구매했는데 나머지 시리즈도 더 사달라고 졸라서 또 지르게 생겼다.",5,2012-09-13
6161288,미로탐험 : 공룡과 인류의 진화,3407920,영광맘,"이 책을 처음 접했을때의 느낌이란 너무나 크나큰 사실들을 말해 주고자 하는듯한 중후한 느낌을 받았습니다.

표지에는 사람과 공룡 사이에 잡고 잡히는 여러가지 메시지를 이야기 하고자 하는 부분들을 암시하는 듯 합니다.

저는 공룡에 대해 잘 모르지만 7살 난 우리 아들은 공룡이 뭐가 그리 좋은지 온 사방에 공룡 책들을 나열하며 

여러가지 사실들을 조합하여 ...+ 더보기",4,2010-02-10
6161288,미로탐험 : 공룡과 인류의 진화,3430919,redann,"미로탐험. 
제목만으로도 그 내용을 엿볼수 있겠죠? 
하.지.만.. 제목 그 이상이 담겨있는 책입니다. 
<공룡과 인류의 진화> 

첫페이지를 넘기자마자부터 탐험이 시작됩니다. 
어쩌면 맛보기에 불과한 숨은 물음표 5개 찾기!! 
아빠랑 엄마랑 신나게 찾아보았어요. 


본격적인 탐험에 앞서 미로탐험규칙과 탐험순서, 그리고 탐험전 퀴즈까지 완료하고나면 
이제 진짜 미로탐험 시작!! 
'진화연구소에서 타임머신으로 모아온 옛날 생물들을 탐험기지에 풀어놓고 연구하고 있어요. 
그...+ 더보기",5,2010-02-20
371786193,수상한 이웃집 시노다 8,16764465,una,"드디어 시노다 8권!!올 봄 7권에 이런, 정말 긴장감 1도 놓을 수 없는흥미진진 스릴만점 오싹한 시리즈예요!잡귀를 물리치며 보물을 찾아 떠나는유이남매와 삼촌!그들의 모험에 함께 하다 보면정말 시간이 정지한 것 같아요!!초등3-6학년에서정말정말 즐길 수 있는 시리즈예요!!",5,2025-09-25
371786193,수상한 이웃집 시노다 8,16786306,명랑걸우네,"*출판사로부터 책을 제공받아 직접읽고 작성한 리뷰입니다.​ 사건을 의뢰한 할아버지의 도움으로 이들과 함께 한 여우 도령 덕분에 여우의 길로 빠르게 다닐 수 있지만, 여우의 보물과 시노다 남매들의 몸을 노리는 악귀와 영혼들이 점점 이들을 향한 마수를 뻗쳐오는데...​ 과연 삼 남매와 삼촌은 할아버지가 말한 여우족의 보물을 찾을 수 있을까?​​ 흥미로운 판타지 동화 속에서 삼 남매의 활약과 위기를 해결해 가는 성장의 모습들을 마주할 수 있다. 잘못 알려진 종주와 영원의 이야기를 시간의 눈을 가진 다쿠미 덕분에...+ 더보기",5,2025-10-03
371786193,수상한 이웃집 시노다 8,16770845,pinkpcl,"<출판사로부터 도서를 제공받아 직접 체험후 작성한 후기입니다>〈수상한 이웃집 시노다〉 시리즈는 우리 아이가 정말 애정하는 책이에요. 1권부터 7권까지는 이미 여러 번 반복해서 읽었고, 몇몇 권은 거의 외울 정도로 빠져들었답니다. 그래서 8권 소식을 듣자마자 너무 반가운 마음으로 바로 읽기 시작했어요. ​ ​이번 이야기는 사라진 여우의 보물을 찾아 달라는 의뢰로 시작해요. 유이 남매와 사고뭉치 여우 삼촌이 보물의 행방을 추적하다가, 막내 모에가 삼나무에게 끌려가면서 더 큰 사건에 휘말리게 되죠. 추격과 수수께끼, ...+ 더보기",5,2025-09-28
371786193,수상한 이웃집 시노다 8,16777269,piglet481,#도서협찬 #다산어린이아이와 함께 재미있게 읽으며 다음권을몹시 기다리게 되는 [수상한 이웃집 시노다]여덟 번째 이야기는 말도 없이모에를 데려가는 삼촌을 따라 시공의 문을 넘어서며 교토 도시에서 펼쳐집니다언제나 문제를 일으키는 삼촌은 이번엔여우 할아버지의 부탁으로 도시 여우의보물을 찾기 위해 모에의 '혼을 부르는 입'능력을 빌리려 데리고 온 거예요.보물은 여우 할아버지의 조상인  종주가 사랑했던 여자에게 선물했던 것으로유이 남매는 고민 끝에 의뢰를 받아들이고삼촌과 여우 도령과 함께 찾아 나서요.이번 이야기도 역시나 정말 재미있어요.특...+ 더보기,5,2025-09-30
371786193,수상한 이웃집 시노다 8,16779269,행복만땅,"《수상한 이웃집 시노다 8》 서평도미야스 요코의 시노다 시리즈가 8권째를 맞이하며 또다시 독자들을 환상의 세계로 초대한다. 이번 작품은 시리즈의 매력을 그대로 이어가면서도 더욱 긴장감 넘치는 모험을 선사한다.이 책의 가장 큰 매력은 '수상하지만 따뜻한' 이야기라는 독특한 조합이다. 여우의 보물을 찾는 판타지적 설정과 잡귀들에게 쫓기는 스릴러적 요소가 어우러지면서도, 그 속에서 가족애와 우정이라는 따뜻한 정서가 녹아있다. 유이 남매와 여우 삼촌이 위기 속에서도 서로를 지키려는 모습은 어린 독자들에게 깊은 울림을 준다.특히 모에가 삼나...+ 더보기",5,2025-09-30
371786193,수상한 이웃집 시노다 8,16820847,sweetyi23,"#도서협찬
#수상한이웃집시노다8
#다산어린이
#도미야스요코_글 / #오바켄야_그림 
#송지현_옮김 

수상한 이웃집 시노다 시리즈 여덟번 째 이야기 기다린
친구들 참 많을텐데요_
시리즈가 거듭될 수록 점점 더 빠져들 수 밖에 없는 책이
바로 #시노다시리즈 가 아닌가 싶습니다.
✔️정확히 말자하면_ 
사실 1권부터 이 책은 그냥 지브리감성 가득 품고 나타나
표지부터 취향저격이였구요,
#어린이분야1위 #한학년한권읽기추천도서 
#서평단평점만점 이라는 타이틀을 가진 시리즈랍니다.

그도 그럴것이 #재미 #감동 ...+ 더보기",5,2025-10-21
371786193,수상한 이웃집 시노다 8,16779393,eusoon727,이번 이야기는 사라진 여우의 보물을 찾는 모험이야기예요.이번 이야기에는 귀신들이 나와서 약간 긴장을 하면서 읽었어요.책으로 접하는 이런 귀신들은 영상으로 보는것보다 뭔가 더 무섭고 긴장하게 되는것 같더라구요.사고뭉치 삼촌이 일을 벌여요.사고뭉치라면 사건사고를 몰고 다니겠죠?이번 사건은 살짝 무섭고 긴장하게 되는 사건이예요.삼촌은 여우할아버지의 부탁으로 도시 여우의 보물을 찾는데 모네의 혼을 부르는 입이 필요해서 모에를 납치하게 되고 교토까지 가게되요.여우의 보물이 무엇일지..책을 읽는 내내 너무 궁금하더라구요.그리고 보물을 찾는 과...+ 더보기,5,2025-09-30
371786193,수상한 이웃집 시노다 8,16783204,suny7957,"다산 어린이 출판사로부터 도서를 제공받아 읽고 쓴 리뷰입니다.수상한 이웃집 시노다 8여우의 보물을 찾아라아이가 가장 좋아하는 판타지 시리즈인 <수상한 이웃집 시노다> 8권이 나왔습니다.8권 나왔다고 하니 아이가 빨리 읽고 싶다고 해서 아이와 함께 읽어보기 위해 준비해 보았습니다.아이가 좋아하는 책을 읽음으로써 아이의 문해력도 쑥쑥! 성장하거든요.이 책은 도미야스 요코 작가의 인기 시리즈인 <수상한 이웃집 시노다>의 여덟 번째 이야기, <여우의 보물을 찾아라!>입니다.<수상한 이웃집 시노다>...+ 더보기",5,2025-10-02
371786193,수상한 이웃집 시노다 8,16775367,무밍,"#수상한이웃집시노다 8 #여우의보물을찾아라 ! ˝초여름의 기운을 품은 바람이 골목 사이를 빠져나갔다.˝ 시노다는 스토리도 재미있지만 문장이 참 예쁘죠. 늘 첫 문장부터 확 끌어당기는 매력이 있는 것 같아요. 이번 첫 문장도 어딘가 서정적이면서 좋았어요. 시노다는 여우인 엄마와 인간인 아빠 사이에서 태어나 특별한 능력을 가진 세 아이 유이, 다쿠미, 모에가 주인공 입니다. 유이는 ‘바람의 귀‘, 다쿠미는 ‘시간의 눈‘, 모에는 ‘혼을 부르는 입‘의 능력을 가지고 있어요. 제가 처음 시노다 첫 권을 읽은 게 2023년 11월이었는데요,...+ 더보기",5,2025-09-30
371786193,수상한 이웃집 시노다 8,16785998,ywjqtl8,"업체로부터 도서를 제공받아 작성한 후기입니다.인간 아빠와 여우 엄마가 만나 이룬 가족들이 신비하고 미스터리한 사건에 휘말리면서 해결하는 과정을 그리는 시리즈집 '수상한 이웃집 시노다' 의 여덟번째 권. 이번에는 일본 교토를 무대로 하는 새로운 이야기로 찾아왔다.​여우 삼촌이 받은 수상한 의뢰에 그것은 교토에 사는 도시여우의 조상이 훔쳐가 잃어버린 여우보물을 되찾아 달라는 것. 질문에 무엇이든 답하는 삼나무의 대답을 듣기 위해, 사람이 아닌 것과도 대화가 가능한 막내 '모에' 를 잠시 빌리려다 세 남매가 전부 휘말리게 된다. 바람의 ...+ 더보기",5,2025-10-03
371786193,수상한 이웃집 시노다 8,16775864,다이나,"** 출판사로부터 도서를 제공받아 작성한 리뷰입니다.수상한 이웃집 시노다 8글 도미야스 요코, 그림 오바 켄야, 옮김 송지현다산어린이🦊 도시 여우의 보물을 찾아라!작년 학교 도서관에서 우연히 발견한 뒤, 시노다 가족 이야기에 푹 빠져 신간이 나올 때마다 기다려 읽는 엘사.벌써 8권이 출간되었다는 소식을 듣고 무척 기뻐하며 단숨에 읽어 내려갔답니다. 이야기는 사고뭉치 삼촌의 갑작스러운 등장으로 시작됩니다.삼촌은 혼을 부르는 입을 가진 모에를 납치하는데, 그 이유는 바로 도시 여우의 보물을 찾기 위해서였는데요.하지만 ‘질문하는 삼나무...+ 더보기",5,2025-09-30
371786193,수상한 이웃집 시노다 8,16780239,겨븐아그,"출판사에서 도서를 제공받아 즐겁게 읽고 작성한 후기입니다.수상한 가족을 찾아온 수상한 여우!〈수상한 이웃집 시노다〉무시무시한 잡귀를 피해서여우의 보물을 찾아라!막냇동생 모에를 지키려다 낯선 도시에 떨어진 유이와 다쿠미! 그곳에서 만난 도시 여우족 할아버지는 여우의 보물을 찾아 달라고 부탁해요. 고민 끝에 수상한 의뢰에 함께하기로 한 유이 남매는 보물이 숨겨진 장소를 물으러 신비로운 삼나무를 찾아가요.그런데 삼나무는 알 수 없는 말만 남기고 모에를 데려가 버려요. 유이와 다쿠미, 삼촌은 모에를 다시 만나기 위해 절과 도서관을 오가며 ...+ 더보기",5,2025-09-30
371786193,수상한 이웃집 시노다 8,16758074,꿈바라기,출판사로부터 도서를 제공받아주관적인 견해를 바탕으로 작성한 글입니다.가끔씩 어디론가 훌쩍 혼자 여행을 떠나고 싶어질 때가 있다. 하지만 이제 혼자가 아니고 한 가정을 책임지고 있는 가정주부이기 때문에 여건이 되지 않는다. 그럴 때마다 필자가 하는 일탈이 바로 필자의 자녀 9살 보물이가 가기 좋은 공원에 놀러 가거나 재미있는 소설책을 읽는 것이다. 9살 보물이가 했던 말이 생각난다. '집에 있어도 집에 가고 싶어.' 필자는 이 말이 꼭 해야 하는 의무에서 벗어나 자유를 만끽하고 싶다는 의미로 들린다. 마치 필자가 기분 전환을 하고 싶...+ 더보기,5,2025-09-22
371786193,수상한 이웃집 시노다 8,16782290,코코진,책 읽기 힘들어 하는 아이들도 한번 읽으면 빠져든다는 시노다시리즈 드디어 시노다8권으로 저희 아이도 바쁜 시간 중간중간 계속 보았어요. 300쪽이 넘는 시노다 책을 아이들이 좋아하는 이유는 이야기 전개가 될수록 책응 손에서 놓을수 없을 정도로빠져들게 되는데요. ​성인이 저도 이 책은 1권보다 계속 보게 되는 마법같은 책 여우 엄마의 비밀을 갖고 유이남매의 모험은 계속 되요.​앞으로 나올 이야기들이 전 더 기대되고 아이와 기다리게 만드는 책 ”수상한 이웃집 시노다“​​이번 추석 아이들과 함께 시노다 읽어보시고같이 읽어보시면 더 좋을거...+ 더보기,5,2025-10-01
371786193,수상한 이웃집 시노다 8,16781645,ju99n,"[출판사로부터 도서를 제공받아 작성하였습니다]오늘 서평할 책은 책제목처럼 수상하지만 따뜻한 이야기로, 많은 어린이 독자의 사랑을 받은 어린이 문학책!!〈수상한 이웃집 시노다 8: 여우의 비밀을 찾아라>에요.벌써 8권까지 나왔다니!! 그 인기가 어마어마하지요??이름을 보아하니 일본 저자의 책인것 같더라구요.8권 여우의 비밀을 찾아라!!에서는 여우의 보물을 찾다가, 무시무시한 잡귀들에게 쫓기는 유이 남매와 여우 삼촌의 이야기가 펼쳐진답니다.엉뚱한 사고뭉치인 여우 삼촌은 수상한 의뢰를 받았다고 해요.바로 사라진 여우의 보물을 찾아 ...+ 더보기",5,2025-10-01
371786193,수상한 이웃집 시노다 8,16778238,cherrynu,아이가 신간이 나올때마다 기대하는 시리즈물들이 있어요.그 중 하나가 바로 수상한 이웃집 시노다 랍니다.시노다는 기차타고 내려서 걷다가 자갈길을 버스타고 드릉드릉 달리는 기분으로 읽게 되요. 긴장했다가 내려놓기도 하고 그러다보면 잘~읽었습니다. 하고 기분이 좋아지는^^8권도 기대를 저버리지 않고 즐겁게 읽을 수 있었습니다.아이에게 시노다는 뭐다? 물으니 성이라고 하네요.푸하하하;;;(출판사로부터 제공받아 읽고 쓴 후기입니다!),5,2025-09-30
371786193,수상한 이웃집 시노다 8,16780562,hwa_jung08,"수상한 이웃집 시노다 8권은 ‘여우의 보물’을 둘러싼 수수께끼, 가족의 비밀, 도시 전설이 깔끔하게 맞물린 모험편입니다. 초반에 삼나무가 던지는 세 가지 수수께끼가 이야기의 중심축을 만들고, 그 답을 찾아가는 과정에서 인물들의 관계와 선택이 자연스럽게 드러납니다. 추격전처럼 몰아치는 장면 전개가 빠르지만, 문장과 그림은 과장되지 않아 아이들도 부담 없이 따라갈 수 있어요. 특히 잡귀가 몰려오는 장면은 긴장감을 주면서도 과도한 공포로 가지 않도록 수위를 잘 조절했습니다.이번 권의 장점은 ‘보물’의 의미를 단순한 물건이 아니라 약속·기...+ 더보기",5,2025-09-30
371786193,수상한 이웃집 시노다 8,16774323,taeyoung0427,"수상한 이웃집 시노다 8. 여우의 보물을 찾아라! • 도미야스 요코 글•오버 켄야 그림•송지현 옮김​수상한 이웃집 시노다는 초등학생이라면 모르는 친구들이 없을정도로 인기가 많은 책이다.한 편, 한 편 다 재미있는데 이번에는 여우의 보물을 찾는 에피소드를 다뤘다.이번편에 여우도령이 처음 나왔는데 매우 매력적인 캐릭터였다^^  여우도령의 정체는 책 마지막쯤에 나오는데 궁금하다면 꼭! 읽어보길 추천한다^^​삼촌이 보물을 찾기 위해 처음에 모에를 납치(?)하는데 삼촌이 맞는건가.. .. 싶었다😅책임감있는 유이덕분에 모에를 놓치지 않고 어...+ 더보기",5,2025-09-29
371786193,수상한 이웃집 시노다 8,16765400,misskfc,"모에가 납치가 되었다고?이번에도 말썽꾸러기 야샤마루 삼촌이 일을 냈다.모에를 납치해서 교토까지 가다니?여우할아버지의 부탁으로 도시여우의 보물을 찾는데 모에의 혼을 부르는 입이 필요해서 모에를 납치하는 삼촌을 따라 교토까지 가게 된 유이삼남매와 여우도령의 모험담을 그린 이번 8화에서는 무슨일이 벌어질까? 인간을 사랑 여우 종주가 인간에게 선물한 보물의 정체를 알고 있는 삼나무에게 질문하자 올바른 자가 올바른 질문을 해야한다며 세개의 수수께끼를 내는데 모에를 맡아두겠다고?사라진 모에를 찾기위해 동분서주하는 삼촌과 유이, 다쿠미.수수께끼...+ 더보기",5,2025-09-25
371786193,수상한 이웃집 시노다 8,16774678,irenesw,"말하는 나무, 여우도령, 사라진 모에까지 흥미진진한 이야기가 펼쳐져요. 아이도 저도 정말 재미있게 읽었습니다.얼렁뚱땅 삼촌이 이번 편에는 제법 듬직도 하구요,중간에 깜짝 등장 사서선생님의 활약도 재미납니다.오바켄야 작가의 중간중간 나오는 그림도 귀엽습니다. 일본에 있는 것 같은 느낌이 들게 해요!마지막 책장을 덮자마자 다음이야기는 언제 나오는지 기다려집니다. 아이가 긴 글로 되어있는 책을 시노다로 시작했어요. 그래서 항상 시노다는 특별합니다.일상적인 것 들에 대한 작가의 환상적인 표현을 보며 탄성도 터집니다~ 어떻게 이런 멋진 표현...+ 더보기",5,2025-09-29
371786193,수상한 이웃집 시노다 8,16764620,una,"두근두근 벌써 8권째!!그래도 매번 흥미진진하고 기대되는,정말 유쾌한 가족이야기!!​초5와 40대 엄마가 같이 애정하는정말 소중한 시리즈🦊​늘 얼렁뚱땅 사고뭉치 삼촌과 유이, 다쿠미, 모에가 함께 한 신비로운 모험이예요.​매번 골치아픈 문제만 일으키던삼촌이 이번 8권에서는 제법 든든하고믿음직스러운 삼촌으로 변신한답니다😎​영원과 종주의 슬프고도아름다운 사랑이야기에 흠뻑 빠져 들어 보세요!​긴긴 추석연휴에 보면더더욱 좋을 것 같은 책 시!노!다!​매번 따스한 가족이야기를선보여주시는 도미야스 요코 작가님!​다음 9권도 정말 정말기다려...+ 더보기",5,2025-09-25
523110,단숨에 깨치는 과학상식 5,766388,대전복수동정지윤,"알아두면 우리 생활에 도움이 되는 다양한 과학 상식들을 짧게 짧게 만화로 알려주고 있어서 재미있게 읽은 책이다. 의외로 알아두어야 할 내용들이 많이 들어 있다. 터널의 전등이 주황색인 이유, 자동차 유리가 동그랗게 깨지는 이유, 에디슨이 달걀 부화에 실패한 이유, 종이 컵 위가 말려 있는 이유는 정말 알게 되어서 다행이라는 생각이 들 정도로 고마운 정보였다. 날씨, 환경편, 과학실험편, 생활호기심편으로 나누어져 있는데 꼼꼼이 읽어두면 다 피가 되고 살이 되는 과학 상식들이라 고맙게 잘 읽은 책이다.",4,2005-11-08
523110,단숨에 깨치는 과학상식 5,4419696,납득이되여?,"안녕하세요. 저는 이 단숨에 깨치는 과학상식5에서 나오는 입을 대지 않고 풍선을 불수 있는지 알아보려고 합니다. 저는 이 실험을 공부방에서 했기 때문에 더욱 이해가 갔었다고 생각합니다. 그럼 대화글로 고고! 
팽구 : 아니라니까! 
딩동 : 맞아! 네가 너무 세게 쳐서 그래! 
부시 : 왜 그래? 
딩동 : 펭구가 너무 세게 쳐서 탁구공이 찌그러졌어! 
팽구 : 나 때문이 아니야! 
부시 : 별걸 가지고 다 싸우네. 공을 다시 펴면 되잖아. 내가 조금 전에 한 실험을 ...+ 더보기",5,2011-01-09
523110,단숨에 깨치는 과학상식 5,4936822,HarmEunJae,"이 책에서는 우리가 흔히 알고있는 사실이 과연 어떠한 과학의 원리로 인해서 만들어지는 것인지에 대한 이야기를 만화로 하여 쓴 것이다. 과연 이 책에서는 어떤 과학원리들을 우리들에게 알려줄지 궁금하다. 
  공기의 순환을 막는 기온 역전 현상은 대기의 기온은 일반적으로 아래쪽이 높고 위쪽이 낮다. 따뜻한 공기는 가볍기 때문에 위로 올라가고 차가운 공기는 무겁기 때문에 밑으로 내려오면서 대기의 순환과 바람을 만들어 낸다. 글나 지표면은 공기나 물에 비해 빨리 달구어지고 빨리 식...+ 더보기",5,2011-07-19
523110,단숨에 깨치는 과학상식 5,3310777,퍼피,"난 책의 관심이 별로 없는 아이인 것 같다.  엄마께서 말씀을 안해도 읽지 않기 때문이다. 오늘 책을 읽으라고 엄마께서 시키셔서 읽을려고 골르고 있는데, 거기중에서 눈이 띄는 것은 바로 ""단숨에 깨치는 과학상식""  이었다. 정말 막상 읽을려고 하니 책이 재미있는 과학만화책이어서  제목 처럼 단숨에 과학을 깨칠것 같다. 책을 읽어보니 너무 재미있어서 다음날 에는 웬일로 집중해서 그것도 엄마께서 말안하고 스스로 했다. 그러고 부터 책을 스스로 읽게 되었다. 난 이 책이 정말로 아이 에게 좋...+ 더보기",5,2010-01-02
341555777,벌거벗은 한국사 7,15648049,over0322,티비에서 이미 유명한 궁예와 태조 왕건의 이야기를 샅샅이 알 수 있어요~ 출생부터 죽음까지 한편의 드라마처럼 볼 수 있어 너무 좋네요.,5,2024-06-27
341555777,벌거벗은 한국사 7,15650782,rainrain77,"이제는 말이 필요 없는 최고의 교양 프로그램이죠.
최태성 선생님이 진행하시는 TVNSTORY 벌거벗은 한국사!
이제는 프로그램도 유명하지만, 아울북에서 출간된
<벌거벗은 한국사> 책도 인기를 더해가고 있는 것 같아요.

#벌거벗은한국사 시리즈도 벌써 7번째 책이 출간되었는데요.
이번 이야기는 바로 '후삼국 시대의 맞수 궁예와 왕건' 입니다.

 

궁예의 어린 시절부터 대호족 밑으로 들어가 힘을 길러,
송악의 한 호족 집안의 아들 왕건을 만나게 되는 과정과,
고구려의 원수를 갚으려 후고구려를 세운 과...+ 더보기",5,2024-06-28
341555777,벌거벗은 한국사 7,15650990,penguin218,어린이들을 위한 한국사 명강의 교양도서에요~방송에 출연한 전문가들이 감수한 검증된 어린이 역사책이죠7권에서는 후삼국의 맞수 궁예와 왕건의 이야기가 나와요후고구려의 왕이었던 궁예가 폭군이 된 사건과왕건이 고려의 왕으로 우뚝 선 내막에 대해 나오지요실제 방송을보는 듯한 풍부한 시각자료가 나오고해당시대의 모습과 역사자료등과웃음을 유발하는 퀴즈코너가 있어서 더 흥미로워요~마인드맵으로 내용을 정리하고 한국사능력검정시험 기출 문제가 수록되어있어요역사강의가 펼쳐지는 동시에 등장인물간의 재미있는 대화와 리액션에 잼나게 웃으며 읽고요실제 방송을 떠...+ 더보기,5,2024-06-29
341555777,벌거벗은 한국사 7,15647246,꼬맹이,"초등학교 5학년 교과목에는 한국사가 있어요.교과 한국사를 쉽고 재미있게 배우고 알아가는 방법!바로 방송 내용을 기반으로 하여 지루 할 틈 없이 역사에 입문시켜주는 초등 역사 입문서 <벌거벗은 한국사>로 쉽고 재미있게 한국사를 접하면 된답니다.tvN Story에서 방영되는 '벌거벗은 한국사'를 초등학생들이 알기 쉽게 아이들의 눈높이에서 한국사를 설명한 책인데요.특히 시청률 높은 방송 인기 주제로 생생한 그림과 자료로 스토리텔링 형식으로 이루어져 있기에, 아이들이 흥미롭게 읽을 수가 있답니다.일곱번째 이야기 <벌거벗은 ...+ 더보기",5,2024-06-27
341555777,벌거벗은 한국사 7,15649007,shimtang219,"초등학생 대표 역사 입문 시리즈 ""벌거벗은 한국사"" 7권이 출시되었어요!!7권은 후삼국 시대의 맞선 궁예와 왕건예전 kbs1 태조왕건 드라마에서 궁예를굉장히 인상깊게 봤었는데 이제 아이랑 같이책으로 보다니 뜻깊더라구요😆✔️궁예는 왜 폭군이 되었을까?궁예의 신격화?✔️궁예의 총애를 한 몸에 받던 왕건, 왜 궁예를 몰아내고왕이 되었을까?궁금증 한 가득인 후삼국 시대의 숨은 이야기!!읽으면서 저도 몰랐던 부분도 알게되며 같이 역사 공부가되더라구요!한때는 세상에 빛이 되고자 했던 궁예,하지만 폭군으로 전략하며결국 자신의 오른팔이였던 신하...+ 더보기",5,2024-06-28
341555777,벌거벗은 한국사 7,15648863,daige1004,"초등학교 3학년 우리아이를 위해 미리미리 한국사를 접하게 만들어주고 싶어 선택한 도서에요~<벌거벗은 한국사>도서는 이미, tvN Story '벌거벗은 한국사'프로그램에서 이미 인정받은 프로그램으로그대로 도서로 아이들 눈높이에 맞게 출간했다고하니 더 믿고 선택한것 같아요~한국사 전문가들이 감수해 더 믿을수 있는 역사콘텐츠로우리아이도 어려워할줄만 알았던 한국사를 즐겁게 잘 읽어내려가더라구요~우리아이 한국사 입문도서가 고민이시라면, 추천드려요~",5,2024-06-28
341555777,벌거벗은 한국사 7,15656834,g5mc6zkm7z,"벌거벗은 한국사의 일곱번째시리즈가 출간되었어요.7권에서는 후삼국 시대의 주역이면서폭군으로 유명한 궁예와후삼국을 통일하고 고려를 건국한 왕건,두 맞수의 이야기가 담겨 있어요.우리시절 선풍적인 인기였던 사극 드라마 '태조 왕건'궁예 말투 아시죠? 그걸 애들이 어떻게 아는지책 보다가 자꾸 궁예말투 따라해서 배꼽잡았답니다.후고구려의 왕으로 승승장구하던 궁예가왜 갑자기 폭군이 되었는지와궁예의 총애를 한 몸에 받던 이인자 왕건이어떻게 왕으로 우뚝 섰는지를 알수있었어요.",5,2024-06-30
278534104,과학의 관점 3 : 실험하기,12979219,중용의길,분석적 사고력·창의력·논리력을 개발하는 과학 영재 프로젝트NHK × 요시타케 신스케과학의 관점 3. 실험하기NHK 「과학의 관점」제작진 편집 / 요시타케 신스케 그림 / 권효정 옮김 / 도서출판 유나    아이들도 저도 요시타케 신스케 작품을 워낙 좋아하는지라요시타케 신스케가 참여한 과학책이 나왔다는 소식에냉큼 만나보지 않을 수 없었던 [과학의 관점]!그 중에서 제가 만나본 건 <과학의 관점 3. 실험하기>인데요.   이 책을 한마디로 요약한다면 시리즈의 제목처럼 과학은 세상을 어떻게 바라보는지를 알려...+ 더보기,5,2021-09-28
278534104,과학의 관점 3 : 실험하기,12950299,hooah,분석적 사고력·창의력·논리력을 개발하는 과학 영재 프로젝트《과학의 관점 3.실험하기》 편집 NHK 「과학의 관점」 제작진 / 그림 요시타케 신스케유나사과 나무 아래에서 우연히 떨어지는 사과를 보며 '사과는 왜 아래로 떨어지지?'라는 '의문'을 가지게 된 뉴턴이 만유인력의 법칙을 '발견'하게 되었다는 것은 친구들도 잘 알고 있을 거에요.이렇게 뉴턴과 같은 위대한 업적을 이룬 과학자들은 세상을 좀 더 면밀하게 바라보는 '관점'을 바탕으로 발견하게 된 '의문'들이 있었어요.우리에게 이...+ 더보기,5,2021-09-17
278534104,과학의 관점 3 : 실험하기,12938426,shakeeh,"<YUNA-과학의 관점3 실험하기>초등3학년이 되면 과학교과가 시작되는데,그래서 요새 한창 과학실험이나 과학관련 만화책들도 아이에게 많이 보여주고 있어요.​과학학습만화도 좋지만,실험놀이하는 교재들도 많이 사주어서 활용해주는데,확실히 눈으로만 보는 것 보다 직접 아이가 실험하고 체험하는게훨씬 높은 효과가 보이더라구요.​책세상맘수다카페에서 서평이벤트로<YUNA출판사의 과학의 관점3 실험하기>책을 만나보게 되었어요.과학의 관점 책은 시리즈로 총 세권으로 되어있어요.과학의관점 1 - 관찰하기과학의관점 2 - 예상하기과...+ 더보기",5,2021-09-12
115511438,꼬마 흡혈귀 2,9565108,캔디캔디,얼른 읽어야 하는데 표지만 봐도 흐뭇하고 좋아서 정작 책을 안읽고 있어요.다시 만나 반가운 꼬마 흡혈귀입니다^^,5,2017-08-31
38432468,2등을 위하여,16222314,오후즈음,무엇보다 달리기로 2등을 벗어 나고 싶은 제이크가 2등  했을때 가장 행복해 보여서 좋았다. 있는 자리의 소중함도 알아가는 모습에 나도 반성해본다,3,2025-02-12
38432468,2등을 위하여,8845634,봄덕,"등수에 연연하지 않으려면 즐기면서 해야 하는데, 현실은 그렇지 않죠. 달리기든 공부든 아이들이 즐기면서 할 수 있다면 얼마나 좋을까요? 경쟁을 부추키는 어른들, 교육체계, 사회풍조에 일침을 가하는 동화입니다.",5,2016-10-20
38432468,2등을 위하여,8845453,lynne.com,등수보다는 정말로 소중한게 무엇인지 알려주고자하는 책인것 같습니다.기대됩니다.,5,2016-10-20
38432468,2등을 위하여,8795613,핑크마마,"아이가 단원평가를 받아도 100점을 이야기 하곤 했어요. 이 책의 제목을 보니까 부모로써 내가 너무 욕심을 내었구나 싶어요. 노력하는 과정을 수중히 하고, 열심히 하고, 결과를 순응하는 법을 알려주는 책이라 아이랑 읽어보고 싶어요.",5,2016-09-28
38432468,2등을 위하여,8835571,최춘욱,아이들의 고민과 이상을다룬 성장소설이네요. 기대되는 책입니다.,5,2016-10-15
38432468,2등을 위하여,8777747,Chloe,진정한 가치를 깨닫는 것,5,2016-09-20
38432468,2등을 위하여,8792659,바정,"경쟁도 좋지만, 결과에 승복할줄 아는 정정당당함이야말로 더 나은 사회를 위해 아이들에게 함양시켜야 할 가치겠죠. 모든 부모님들이 이점을 잊지 말았으면 합니다",5,2016-09-27
38432468,2등을 위하여,8776105,윤서여왕,아이들이 꼭 배워야할 가치와 인성이라니~ 궁금합니다. 2을 위하여라는 제목은 무슨 일을 암시하는지 궁금하네요.,5,2016-09-20
38432468,2등을 위하여,8845176,루마리,1등이 최고인 나라에서 2등이 살아가야 하는 법은 무엇일까를 생각하게 만드는 책,4,2016-10-20
38432468,2등을 위하여,8846175,bungaek,이젠 등수가 의미없는 세상이 되어가는듯 합니다. 등수의 진정한 의미를 찾게해줄 이야기인듯 합니다.,5,2016-10-20
38432468,2등을 위하여,6966337,해피해피,"[아름다운사람들] 2등을 위하여 - 이기기 위해 뭔가를 하지 말자....
* 저 : 실비아 태케마* 역 : 하연희* 그림 : 오승민* 출판사 : 아름다운사람들
 
""달리고 싶어서 달려야지. 달리는게 좋아서 달리다 보면 우승은 저절로 찾아오게 돼 있어,""
[천재는 노력하는 자를 이길 수 없고, 노력하는 자는 즐기는 자를 이길 수 없다]고 공자-논어편 에 나와 있습니다.
가지고 있는 능력이 있었던 사람은 그 능력만을 믿고 노력하지 않아서 오히려 나중에 더 뒤쳐지는 경우도 종종 보곤 합니다.하지만 즐기고 또 노력하는 사...+ 더보기",4,2014-04-06
38432468,2등을 위하여,6957147,레아레오,"아이에게 공부해라라고 이야기 많이들 하지요.
저도 그래요.
저도 공부해라라고 이야기 하는데요. 아이에게 그렇게 결과에 대해서 이야기 많이 했었는데 이 책은 아이 스스로에게 질문을 할 수 있도록 지도 하는 책같아요.
 
아이 눈높이에 맞쳐 읽을 수 있어서 좋았어요.
저도 이 책 읽으면서 아이들과 함께 하는듯 했거든요.
2등을 위하여는 그런 의미에서도 좋은 책이였답니다.
 
  표지를 보면 달리기를 하고 있는 아이의 모습이 보이네요.
왜 달릴까요?
궁금해집니다.
 &nbs...+ 더보기",5,2014-03-29
38432468,2등을 위하여,6959303,늘앤후,"아주 열심히 달리는 저 친구앞에 누군가가 있네요
2등을 위하여라는 제목에서
이미 무얼 전해주려는지 사실 식상하리만큼 느껴지지만.
세상에 수많은 2등을..
그리고 더 많은 그 외 등수의 사람들에게 이 책이
알려주려는 것이 무언지..
살짝 궁금해 집니다.  목차를 보면서 책의 진행이 어떻게 되는지.책속의 작은 에피소드들은 
무언지
살짝 감을 잡아보았답니다.
음~~ 1등도 하고..어? 1등을 했는데 2등이 되기도 
하네요?
책을 어느나이 아이들에게 읽게 하는게 좋을까 제 생각대로 말하자면
이건 초...+ 더보기",4,2014-03-31
38432468,2등을 위하여,6964867,꿀호떡,"""2등을 위하여"" 제목에서 부터 뭔가 심상치 않은 기운이 감도네요.
누구나 1등을 목표로 뛰어본적이 있을꺼에요.
달리기도 그렇고 학교시험도 그렇고, 각종대회에서 수많은 경쟁자를 만나게 되고,
1위자리를 놓쳤을때 느껴지는 허탈감과 서운함을 경험해 보지 않은 사람은 없을텐데요.
사실 엄마로써 2등을 한 아이에게 왜 좀더 잘하지 못했니? 왜 틀렸니? 이걸 못하니?
니가 신경을 안써서그래..니가 노력을 안해서 그래..이렇게 말한 적이 많아요.
1등에 대한 염원이 커서 아이의 마음...+ 더보기",5,2014-04-04
38432468,2등을 위하여,6963405,젼이,"2등을 위하여
글 실비아 태케마
그림 오승민 
옮김 하연희
아름다운사람들
 
왠지 최고만을 원하고 경쟁을 부추기는 사회에서
 의미있는 독서시간이 될꺼같았어요^^
 <2등을 위하여> 대부분 어떠한 경쟁구도에서
 2등이기보다는 1등을 원하는데 제목이 끌리더군요 
 
크로스컨트리선수 제이크의 이야기를 듣게 된다죠 
달리기를 좋아해서 시작했던 크로스컨트리
(크로스컨트리는 자연 지형을 이용한 코스에서 행해지는
 가혹한 장거리 경주를 뜻...+ 더보기",5,2014-04-03
38432468,2등을 위하여,6958148,통통한볼,"생각쑥쑥문고 3. <2등을 
위하여>

나에게 정말 소중한 건 
뭘까?

 
제이크는 
크로스컨트리경기를 하는 달리기 선수이다. 
출발총성이 울리자 
제이크는 뛰어나갔다. 호흡이 가빠지고 폐가 타들어 가는 느낌이었지만 제이크는 멈추지 않았다. 오히려 더 빨리 달려나갔다. 이렇게 제이크가 빨리 
달리는 이유는 제이크의 라이벌 
스펜서 솔로몬을 꺾기 위해서다. 그러나 오늘도 솔로몬을 꺾지 못하고 2등이었다. 그러던 어느 날이었다. 어느 때와 같이 제이크는 경기를 하였다. 
그런데 솔로...+ 더보기",5,2014-03-30
38432468,2등을 위하여,6976337,vanseojin,"아름다운 사람들 :: 2등을 위하여 
 
 
 
 
표지그림을 보니 왠지 승부욕이 강해보이는 한 학생 ,,,, 
제목처럼 ... 늘 2등만 하는 가봐요 ... 
음... 요즘 아이들도 달리기든 공부든 1등이 좋으니까.. 
1등 하려고 기를 쓰는데 ... 
이 책은 어떻게 흘러가는지 .. 아이와 함께 읽어보았네요 !!  
 
이번엔 큰 아이가 읽고 직접 독서록을 적어 보았어요 ~


 
제이크는 크로스 컨트리가 질색이었다 
긴...+ 더보기",5,2014-04-14
38432468,2등을 위하여,6979717,지혜소원맘,"2등을 위하여
글 실비아 태케마
그림 오승민 옮김 하연희
-아름다운사람들-
 
참 시기적절하게 잘 만난책이네요
2등을 위하여~
오늘도 여전히 1등을 하고 싶다며 1,000m 달리기시간을 벼루고 별러
결국은 아직은 남들 따라오지 못할정도의 기록을 세우고 돌아온 큰 아들~~
잘할려고 하고 열심히 하려는 의욕은 넘 좋은데
한편으로는 1등에 대한 불필요한 강박관념이 잘못 자리잡으면 어떡하나 하는 걱정도...
 
^^이 책속 주인공또한 그러네요~
1등을 하지 못하는 이유때문에
너무...+ 더보기",5,2014-04-16
38432468,2등을 위하여,6968076,commang94,"2014. 4.
 
아름다운 사람들
 
슬 실비아 태케마, 그림 오승민, 옮김 하연희2등을 위하여
-----------------------------------+ 더보기",5,2014-04-07
38432468,2등을 위하여,6982407,너구리,책 제목을 보는순간 우리아이에게 딱 맞춤책이라는생각이 들었다로봇처럼 하루하루 학원일정에 꽉 짜여진 요즘아이들에게 꼭한번 읽어보라고 추천하고 싶은책!!꼴찌라도 괜찮다라는 좋은책들도 많지만 2등이라는 점 때문에 더 현실적이고 동감이 간다1등을 갈망했지만 1등을 했을때 알게된 1등이라 행복한건 아니라는 것 위에 글처럼 최선을 다했다면 된거라고.....아이들에게 과정이 중요하다 최선을 다하면된다 수없이 얘기하지만 은연중에 아이들에게 최고가 되야한다는걸 느끼게 했을테고 우리나라 실정에서 행복한일을 하기란 쉽지 않은일이라 슬...+ 더보기,4,2014-04-19
38432468,2등을 위하여,6981597,엄마자리,"""출발 총성이 울리기 직전 긴장이 최고조에 달하는 그 몇초도 싫고, 
출발 직후 좋은 위치를 차지하겠다고 팔꿈치로 서로를 
찍어 댈 때도 싫다. 
길게 자란 풀이 발목을 휘감고, 나뭇가지가 머리를 
쓸고 지나가고, 
진흙이 신발이며 다리에 튄다. 숨이 차오르면서 
명치끝이 아프고 머리가 지끈댄다. 
다리근육은 당장 주저않으라고 소리를 질러 대는 것 
같다. 
오르막길은 고통스럽고, 평평한 길은 지루하다. 

걸핏하면 나타나는 돌부리에 발가락을 짓찧는다. 

한달음에 뛰어넘기에 너무 넣은 시내...+ 더보기",5,2014-04-18
38432468,2등을 위하여,6979268,크산티페,"올림픽을  보면 항상 느끼는 거지만 우리나라 사람들은 너무 메달 색깔에 연연해한다는 생각이 들더라구요.. 금메달이면 환호성을 지르고 은메달이면 아쉬워하고...저 역시 마찬가지로 딸이 시험쳐서 점수가 나오면 칭찬해주기보다 반에 백점은 몇 명이냐 물으며 1등을 강요하는 뉘앙스를 풍긴 것 같은데요1등만을 기억하고 원하는 우리들에게 교훈을 주는 책이 한권 나왔어요   (아름다운 사람들) ""2등을 위하여"" <2등을 위하여>의 제이크도 만년 2등입니다.학교대표 크로스컨트리 달리기...+ 더보기",5,2014-04-16
240514466,산비둘기,11821396,라파크레키스,여전히 좋은 내용이지만 전작인 몽실언니나 강아지똥 보다는 제목이 좀 덜 귀여워서 아쉬워요.,4,2020-07-02
240514466,산비둘기,11887090,오늘도,어린 시절 동시를 통해 느꼈던 순수함과 진실됨을 지금은 많이 잃어 아쉬움이 많이 남습니다. 그 시절 동시를 읽으며 느꼈던 다양한 감정을 우리 아이들이 꾸밈없이 받아들이기에 좋은 동시집입니다.,5,2020-07-29
240514466,산비둘기,11877620,adol008,자녀에게 어머니의 소중함을 알려주고 싶다면 이 책 한 권으로 충분할 것 같다. 자녀를 염려하는 어머니의 마음으로 사람들이 살아간다면 세상은 행복 바이러스로 넘쳐 날 것이다. 나를 키운 건 8할이 어머니다.,5,2020-07-25
240514466,산비둘기,11876829,깡충이작약튤립,권정생 그 이름만으로 숙연해진다.내 유년의 슬픔을 알아봐 준 동화 작가. 이 분의 작품이라면 어떤 것도.,5,2020-07-25
240514466,산비둘기,11880709,이종상,"봄비, 다람쥐, 아기 새, 달님, 어머니, 매미... 목차 속 동시의 제목들을 짚는 일만으로도 샘솟는 듯한 어린이 마음! 누구보다 어리고 여린 마음으로 살았던 권정생 작가님의 시집을 반세기만에 만나게 돼 설렙니다.",5,2020-07-27
240514466,산비둘기,11884755,dudoo,"어느덧 13주기, 하늘나라로 집필실을 옮긴 작가님의 어린이 마음을 만나 보세요.",5,2020-07-28
240514466,산비둘기,11886607,곽영일,"그때 그 강아지똥의 꿈, 자유로운 비둘기가 되어 날다.",5,2020-07-29
240514466,산비둘기,11889810,albygt,"글자 하나하나에 권정생 시인의 마음이 담겨져 있고, 직접 자르고 붙인 색종이 하나하나에 시인의 따뜻함이 느껴진다. 지금은 어른이 된 마음이 어렴풋이 기억하는 그때의 새싹이 다시 작은 공간을 채울 것 같다.",5,2020-07-30
240514466,산비둘기,11888286,김현경,아무생각없이 때묻지 않은 순수한 시절이 그리울 때 이 책을 읽으면 언제든 어린 나로 돌아갈 수 있었다,5,2020-07-30
240514466,산비둘기,11822037,mju365,자연을 노래하는 시인! 권정생 선생님의 글을 읽으면 마음이 따뜻해집니다. 도시 생활이 익숙한 현대인들에게 우리 역시 이 세상 생태계에 속한 존재임을 일깨워 줍니다.,4,2020-07-02
240514466,산비둘기,11761564,연두초밥,"권정생선생님의 미출간 동시집이라고 해서 기대를 많이 했는데, 제 생각보다 훨씬 더 좋았어요! 색종이 그림도 예쁘고 수록된 작품들도 정말 따스한 동시들이에요ㅠ 해설이랑 권정생선생님이 이 동시집을 만들게되신 배경도 함께 수록되어 있어서 더 깊게 읽을 수 있어요~ 일단 표지부터 취저예요ㅎㅎ",5,2020-06-04
240514466,산비둘기,11890729,-,어릴때 권정생 작가님의 책을 많이 읽었는데 이 책이 어렸을 때의 기억을 떠올리게 할 것 같고 강아지똥의 그 따뜻한 감동을 다시 느낄 수 있을 것 같습니다.,4,2020-07-31
240514466,산비둘기,11824484,윤지영,돌이 키가 더 클지 모르지만돌이 주먹이 더 클지 모르지만내가 그리니까 내 마음대로사이좋게 사이좋게가난과 아픔도 승화하고 희생한 한국의 고호순수하고 사랑스러운 시들하지만 눈물이...그의 삶을 알기에..,5,2020-07-03
240514466,산비둘기,11828205,달빛다락서가,산비둘기처럼 날아간 평생 소년이었던 지은이의 노래,3,2020-07-04
240514466,산비둘기,11820185,장서영,아픔마져도 아름답게 승화시키는 권정생 선생님의 마음이 동시속에서도 그대로 드러나 있었다. 동시집은 어린이만을 위한것이 아니라 각박한 세상에 내몰린 어른들이 읽으면 마음이 힐링되고 아이가 된거 같아 좋다.,5,2020-07-01
1030264,살아있는 역사 재미있는 논술 1,3368962,순오기,"역사 교육은 우리 민족의 뿌리 교육이다. 그러나 점점 우리 역사를 소홀히 하는 경향이 짙다. 특별히 관심있는 소수를 제외하면 학생들도 그다지 흥미를 갖지 않는다. 역사하면 외워야 하는 과목으로 생각하거나 TV드라마에서 본 내용이 전부인 줄 안다. 역사교육을 소홀히 했다가 미래에 어떤 일이 생길지 생각하면 정말 아찔하다. 이 책은 모두 6권의 시리즈 도서로, 1권은 인류등장에서 삼국통일까지 다룬다. 우리 문화의 뿌리를 아는 역사 이해 뿐 아니라 논술 준비를 할 수 있도록 지극히 기본적인 것들을 수록했다. 모난돌학교 선생님들이 공동으...+ 더보기",,2010-01-26
4724117,생각이 뛰어노는 한자,3226585,백년고독,"역시 이어령선생이라는 생각이 든다. 언제쩍 이어령 선생인가. 아주 오래전에 이어령선생이 쓴 ""서양에서본 동양의 아침""이라는 책을 보고 깊은 감명을 받았던 기억이 난다. 도대체 얼마만인지... 이어령이라는 이름 하나만으로 신뢰를 팍팍 줄 수 있는 춤추는 생각학교 시리즈는 자라는 아이들에게 꼭 필요한 책일 것이다. 아직 아이가 어려 아이의 반응을 볼 수 없지만 부모 입장에서 먼저 읽어보고 ""역시나""라는 느낌이 확 들어왔다. 설렁설렁 읽다보니 어렸을적에 한자를 배울때가 떠 올랐다.  
우리세대는 한자 세대였다. 어릴적...+ 더보기",5,2009-11-25
4724117,생각이 뛰어노는 한자,3227924,같은하늘,"내가 중학교 2학년 시절 담임선생님이 한문선생님이셨다. 한자를 외우는건 사실 어렵고 부담스러웠지만 재미난 얘기와 칠판에 희안한 그림을 그려가며 한자를 가르쳐주시던 선생님 덕분에 한자를 재미나게 공부했던 기억이 있다. 그런데 이책 <생각이 뛰어노는 한자>가 바로 그런 느낌이다. 재미난 이야기와 그림들이 한자와의 만남을 유쾌하게 해주는 책으로 이어령 선생님이 들려주시는 한자 얘기를 읽다보면 정말 머리속에서 한자가 통통 뛰어놀지 않을 수 없게 만들어 준다.

우리아이도 올해 초등학교에 입학했는데 ...+ 더보기",3,2009-11-26
4724117,생각이 뛰어노는 한자,3252766,건희채빈,"한자, 요즘들어 대세라 할 정도로 많은 아이들이 배우고 있으며 부모들 또한 강조하고 있다. 한자 왜 중요할까. 우리 국어가 한자어가 대부분을 차지하고 있기에 아이들의 국어 능력항상과 이해력을 높이기 위해서는 꼭 한자가 필요하다고 한다. 나 또한 동감하는 말이다. 아이가 티비 프로그램을 보면서 자연스레 한자를 익히면서 아이의 한자 학습은 시작되었다. 어려운 한자를 익히고 배우는데 잘 따라와 주고 있어 처음엔 한자가 많이 어렵다는 생각을 하지는 못했는데 점점 단계가 높아지면 질수록 아이와 나는 점점 난관에 봉착하고 있...+ 더보기",5,2009-12-08
4724117,생각이 뛰어노는 한자,3230409,카스피,"이어령 교수가 초등학생을 위한 한자 학습서를 내놓았다고 한다.내가 아는 이어령 교수는 축소 지향의 일본인을 지은 저자인데 과연 그러분이 이런 아동용 책을 지었을까 하고 의아해 했는데 웬걸 이어령의 춤추는 생각학교 시리즈는 벌써 12권이나 넘게 나왔다.아니 교수님이 설마 꼬 묻은 아이돈을 빼앗으려고 이런 책을 저술한 것은 아니겠지 ^^;;;; 

책 소개를 보니 어린이들이 하루하루 만나는 모든 지식과 정보에서 생각을 발견하고 넓히고 응용하여, 나만의 창조적인 생각을 낳게 하는 방법들이 재미있고 풍성한 이야기와 철학적인 그림으로 구...+ 더보기",3,2009-11-27
4724117,생각이 뛰어노는 한자,3231528,유,"나는 이책의 지은이인 이어령선생님을 보러 선생님,나,엄마,상철이형이랑 갔다.  그 장소는 지하철을 타고 가야하는 충무로의 국립 극장 kb 하늘 공원에 갔다. 나는 들어갔는데 우리보다 일찍온 사람들이 많았다. 그래서 우리는 자리를 잡아서 앉았다. 그러니까 갑자기 농악놀이를 했다. 그것을 보니 그것이 아주 재미있어 보였다. 그리 갑자기 6시 40분 쯤에 이어령 선생님께서 나와 책에이 책에 대해서 말씀하시기 시작했다. 한 내용은 이어령 선생님께서 이책에 대해서 말씀해 주셨다....+ 더보기",5,2009-11-27
4724117,생각이 뛰어노는 한자,3223644,무우민네,우리때는 한문으로 중학교때부터 배웠던 한자. 이제 초등학생들을 위한 다양한 한자 교재도 나오고 이른 연령부터 한자에 접할 수 있도록 하는 교육도 있어서 한편으로는 반가운 느낌이다. 한자가 간간히 나오긴 했지만 교과서 속에서 괄호 안에 들어있던 한자라도 내가 일본어를 배우기 시작할때는 참으로 유용했다. 한때 '한자병용세대'와 '한글 세대'라는 용어가 생길 정도로 교육정책이 바뀔때마다 교과서 속에서 한자어를 볼 수 있었던 세대와 그렇지 못한 세대로 나뉠때도 있었다. 하지만 한자를 병용해서 쓰자고 하는 쪽의 주장대로 우리나라 언어의 70...+ 더보기,5,2009-11-23
4724117,생각이 뛰어노는 한자,3224190,안경너머,"이어령님의 책을 한권이라도 본다면 누구나 색다른 깊이감을 느끼면서 반하리라 생각됩니다.  
내가 반한 이유는 전혀 접해보지 못한 생소한 지식을 알려주어서가 아니라 늘 보아오던것 알고 있던것들의 소중함, 깊이감, 유구한 역사를 알려주었기에 내 주위것을 한번 더 소중하게 돌아볼수있는 신중함을 주었기 때문입니다. 처음 접한 책은 우리문화 박물지를 통해 깊은 인상을 받았었는데 이렇게 우리 아이들을 위한 신중한 책을 내놓으셔서 읽으면서 너무 감사한 마음이였습니다.  
 이어령의 춤추는 생각학교...+ 더보기",5,2009-11-24
4724117,생각이 뛰어노는 한자,3344481,littera,"한자를 많이 알아야 우리말 이해가 빠르다는 것을 알지만 예전처럼 서당이 있는 것도 아니고, 한자교육이 자율적으로 맡겨진 마당에 새삼 한자를 공부시키기란 쉽지 않다.  더구나 우리말과 구조가 다른 탓에 한글자씩 모두 음과 뜻을 익혀야 하는 한자를 아이들이 지레 겁을 집어먹기도 한다.  
   이 책은 글자의 탄생부터 이야기를 시작하여 인류최초의 문자라고 여겨지는 상형문자에 대한 이해에서 이야기를 시작한다. 창힐신화와 갑골문자의 탄생...+ 더보기",5,2010-01-16
4724117,생각이 뛰어노는 한자,3232302,미라클,"[ 한자에는 숫자를 나타내는 재미난 글자가 참 많아. 우리 민족이 제일 많이 먹는 곡식이 뭐지? 살이지? 그러니 쌀을 뜻하는 한자 정도는 알고 있는게 좋겠지? ] 
하며 친근한 말투로 시작되는 이어령 선생님의 생각이 뛰어노는 한자. 
[米자를 다른 방식으로 풀이할 수도 있어. 가운데 十자를 떼어 내면 여덟을 뜻하는 八이 두개나 남비? 이 글자들은 사람이 먹는 밥 한 톨 한 톨에는 농부의 손길이 여든 여덟번 닿아 있다고도 했지.] 
이 책은 한자를 가르친다기 보다는 한자를 통해 삶의 지식과 지혜를 일깨...+ 더보기",5,2009-11-28
4724117,생각이 뛰어노는 한자,3237481,미스터박,우리나라 사람들이 과연 한자에 대해서 얼마나 관심을 가지고 있을까? 하는 생각을 문득 해본다. 사실 중고등학생때 배우는 한자 이외에 많은 사람들이 더 이상의 한자공부는 하지 않는다. 중고등학교때 배웠던 한자도 그때만이고 진짜 한자를 공부하려는 생각을 하는 사람은 드물다고 한다. 왜 이렇게 되었을까? 우리에게 한자가 필요가 없는 것일까? 하지만 우리나라 사람들이 한자를 열의를 배우지 않으려는 것과는 대조적으로 우리의 일상생활에서 한자는 무수히 많은 쓰임을 가지고 있다. 우리가 평소에 쓰는 말 중에서 한자가 반이 넘는다고...+ 더보기,5,2009-12-01
4724117,생각이 뛰어노는 한자,3220456,순오기,"생각이 뛰어노는 한자, 이어령 선생님이 들려주는 재미있는 한자 이야기를 읽다 보면 정말 내 머릿속에서도 한자가 뛰어 논다. 부수에 따른 한자의 가족을 줄줄이 소개하고, 사물의 모양을 본떠서 만든 뜻글자 한자를 제대로 알게 된다. 게다가 사람을 중시하고 생명을 소중히 여기는 마음이 글자에 담겨 있음에 감탄했다. 한자의 조합을 하나씩 풀어 설명해서 글자에 담긴 옛사람들의 생활과 마음까지 알 수 있다. 글자의 어원으로 옛사람들의 정신도 알게 된 한자의 매력에 듬뿍 취한 독서였다. 재미있는 삽화는 한자의 생성과 변천을 이해하는데 ...+ 더보기",5,2009-11-22
4724117,생각이 뛰어노는 한자,3211440,지아네스,"<이어령의 춤추는 생각학교 6- 생각이 뛰어노는 한자>

어디선가 많이 들어봤는데 이제서야 아이들 책으로 이어령 교수님의 글을 읽어본다. 가끔씩 이어령 교수님의 존함이나 글이 인용되고  언급될때마다 이번에는 꼭 교수님의 작품을 하나 찾아서 읽어봐야지~ 읽어야지 하면서도 아이들을 위한 책이 더 급해 그저 마음에만 담아두고 있었는데, 다행스럽고 고맙게도 푸른숲의 책을 만나게 되었고 교수님의 생각이 담겨진  춤추는 생각학교를 읽게 되었다. 왜 이제서야 읽게 되었을까~ 이런 생각도...+ 더보기",5,2009-11-17
4724117,생각이 뛰어노는 한자,3217504,엄마유치원,"이제 여섯 살인 우리 큰아이.. 유치원에 다니더니 눈과 귀로 보고 듣는게 많아졌다
어느날 유치원에 다녀온 아이가 마법천자문을 갖고 싶단다
이유를 물었더니 ""불어라 바람 풍!!"" ""쏟아져라 물 수!!"" 유치원 가서 친구들이 놀면서 하는 말이라고.. 그 책에 한자랑 주문이 나온댔다면서 목소리가 크다  

제 또래에게는 아직 어렵겠다 싶어 생각도 안하던 것들인데.. 스스로 먼저 책이 필요하다니 참으로 깜찍하고 놀라지 않을 수 없었다
아이가 관심 있어 하고 또...+ 더보기",5,2009-11-20
4724117,생각이 뛰어노는 한자,3215407,최상철,"오래 전부터 궁금했었다. 우리 나라 말만 제대로 배워두면, 참 살만한데 왜 한자도 배우고 영어도 배우는 것일까? 영어는 국제적 공용어라서 배워두는 것일지라도, 한자는 왜 배우는 것일까? 우리나라 말의 80%가 한자어라서?    

그런 말도 쉽게 납득되지는 않았지만, 이제서야 그 이유를 깨달을 수 있겠다. 우리나라말은 표음문자로서 한자의 표의문자라는 특징과는 전혀 다르다. 또한 생긴 것 자체도 한자와는 전혀 무관하다. 그럼에도 불구하고, 우리나라는 한때 중국의 문화에 동화되어 유교 사상에 충실...+ 더보기",5,2009-11-19
4724117,생각이 뛰어노는 한자,3217225,꿈꾸는섬,"다섯 살 우리 아이가 한자를 처음 배우고 있다. 사실 한글보다 한자에 더 흥미를 느끼기에 시켰는데 너무 재미있어 한다. 한자는 뜻과 음이 그림자로 나타나기에 더 재미있는 듯 하다. 한 20여자의 한자를 습득한 우리 아이가 길거리 간판에 있는 漁를 보고는 대뜸 ""엄마, 물고기 어.""하는 것이다. 다른 아이들 같으면 한글을 읽어가고 있으련만, 이 녀석은 한자가 한글보다 재미있단다. 그래서 이 책을 읽는 동안에 글을 읽으며, 그림은 녀석에게 많이 보여주었는데 신기하게도 그림문자인 한자를 알아보고 자기가 알고 있는 글자를 바로바로...+ 더보기",5,2009-11-20
4724117,생각이 뛰어노는 한자,3218228,청색안개,"사자성어의 매력에 푹 빠진 적이 있었다. 글자는 많이 쓰이지 않았지만 풀이를 하면 아주 근사한 뜻이 되었기 때문이다. 사물의 모습을 본 한자는 그래서 매력적이다. 올 초에 아이 유치원을 알아보면서 이곳저곳 기관을 방문한 적이 있는데 어느 유치원에서는 수업 내용도 많고, 한자 급수까지 따는 것을 보고 놀랐던 적이 있다. 그만큼 한자 공부도 중요하다는 뜻일 것이다. 요즘 아이들을 보면 어른 보다 더 뛰어난 실력을 가지고 있는 아이들이 있다. 하지만 여전히 부담스러워 하기도 한다.


 


'생각이 뛰어노는 한자'는...+ 더보기",5,2009-11-20
4724117,생각이 뛰어노는 한자,3217079,클립통,"우리말의 70% 이상이 한자어라고 한다. 그렇기에 한자를 배우면 어휘력을 익히는데 상당한 도움을 줄 뿐만 아니라, 우리말 개념어를 정확하게 익힐 수 있어 좋다고 한다. 요즘은 초등 저학년 아이들부터 한자 급수시험 준비를 많이 하고 있는 것으로 안다. 물론, 한자를 급수 시험때문에 배운다기 보다는 앞서 얘기한 것처럼 우리말의 상당한 부분을 차지하고 있는 한자어의 뜻과 의미를 정확히 이해할 수 있다면, 더욱 우리말 어휘량이 풍부해질 수 있기 때문일게다.

그러다보니 나또한 우리아이에게, ...+ 더보기",5,2009-11-20
4724117,생각이 뛰어노는 한자,3219124,섬사이,"이런 책을 읽고 나면 억울해진다. 한자 속에 재미있는 이야기꺼리가 이렇게 많은데, 왜 학교 한문시간은 그렇게 따분하고 지루했는지.. 뜻과 음을 기본으로 부수며 획수며 필순 외우기를 한문공부의 전부인 줄 알았다. 대학에서 한문학을 잠깐 공부하면서 그때서야 자전 찾는 즐거움, 한문학 작품을 독해하는 재미를 조금 맛보았을 뿐이다. 말라 비틀어져 딱딱해진 오징어다리를 씹어 삼켜야 하는 것처럼 고통스러웠던 한문 공부가 억울하다. 지금도 그 시절의 나와 별 다를 것 없이 딱딱한 마른 오징어 다리를 씹는 기분으로 아이들이 한문 공부에 들이고 있...+ 더보기",4,2009-11-21
4724117,생각이 뛰어노는 한자,3218486,즐거운상상,"제가 학교 다닐 때만 해도 한자는 꼭 공부해야하는 과목이었어요. 지금은 한자가 선택과목이라서 부럽다는 생각도 들었어요. 수업시간 자체도 지루하고 어려웠지만, 시험 때마다 외워야하는 부담이 정말 컸어요. 학교 선생님들이 한문이 중요한 과목이라고 매번 강조하셔서 한자가 꼭 우리말처럼 느껴지기도 했어요. 더구나 한문이 섞여있는 신문을 제대로 읽지 못하는 사람을 문맹이라고 해서 한편으로는 잘하고 싶다는 마음도 조금 있었답니다. 

  
이어령 선생님은 책을 통해 한자에 대해서 아주 재미있게 이...+ 더보기",5,2009-11-20
177840263,커다란 포옹,10597459,케로링,이혼과 재혼이라는 너무나 복잡한 문제를 이렇게 단순명료하게 풀어내다니. 감탄이 나오는 책이다.,5,2019-01-09
177840263,커다란 포옹,10599051,현동이아빠,"새로운 가족



이 책은 가족의 탄생과 헤어짐 그리고 새로운 가족이 생기는 과정을 그리고 있다.
동그란 점과 글로만 책이 구성 되어 있어 더욱더 시선을 집중 시킨다.



우선 커다란 동그란 점이 두 개 등장한다. 남자와 여자, 아빠와 엄마이다. 둘은 뜨거운 사랑을 했고 그래서 결혼을 통해 사랑의
결실은 ‘내’가 태어난다.
셋은 행복했다. 그런데 부모들은 예전처럼 서로 사랑하지 않게 되었다. 그래서 함께 살지 않기로 하고 헤어지게 된다. 동그랗던 내 모습이
반으로 갈라진 듯 하다. 시...+ 더보기",5,2019-01-10
177840263,커다란 포옹,10627593,미미땅콩,"알록달록 색깔이 돋보이는 유아그림책을 만나봤어요바로 커다란 포옹 입니다커다란포옹은 가족의 따뜻함을 알려주는 그림책인데요​이상적인 가족형태인아빠, 엄마, 딸 아들 이야기가 아닌한부모가족, 아이가 없는 가족, 이혼 가족 등등정상 가족, 비정상 가족의 구분이 필요없는 모두가 하나인 가족인 이야기를 다루고 있어요땅콩이에게도 읽어주었어요​엄마, 아빠가 서로 사랑해서 내가 태어나고아빠가 따뜻하게 안아줍니다​그러다 아빠는 떠나 이혼하게 되는데나는 반으로 갈라진 느낌이 듭니다​그러다가엄마에게 새로 사랑하는 아빠가 나타나서 따뜻하게 안아줍니다나는 ...+ 더보기",5,2019-01-23
177840263,커다란 포옹,10614018,정래정후맘,특별한 가족 이야기와 따뜻한 가족애를 느낄 수 있는 그림책!!커다란포옹 은 삼원색의 색깔 공부에 관련된 책인줄 알았는데 가족 구성원을 단순한 동그라미로 그려 다양한 가족 형태를 알려주고 그속에서 느낄수 있는 가족애를 그린 이야기책예요우리아이는 표지의 알록달록한 색상의 원이 포켓몬 같다고 좋아하며 책을 넘겨보았어요빨간색 엄마와 노란색 아빠가 서로 사랑을 해서 주황색 내가 태어나요아빠는 엄마와 나를 팔로 꼭 안아줘요동그라미로 표현된 가족의 모습에 안정감과 따뜻함이 느껴져요그런데 엄마와 아빠는 더이상 사랑하지 않게 되고 헤어지게되요나는 ...+ 더보기,5,2019-01-17
177840263,커다란 포옹,10622104,열공인생,"오늘은 가족의 사랑과 탄생과 이별 그리고새로운 가족의 탄생을원색으로 표현한 멋진 그림책을 만났어요.간단하게 원색으로 진정한 가족의 의미를 생각하게 만드는따뜻한 그림책으로 들어가봅니다.해님처럼 따뜻한 마음을 가진 노랑은 우리 아빠, 장미처럼 아름다운 빨강은 우리 엄마예요.단순하고 깔끔하게 원색 동그라미로엄마 아빠를 표현했어요.엄마아빠가 만나서로 사랑하게 되었어요.노랑과 빨강이 만나 사랑을 하니주황이가 생겼네요그 주황이 바로 나예요.엄마 아빠의 사랑으로주황이가 태어났어요.엄마, 아빠, 나.이렇게 셋이 가족이 되어 행복해요아빠가 엄마와 ...+ 더보기",5,2019-01-20
177840263,커다란 포옹,10613250,콩이맘1340,"요즘 우리 사회는 부모와 자녀로 이루어진 가족 

형태만 있는게 아닌데요
부모와 사는 가족,자녀가 있거나 없는 가족,다문화 
가족,부부가 살다가 헤어진 이혼 가족 등
다양한 가족의 형태가 존재해요
이는 정상,비정상 가족의 구분이 필요없는
모두가 하나의 가족이랍니다
이런 가족의 형태를
알록 달록한 색감의 동그라미 하나로
단순히 그려낸 그림책이 있어 소개해요
    
달그림의 신간 그림책인 커다란 포옹이에요

빨강,노랑,파랑의 동그라미 만으로 그려낸
특별하지만...+ 더보기",5,2019-01-16
857964,도전 100! 역사 퀴즈,1041005,나는 새,"한창 아이의 국사공부에 대한 본격적인 걱정이 밀려오는 겨울방학에 때맞춰 만난 책이다.크기도 적당하고 무게도 가벼워 아이가 들고 다니며 보기에 안성맞춤이다.가방 안에 넣기도 좋고 차 안에서 부담없이 꺼내어 보기도 좋았는데 무엇보다 퀴즈의 출제방식이 정말 다양하다.아이들이 좋아하는 숨은 그림찾기, 낱말퍼즐, 틀린 그림찾기, 그림퍼즐, 미로찾기, 내용 연결하기 등등 본문 속에 그림도 귀여운 풍의 만화같은 느낌이다.특히, 틀린 그림찾기나 숨은 그림찾기는 초등 저학년인 딸아이가 무척이나 좋아한다.하지만, 이 책 속에 퀴즈를 더 재미있게 풀기...+ 더보기",4,2007-01-15
857964,도전 100! 역사 퀴즈,1021415,반지하bnb,"《도전 100! 역사 퀴즈》 재미있는 만화를 읽으면서 문제를 맞추어 가는 사이, 
학교에서 배운 역사 과목도 정리하고 지식이 쌓여가는 고마운 책입니다!
다른 과목도 도전 100! 시리즈로 만나면, 공부가 어렵지 않게 느껴질 것 같아요.",4,2006-12-18
857964,도전 100! 역사 퀴즈,1038940,책방꽃방,마침 그림한국사백과란 책으로 우리아이들 역사에 첫걸음을 내딛고 있었는데이 책은 딱 그 책의 짝궁 같은 책이다. 아이들이 들춰 보고는 이미 배운 선사시대나 고조선 그리고 고구려에 관한 문제를 푼다. 퀴즈를 풀기 전에는 다 아는거 같았는데 ''어! 틀렸네!''를 연발한다. 그래도 맞춘것이 나오면 정말 뭐라도 된것처럼 신나한다. 중간 중간 숨은그림 찾기나 그림 퍼즐 맞추기를 통해서도 유물이나 유적지에 대해 배울 수 있고또 낱말퍼즐을 통해서 다시 한번 정리까지 시켜준다. 물론 친절하게도 힌트까지 살짝!그리고 정답만 알려 주는것이 아니라 '...+ 더보기,5,2007-01-12
857964,도전 100! 역사 퀴즈,1052502,뚜이부치뿅,"이번 방학에는 역사책을 많이 읽었다
그래서 나는 우리 역사를 많이 안다고 생각한다
그런데 이 책을 보니까 모르는 것도 많다
그래서 자꾸 책을 보는 것이 중요하다
퀴즈로 되 있으니까 재미가 있다
그래서 자꾸보게 되니까 역사실력이 는다",5,2007-02-01
857964,도전 100! 역사 퀴즈,1032509,최상철,"도전 100! 역사 퀴즈 이 책은 따로 홈스쿨링을 준비하지 않더라도 책 자체가 게임북입니다.  아이가 보고 눈이 휘둥그레해집니다.  놀면서 공부하면 그것처럼 행복한 일이 있을까요?  이 책으로 우리아이가 역사를 좋아하는데 있어서, 아주튼실한 가교 역할을 해 줄 것입니다.   따로 말이 필요없을 듯 합니다.    오늘 요리 홈스쿨링을 하면서, 아이들과 함께 이 퀴즈들로 불꽃튀는 접전으로 아주 신나게 보낼 수 있었습니다.< 활용해 볼까요? > 이 책의 p.49 ,79의 퍼즐 문제들입니다.  프린트해서 종이에 붙여서 가...+ 더보기",,2007-01-04
857964,도전 100! 역사 퀴즈,1019807,수수,"역사공부..쉽지 않다.
역사에 대한 다양한 도서가 나왔는데 모두 시대 구분을 하거나 주제를 정해서 정보를 전달하는 측면이 강하다. 정보 전달에 있어서 아이들에게 부담없이 다가가기 위해서 만화라 오락적인 요소가 삽입되기도 한다. 완전히 만화로 나온 역사 도서도 많은데 모두 아이들에게 역사를 쉽게 접해주고자 하는 노력이 아닌가 싶다. 여기에 역사 쉽게 접하기의 도서로 택할 수 있는 재미난 퀴즈 북이 나와서 즐거움을 더해준다.
 
이 책은 모두 5개의 시대구분을 통해서 총 100개의 역사 퀴즈를 다루고 있다. 책의...+ 더보기",5,2006-12-16
857964,도전 100! 역사 퀴즈,1061087,개구리,"고구려 역사와 관련한 중국과의 충돌, 야스쿠니 신사 참배와 관련한 일본과의 충돌, '우리나라 역사'가 사회적 이슈로 대두되면서 TV와 영화에서도 더욱 폭넓은 역사 이야기를 다루고 있고, 더불어 어린이를 위한 다양한 역사공부 채널이 등장하는 긍정적인 바람이 일고 있으니 반갑다.
<도전 100 역사퀴즈> 역시 아이들이 본격적인 역사 탐구(학습)에 흥미를 느낄 수 있도록 구석기시대부터 최근까지의 역사를 퀴즈 형식으로 재미있고 쉽게 풀어내고 있어 초등생 자녀를 둔 부모에겐 참 반가운 책이다.
특히 퀴즈는 일...+ 더보기",5,2007-02-14
857964,도전 100! 역사 퀴즈,1038170,미야,"책표지에 있는 제목 위의 타이틀 카피글을 보면 [역사가 따분해?]하고 적혀있어요.같은 출판사에서 나온 [아하!] 시리즈를 다 구입해서 보고 오던 터라 새로운 책은 아니였지만 한번 봤던 내용을 다시 퀴즈풀이로 읽게 되었다고 지루하진 않았습니다. 초등 4학년인 큰아이는 학교에서 사회교과에서 배웠던 내용도 나왔고 둘째아이는 조금 생소하면서 흥미가 생기는 책이 되었습니다.  
숨은그림찾기와 다른 그림찾기, 낱말퍼즐 맞추기, 시대에 맞는 순서찾기와 연관된 것끼리 연결하기 등 많은 새로운 페이지는 읽는 독자를 어쩌면 급하게도 하고 ...+ 더보기",4,2007-01-11
857964,도전 100! 역사 퀴즈,1020694,아자아자,"저학년  부터    삼국사기   삼국유사에   관심을   보이던    아이가    
더   많이   더   넓게     관심을   보여   역사이야기에   대한   책을 &nbsp...+ 더보기",5,2006-12-17
857964,도전 100! 역사 퀴즈,1038674,자스민,"퀴즈라고 하길래 그냥 간단한 지식들만 전달하고 있을 줄 알았는데 읽으면서 한국의 역사 흐름을
쉽게 정리할 수 있었다. 선사시대부터 근 현대까지 퀴즈대왕인지 아닌지 스스로 알아볼 수 있도록 되어 있다. 숨은그림찾기와 퍼즐, 순서찾기, 미로 등을 통해 따분하지 않게 역사의 사건들을 조목조목 배울 수 있어 딱 맘에 든다. 
 
 어디 여행을 갈 때 이 책 한 권이면 차 안에서나 전철 안에서 심심하지 않겠다 싶었다. 놀면서 배우는 역사공부이기 때문이다. 답을 가르쳐주면서 토막상식까지 제공하고 있는데 예를 ...+ 더보기",5,2007-01-12
857964,도전 100! 역사 퀴즈,1023112,달이,"야~! 이렇게도 역사 공부를 할 수 있구나!
이 책을 보고 처음 든 생각이었습니다.
아이들에게 역사에 대한 흥미를 느끼게 하는데 
억지로 시키는 공부가 아니라, 즐기는 공부를 위해서 
꼭 필요한 책인 것 같아요. 
아이와 경쟁하듯이 퀴즈를 풀어보았는데, 아이가 너무 재미있어 하네요.
온가족이 함께 역사 공부의 즐거움을 느껴보세요~!",5,2006-12-21
857964,도전 100! 역사 퀴즈,1037425,올리브,"이 책을 받고 우리 아이랑 과연 함께 읽을 수 있을까 궁금했습니다.
하지만 요즘 주몽 등의 역사드라마를 무척이나 열심히 보는 아이였기에 부쩍 우리나라 역사에 대한 관심이 높았고 이번주까지 방학인지라 시간도 많이 있기에 저랑 같이 볼 때도 있지만 책 속에 나와있는 사진이나 그림을 보면서 궁금한 것도 많고 질문도 많이 하는 아이가 되었지요.
호기심이 너무 많이 있고 또 역사에 대한 것은 거의 잘 모르기에 궁금한 내용이 너무 많아 제가 일일이 대답하기가 너무 힘들 지경이 되었답니다.
올해부터는 아이가 학교에 입학하니 다양한 독후활동...+ 더보기",5,2007-01-10
857964,도전 100! 역사 퀴즈,1034050,희망으로,"방학이면 아무래도 시리즈로 된 역사물을 읽히게 된다. 실제로 도서실에서도 학기중에 비해 방학때면 역사물의 대출이 많이 이루어지는 편이다.
그렇다면 어렵게만 느껴지는 역사공부를 퀴즈와 한다면 어떨까?이 책 <도전100! 역사퀴즈>는 단편적인 지식이나마 퀴즈를 통해 흥미 유발을 하는데는 최고라 할 만큼 아이들이 좋아라 한다.
그림자료나 우리나라 지도를 비롯한 사진이나 삽화가 많아 쉽게 이해할수 있게하였다.
문제와 함께 답만 달랑 알려주는 것이 아니라 [아하! 그렇군요]를 통해 왜 그런지와 함께 토막 상식도 싣고있다.
...+ 더보기",5,2007-01-06
857964,도전 100! 역사 퀴즈,1263715,angella125,"교보문고에서 아들이 책을 고를때 이 책을 평소 찜해놨던 터라 슬며시 
이 책은 어때? 했더니 선뜻 사달라고 하네요.
초 3 아들이 역사에 관심은 많은데 아직은 인물이나 부분부분 관심에 지나지 않지만
이런 책으로 계속 흥미를 이끌어주고 싶었는데 본인도 좋다고 하니 옳다 싶었죠.
외출할때면 항상 책한권은 들고 나가는 습관을 하는데 요즘은 항상 집는 책이 바로
이 책이랍니다, 크기도 무게도 딱이예요.
전철같은데서 틈틈이 퀴즈나 퍼즐 풀기도 그만이구요.
가끔은 문제는 안읽고 퍼즐이나 숨은 그림찾기만 하는 경우도 있지만요.^^...+ 더보기",5,2007-06-13
857964,도전 100! 역사 퀴즈,1038286,도서관,"제목만 보고 처음에는 그저 문제와 정답만 주루룩 나온 평범한 퀴즈 책이 아닐까 생각했어요. 그런데 왠걸, 다양한 형식의 문제가 수록되어 있어서 책장을 흥미롭게 넘기게 되네요. 역사에 대한 지식이 별로 없어도 충분히 도전해 볼만한 책이라는 생각이 듭니다. 평범한 서술형 문제의 퀴즈 책이 아니라는 점, 그리고 퀴즈를 푸는 과정에서 역사에 대한 흥미를 유발하고 역사를 본격적으로 공부해 봐야겠다는 동기를 유발시킨다는 점에서 좋은 책이라고 봅니다. 이 책을 한번 풀어보라고 큰 아이에게 건네 주었더니 혼자서 재미있게 풀어 냅니다. 역사에 대한...+ 더보기",4,2007-01-12
857964,도전 100! 역사 퀴즈,1038609,지니여니맘,"유난히 사회과목(특히 역사)을 싫어했던 초등학교 4학년 우리 딸아이가 겨울방학을 맞이해서
본인이 스스로 역사를 공부 하겠노라고 엄마인 내게 도움을 청해왔다.
'어떤 책을 줘야 아이가 흥미를 갖고 역사를 좋아하게 될까?..'
며칠을 서점에서 기웃기웃 거려본 결과..눈에 띄는 책이 쏙~ 들어왔다.
[도전100!역사퀴즈]는 문제 맞추는 것 엄청 좋아하는 우리 아이들이 먼저 고른책이다.
간만에 엄마와 아이들이 의견이 일치된 책이어서 모두 기분 좋게 집에 와서 책을 들춰 보았다.
선사시대부터 근,현대 시대까지 우리 역사가 한눈에 ...+ 더보기",5,2007-01-12
169571353,사악한 여왕,10732545,hotn1315jjeong,처음부터 악한 사람은 없다,4,2019-03-13
169571353,사악한 여왕,10532030,LetterFromEarth,기대했던 스핀오프 시리즈.... 약간은 뻔하지만 나름 다른 느낌을 주려고 노력한 것 같다.,3,2018-12-12
169571353,사악한 여왕,10427177,별하나의사랑과,"<사악한 여왕>어릴 적에는 디즈니에서 나온 만화영화, 동화책들을 정말 좋아했다. 그리고 그 책들의 주인공 백설공주, 신데렐라, 인어공주, 잠자는 숲 속의 공주들에 매료되고 그들을 괴롭히는 못된 악당들을 싫어하고 물리쳐야할 대상으로만 생각했다. 그런데 요번에 디즈니의 악당들에 대한 숨겨진 이야기가 책을 출간되었다는 소식을 듣고 디즈니의 악당들 시리즈 중 첫번째인 <백설공주와 일곱 난쟁이> 속 사악한 여왕 프리퀄의 비하인드 스토리 <사악한 여왕>을 읽게 되었다.<백설공주와 일곱 난장이&...+ 더보기",5,2018-10-27
169571353,사악한 여왕,10403424,카일라스,"디즈니 애니메이션은 꿈과 희망을 주는 시간을 보낼 수 있어서 즐겨 본다. 그런데 다른 
관점으로 디즈니 명작들을 바라본다면? 
전 세계 아이들이 사랑하고, 어른이 되어서도 
잊지 못하는 디즈니 명작들. 우리가 기억하는 건 아름다운 주인공들이지만 그들 뒤에는 주목받지 못한 악당들이 있었다. 디즈니가 기획하고 세레나 
발렌티노가 집필한 『디즈니의 악당들』은 아무도 주목하지 않았던 디즈니 명작 속 악당 캐릭터에 주목한다. 우리가 잘 알고 있는 디즈니 애니메이션 
속 악당이 주인공이 되어 그 어디에서도 공개되지 ...+ 더보기",5,2018-10-16
169571353,사악한 여왕,10426155,캔디캔디,"​​​""거울아 거울아 이 세상에서 누가 제일 이쁘니?""눈처럼 하얀 피부, 앵두보다 빨간 입술, 칠흑 같이 검은 머리의 아름다운 백설공주님은사악한 왕비가 건낸 빨간사과를 먹고 죽음 같은 잠에 빠지지만 왕자님의 키스로 깨어나 일곱 난장이들과 함께 언제까지고 행복하게 살았습니다.어려서부터 지금까지 쭈욱 좋아하는 백설공주의 이야기에요.그런데 이번엔 백설공주가 아닌 그녀의 계모가 주인공인 아주 독특한 책을 만났습니다.​<사악한 여왕>여러 버전의 백설공주 중에서도 디즈니의 백설공주 설정을 가져와 왕비의 이야기를 창...+ 더보기",3,2018-10-26
169571353,사악한 여왕,10427196,깐도리,"""왜 그래야 하지? 넌 분명 이 나라에서 가장 아름다운 아가씨야.아니, 내가 아는 한,모든 나라를 통틀어 가장 아름다운 여성이지. 네 아버지는 너의 미모를 담으려고 거울을 만든게 분명해.""(p18)""베로나가 거울이 깨진 것을 편지로 알려줬어. 내 맘이 몹시 상했지. 그래서 왕국에서 가장 솜씨가 좋은 장인들에게 거울을 고치라고 명령했어. 물론 당신 아버지에 비하면 기술은 떨어질 거야.원래는 결혼식 날에 누가 이 거울을 만들었는지 알려주려고 했어. 당신이 깜짝 놀라게 말이야. 여보, 당신 아버지를 기억나게 하는 물건을 선물하면 당신이 ...+ 더보기",5,2018-10-27
169571353,사악한 여왕,10391258,djkidol,"성인이 되어서도, 잊지 못하는 장르가 있습니다. 만화와 애니메이션을 비롯한 예전의 기억물입니다. 추억이 녹아있고, 아이들에게는 계속해서 회자되는 작품의 파급력, 어린 시절 봤던 느낌과는 다르게 다가오는 현실, 하지만 동심을 떠올리며 추억할 수 있는 장점까지, 우리에게 잘 알려진 디즈니 만화나 다양한 애니메이션 작품들이 그렇습니다. 이 책은 미국문학과 영미소설을 대표하는 디즈니의 작품들을 상세히 소개하며, 역발상의 새로운 느낌을 전해주고 있습니다.독자들이 느끼는 디즈니에 대한 기억, 막연하게 봤던 단계에서, 결혼과 출산, 그리고 육아...+ 더보기",5,2018-10-09
169571353,사악한 여왕,10444148,gazahbs,"사악해 보인다. 진심으로 
사악해 보인다. 얼굴이 대놓고 나 악당이다 싶은 표지가 너무나 인상적인 작품, 『디즈니의 악당들 1. 사악한 여왕』이다. 제목에서부터 악당과, 
사악함이 등장하는 이 책은 확실히 흥미롭다.
 
디즈니하면 귀엽고, 사랑스러운 캐릭터들의 향연이라고 해도 과언이 아닐텐데 이런 모습이 더욱 독보이게 
하는 조연으로서 활동하면서 욕이란 욕은 다 먹고 결국엔 권선징악에서 '징악'을 담당하고 있는 악당들, 책은 바로 이런 디즈니의 악당들에 주목하고 
있다.
 
그동안 주목받는 것과는...+ 더보기",4,2018-11-04
169571353,사악한 여왕,10383693,인디캣,"주인공만 주목받던 세상 속 뒷이야기. <백설공주와 일곱 난쟁이>의 왕비를 조명한 <디즈니의 악당들 1 : 사악한 여왕>. 왕비는 왜 그토록 사악해졌을까. 우리가 알던 애니메이션의 프리퀄에 해당하는 이야기라고 볼 수 있어요. 수준은 청소년, 어른용 동화로 술술 잘 읽힙니다. 이미 배경은 알고 있으니 더 흥미진진하게 읽혀요. 거울 장인의 딸로 태어나 시골 처녀에서 인생 역전을 한 왕비. 어린 백설공주의 새엄마가 된 왕비는 친어머니를 잃은 상실감을 가진 공주에게 마음을 사로잡히고 행복하게 살아갈...+ 더보기",5,2018-10-06
169571353,사악한 여왕,10387558,러블리땡,이 책은 우리가 익숙히 알고 있는 백설공주와 일곱난쟁이 속 백설공주의 새어머니인 여왕의 이야기이다.여왕은 백설공주의 어머니가 되기 전 나라에서 가장 뛰어난 거울장인의 딸로 왕이 한눈에 반해 청혼을 받고 여왕이 되었다.사랑하는 여인이 딸을 출산하며 세상을 떠나자 모든것을 딸 탓으로 돌린 여왕의 아버지는 그녀의 어둠이었다면 왕과의 결혼은 그녀에게 거울같이 반짝이는 빛과 같았다. 우리가 아는것과 달리 순수하고 총명하고 사랑스럽던 여왕은 백설공주와 왕 세명이 행복한 동화같은 이야기로 마무리 되나 싶었지만 왕이 전쟁터를 자주 나가며 여왕을 ...+ 더보기,5,2018-10-08
169571353,사악한 여왕,10417582,투명한지,"디즈니의 악당들 1 : 사악한 여왕 /  세레나 발렌티노 글 / 주정자 옮김 / 라곰 / 
2018.10.05
원제 Fairest of All: A Tale of the Wicked Queen: A Tale 
of the Wicked Queen (Villains) (2012년)
 

 
표지만으로도 묘한 끌림이 있는 책이다.어릴 적 
보았던 디즈니 백설공주 속의 사악한 여왕의 이야기이다.매혹적인 여왕, 괴팍스러운 노파. 어느 모습이 진짜였던가?  

 ...+ 더보기",4,2018-10-22
169571353,사악한 여왕,12066352,sijifs,"왕비의 이름이 무엇인지는 끝까지 나오지 않는다. 왕비의 아버지 이름도 나오지 않는다. 왕비는 이름 대신 왕비나 여왕으로 표기되었고 그녀의 아버지는 '거울장인'일 뿐이다.​왕비가 처음부터 나쁜 사람은 아니었다. 태어났을 때부터 부재한 어머니와 그녀를 증오하는 아버지 밑에서 사랑없이 살았을 뿐이다. 그녀에게 처음으로 사랑은 준 것은 왕과 백설공주였다. 왕이 죽고 난 뒤 그녀는 상처받았을 뿐이고, 그런 상처에 소금을 뿌린 것은 왕의 세 쌍둥이 사촌이었다. 왕이 죽지 않았더라면, 굳이 위험을 무릅쓰고 전쟁에 나가지 않았더라면 아니 애초에 ...+ 더보기",3,2020-10-14
169571353,사악한 여왕,10396927,오즐,"어쩌다 그녀는 악녀가 되었을까요?<백설공주와 일곱 난쟁이>에서 여왕의 역할은 완벽한 악역이에요.순수하고 아름다운 백설공주와는 태생부터 달라요. 아이들 동화책에서는 굉장히 무서운 외모의 마녀로 묘사되고 있어요.<사악한 여왕>은 디즈니가 기획하고 세레나 발렌티노가 집필한 《디즈니의 악당들》중 첫 번째 이야기라고 해요.이 책에서는 우리가 몰랐던 여왕의 인간적인 면모를 보여줘요. 분명히 악인이라고 여겼던 인물인데, 너무나 가슴 아픈 사연을 갖고 있어서 놀랐어요.백설공주의 새어머니인 그녀는 원래 왕국의 이름 난 거울 장...+ 더보기",5,2018-10-12
169571353,사악한 여왕,10397189,newkorea21,디즈니의 수 많은 영화와 애니메이션은 전세계 어린이들 뿐만이 아니라 어른들 마져도마음을 사로잡고 꿈과 희망을 갖게하는 일등 공신으로 기억할 수 있다.특히 수 많은 작품들 중에 백설공주는 어린이용을 넘어 만인이 즐기는 버전으로 탈바꿈해 우리에게는 무척이나 다양한 생각을 갖게한다.선과 악의 대결 구조인 이분법적 사고를 갖게되는 기존의 사유가 아닌 그러한 사유를갖게 되기까지의 동기유발에 대해 이해하고 알게 된다면 기존에 우리가 알고 있던백설공주에 대한 고정관념적 의식은 또다른 면모를 갖춘 채 수 많은 독자들의 시선을받을 것이라는 판단이 ...+ 더보기,5,2018-10-12
169571353,사악한 여왕,10376399,무파스,마법의 거울에 사로잡힌 영혼이여머나먼 공간을 넘어라.바람과 어둠 사이로 우리가 너를 부른다.말하라! 우리에게 너의 얼굴을 보여다오. p.162우리가 아는 백설공주의 이미지는 디즈니의 애니메이션이 만들었다고 해요. 백설공주의 외모도 왕비의 특징도요. 디즈니 애니메니션에 나온 악당들의 비하인드 스토리를 다루는 [디즈니의 악당들] 시리즈에서 첫번째 [사악한 여왕]으로 백설공주의 왕비가 주인공입니다. 그녀에겐 어떤 비밀이 있을지 기대되었습니다.백설공주의 왕비는 정말 악녀였을까? 백설공주의 왕비는 디즈니 애니메이션의 악당 중에서 손꼽히는 인...+ 더보기,4,2018-10-02
169571353,사악한 여왕,10398878,bottles,"우리가 알고 있는 ‘백설공주와 일곱 난쟁이’ 이야기가 처음 만들어진 원본의 이야기가 아니라고 합니다. 유럽 여러 곳에서 구전으로 내려오던 이야기라고 합니다. 그 당시의
이야기 속에는 왕비의 복수 과정이 복잡하고 잔인하였다고 합니다. 현재의 이야기처럼 된 것은 그림 형제가
독일의 민담을 모아 집필하고 다듬은 것이고, 이미지는 월트 디즈니 애니메이션에 의해서 만들어 졌다고
합니다.

 

‘백설공주와 일곱 난쟁이’라는 애니메이션을 통해 아름다운 백설공주의 이미지와 함께 마법의 거울을 가지고 있으며, 세상에서...+ 더보기",5,2018-10-13
169571353,사악한 여왕,10429064,랄몬,"어렸을 적에, '백설공주'라는 동화이야기를 무척이나 좋아했었다. 백옥처럼 하얀피부와 밤하늘처럼 새까만 흑발머리칼에, 오목조목 예쁜 이목구비 그리고 앵두같이 빨간 예쁜 입술을 지니고 있는 누구에게나 사랑 받는 '백설공주' 그녀는 이렇게 예쁘것도 모자라 친어머니를 여의고, 질투심으로 가득하고 반쯤 미친 것 같은 못 된 여왕을 새어머니로 맞이하며, 몇번이나 목숨을 위협당한다. 이것이 우리가 알고있는 백설공주의 이미지이다. 항상 백설공주에 감정이입하고 백설의 시선으로 이야기를 관람했었다. 누구도 백설공주의 새어머...+ 더보기",5,2018-10-28
169571353,사악한 여왕,10414516,보물창고,동화 <백설공주>에 대한 내용은 어렸을때 읽은 동화책에서 눈처럼 하얀 얼굴과 까만 머리에 착한 백설공주는 왕궁에서 사랑받는 공주였지만 아버지인 왕이 죽은 후에 새엄마는 백설공주의 아름다운 모습을 시기하고 질투해서 왕궁에서 쫓아내고 심지어 사냥꾼에게 ...+ 더보기,4,2018-10-21
169571353,사악한 여왕,10388555,jsc8,"우리 모두에게 어린 시절의 아름다운 꿈이 되어버린, 일반적으로 알고 있는 디즈니 애니메이션 ""백설 공주와 일곱 난쟁이""는  원래 유럽 여러 곳에 퍼져있는 전설과 설화를 기초로 해서 독일의 그림형제가 지은 백설공주를 바탕으로, 원래의 내용들이 전면적으로 순화되어 현재의 이야기로 만들어진 것이란다. 그림형제의 백설 공주에도 왕비가 계모가 아닌 친엄마이고, 왕비가 돼지의 심장을 백설 공주의 심장인 줄 알고 요리해 먹었고, 백설공주가 왕비에게 달구어진 쇠로 만든 구두를 신겨 죽을 때까지 춤을 추게 했다는...+ 더보기",5,2018-10-08
169571353,사악한 여왕,10401571,ico333,"오랜만에 소설을.^^ 백설공주와 일곱난쟁이속 사악한 여왕이 그녀의 딸에게 독이 든 사과를 먹이게 되기까지의 그녀의 스토리라고나할까?.  기존의 고전은 해석하기에 따라 주인공이 때로는 악역을 하기도, 악역이 주인공이 되기도한다. 이책은 '디즈니의 악당들'시리즈 중에 한권인데, 디즈니가 기획하고, 세레나 발렌티노가 쓴 소설이다. 디즈니 명작 중에서 강렬한 인상을 남겼던 악당들을 주인공으로, 어두운 그들의 캐릭터가 완성하기까지 어떠한 사건들이 있었고, 어떠한 영향을 끼친 인물들이 있었는지를 새롭게 이야기해주는 것이 정말 흥미롭다...+ 더보기",5,2018-10-15
169571353,사악한 여왕,10378436,노이아,"디즈니에서 '디즈니의 악당들'이라는 소설 신간이 나왔다. 겨울왕국이나 곰돌이 푸같이 주체적인 여자 주인공이나 힐링적인 
이야기말고, 전통적인 디즈니 이야기는 여러 공주들이 나오고 위기가 있었지만 멋진 남자를 만나 행복하게 살았다로 이야기로 
끝난다. 하지만, 시대에 맞춰 디즈니에서는 전통적인 공주이야기에 파묻혀있던 매력적인 조연들을 새롭게 주목시키고 
있다. 자존감에 대한 이야기나, 상처받은 마음 한 구석을 힐링하며 공감할 ...+ 더보기",5,2018-10-03
169571353,사악한 여왕,10428421,행복한 콩순이,책에서도 언급되어 있지만 정말 우리 아이들이 알고 있는 백설공주는 그림형제의 책이라기 보다는 디즈니가 더 맞는 것 같아요. 저를 비롯하여 디즈니에서 나온 백설공주를 한 번도 보지 않은 사람은 별로 없을 거구요. 디즈니의 악당들을 새롭게 조명한 책들이 시리즈로 출간되고 있어 관심이 가지 않을 수가 없더라구요. 기존에 우리가 알던 악당의 모습과 어떻게 다른가 궁금했거든요. 디즈니의 악당들 시리즈 중 첫번째인 이 책은 백설공주에 나오는 새엄마 이야기랍니다. 그동안 백설공주의 외모를 질투하여 못된 마법을 부리는 마녀로 등...+ 더보기,5,2018-10-28
169571353,사악한 여왕,10995759,글꽃바람,"디즈니의 악당들 1 사악한 여왕       그들은 어쩌다 악당이 되었을까?        백설공주의 계모이자 미모에 집착해 백설공주에게 독이 든 사과를 먹인 여왕. ""디즈니의 악당들 1. 사악한 여왕""은 여왕의 과거를 통해왕비가 사악하게 변할 수밖에 없었던 이유를 풀어낸다.     ""거울아, 거울아, 세상에서 누가 제일 예쁘니?""이런 물음에 집착하게 된 건 ...+ 더보기",4,2019-07-25
169571353,사악한 여왕,10427720,복숭아,"사악한 여왕 디즈니의 악당들 1    어린시절 가장 먼저 읽는 동화책이 아마도 < 백설공주 > 와 < 신데렐라 >가 아닐까합니다.흰 눈처럼 뽀얀 피부에 앵두빛 입술, 백설처럼 아름답고 가녀린 공주님과 백설공주를 시기하는 아름답지만 차갑고 무서운 여왕.. 마녀처럼 변신도 할 줄 아는 사악한 여왕인 새엄마로부터 살아남기 위해 갖은 고생을 하던 백설공주는 7곱 난장이랑 만나서 도움도 받고 자신을 구한 이웃 왕자를 만나 사악한 마녀도 물리치고 사랑에도 빠져 이후 행복하게 살았다는 ...+ 더보기",5,2018-10-27
169571353,사악한 여왕,10379917,star4es,동화를 읽는다는 것은 순수성에 다가가는 일일 것입니다. 누구나 어려서 읽었던 동심으로부터 파괴되는 느낌이 드는 것이 현실 속에서 악의 기운이 느껴질 때마다 분노가 일어날 때 마다 점점 이러한 동화의 순수성을 잃는 것이 아닌가 생각이 듭니다. 이 의미는 바로 동화속에 파묻혀서 아이들의 마음을 이해하게 되는 것이 아니라 어른들의 마음으로부터 이 세상을 읽게 된다는 것일 것입니다. 이 도서를 접하게 되면 책 속에서 새로운 상상력으로 날개를 달고 아이적 때와는 다른 세상과 함께 날아다닐 것 같습니다. 악당들의 눈으로 바라본 이 ...+ 더보기,5,2018-10-04
169571353,사악한 여왕,10638691,아재,"우리가 알고 있는 백설공주
그리고 그 착한 백설공주를 괴롭히는 사악한 여왕. 하지만 그 여왕이 왜 백설공주를 싫어할까?
단순히 백설공주가 이뻐서일까? 옛날에 읽을때는 단순히 여왕은 너무나 나쁘다고만 생각했지 왜 그럴까?라는 생각을 해볼수가 없었지만 이제는 
생각해 볼수가 있었다. 그 왜를 알려주는 것이 바로 이 책이다.
여왕은 처음 거울장수의 딸로 태어났는데 자신이 태어날때 자신의 어머니도 함께 죽었다. 하지만 너무나 이쁜 그녀는 왕의 눈에 띄였고 그의 
부인이 된다. 그때 자신에게 어떤 거울이 배달되는데 그것은 왕의 사촌...+ 더보기",4,2019-01-28
169571353,사악한 여왕,12842941,세상을빛내라,"​  사악한 여왕<라곰>​​""거울아, 거울아, 이 세상에서 누가 제일 예쁘니?""​<사악한 여왕>은 디즈니 만화로 유명한 백설공주 이야기인데백설공주가 주인공이 아니라바로 백설 공주의 새엄마 '프리퀄'의 이야기랍니다. ​책을 읽다가 우연히 책표지가 벗겨졌는데책의 안쪽에는 표지랑 전혀 다른 마녀의 얼굴이 그려져 있어서 놀랬어요. ​어머나!백설공주의 아버지이자, 왕비의 남편인 왕은왕국에서 최고의 거울 장인을 만나러 왔다가 그 장인의 딸인 왕비와 사랑에 빠지게 됩니다. ​왕비는 곧 왕의 사랑을 받고, ...+ 더보기",5,2021-08-07
169571353,사악한 여왕,10378275,신비님,"★ 디즈니 오리지널 노블, 아마존 50만 부 판매 ★ 전 세계 아이들이 사랑하고, 어른이 되어서도 잊지 못하는 디즈니 명작들. 우리가 기억하는 건 아름다운 주인공들이지만 그들 뒤에는 주목받지 못한 악당들이 있었다. 디즈니가 기획하고 세레나 발렌티노가 집필한 《디즈니의 악당들》은 아무도 주목하지 않았던 디즈니 명작 속 악당 캐릭터에 주목한다. 우리가 잘 알고 있는 디즈니 애니메이션 속 악당이 주인공이 되어 그 어디에서도 공개되지 않았던 그들만의 이야기를 시작한다.&nbs...+ 더보기",5,2018-10-03
169571353,사악한 여왕,10427859,딩딩딩,[디즈니의 악당들]이라는 시리즈명으로 꽤 흥미로운 책들이 출간된다.백설공주나 미녀와 야수 등 고전동화에 주인공과 대립되는 악당으로 등장하는 인물에 초점을 두고 그들의 이야기를 담고 있다. 이들 고전동화에 등장하는 악당들을 보면 아무런 배경 설명이 없이 이야기의 시작부터 마녀나 야수로 등장한다.  분명 그들도 나름의 사정이 있으리라 여겨진다. 가끔 동화에 보여지는 모습과 다른 방향의 해석을 담은 책이나 영화가 소개되기도 하였는데 이번 시리즈처럼 9편의 이야기를 담은 시리즈는 처음이기에 어떤 시각으로 그 동안 알려진 고전 동화...+ 더보기,5,2018-10-27
169571353,사악한 여왕,10417629,yeb,"디즈니의 악당들 1- 사악한 여왕 서평   원래 우리가 잘 알고 있는 백설공주라는 동화에 등장하는 악역에 대해서 깊게 생각해본 적이 있었을까? 공주의 이름은 백설공주로 알고 있지만 악역이었던 여왕, 왕비는 이름조차도 없는 그냥 왕비였다.  원래 있었던 이야기를 바탕으로 하되 재구성해서 보여주는 이야기는 그 새로움에 재미를 느끼게 된다. 디즈니의 공주 영화 시리즈들이 재미있게 다가왔던 이유 역시도 그러한 이유일 것이다. 이 책도 마찬가지이다. 내가 잘 알고 있는 백설공주라는 이야기를 새로운 시선으로 관점으로 바라볼 ...+ 더보기",5,2018-10-22
169571353,사악한 여왕,10426815,아침에,"제가 즐겨보았던 미국 드라마 소위 미드 중에 원스어폰어타임(Once upon a time)이라는 미드가 있습니다. 이 미드는 우리가 잘 아는 동화나 이야기 속 주인공들이 현대에 살고 있고 동화 속 세계와 계속 이어진다는 대단힌 독특하면서 복잡한 이야기를 담고 있습니다. 그래서 이 미드에는 수많은 이야기 속의 주인공들이 나오는 데, 그 중에서도 핵심 주인공은 백설공주와 그녀의 딸 그리고 이 책에서 말하는 백설공주를 괴롭히고 죽게 만드는 사악한 여왕입니다. 이러한 미드처럼 요즘 사람들에게 ...+ 더보기",5,2018-10-27
169571353,사악한 여왕,10982013,천재락커,"디즈니 애니메이션 속 악당들의 숨겨진 이야기!디즈니 악당들 시리즈 그 첫번째 ""사악한 여왕""은 백설공주의 프리퀄로 우리가 알지 못했던 왕비 이야기가 담겨 있다.백설공주를 질투한 왕비는 사실 마음도 여리고 외모도 아름다운 여인있다.아버지에게 사랑받지 못해 외롭게 지내다, 왕의 눈에 띄어 왕비 된다.사랑받아본적 없어 사랑을 할줄도, 받을줄도 몰랐던 그녀의 마음은 금세 집착으로 변하고, 애정결핍으로 늘 사랑과 관심을 갈구했으나, 어떤것으로도 그 마음을 채울 수 없었다.전쟁때문에 궁을 오래 비우는 왕때문에 왕비와 백설공주는 늘 두려움에 떨...+ 더보기",4,2019-07-18
169571353,사악한 여왕,10939529,sunjin0717,"표지부터 오싹했다. 디즈니 이야기이면... 밝고 사랑스러운 이야기 아닌가? 표지 열어보고 깜짝이야! 근데 우리 애들은 차라리 속 표지가 덜 무섭다며...<디즈니의 악당들> 시리즈는 디즈니 애니메이션의 악당들을 주인공을 한 프리퀄이다. 이 이야기 역시 [백설공주와 일곱 난쟁이] 속 백설공주의 계모가 주인공이 되어 흘러가는 이야기..주인공인..백설공주의 새엄마가 어떻게 해서 궁전에 들어오게 되는지, 우리가 알고 있던 새엄마가 아니었다. 그녀는 왕과 백설공주와의 사랑과 행복을 늘 꿈꿨던 왕비이다..그녀의 어린시절은 어땠는지.....+ 더보기",5,2019-06-28
169571353,사악한 여왕,10427745,로즈,"동화속의 주인공은 늘 선량하다. 주변엔 악당들이 끊이질 않고,  선한 주인공은 악당들에 의해 괴롭힘을 당하고 온갖 시련을 겪지만 거의 대부분 해피엔딩으로 끝이난다. 반대로 생각하면 동화속의 악당들은 해피엔딩이 아닌 늘 불행한 결말을 맞는다는거겠지- 세상엔 악과 선이 공...+ 더보기",5,2018-10-27
169571353,사악한 여왕,10427175,은설,"어린 시절.. 누구나에게 추억으로 남아있을 동화들은 권선징악이 그 기본 주제였던 경우가 많았다.가난하지만 착하고 예쁘기까지한 심성 고운 주인공을 괴롭히는 못된 악역들의 활약은 동화의 엔딩까지 착한 주인공에게 감정이입을 강력하게 시켜주곤 했다.얼마전 그림형제의 동화책을 읽을 기회가 있어서 접해보았는데, 실제 동화들은 어린 시절 우리가 알고 있던 이야기만큼 아름답지도 순수하지만도 않았음을 알게 되어 꽤나 인상 깊었던 기억으로 수정되어 남게 된 것 같다.그러다가 백설공주를 끝까지 괴롭힌 새엄마 왕비에 관한 이야기를 색다른 시선으로 볼 수...+ 더보기",4,2018-10-27
169571353,사악한 여왕,10429779,koreagameid,"백설공주는 모두가 알고 있는 동화중 하나이다. 전 세계에서 가장 유명한
동화라고 해도 손색이 없을만큼 사람들에게 널리 알려져있다. 원래 백설공주는 유럽 곳곳에서 전해 내려온
이야기 였으나 독일의 그림형제가 모아서 다듬은 것이 오늘날 우리가 알고 있는 백설공주의 내용이다. 소설이
인기있다보니 원작의 스토리를 변형시키기도 하고 다른등장인물에 초점을 둬 새로운시점에서 볼 수 있게 하는데 이 책은 백설공주가 주인공이 아닌 백설공주의
새엄마인 여왕을 주인공으로 두었다. 

1937년 월트 디즈니 사에서 백설공주를 처음으로 공연하였...+ 더보기",5,2018-10-28
169571353,사악한 여왕,10525759,yevyev,"예전부터 난 악당이 왜 악해졌을까, 그들의 이야기가 궁금했다. 드라마에서도 주인공과 대비되는 악역이 뻔히 구분되어 있던 시절, 저 아이는 왜 저래야만 했을까, 악역의 심경이 궁금했다. 그래서 그들의 이야기가 따로 나왔으면 좋겠다고 생각한 적이 있었다. 그런 이야기로 처음 접한게 오즈의 마법사의 서쪽 마녀의 어린시절 이야기인 Wicked였고, 뮤지컬도 책도 재미있게 보았었다. 그런데 요즘 디즈니 악역의 이야기가 줄줄이 나오고 있다. 그 첫편으로 백설공주의 어머니. 그토록 미모에 집착해야 했던, 사악한 왕비의 이야기였다. 궁금...+ 더보기",3,2018-12-10
169571353,사악한 여왕,11293752,Seung Ji,"김미경의 북드라마단 추천으로 읽어보게된 책백설공주의 계모로 알려진 여왕이 주인공으로 등장하는 소설이다. 여왕은 거울 장인의 딸로 태어나지만 어머니가 출산시에 죽는 바람에 아버지의 미움과 학대를 받고 자란다. 나중에 왕의 눈에 들어 왕비가 되고, 전 왕비의 딸인 백설공주를 만나 사랑을 베풀지만 사랑하는 남편이 전쟁에서 죽게 된다. 이후 세 마녀의 꾐에 빠져 점차 악에 빠져들어가는 과정을 그리고 있는 소설이다.소설을 다 읽었어도 여왕의 행동이나 여왕이 악하게 변해가는 과정에 크게 공감되지는 않는다. 그리고 재미가 없었다.",1,2019-11-18
169571353,사악한 여왕,10382328,rebecca0101,"디즈니가 보여주는 이야기들은 언제나 우리들의 상상력을 자극을 하고 흥미와 동심의 세계로 인도를 해주는 영화 가진다. 특히 어렷을때 디즈니만이 가지는 고유의 감성은 우리들을 자극을 시키고 공주 혹은 왕자가 되는 꿈을 꾸도록 도와주엇다. 디즈니는 상당히 정통파적인 이야기의 형식을 가지고 있다. 언제나 사악한 악당의 최후는 비참하고 주인공들은 해피앤딩으로 끝나는 Ever Ever After 말이다 

이처럼 디즈니의 악당은 주인공의 대립의 관계에 서있는거 같지만 실상을 알고보면은 그저 주인...+ 더보기",5,2018-10-05
169571353,사악한 여왕,10412898,sujeee2011,한편의 영화를 본느낌이다. 너무나도 사랑스럽던 한 여인이 자신의 두려움과 욕망에 젖어가는 모습이 영상으로 지나갔다,5,2018-10-20
912779,경복궁 마루 밑,1125306,개구리,"[경복궁 마루 밑]을 역사 판타지 동화라고 하면 어떨까.  
스펙타클한 모험과 현란한 마법이 등장하진 않지만, 어린이 독자에게 상당히 호소력있는 모험과 마법의 세상을 펼쳐보인다. 독자는 그 세상으로의 여행에 기꺼이 동행하면서 자신의 삶에서 의미있는 것이 무엇인지를 깨달을 것이다. 경복궁 마루 밑에서 벌어지는 일들과 현실에서 일어나고 있는 일들이, 그리고 상상과 실제가 어우러지면서, 역사와 오늘이 어우러지면서, 참 많은 이야기를 참 재미있게 풀어냈다.   
- 왕따 -...+ 더보기",4,2007-05-29
912779,경복궁 마루 밑,1116820,사브레,"지지난 주에 창덕궁에 다녀왔다.오랫동안 중심 궁으로 활동(^^)을 했다는 곳인데, 많은 사람들이 오래 살았다고 하니 왠지 여염집 같은 기분도 들고 해서 친숙했다. 그러면서 경복궁 얘기도 들었다. 원래는 그쪽이 중심 궁이었는데, 전란 때 많이 소실돼서 창덕궁에서 주로 살다가 고종 때 다시 옮겨 갔다는. 그리고 근대기에는 일본의 침략으로 참 많이고 고생을 했다는.(현재 광화문은 원래 모습을 되살리기 위해 공사 중이다.)경복궁은 한 두어 번 가 본 거 같은데, 갈 때마다 약간은 무겁다는 생각을 했었다. 지금까지...+ 더보기",4,2007-05-15
912779,경복궁 마루 밑,1118105,주주,"‘마루밑’이란 낱말만으로도 벌써 궁금증이 꼬물꼬물 올라온다. 무릎 정도 밖에 안 되는 높이지만 안으로 깊숙이 뚫려 있어, 그 컴컴한 안쪽에 뭐가 있을지 짐작할 수 없는 미지의 공간이기도 하다. 어렸을 적 한옥이었던 외갓집 마루에 누워 있다가, 마루의 나무 사이가 쬐끔 벌어진 곳이 있으면 그 곳에 눈을 대고 가만히 들여다보곤 했던 기억도 난다. 그런데 보통 마루도 아니고 ‘경복궁의 마루밑’이라니 뭔가 특별한 일이 벌어질 것 같다. 경복궁을 관람하는 사람들치고 머리를 거꾸로 하고 마루 밑을 들여다 본 사람이 있을까? 주인공 은별이는 친...+ 더보기",4,2007-05-17
296239292,"빨강, 하양 그리고 완전한 하나",14007895,happenstance,"음 좋다. 운문형식이라 처음에는 낯설었지만 적응이 금방 된다. 달과 별, 피에 대한 비유가 매끈하고 유기적으로 전체 이야기를 관통한다. 낯설지만 부드럽고 따끈해 금방 즐기게 되는 팔락 파니르의 맛이 생각나는 작품.",4,2022-10-13
296239292,"빨강, 하양 그리고 완전한 하나",13689898,아는언니,"넘쳐나는 텍스트의 홍수 속에서 문장이 아름다운 소설이 그리운 요즘, 운문 소설이라니!",4,2022-06-18
296239292,"빨강, 하양 그리고 완전한 하나",13858821,손,동화의 주인공인 열세 살 레하는 인도계 이민자로 미국에 살고 있다.시 형식인 운문소설이다.아이가 스토리가 연결되는 신기한 책이라며 신기해 했다.초등학생인 아이가 책 두께를 보더니 엄청 어려운 책일 것 같다며 읽더니 한번에 읽어내려 갈 말큼 충분히 공감가고 이해할 만한 다채로운 주제가,5,2022-08-19
296239292,"빨강, 하양 그리고 완전한 하나",13730978,중동이,"『빨강, 하양 그리고 완전한 하나』라는 독특한 제목의 어린이 소설을 만났습니다. 이 작품은 2022년 뉴베리 아너상을 수상한 작품입니다. 그러니 믿고 볼 수 있다는 의미이기도 합니다. 그런데, 조금 낯섭니다. 왜냐하면 이 책은 “운문 소설”이거든요. 도합 118편의 시가 모여 하나의 서사, 하나의 이야기를 만들어 냅니다.     책을 펼치면 뭔가 색다르다는 생각을 갖게 됩니다. 물론, 운문 즉 시가 모여 소설을 이룬다는 점도 다르지만 소설의 모든 본문은 붉은 글씨로 인쇄되어 있습니다. 붉은 글씨로 인쇄된 책이라니, 왜 그럴...+ 더보기",5,2022-07-02
296239292,"빨강, 하양 그리고 완전한 하나",13705928,해피클라라,"​118편의 시로 읽어보는 인도계 미국인 레하의 성장소설.초등4학년 이상 중학생에게 추천하고픈 2022 뉴베리 아너상 수상작,<빨강, 하양 그리고 완전한 하나>는평일에는 백인의 세계에, 주말에는 인도의 세계에 속하는레하의 중2 생활을 시로 읽어보게 된답니다.후반부에서는 어찌나 눈물이 나던지요 ㅠ청소년 엄마이기도 해서, 레하의 성장과정에 더 몰입이 되기도 했어요.    ​
	
		
			
			주고받기

			 

			내 이름은 레하,

			엄마의 피 웅덩이...+ 더보기",5,2022-06-24
296239292,"빨강, 하양 그리고 완전한 하나",13732288,ilovebooks,"사춘기는, 자신에 대해 치열하게 고민하는 시기이다. 어디서 왔는지, 어디로 가야 하는지, 무엇을 향해 가야 하는지. 미래로 나아가기 위해서는 자신의 과거를 돌아봐야 한다. 대부분의 청소년들은 좌충우돌 지나기도 하고 또 아무 걱정 없이 앞으로 나아가기도 한다. 하지만 때로는 자신의 뿌리에 대해 생각하느라 너무나 힘든 시간을 보낼 수도 있다.<빨강, 하양 그리고 완전한 하나>의 레하가 그렇다. 엄마와 아빠는 인도인, 결혼을 하며 미국으로 건너와 자리잡고 열심히 생활을 이어가고 있다. 하지만 미국에서 태어나 미국 친구들과 미국...+ 더보기",5,2022-07-02
296239292,"빨강, 하양 그리고 완전한 하나",14208697,기진맥진,내가 살아보지 않은 삶이다. 그것을 접할 수 있다는 것이 문학의 매력 중의 하나가 아닐까. 그리고 공감까지 할 수 있다는 점이. 화자인 레하는 인도인 부모에게서 태어났다. 하지만 미국에서 살고 있다. 이민자 2세로 살면서 느끼는 정체성의 고민이 이 책의 중요한 축을 이룬다.     이 책은 내가 거의 접해보지 못한 ‘운문 소설’이다. 운문과 산문 중에 더 편한 걸 고르라면 나는 산문이다. 시는 써본 적도 거의 없고 함축보다는 그냥 있는 그대로의 문장을 더 선호한다. 그런 면에서 이 책이 처음부터 썩 끌리지는 않았다. 하지만...+ 더보기,5,2022-12-26
296239292,"빨강, 하양 그리고 완전한 하나",13701171,루나,"​2022 뉴베리아너상을 수상한  ""빨강, 하양 그리고 완전한 하나""뉴베리아너상이란 미국에서 가장 오래된 아동문학상으로서 칼데콧상과 함께 미국 아동문학 최고의 상으로 꼽힌다.​초등도서가 이렇게 눈물이 자꾸 나도 되는거야? ㅜㅜ밤에 읽다가 후반부로 갈수록 자꾸 눈물이 나서 책을 덮었다.(다음날 눈이 붓는 것은 싫으니깐)​다음날 책을 펴서 읽으면 또 눈에 눈물이 그렁그렁ㅠ계속 책을 폈다 덮었다를 반복하면서 읽어갔다.초등도서임에도 불구하고 감동적이어서 정말 오래간만에 눈물 쏙 빼며 책을 읽었다.​​아이는 아직 뒷부분을 읽지 않아...+ 더보기",5,2022-06-22
296239292,"빨강, 하양 그리고 완전한 하나",13705368,물방울,"사춘기 딸과 함께 읽어보고 좋았던 책추천해요~어린이 문학상이라고 불리는2022 뉴베리아너상 수상작인밝은미래 신간도서[ 빨강, 하양 그리고 완전한 하나]저자 라자니 라로카 자신의어린시절 경험담을 소재로해새롭게 태어난 소녀 레하의 성장담을특별하게 풀어낸 청소년 소설, 주니어 소설두개로 쪼개진 각기 다른세상에 자신의 정체성을 찾는사춘기의 혼란스러운 상황을118편의 시로 표현했으며이야기가 이어지는 서사형태의운문소설로 구성된 책이라읽기에 부담없고 좋아요.중학생추천도서로 딱이네요~표지에 보이는 슬픈얼굴의 레하레하는 미국인으로 살아가는...+ 더보기",5,2022-06-24
296239292,"빨강, 하양 그리고 완전한 하나",13686856,Michelle,"레하는 별이라는 뜻이야.나는 어떤 별일까?까마득히 먼 곳에서 차갑게 빛나는 별일까?주변에 있는 것은 모조리 태워 버리는 적색 거성일까?아니면 태양처럼빛과 온기와 생명을 주는 별일까?​하지만 우리 엄마 아빤 내 이름을 거의 부르지 않아.대신 날 칸나'라고 불러.사랑하는 사람소중한 사람이라는 뜻이지. pg 15​둘쨰가 갑자기 자기 이름을 부르지 말고, 다른 이름으로 부르라고 했다.이쁜이?싫단다.소중이? 우리 딸은 소중하니까, 소중이라고 부르면 될까?​우리 집에선 딸 아이의 이름 대신, '소중이'라고 부르기 시작했다.부를 때마다 나도 모...+ 더보기",5,2022-06-17
296239292,"빨강, 하양 그리고 완전한 하나",13686343,루가녕이,"해마다 나오는 뉴베리 아너상.2021년에는 <우리는 우주를 꿈꾼다> 책이 뉴베리 아너상을 받았습니다.아들과 원서로도 그리고 번역본으로 함께 너무나도 감동 깊게 읽은 책이라...점점 해마다 나오는 뉴베리 아너상을 보게 됩니다.올해 역시 반갑게 2022 뉴베리 아너상이 나왔네요.원서로는 Red, White and Whole 로 그리고 번역본으로 <빨강, 하양 그리고 완전한 하나> 입니다.표지부터가 성장소설임을 짐작하게 만듭니다.올해 들어 뭔가 영화 미나리 부터 파친코 까지 이민자들의 삶을 담은 소재들고 많은 책들이...+ 더보기",5,2022-06-17
296239292,"빨강, 하양 그리고 완전한 하나",13701537,탐서가,"""어린이 문학의 노벨상""이라 불리는 뉴베리상은 ​시니가니가 어릴 때부터 책과 가까이 지냈으면 하는 바램으로​수상작들을 가능한 많이 접하도록 해왔었다.​1922년에 제정된 전통있는 아동 문학상이기 때문에​어린이, 청소년을 자녀로 둔 부모들은 너나 할 것 없이 읽히고 싶은 책이다.​2022년에도 역시 뉴베리 수상작들은 발표되었고,​그 중에서 우수상에 속하는 뉴베리 아너상 수상작 한 편을 오랜만에 만났다.​<빨강, 하양 그리고 완전한 하나>.​대상은 금박 장식이었는데 아너상은 우수상이어서 은박인가보다.^^​<빨강, 하양...+ 더보기",5,2022-06-22
296239292,"빨강, 하양 그리고 완전한 하나",13709350,jhee0602,"빨강, 하양 그리고 완전한 하나 (라자니 라로카 |밝은미래)『빨강, 하양, 그리고 완전한 하나 』는 2022 뉴베리 아너상을 수상한 작품이다.뉴베리 상은 어린이 문학상에 주어지는 영예의 상이라고 할 수 있다.상이 가진 특별한 점도 나의 관심을 끌기 충분했지만 낯설었던 운문소설이라는 것이 나의 관심을 더 끌었다.          이 책의 저자 라자니 라로카는 인도 이민자로 이 책의 내용 대부분을 자신의 경험을 바탕으로 하고 있으며주인공 레하를 통해 자세하게 감정을 표현하고 있다.책은 내용면에서 감동과 희망을 전해주지...+ 더보기",5,2022-06-25
296239292,"빨강, 하양 그리고 완전한 하나",13732617,레즈,"‘라자니 라로카(Rajani LaRocca)’ ‘빨강, 하양 그리고 완전한 하나(Red, White, and Whole)’는 한 이민 2세 소녀의 성장을 그린 소설이다.먼저 눈에 들어오는 것은 독특한 서식이다. 일반적인 소설과 달리 시처럼 쓰여졌기 때문이다. 실제로 이 소설은 118편의 시가 하나로 이어져 소설이 되는 운문 소설이라고 한다. 각각이 개별적인 시인만큼 시의 특징인 비유나 운율이 살아있는 것이 특징인데, (원판은 어떤지 모르겠지만 한국어판에서는) 그게 그렇게까지 크게 두드러지지 않는다. 그냥 죽 이어서 읽으면 보통의 소...+ 더보기",4,2022-07-02
296239292,"빨강, 하양 그리고 완전한 하나",13773681,반가워요,"안녕하세요~이번에 제가 저희 아이와 읽은 책은 밝은미래 출판사의 <빨강, 하양 그리고 완전한 하나> 예요~책표지에보니 검은 피부의 여자아이가 미소를 띤 채 무엇인가를 응시하고 있어요. 캄캄한 밤하늘에 날리는 붉은 꽃잎이 몽롱한 분위기를 자아내요. 2022년 뉴베리 아너상이라는 반짝이는 표시가 이 책을 더 빛나게 하는 것 같아요. 이 책의 저자는 라자니 라로카예요. 인도에서 태어나 미국에서 어린시절을 보내며 하버드 의과 대학을 졸업해 의사의 삶을 살고있다고 해요. 병원에서 진료를 하지 않는 시간에는 소설과 그림책을 쓰면서 ...+ 더보기",5,2022-07-18
296239292,"빨강, 하양 그리고 완전한 하나",13934664,chang1999,어찌보면 작가의 자서전적 성향의 이야기인 듯 싶었다. 작품 속 주인공의 어머니가 백혈병으로 안타까운 죽음에 이른다는 이야기만 빼고 작가의 삶과 거의 비슷한 것 같았다. 인도계 출신으로 낯선 이방 땅 미국으로 건너와 자수성가한 이민자의 삶을 엿볼 수 있다. 이민자들이 하나같이 어려움을 호소하는 것이 있다. 피부색이 다르고 언어가 다르고 문화가 다르다는 점. 작가도 성인이 될 때까지 사춘기 소녀가 겪어야했을 남 모를 아픔을 많이 겪었을 것이다. 작품 속 주인공 레하를 통해 자신의 마음 속 이야기를 솔직하게 전달하는 듯 싶었다....+ 더보기,5,2022-09-16
296239292,"빨강, 하양 그리고 완전한 하나",13704392,Esther,"올해 뉴베리 아너상 수상작 빨강, 하양 그리고 완전한 하나올해 뉴베리 수상작~ 뉴베리상을 받은 책들은 초등 고학년 이상 추천 해주는 책인데요.뉴베리상은 어린이 문학의 노벨상이라고 불립니다.초등 4-5학년도 읽기에 적합한 운문 소설 시 같은 어렵지 않고 부담 스럽지 않은 글밥이랍니다.작가도 인도계 미국인 으로 의사인데요.이 책의 주인공도 인도계 미국인 그리고 의사를 꿈꾸는 아이입니다.아이의 학교생활 그리고 사춘기 아이들의 감정 그리고 아픈 엄마를 보며 꿈을 키우고 미국이라는 나라속에서 나를 바라보는 사람들의 시선 까지참 많은 감정을 ...+ 더보기",5,2022-06-23
296239292,"빨강, 하양 그리고 완전한 하나",13708516,캣도그,"어린이 문학의 노벨상이라고 불리는 '뉴베리상'. 1922년에 제정되어 매년 대상 한 작품과 우수상에 해당하는 아너상을 2~4작품씩 수여해 왔다.이 번 2022 뉴베리 아너상을 수상한건  <빨강, 하양 그리고 완전한 하나>이다.이 책에는 118편의 시가 쓰여 있고, 그 시들은 하나로 이어져 한 편의 소설을 이룬다. 이러한 형태를 운문 소설(verse novel)​이라고 부르는데, 나는 처음 보는 소설의 형태여서 흥미가 생겼다. ​몇년 전에 독서 관련 책을 읽었는데, 좋은 책을 선택하는데 ...+ 더보기",5,2022-06-25
296239292,"빨강, 하양 그리고 완전한 하나",13712401,소소한라이프,"빨강, 하양 그리고 완전한 하나​부모님은 인도인, 미국에서 태어난 이민자 레하의 이야기입니다.젊은 때 엄마, 아빠는 미국으로 건너와 뉴욕에 살았고, 지금은 작은 집도 있고 친구가 있는 미국 중서부 작은 마을에 살고 있어요, 레하는 인도인의 문화와 미국인의 문화를 함께 배우고 있지요, 학교에서는 미국인, 주말의 집에서는 인도인인 레하는 이민자가 느끼는 감정을 이야기합니다. ​자기 정체성에서 혼란스러운 나이에 느끼고 표현하는 감정은 어떠할까 궁금해지는 책이였어요. 더군다나 2022년 뉴베리 아너상 수...+ 더보기",5,2022-06-26
296239292,"빨강, 하양 그리고 완전한 하나",13715914,matilda,"빨강, 하양 그리고 완전한 하나라자니 라로카 글김난령 번역밝은미래2022년 6월 2일248쪽15,000원분류 - 초등고학년 창작동화나는 원래부터 책을 좋아하지 않았다. 하지만 이젠 아이들과 함께 책을 좋아하는 사람이 되고 싶다. 영원한 독자가 되고 싶다. 영원한 독자가 되기 위해 세운 목표가 있다. 뉴베리 수상작까지는 꼭 함께 읽는 독서 파트너가 되어주기로 말이다. 아직 아이는 저학년이라 심도 있는 주제와 길고긴 호흡을 지닌 뉴베리 수상작은 읽지 못한다. 하지만 올해부터 짧은 뉴베리수상작들로부터 시작해보려고 한다. 2022년 수상작...+ 더보기",5,2022-06-27
296239292,"빨강, 하양 그리고 완전한 하나",13698781,라희씨,"라자니 라로카빨강, 하양 그리고완전한 하나​라자니 라로카는 인도에서 태어났고, 미국 켄터키주, 루이빌에서 자랐답니다. 그녀는 집 밖에서는 미국인으로 살아가는 학교에서의 삶이 있었고, 집 안에서는 인도인처럼 생활해야 하는 삶이 있었답니다. 레하의 엄마는 레하를 얻고 앞으로 태어날 아가들의 집을 모두 없애버렸지만, 엄마는 그 일을 후회한 적이 단 한 번도 없다. 엄마는 레아에게 미국 사람과 다른 우리는 열심히 살아야 하고, 옷은 수수하게 입어야 하며, 성공하기 위해 중요한 일에만 집중해야 한다고 했답니다. 그리고 우리의 본성을 읽어버려...+ 더보기",5,2022-06-21
296239292,"빨강, 하양 그리고 완전한 하나",13716008,hooah,"《빨강, 하양 그리고 완전한 하나》 라자니 라로카 / 옮김 김난령 밝은미래 이전에 비해서 간헐적 독서를 즐기고 있는 콩군과 함께 읽어 볼 만한 책을 골라 보고 있었어요. 그러다 '2022 뉴베리 아너상(Newbery Honor) 수상작'이라는 문구보다 눈에 더 띄었던, 바로 '운문 소설(verse novel)'이라는 책을 콩군도 저도 선택하게 되었답니다.  밝은미래 출판사에서 출간된 《빨강, 하양 그리고 완전한 하나》 라는 책은 디자인...+ 더보기",5,2022-06-28
296239292,"빨강, 하양 그리고 완전한 하나",13704993,plumtrees,"초등 고학년이 읽을 수 있는 책은 어떤 책이 있을까학년이 올라갈수록 고민이 되는데어린이문학으로 뉴베리수상작을 읽으면 실패하지 않더라는..이번에 읽은 책은 2022 뉴베리 아너상 수상작으로초등고학년이 함께 읽기 좋은빨강, 하양, 그리고 완전한 하나​내 삶은 둘이야인도 사람의 삶 하나인도 사람이 아닌 삶 하나하지만 우리 엄마 아빠는 딱 하나의 삶에만 있어​2022년 뉴베리 수상한 운문 소설빨강, 하양 그리고 완전한 하나엄마의 작은 조각 하나가시간을 거슬러 날아와 내 손에 내려앉았어118편의 시를 만날 수 있다..빨강, 하양 그리고 완전...+ 더보기",5,2022-06-23
296239292,"빨강, 하양 그리고 완전한 하나",13707927,꽃둥이,"2022 뉴베리아너상에 빛나는 빨강, 하양 그리고 완전한 하나

올 해의 뉴베리 아너상에 빛나는 빨강 하양 그리고 완전한 하나

 

어린이 문학의 노벨상이라고 불리는 '뉴베리상'은 매년 대상 한 작품과 우수상에 해당하는

아너상을 2~4작품씩 수여해왔죠!

 

매년 뉴베리상이 발표될 때마다 화제가 되곤 했죠!

특히 이번 작품은 참 독특했던 것 같아요!

모든 책의 내용은 시로 적혀져 있고, 그 시들을 읽다보면 앞 뒤의 내용들이 하나로 이어지기에 참 독특한 ...+ 더보기",5,2022-06-25
296239292,"빨강, 하양 그리고 완전한 하나",13715892,shinendless,"< 빨강, 하양 그리고 완전한 하나>이 책은 조금 독특한 구성으로 쓰여진 도서인데요.시적인 구성의 소설입니다.2022년 뉴베리 아너상을 수상한 < 빨강, 하양 그리고 완전한 하나 >118편의 시를 통해 라자니 라로카가 전해주는 이야기에 귀를 기울여 보아요.레하를 통해서 라자니 라로카는 이야기 합니다.자신의 모습을~ 자신의 혼돈을~자신의 정체성을~~1980년 인도 이민자로 켄터키주 루이빌에서 자란 라자니 라로카!그녀는 진정 스스로 평범한 미국인이라고 생각하며자랐을까요?""둘 내 삶은 둘이...+ 더보기",5,2022-06-27
296239292,"빨강, 하양 그리고 완전한 하나",13701454,김선희,​ ​오늘은 요즘 저와 릴리가 함께 나눠읽고 있는 책 한권을 소개하려고 해요 사실 처음에 표지를 보고 생각한 것은 사춘기 소녀의 마음과 감정을 담은 책이라고 생각했고 혹시 모를 인종차별에 대한 어두운 이야기가 있을까.. 역간의 염려를 담아서 읽기 시작했어요 얼굴 표정에서 밝고 힘찬 기운보다는 조금은 정적이고 차분하면서도 약간은 어두운 느낌이 있었는데 책의 내용을 하나씩 만나보면서 사춘기 소녀의 머리속 여기저기를 함께 들여다 보는 느낌이 들어 충분히 재미있고 또 감동적인 이야기 였답니다 ^^사실 우리나라에 번역되어 출간되는 ...+ 더보기,5,2022-06-22
296239292,"빨강, 하양 그리고 완전한 하나",13704701,여우비,"2022년 올해의 뉴베리 수상작인 빨강, 하양 그리고 완전한 하나 를 소개합니다읽으면 읽을수록 새로운 느낌을 선사해주는 빨강, 하양 그리고 완전한 하나완전 쉽고 편하게 읽을수 있는 주니어소설 이에요운문소설 책을 펼치면 인쇄되어 있는 글이 어찌나 적은지시로 표현된 운문 소설이지만 읽은 느낌은 시적으로 쓴 주인공 레하의 일기장을 엿보는 기분이었어요긴 길을 읽기 싫어하는 아이들에게 딱인 청소년 소설이네요글밥이 적어서 빨리 읽을 수 있어요아무생각없이 글의 내용에 빠지다보면 어느새 다 읽었더라구요인도인인 레하의 부모님이 미국으로 오면서 생각...+ 더보기",5,2022-06-23
296239292,"빨강, 하양 그리고 완전한 하나",13716663,땡큐베리,"빨강, 하양 그리고 완전한 하나이 책은 시로 구성된 운문소설인데.. 이런 책을 처음 읽어서 일까요?짧은 글 속에 담긴 마음들이 더 강하게 느껴지고, 깊이 있게 다가오는 것 같아서 마음이 아파왔습니다.인도에서 태어났지만 미국에 살고 있는 레하.같은 환경에서 살아가고 있지만 인도와 미국이라는 문화적 차이를 자연스럽게 시로 담아내었고, 그 글을 읽으면서 그곳의 문화에 대해서도 잘 알아갈수 있었습니다.새로운 책이어서 어떤 느낌으로 다가올지 기대반, 두려움반이었는데..아이의 시선으로 봐서 일까요? 레하의 엄마가 아프기 시작한 뒤로부터의 글들...+ 더보기",5,2022-06-28
296239292,"빨강, 하양 그리고 완전한 하나",13704578,꼬마엘라,"해마다 미국 아동문학 발전에 가장 크게 이바지한 작가에게 주는 아동문학상 '뉴베리 상' 은아동문학의 노벨상으로 불릴 만큼 영광스러운 상이죠.뉴베리상은 매년 대상 한 작품과 아너상 2~4작품을 수여한다고 해요.집에 여러 권의 뉴베리상을 받은 작품이 있어서 읽어보았는데항상 아이들의 책이지만 제가 더 감동받고는 했거든요.뉴베리 아너상, 뉴욕 공립 도서관 올해의 책, 주니어 도서관 협회 추천 도서 등수많은 타이틀을 얻어서 더욱 유명한'빨강, 하양 그리고 완전한 하나'를 읽으면서도기대가 가득 되었답니다.'빨강...+ 더보기",5,2022-06-23
296239292,"빨강, 하양 그리고 완전한 하나",13705120,보니또민짱,"2022년 뉴베리아너상 수상작


   빨강, 하양 그리고 완전한 하나


   라는 제목의 책을 만나보았어요.


   

뉴베리상 은 매 해마다 미국 아동문학 발전에 크게 이바지한 작가에게 주는 아동문학 상이에요.


   


   좋은 작품이 많아서 저도 아이와 챙겨 읽으려고 노력하는 작품들인데요.


   


   올 해의 책은 진한 감동이 남는 그런 작품이었어요.


   


    

 

   

 ...+ 더보기",5,2022-06-23
296239292,"빨강, 하양 그리고 완전한 하나",13705530,Bona,"어린이문학빨강, 하양 그리고 완전한 하나2022년 뉴베리 아너상을 수상한 운문 소설이라고 해요.오잉?소설은 소설인데 운문 소설이라시와 같이 내용이 짧아요.엄마의 작은 조각 하나가 시간을 거슬러 날아와내 손에 내려 앉았어.이 책은 초등 고학년 이상 추천도서에요.초등4학년, 5학년 부터 읽을수 있는 운문 소설로 시로쓰여져 있기 때문에 글밥이 부담이 없네요.앉은 자리에서 휘릭휘릭금방 읽더라고요.특히 팝송을 들을 수 있는큐알이 있어서 들으면서 책을 읽으니 더 좋았어요.그 시대적 배경과 리듬까지 책 속으로~특이한 건 책의 본문 글씨가 빨강색...+ 더보기",5,2022-06-24
296239292,"빨강, 하양 그리고 완전한 하나",13704650,행복한엄마,"뉴베리수상작, 운문소설 빨강, 하양 그리고 완전한 하나산문소설 위주로만 읽히다보니 특별하게 운문소설을 읽혀보고 싶었던 엄마의 마음을 담아서 골라본 뉴베리수상작 ,빨강, 하양 그리고 완전한 하나 입니다. 2022년 뉴베리 아너상을 수상한 작품이라고 하니까 엄마 욕심에 한 번 더 읽혀주고 싶은건 안비밀;; 그만큼 수상작들은 일반적인 소설책과 달리 뭔가 글내용에서 얻어지는게 분명 있다고 생각하는 엄마로서 이 책을 살짝 들이밀었다.내 삶은 둘이야. 인도 사람의 삶 하나인도 사람이 아닌 삶 하나.하지만 우리 엄마 아빠는딱 ...+ 더보기",5,2022-06-23
296239292,"빨강, 하양 그리고 완전한 하나",13714264,WELCOME,"2022년 뉴베리 아너상 수상작 <빨강, 하양 그리고 완전한 하나>이다. 어린이 문학의 노벨상이라고 불리는 뉴베리상 수상작은 해마다 꼭꼭 챙겨서 읽고 있다. 어린이 문학이지만 어른이 읽어도 좋을만큼 깊이가 있고, 작품성이 뛰어난 이야기가 많아서 항상 기대가 된다. 이 책은 그동안의 수상작들과는 조금 다른 분위기의 책이다. 118편의 시로 되어 있는 운문 소설이기 때문이다. 시라고 하면 재미없다거나 지루하다고 생각하는 아이들도 있는데 이 책은 주인공이 자신의 이야기를 주제에 따라 이야기 들려주듯이 써놓은 시이기 때문에 읽다...+ 더보기",5,2022-06-27
296239292,"빨강, 하양 그리고 완전한 하나",13705477,언제나감사,"매년 새롭게 만나는 신선한 이야깃거리에 감탄하는데이번에는 운문소설이라 더 색달랐어요.118편의 시가 하나의 스토리처럼 이어져 가는데 시라는 특성이 잘 살려 있어서인지 그 감정이 더 진하게 전달되는 것 같아요.시 형식만 따르는 게 아니라 시가 가지는 언어적 수사법이 그대로 녹아 있어서 여러 가지 시각으로 펼쳐지는 상황이 하나로 이어지며 감동을 더하는 것 같네요.이민자 가정의 사춘기 소녀 레아,인도 사람과 미국 사람의 경계에서,또 부모와의 갈등에서 혼란스럽지만스스로 단단해지는 과정이 풍부한 감정들로 그려지고 있습니다....+ 더보기",5,2022-06-24
296239292,"빨강, 하양 그리고 완전한 하나",13692441,ssunshiny,"내 삶은 둘이야.인도 사람의 삶 하나인도 사람이 아닌 삶 하나.내 친구도 둘이야.인도인 친구 하나그렇지 않은 친구 하나.p2    인도계 미국인인 레하가 자라면서 내적인 갈등과 고민이 운문으로 아주 섬세하게 표현된 소설이에요.하지만, 운문이어서 그런지 술술 읽혀가는 속도에 반비례해서 생각은 자꾸 멈추며 하늘을 바라보게했어요.레하가 들려주는 속마음에 운율이 덧대어져 저도 모르게 레하가 된 것 같은 마음이었어요.별이라는 뜻의 레하와 달이라는 뜻을 가진 엄마의 이름 푸남은 같은 하...+ 더보기",5,2022-06-19
296239292,"빨강, 하양 그리고 완전한 하나",13777890,환서마미,"2022년 뉴베리 아너상 수상으로 유명한 빨강, 하양 그리고 완전한 하나를 저도 드디어 읽어 보았습니다.처음 시작할 때는 미국 이민자로서 청소년기에 겪는 성장통이라는 내용이 주를 이루겠구나 했었는데,마지막은 눈물이 주르륵 흐를 만큼 애틋한 모녀 이야기로 마무리되더라고요.엄마!엄마란 이름은 그냥 부르기만 해도 찡한 무언가가 있는 것 같아요. 아마도 나 자신이 엄마로서 살아가고 있고, 나의 엄마가 있었고, 그런 엄마가 저 역시 먼 곳으로 가 있기 때문이겠죠.짧고 은유가 풍부한 시로 구성된 운문 소설인 빨강, 하양 그리고 완전한 하나는 ...+ 더보기",5,2022-07-19
296239292,"빨강, 하양 그리고 완전한 하나",13815406,주니맘,"라자니 라로카빨강 , 하양 그리고완전한 하나 새로운 스타일의 운문소설라자니 라로카 님의 운문소설인데,​운문으로도 이렇게 아름답게 이야기가 물흐르듯이 읽어내려갈 수있다니 놀라울 따름이었다.​재미있고 시간가는 줄 몰랐던 운문소설.한번  손에 잡으니 쉽게 손이 안 떼어지는오랜만에  몰입감을 줬던 책이었다. 시로도  소설이 될수 있다는 걸 처음 알았다. ​이렇게도 할 수 있구나.눈물 날뻔한적도 여러번.시로도 눈물이 날수 있구나.​여러번 놀라게 한 책!!!이래서  2022  뉴베리 아너상을 받았구나~~♡십대라면, 13살 여자 주인공 레하가 ...+ 더보기",5,2022-08-01
296239292,"빨강, 하양 그리고 완전한 하나",13767118,khr1483,"""빨강, 하양 그리고 완전한 하나""..익숙한 듯 새로운 형식의 책을 만났어요..운문소설..시로 쓰여지고 그 각각의 시들이 연결되어 하나의 소설되는.. 주인공인 레하는 인도계미국인..주중엔 미국인으로 주말엔 인도인으로 살아가는 소녀예요..사춘기가 되면서 자신의 정체성에 대한 혼란과 부모님과의 관계에 답답함을 느끼게 되죠..그리고 반항이 미쳐오기도 전에 엄마의 병과 죽음을 받아드려야만 하고요..그래서 미처 전하지 못한 엄마에 대한 사랑이 늦어버린 것에 후회도 해요..피에 대한 공포에도 불구하고 엄마를 사랑해서 의사를 꿈꾸기도 ...+ 더보기",5,2022-07-15
296239292,"빨강, 하양 그리고 완전한 하나",13704188,윤수뽕마덜,"[2022 뉴베리 수상작] 빨강, 하양 그리고 완전한 하나   올해의 뉴베리 아너상 수상작을 만났습니다.제목도 정말 특별했던 책..빨강, 하양 그리고 완전한 하나그동안 뉴베리 수상작을 꾸준히 만나면서 한 번도 실망한 적이 없었는데요~이번 도서 역시, 가슴 뭉쿨함을 선물하면서아이들과 나와의 관계를 돌아보게 되는 계기를 만들어주었네요.  내 삶은 둘이야.인도 사람의 삶 하나인도 사람이 아닌 삶 하나.하지만 우리 엄마 아빠는 딱 하나의 삶에만 있어.이 이야기는 인도인이지만, 미국에 정...+ 더보기",5,2022-06-23
296239292,"빨강, 하양 그리고 완전한 하나",13704598,donguri80,"성장도서, 청소년소설요즘은 아이들 성장에 맞춰 단계별로, 연령별로 맞춤도서들도 잘 나온다.참으로 책 읽기 좋은 시대~~뉴베리상. 뉴베리수상작,어린이 문학상의 노벨상인 뉴베리상!!!!   2022년 뉴베리아너상을 수상한 빨강 하양 그리고 완전한 하나제목을 보고 무슨 색깔이야기??? 호기심자극발동 됩니다.  강렬한 붉은 표지의 소녀, 반짝반짝 은장의 2022 뉴베리 아너상뭔가 수상경력이 있는 도서들은 더 읽어보고 싶게 만드는것 같아요.그리하여읽어보면왜 이 책이 뉴베니수상작을...+ 더보기",4,2022-06-23
296239292,"빨강, 하양 그리고 완전한 하나",13772011,keai1206,이 글에는 스포일러가 포함되어 있습니다. 보시겠습니까?회색 영역을 클릭하면 내용을 확인할 수 있습니다.,5,2022-07-17
296239292,"빨강, 하양 그리고 완전한 하나",13705383,rina7946,"https://blog.naver.com/rina7946/222786318018 2022년 뉴베리 아너상빨강, 하양 그리고 완전한 하나  중2 소녀 레하의 시선으로 쓰인 운문소설인도인으로 미국인으로 살아가며 두 개의 삶을 살고 있다고 느끼는 레하엄마와 갈등이 생기는 레하의 마음을 읽으면서 봄양의 마음도 이럴까...하는 느낌이 들었어요. 읽고나면 코끝이 찡해지는 따뜻한 울림이 있는 책입니다.아이와 함께 읽어 보세요!",5,2022-06-24
296239292,"빨강, 하양 그리고 완전한 하나",13705414,lki1483,"어린이 노벨상이라고 불리는 '뉴베리상'.

올해도 대상 한 작품과 우수상에 해당하는 아너상이 몇 작품 발표 되었는데요~

오늘은 뉴베리아너상 수상작 중 한 작품을 소개해 드릴께요.

 

118편의 시가 쓰여 있고, 그 시들은 하나로 이어져 한 편의 소설이 되더라구요.

이런 소설의 형태를 운문 소설이라고 한데요.

처음 접하는 운문 소설이라 더 기대하고 읽었던거 같아요.

​

학년이 올라갈 수록 아이들이 서서히 책과 멀어지게 되는거 같아요.

제일 큰 이유가 시간적 여유...+ 더보기",5,2022-06-24
296239292,"빨강, 하양 그리고 완전한 하나",13697683,윤소희,"어린이 책의 노벨상 2022년 뉴베리 수상작빨강,하양 그리고 완전한 하나이 책은 118편의 시가 적혀있는 운문소설(verse novel) 입니다.인도인과 미국인 사이에서 자신의 정체성을 고민하는 사춘기 여자 아이 레하의 시선으로 적혀 있지요.엄마가 백혈병에 투병하는 동안 인도계 미국인으로서 세상에서 자신의 위치를 찾기 위해 노력하는 주인공 레하의섬세하고 미묘한 감정 변화를 표현한 책. 중학교 2학년 여자 아이 레하는 친구들과 어울려 놀기를 좋아하고 엄마는 싫어하는 댄스파티를 너무나 가고 싶어하고엄마가 만든 옷보다 남들처럼 ...+ 더보기",5,2022-06-21
296239292,"빨강, 하양 그리고 완전한 하나",13704366,meldare,매해 1월 말쯤되면 제가 가장 잊지 않고 하는 일이 있는데요. 바로 그해의 뉴베리 수상작을 검색하는 거랍니다.원서를 열심히 읽고 있는 딸 아이를 위해 부지런히 유명한 작품과 신간들을 권하곤 하는데요.당연히 검증이 필요없는 뉴베리 수상작은 거기에 빠질 수 없는 작품들이지요~근데 뉴베리 수상작인 책들의 연령이 아동이라기보다 아동+청소년이라서 초3인 저희 아이를 위한 책을 고를때는 왠만하면 항상 제가 먼저 읽어보거나 줄거리라도 검색해보고 권하는 편입니다.줄거리로 이미 안전한(?) 내용임을 검증한 후에 제공해주고.. 혹은 줄거리로 판별이 ...+ 더보기,5,2022-06-23
296239292,"빨강, 하양 그리고 완전한 하나",13707224,통통쎄니,"​ 해마다 엄청난 양의 새로운 책들이 쏟아져 나오는 가운데 고학년 아이와 함께 읽을 좋은 책을 고르기란 쉽지 않아요. 그래서 아동문학상 중의 하나인 뉴베리상을 받은 수상작들은 아이와 함께 챙겨 읽으려고 하는 편이랍니다.이번에도 역시 청소년 소설이라고는 하지만 어른인 제가 읽으면서 감동받은 책. 빨강, 하양 그리고 완전한 하나. <빨강, 하양 그리고 완전한 하나>는 글의 형식이 독특하다는 생각이 들었는데요. ...+ 더보기",5,2022-06-24
296239292,"빨강, 하양 그리고 완전한 하나",13704789,핑크토리,"올해 뉴베리 아너상 수상작인라자니 라로카 작가의 빨강, 하양 그리고 완전한 하나 입니다.본격적으로 읽기 전 표지를 통해 내용을 유추해 봤는데요.인도계 미국인 사춘기 소녀의 성장에 대한 내용인 것 같더라구요.인도계 미국인이란 설정으로 보면인종차별에 대한 내용이 나오지 않을까 예상했는데요.미국인과 인도인 사이에서의 정체성에 대한 이야기와사춘기 소녀의 성장에 대한 내용이에요.뉴베리상은 어린이 문학의 노벨상이라 불리는 상으로1922년 제정되어 매년 대상 한 작품과 우수상에 해당하는 아너상 2~4 작품에 수여한다고 합니다.올해 뉴베...+ 더보기",5,2022-06-23
296239292,"빨강, 하양 그리고 완전한 하나",13705071,널그리다,"2022년 올해의 뉴베리 아너상118편의 시가 하나로 이어지는 운문 소설은유로 가득한 놀라운 표현력으로읽는 내내 감탄할 수 밖에 없는 소설~!!빨강, 하양 그리고 완전한 하나믿고 읽게 되는 뉴베리상세계 여러나라로의 이동이 자유로워지면서한민족이라 불렸던 우리나라에도다문화가족이 많아지고다문화 교육을 많이 하고 있어요아이들 반에도 다문화가족 아이들이많아졌더라고요사춘기가 시작되면서부모가 원하는 삶과 본인이 원하는 삶 속에서고민이 많아지는 아이들과그런 아이를 지켜봐줘야하는 부모가함께 읽으면 좋을 책이네요독특하게 빨간 글자로 써있는 이유는빨강...+ 더보기",5,2022-06-23
296239292,"빨강, 하양 그리고 완전한 하나",13712358,ⓦⓘⓝⓓ,"<빨강 하양 그리고 완전한 하나>의 저자 라자니 라로카는 인도에서 태어나 미국 켄터키주 루이빌에서 자랐다. 저자는 인도계 미국 소녀의 성장 소설인 이 책을 통해 2022년 뉴베리 아너상을 비롯해 워싱턴 포스트 올해의 어린이 책, 뉴욕공립도서관 올해의 책 등 다수의 도서상을 수상했다.  주중에는 미국인으로 사립학교에 주말에는 인도인으로 가족과 친구들과 두 개의 삶을 살아가는 레하. 별이라는 뜻을 지닌 레하는 인도에서 태어나고 자란 아빠 엄마와 달리 자신을 평범한 미국 소녀가 되고 싶어한다. 하지만 레하의 피부색, 머리색, ...+ 더보기",4,2022-06-26
296239292,"빨강, 하양 그리고 완전한 하나",13705382,디노다나,"오랜만에 뉴베리 아너상 수상작 책을 읽었어요..뉴베리 수상작들은 읽다보면 왠지 모를 깊음이 있어요..어른들이 봐도 큰 감동을 느끼기도 하구요..이번 책은 빨강, 하양 그리고 완전한 하나로 ""인도계 미국인""의 이야기에요.레하는 ""별""이라는 뜻의 이름을 갖은 인도계 미국소녀에요.레하는 자신의 삶이 둘로 나눠진거 같은 느낌이에요. 미국인으로서 살아가는 학교에서의 삶과 인도인처럼 생활해야하는 집에서의 삶항상 둘로 쪼개진 것 같은 느끼며, 엄마와는 딴 세상에 사는 것만 같아요..엄마의 이름은 푸남 ""달""이라는 뜻이에요..이름만 보면 밤하늘에...+ 더보기",5,2022-06-24
296239292,"빨강, 하양 그리고 완전한 하나",13705619,황금마루,"뉴베리상을 수상한 작품은 감동과 재미와 상상력을 풍성하게 해주기에 믿고 읽을 수 있는 책이에요 저희 집에도 '엘데포', '안녕 우주', '우리는 우주를 꿈꾼다','기억의 전달자'4권의 뉴베리 수상작이 있는데 초등고학년과 청소년이 읽기에 정말 좋은 책이에요 ​저자인 라자니 라로카는 인도계 미국인 소녀 레하빨강, 하양 그리고 완전한 하나는 중학교 2학년 사춘기 소녀가미국인으로 살아가는 학교의 삶과 인도인으로 생활하는 가정에서의 삶 속에서 느끼는 혼란과 우정, 사랑과 가족애가 담겨진 책인데요 실제 경험한 것을 바탕으로 쓰여졌다고 해요 ​...+ 더보기",5,2022-06-24
296239292,"빨강, 하양 그리고 완전한 하나",13710581,toylove02,118 편의 시가 하나로 이어져선사하는 감동과 희망의 노래!술술 읽히는 운문소설!무엇보다 자신의 정체성에 대해 고민하는우리 아이들에게 꼭 읽히고 싶고엄마들에게도 권하고 싶은 책이예요~ 미국이라는 낯선 문화환경에서사는 소녀 레하에게는다른 친구들과 다른 집안의 문화와자신의 배경 속에서 혼란스러움을 느끼네요 주변 다른 친구들과 부모님의 모습과다른 자신의 부모님의 모습에다양한 의문도 품어보고....자신이 부모의 문화를 거부하고 반항해보면어떨까 고민도 해보는 모습을 보니사춘기 아이들의 고민이 조금은 이유가 있음을엄마의 입장...+ 더보기,5,2022-06-26
296239292,"빨강, 하양 그리고 완전한 하나",13705237,이은정,"타고 나길 예민해서 복잡하고 고민 많은 사춘기를 보냈던 나다.그런데도 내 자식이 사춘기는 여전히 난감하다.이해는 하지만 마음이 아픈...내 어릴 적 고민을 왜 똑같이 답습하는지 신기할 따름이다.아이의 마음이 궁금하고, 아이의 사춘기에 도움이 될까 싶어 찾던 중새로 나온 책 한 권을 발견!내가 밝은미래 출판사에서 나온 뉴베리상 수상작들을 좋아한다.아동/청소년 소설들이지만 성인이 읽기에도 무척 재미있다.이번 책은 2022년 뉴베리 아너상을 받은 [빨강, 하양 그리고 완전한 하나]다.[빨강, 하양 그리고 완전한 하나]의 저자라자니 라로카...+ 더보기",5,2022-06-23
296239292,"빨강, 하양 그리고 완전한 하나",13705067,하찡,"정말 인상 깊었던 책입니다. 운문 소설이라는 점도 굉장히 독특했고, QR코드로 시에 등장하는 노래를 들으며 읽으니 더 감정이 깊어지더라고요. 인도인으로 미국인으로 살아가며 두 개의 삶을 살고 있다고 느끼는 레하. 또래 아이들처럼 입고 싶고 놀고 싶어 엄마와 갈등이 생기는 레하의 마음은 마치 곧 다가올 저희 딸의 사춘기 모습일 것 같아 진작 이 책을 보여주며 함께 느끼고 이야기를 나눠야겠다는 생각이 들었네요^^ 울림이 있는 따뜻한 책. 시로 이어지는 이야기라 더 잘 읽히니 꼭 읽어보시고 읽혀보셔요^...+ 더보기",5,2022-06-23
296239292,"빨강, 하양 그리고 완전한 하나",13766025,트로피칼,"운문 소설.내가 처음 접해보는 색다른 종류의 소설책이다.각각의 시가 모여 하나의 소설 형태를 이루는 작품을 말하는 것으로, 뉴베리아너상을 받은 ‘빨강, 하양 그리고 완전한 하나’는 118편의 시가 수록돼 있고 시는 마치 모자이크처럼 이어져 소설로 이루어져 있다.시는 부모의 기대와 자신이 좋아하는 것 사이에서 혼란스러워하는 여자 아이를 다루고 있다.?주인공 레하는 중학교 2학년으로 친구들과 어울리고 멋진 드레스를 입고 싶어 하지만 엄마는 자신이 만든 옷을 입기를 원하며 레하가 댄스파티에 가는 것을 싫어한다. 둘 사이에 묘한 긴장감이 ...+ 더보기",4,2022-07-15
296239292,"빨강, 하양 그리고 완전한 하나",13706426,엄친맘,우선 뉴베리수상작이라 믿고 골라 봤는데요.역시 뉴베리수상작이라 그런지 성공률 100% 네요.내 삶은 둘이야.인도 사람의 삶 하나인도 사람이 아닌 삶 하나.이 글 귀는 꼭 인종으로만 분류 될 것이 아니라그냥 내 일상에서도 느껴지는듯한 말이더라구요.온전히 나의 삶과 엄마로서의 삶... 머 그런...그래서 짧은 글귀지만 쉽게 지나쳐지지 않고 가슴에 와닿더라구요.그저 우리 모두가 그렇게 살아가고 있는듯 하니까요.그리고 분명 스토리가 이어져 있는 소설책인데운율이 있는 시구들로 적혀 있는 운문소설이라 아이도 호기심을 가지고 읽더라구요.시처럼 ...+ 더보기,5,2022-06-24
296239292,"빨강, 하양 그리고 완전한 하나",13705750,아기도깨비,"2022 뉴베리 아너상 수상작빨강, 하양 그리고 완전한 하나​초등4학년 또는 초등5학년부터 읽을수있는뉴베리수상작 운문소설시 하나로 감동이 새록새록 넘쳐나더군요118편의 시가 쓰여있고 그 시들은하나로 이어져 한편의 소설을 이루지요이러한 형태를 운문소설 이라 부르내요​​13살 레아는 인도 이민가정의 외동딸레하는 자신의 삶이 둘로 나눠진것만 같다미국인으로 살아가는 학교에서의 삶인도인처럼 생활해아 하는 집에서의 삶레하는 항상 둘로 쪼개진 것처럼 느끼죠하지만 레하의 부모님은 이런 레하를이해해주지 않는군요시로 쓰여져 글밥의 부담이 적고빨리 읽...+ 더보기",5,2022-06-24
296239292,"빨강, 하양 그리고 완전한 하나",13694489,내조의마왕,"내가 살고 있는 삶은 하나라고 생각했는데지금 나 역시 두 가지의 삶을 살고 있는 것 같다.​내가 속해있는 우리 가족 안의 나내가 속해있는 사회생활 속의 나​두 삶을 살면서나 역시 어떻게 살고 있는지 되돌아보는 시간우리에게는 없어서는 안되는 부모님나를 무한한 사랑으로 이 나라에 살게 해주시고하늘처럼 빛나는 열린 미래를 주신 우리의 어머니 아버지그 모든 분들의 마음을 담아바친 책이라고 생각을 해본다.​소곤소곤 얘기하고 싶은 책마음속에 담아두고 싶은 책단어 하나하나내가 사랑하는 사람의 이름을 넣어 읽고 싶은 책​중학생, 고등학생들에게도마...+ 더보기",5,2022-06-20
296239292,"빨강, 하양 그리고 완전한 하나",13707343,짱이마미,"2022년 뉴베리 아너상 수상작아픈 엄마를 낫게 하겠다며 의사의 꿈을 키우는 여자아이의 이야기빨강, 하양 그리고 완전한 하나안녕하세요. 짱이마미입니다.매해 운좋게도 뉴베리상 수상작을 만나보고 있는데요..올해 2022년 뉴베리 아너상을 수상한 빨강, 하양 그리고 완전한 하나라는 책을 만나보게 되었어요..  따끈따끈한 올해 뉴베리 수상작이랍니다.^^표지를 보니.. 완전 흑인은 아니듯한 느낌이...  들더라구요.책을 읽어보면서.. 아... 인도였구나.. 했네요.그리고 왜 빨강, 하양 ...+ 더보기",5,2022-06-24
296239292,"빨강, 하양 그리고 완전한 하나",13764632,브라이트,"뉴베리상 수상작은 나랑 코드가 잘 맞아서 늘 즐겁게 보고 있었다. 그러던 중 이번 뉴베리 아너상 받은 책은 운문소설이라는 소식에 더 관심있게 책을 읽기 시작했다.운문소설이 무엇일까 궁금했는데레하의 이야기를 읽고 있는다기 보다는 그저 레하가 옆에서 이야기 해주는 그런 느낌의 소설이였다.레하는 인도계 미국인이다.부모세대가 이민을 와서 살아가고 있는 미국인우리나라에도 이런 친구들이 많은데 난 가끔 그들은 미국인이지 한국인이 아니지 라는 생각을 했었다.그런 생각이 얼마나 어리석은지, 이 책을 통해 깨닭고 부끄러움을 알게되었다.자신은 미국인...+ 더보기",5,2022-07-14
296239292,"빨강, 하양 그리고 완전한 하나",13704920,그대그리고나,이런 부류의 책은 처음인것 같다이민자의 삶이 고단하고 어렵다고만 나오지소녀가 이민가서 실제로 문화에 적응하고 정말 현실적인 에피소드에 연속!!!진정성 있게 느껴졌다그리고 사춘기 소녀의 엄마의 죽음을 대하는 자세~모두 작위적이지 않고 자연스러움이 느껴져서  편하고은은하게 읽기 좋은 책이였다,5,2022-06-23
296239292,"빨강, 하양 그리고 완전한 하나",13704616,kindness89,슬슬 사춘기가 시작되고 있는 것 같은 딸과긍정적으로다 밀당을 잘하며 관계를 깨뜨리지 않기 위해노력하고 있습니다어린이 문학의 노벨상이라고 불리우는 뉴베리상까지받은 어마어마한 책 다워요절대 후회하지 않아요폭풍감동도 있어요여느 아이들이 그렇듯이 주인공 레하도 부모를 간섭의 대상으로만 보다가엄마가 백혈병을 앓는 과정에서진정한 사랑을하나됨을 확인하지요118편의 시로 한편의 소설로 되었다는 거 자체로도입이 떡 벌어지는데 지은이 라자니 라로카는 하버드 의대를졸업했다네요대박딸은 실제로 등교길에 손에들고 읽으면서 갈 정도적극 추천합니다,5,2022-06-23
296239292,"빨강, 하양 그리고 완전한 하나",13759959,송우진,"<빨강, 하양 그리고 완전한 하나>는 2022년 뉴베리 아너상 수상작이에요글밥이 적은 그림책만 읽다가 수상작이라기에 큰 맘 먹고 한 번 읽어보기로 했죠.한 편 한 편의 운문으로 스토리가 이어지는 독특한 구성의 책인데운문으로 구성되어 있어서 책 두께에 비해 글밥이 적고,아이가 속마음을 일기장에 적어 놓은 것 같은 말투로이야기가 이어지기 때문에 생각보다 술술 읽히는 책이기도 해요.책 커버를 벗겨내면 제목을 상징하는 '하양' 바탕에핏방울 같기도 하고 겨자씨 같기도 하고 빈디 같기도 한 점들이 떨어져내려요운문 소설이라기에 어떤 ...+ 더보기",4,2022-07-12
296239292,"빨강, 하양 그리고 완전한 하나",13704935,도다네,"2022년 뉴베리수상작이 발표되었다.표지부터 매력적인 이 책이 2022년 뉴베리아너상 중 하나다.​빨강, 하양 그리고 완전한 하나영어제목은 Red, White and Whole표지에서 동양적인 느낌이 물씬 풍겨나는 것이 어떤 내용일지 궁금증을 자아낸다.저자 라자니 라로카는 인도에서 태어났고, 미국에서 자랐다.​두개의 삶을 살고 있다는 책의 시작은 어쩌면 작가 자신의 이야기가 담겨져있는지도 모르겠다.소설을 읽기 시작하고 나니 뭔가 이상한 이 느낌?책이 시로 되어 있다.그렇다고 시집은 아니다.빨강, 하양 그리고 완전한 하나는 '운문소설...+ 더보기",5,2022-06-23
296239292,"빨강, 하양 그리고 완전한 하나",13704028,luj9999,"빨강, 하양그리고 완전한 하나! ​올해의 뉴베리 수상작뉴베리 아너상 수상작인 <빨강,하양 그리고 완전한 하나> 우리가 흔하게 접해보지 못했던 운문소설이라는 점이 이 책을 더 읽어 보게 만들어 준 것 같네요.  ​​뉴베리 아너상은 해마다 미국 아동문학 발전에 가장 크게 이바지한 작가에게 주는 아동문학상이기 때문에 <빨강,하양 그리고 완전한 하나>는 그만큼 문학성을 인정받은 책이예요.​​이 책의 작가 라자니 라로카는 인도에서 태어나 미국에서 자란 이민자인데요. 책 속에서 주인공도 이민자여서 작가의 이야기가...+ 더보기",5,2022-06-23
296239292,"빨강, 하양 그리고 완전한 하나",13704234,ohana62,시에 관심이 많은 5학년 따님을 위해 가제를 보자마자 이거다 싶었어요 `평소 책읽기는 싫어하지만시는 좋다면서 시를 쓰기도하고 시집을 사달라는 말을 많이 들었는데 2022 뉴베너리 아너상까지 수상한 책이라도하니 시를 좋아하는 아이에게 도움이 될것같아 읽게 해주었답니다 ! 요즘 영어 공부도 하고있는데 원서로도 읽어보면 좋겠다는 생각이 드는 책이예요 !,5,2022-06-23
236157039,녹색 인간,11595913,imimosa,표지와 발췌된 부분을 보니 흥미진진할 것 같이요.  바로 주문합니다!,5,2020-03-23
236157039,녹색 인간,11598720,쉼쉬기,"와~~작가의 상상력이 대단합니다. 사람들이 각자 원하는 식물들과 결합하여 광합성을 할수있는 능력 뿐아니라 그 식물의 색깔,특성 또한 갖게된다니..소녀의 꿈과 모험으로 시작해 박진감있게 이야기가전개 되고 마지막 반전까지 있네요한번에 책 한권 뚝딱했습니다.",5,2020-03-24
236157039,녹색 인간,11598716,soso3117,소재가 참신하네요.녹색인간 ㅎㅎ딸이 그림보고 사람이 왜 초록색이냐고 물어보네요.시금치를 많이 먹어서 초록색으로 변했나?   하네요.그래서 읽어보자고 주문했습니다~,5,2020-03-24
236157039,녹색 인간,11620991,예베베,"작가님의 상상력이 정말 대단합니다!! 이책의 제목이 정말 특이하구 재밌어서 읽게됬는데, 책속에 빠져든것처럼 진짜 재밌어요><나중에 진짜 이런일이 생길수도 있겠구나 하는생각이 들어요. 작가님이 진짜 대단하세요^^꼭 읽어보시길 바랍니다~",5,2020-04-02
236157039,녹색 인간,11714813,책이좋은썬,"전작품 꽃방귀를 너무나 좋아하던 터라, 망설임없이 읽게 되었다. 전작이 옛날이야기였다면 이건 미래의 이야기이다. 2055년의 지구. 인간은 광합성을 할수 있을까? 요즘 아이들과 생각해보기 좋은 이야기다. 역시나 따뜻함을 잃지 않는 작가님. 그린필드,오리진이 아닌 하나된 지구를 꿈꾼다.",4,2020-05-13
236157039,녹색 인간,11624218,kyuhwani,와~~  정말 재미있고 지루하지가 않아요^~^  우리 아이들의 창의력과 감성을 키우는데 최고인거 같아 많은 어린이들에게 이책을 강력 추천 합니다^^  좋은 하루 되세요.,5,2020-04-04
236157039,녹색 인간,15978085,파란놀,"다듬읽기 / 숲노래 글손질 2024.11.5.다듬읽기 185《녹색 인간》 신양진 글 국민지 그림 별숲 2020.3.31.  《녹색 인간》(신양진, 별숲, 2020)은 ‘사람’하고 ‘푸른사람’을 갈라서 보여줍니다. ‘사람’이 망가뜨린 별에서 ‘푸른사람’이 나타나서 조금씩 살리는 길인데, 이때에 ‘사람’은 ‘푸른사람’ 둘레에서 종살이를 한다는 줄거리입니다. ‘사람’은 또 이 별을 망가뜨릴 수 있다면, ‘푸른사람’이 ‘사람’을 종처럼 다룰 수 있겠지요. 그런데 이때에는 ‘사람’이 어떤 짓을 벌...+ 더보기",2,2024-11-05
236157039,녹색 인간,11754638,deeplake,오랜만에 대형마트에서 장을 보는데 색이 다른 수박이 있어서 씨가 없는 수박이냐고 여쭈었더니 그렇긴 한데 이런게 다 유전자 조작이니 그냥 씨가 있는 수박을 사라고 하셨다. 대기업 마트에서 소신있는 안내를 받을수 있는것은 건강한 움직임이라고 느껴졌다. 작년에는 대규모로 마련된 주말농장 텃밭을 도왔는데 올해는 가정집 마당에 꾸린 텃밭을 돕게 되어 우리가 직접 종묘사에 들락 거리게 되었는데 토종모종과 씨앗을 구하는것이 어렵다는 것을 알게 되었다. 특히나 품종 개량과 유전자 변형을 알기란 더욱 쉽지 않고 말이다.벌써부터 검게 그을려 반지자국...+ 더보기,5,2020-06-01
236157039,녹색 인간,11714216,logos678,이 글에는 스포일러가 포함되어 있습니다. 보시겠습니까?회색 영역을 클릭하면 내용을 확인할 수 있습니다.,4,2020-05-13
236157039,녹색 인간,12018854,최현숙,미래 사회의 모습.식량난으로 인해 지구는 인간과 광합성을 하는 녹색인간으로 나누어진다. 스스로 광합성하는 인간...상상의 끝은 어디까지인지...요즘은 과학의 발달로 사이보그 시대가 왔다고 하는데...식량난때문에 곤충으로 만든 양갱을 먹던 설국열차가 떠오른다.녹색인간을 만드는 연구소.식량난을 해결하기 위한 씨앗 연구소.모두 누구를 위한 연구인지...끝없는 욕심은 재앙을 불러오는데...참신하고 독특한 소재로 재미있게 읽었다.어린이들이 읽고 미래사회를 더 꿈꾸게 하고 싶다.그러나...빈부의 격차는 어느 시대나 존재하고...과학이 발달해도...+ 더보기,4,2020-09-22
440549,슬플 때도 있는 거야,1002797,마노아,"비룡소 책이기 때문에 무조건 뽑아들었다. 슬픈 내용일까 봐 조금 주저하기도 했지만, 퀸틴 블레이크의 책이 생각나 그대로 펼쳐 들었다.
어린 아이일지라도 피치 못할 상황으로 죽음을 만날 때가 있다.  그때 아이에게, 그 슬픈 이별을 설명해주는, 극복하게 하는 지침서와 같은 책이다.
소리 내어 울어도 괜찮아.괜찮아, 궁금하면 물어봐.아냐, 네 탓이 아니야.슬픔은 나누면 반이 돼.사랑했던 사람은 지금 어디 있을까?넌 여전히 사랑받을 거야, 믿어 봐.전과 달라지는 건 없을 거야.달라지는 것들도 있어.뭐가 뭔지 모르겠다고? 그건...+ 더보기",5,2006-11-18
440549,슬플 때도 있는 거야,883695,Willy,지난 번 아이에게 <바람이 불 때에>라는 레이먼드 브릭스가 쓴 동화책을 읽어주었답니다. 처음에는 전쟁에 대한 이야기인줄 모르고 늘 그의 작품이 유머스럽고 재미있기에 읽은 것인데 아이가 다음 날 너무 슬펐다고 하며 감동을 받았다고 하더군요.조금 컸닥 생각되고 그 다음 전쟁에 대한 이야기를 다룬 책을 몇 가지 읽어주어야 겠다고 그런 내용의 책을 찾아보았지요. 슬픈 이야기이지만 지금도 전쟁이 있는 당연한 현실 속 이야기이기에 이제는 좀 알아야 한다는 생각에서 였습니다.아이는 그 때마다 무척 슬퍼합니다. 또한 우리 아이는 처음으...+ 더보기,5,2006-05-24
440549,슬플 때도 있는 거야,295044,melmel,슬플 때도 있는 거야... 이런 책이 이제서야 출판된 것이 속상하면서도 이제서라도 나왔으니 다행이야... 라고 생각했습니다. 슬플 때도 있다는 것. 울어도 된다는 것. 슬프다고 말해도 된다는 것... 너무나도 공감합니다. 어릴때 잃은 가족들... 나이들어 잃은 친구들... 때로 슬플때... 어찌해야할지 몰랐던 기억들... 때로 너무 슬퍼하지 않는것 같아 자신이 이상한건 아닐까 싶었던 기억들... 아이에게도 어른에게도 필요한 책.,4,2003-12-28
341951617,너의 장점은?,15648935,르미,많은 생각을 던지는 제목이네요. 그림도 따뜻하고! 기대됩니다.,5,2024-06-28
341951617,너의 장점은?,15692060,설상가상,"아이들과 읽으면 더 좋은 책 ⭐️책에 나오는 아주 다양한 칭찬을 읽으면서주위 사람을 떠올리며 그 사람을 칭찬해 줄 수도 있고,공감되는 부분에는 스스로를 다독여줄 수도 있는 긍정의 책!이런 성격이나 특징도 칭찬할 수 있구나~ 하고시야를 넓힐 수 있어 좋습니다.",5,2024-07-14
341951617,너의 장점은?,15705324,vocalhooni,기대됩니다,5,2024-07-19
341951617,너의 장점은?,15789258,고땅,"‘나는 초등학교 5학년 김서준이라고 해.나의 장점은 사람들의 장점을 잘 찾는 거야.나는 집에서, 학교에서 사람들의 장점을 찾아.장점은 누구에게나 있어. 그렇지만 자세히관찰하지 않으면 단점이 더 잘 보이기 마련이지.그동안 내가 찾은 주변 사람들의 장점을 알려줄게. 자, 그럼 지금부터 시작!‘ ‘나도 엄마처럼 판단을 빠르게 내리고 싶어.그럼 무슨 일이든지 척척해낼 수 있겠지.실수를 하더라도 금방 바로잡을 수 있을 거야.‘ ‘솔직하게 마음을 털어놓는 건 어려워.가끔 연필처럼 뾰족한 서윤이 말에 질려서화가 나고 서운할 때...+ 더보기",5,2024-08-21
341951617,너의 장점은?,15789450,토마토스프,"누구나 장점은 꼭 있어!내가 생각하는 너의 장점은~솔직해.믿음직스러워.유머 감각이 뛰어나.한결같아.공감을 잘해 줘.웃음이 많아.잘못을 인정할 줄 알아.너그러워.새로운 환경에 잘 적응해.인내심이 뛰어나.자기 일을 사랑해.나의 장점은?장점을 잘 찾아!장점이 없다고?설마, 그럴 리 없어!내가 찾아줄게.단점은 찾기 쉬운데 장점 찾기는 어렵다고?가까이 다가가 오래 들여다봐야 해.눈에 보이지 않고 손에 잡히지 않는 것이 훨씬 소중할 때가 많거든.반짝반짝 빛나는 장점을 발견할 때이 세상에 얼마나 재미난 게 가득한지 알게 될 거야.서로의 장점만 ...+ 더보기",5,2024-08-22
341951617,너의 장점은?,15673432,petergo,이 세상 모든 존재는 장점이 많다. 그럼에도 불구하고 스스로를 자책하거나 비하하는 경우가 많다. 동일한 상황에서도 누군가는 impossible (불가능)이란 단어가 또다른 누군가에겐 i'mpossible (할 수 있어요!)천지차이의 결과를 가져오게 된다. 그렇다.최백규 작가님의 책 <너의 장점은>그래서 쾌재를 부르게 된다. 왜 이제서야 탄생했냐고!앞으로 무럭무럭 자랑 꿈나무들을 그리며 최백규 작가님께 감사하다. 어린이들에게 최고의 도서라 말하고 싶다.,5,2024-07-07
341951617,너의 장점은?,15688379,썬,"누구나 장점은 꼭 있어!나의 소중함과 내 존재 가치를 돌아보는 많은 책들 속에서 너의 장점과 좋은 점을 찾아보고 나에게도 적용시켜 보는 새로운 시각의 책이 나타났어요.사람들의 장점을 잘 찾는다는 주인공 서준이의 자기 소개로 시작하는 책, 너의 장점은? 은 서준이의 시선을 따라 주변인의 장점을 찬찬히 살펴봅니다. 판단이 빠른 엄마, 집중력이 높은 아빠 등 가족들로부터 학교 친구들과 선생님, 온라인 친구에서 나아가 동네 사람들, 유명인에 이르기까지 대상이 다양해요. 그 인물들의 일상 생활에서 찾아낸 장점들을 읽고 있노라면 나도 내 곁의...+ 더보기",5,2024-07-13
341951617,너의 장점은?,15693226,퐁듀먹을래,"주변 친구들에게 관심 많고, 친구들에게 어떻게 보이는 것이 가장 중요한 초등 3-6학년이꼭 읽어보면 좋겠어요.불만 많고 남 탓 많이 하는 요즘 친구들이 '이런 점도 장점이 될 수 있어?' 라고 생각할 수도 있을 것 같아요.장점은 멀리 있는 것이 아니라 여러분 있는 그대로의 모습에서 틀림없이 찾을 수 있어요!",5,2024-07-15
341951617,너의 장점은?,15694033,하늘다리로,"자신에 대해 실망할 때, 이 책을 읽고 누구나 장점이 있다는 말에 희망을 가지게합니다. 주변사람들을 통해 장점을 쉽게 찾게 해주고 내 주변사람들은 어떤 장점이 있을까? 를 떠올리게 해주는 책입니다. 초2학년 우리 동네와 연계해도 좋을 것같고 중,고학년도 금방 읽고 장점은 어떤 특별한 능력이 아니라 쉽게 찾을 수 있는 성품이라는 점을 깨닫게 해주는 책입니다.",5,2024-07-15
341951617,너의 장점은?,15683313,황수진,우리 모두 누구나 장점을 가지고 있다. 하지만 사람들은 사실 장점보다는 단점을 더 먼저 발견하고 집중하곤 한다. 그런 우리들에게 이 책은 장점 발견 안내서로 장점을 발견할 때 아이들은 성장할 수 있따고 말한다. 그리고 장점을 먼저 보고 발견하는 태도가 얼마나 중요한 지를 깨닫게 만든다. 이 책에 담긴 자신을 둘러싼 사람들의 장점을 발견할 때마다 조금씩 자라는 아이의 이야기는 다른 이들의 장점을 하나씩 발견하는 것은 성장을 위한 자기 발견과 자기 긍정의 가장 기본이라는 것을 깨닫게 만든다. 이 책의 이야기는 주인공 김서준이 자신의 장...+ 더보기,5,2024-07-11
341951617,너의 장점은?,15692398,단비,"자기의 장점을 잘 아는 사람이 얼마나 될까.서준이는 사람들의 장점을 잘 찾는 장점을 가지고 있다. 잘 관찰하지 않으면 잘 보이지 않는 것이 장점이다. 보통은 단점이 먼저 보이기 마련이다.     서준이는 그동안 관찰하며 찾은 주변 사람들과 사물의 장점을 알려준다.      늘 바쁘지만, 뭐든 판단이 빠른 엄마, 집중력이 높은 아빠, 솔직한 동생 서윤이, 우리 집 귀염둥이 막내 코코인 가족부터, 뭐든 계획적이고 공평한 친구 준우, 믿음직스러운 민준이 형, 다른 사람에게 관심이 많은 서연 누나, 유머 감각이 뛰어난 내...+ 더보기",5,2024-07-15
341951617,너의 장점은?,15683055,청사포조아,ㅅ사람은 누구나 장점과 단점이 있어요.그러나 장점이 먼저 보이기 보다는 단점이 먼저 눈에 들어오는 경우가 많아요.상대의 단점은 거슬리고 불편해 보이기도 해요.이 책은 모든 상대의 장점을 진지하고 집중해서 바라봐줍니다.특징 중에서 이렇게 장점 만을 모아 놓았어요.-그래 좀 덜렁대긴 해-욕심이 많아-지기 싫어해-잘 삐져.우리가 이런 말들을 일상 대화에서 많이 나눈다면주인공인 초등 5학년 김서준은 자신의 장점부터 얘기해요.자신의 장점은 상대의 장점을 잘 찾는 것이라고요.칭찬을 하다 보면 의식적으로 하더라도 손가락에 꼽을 몇 가지를 넘기긴...+ 더보기,5,2024-07-11
341951617,너의 장점은?,15714027,pjs0204kr,"#도서협찬 #책씨앗 #새싹단2기 #선물도서#너의장점은? #최백규_글 #경혜원_그림 #창비 #신간도서 #추천도서 #초등도서 #장점찾기""누구나 장점은 꼭 있어!""*어린이를 위한 장점 발견안내서**장점을 발견할때 어린이는 성장한다*<네가 울어서 꽃은 진다>의 최백규 시인의 따뜻한 글과 <공룡 엑스레이>, <커다란 비밀 친구>의 경혜원 작가의 그림이 만나 우리의 마음을 몽글몽글하게 해주는 책 《너의 장점은?》이 출간되었다.《너의 장점은?》제목을 보는 순간 '내 장점'은 뭐지? 찾아보게 된다.내게도 장점이 있...+ 더보기",5,2024-07-23
356003753,다판다 만물 트럭 1,16235123,hrkimpsy,후훗 웃게하는 유머가 있어요. 같이 추리하는 재미도 있고요~,5,2025-02-17
356003753,다판다 만물 트럭 1,16229685,댄스는 맨홀,"<출판사로부터 도서를 지원받아 작성한 리뷰입니다.>한쪽 눈만 검은 점이 있는 다판다씨는 과학을 통해서 사건의 단서를 찾아내고 추리하는 탐정입니다. 이번 사건에 관련된 과학지식은 '마찰력'입니다. 눈이 녹아 얼어서 길이 많이 미끄럽습니다. 빙판은 왜 미끄러울까요? 이 또한 마찰력과 관련이 있습니다. 다판다씨의 추리 실력이 어떤지 볼까요?<사진출처 다판다 만물트럭 1 맛나빵집 사건 15쪽/ 서지원 지음, 이종혁 그림 / 니케주니어>다판다씨가 도착한 이곳은 레니가 사는 평화로운 마을입니다. 레니는 곧 다판다...+ 더보기",5,2025-02-15
356003753,다판다 만물 트럭 1,16512830,하하하,"#도서협찬 #도서지원 사건이 있는 곳에 살짝 탐정이 갑니다요~<다판다 만물 트럭 1. 맛나 빵집 사건> 한 쪽 눈에만 검정 무늬가 있는 판다 다판다. 멍든 걸로 오해를 받기도 하지만 엄연히 판다다. 만물 트럭을 몰고 다니며 뭐든 다 파는 다판다는 사실 비밀이 하나 있어. 그냥 단순한 만물 트럭 장수는 아니거든. 다판다의 비밀은 말이지...... 📖🏷""난 그빵을 꼭 먹어보고 말 테다. 그러려면 개똥을 던지는 범인이 누군지 밝혀내야겠지?""""아저씨가 그걸 어떻게 밝혀요?""""난 뭐든 팔 수 있고, 뭐든 할 수 있어."" 🏷""...+ 더보기",5,2025-06-10
356003753,다판다 만물 트럭 1,16328353,ssong1314,"#도서협찬  #북리뷰#다판다만물트럭서지원_지음이종혁_그림#니케주니어 @nikebooks_junior@lael_84고맙습니다♥태어날 때부터 한쪽 눈에 검은 반점이 없는 다판다.없는게 없는 만물트럭을 몰고 다닌다.피그아저씨네 빵집에 개똥이 든 봉지가 날아들고피그씨의 맛나빵집은 이번 달을 끝으로문을 닫기로 한다.맛나빵집의 바게트를 좋아하는 레니는 빵집이 없어지지않기를 바라는 마음에 다판다의 조수가 된다.다판다 탐정의 과학 퀴즈가 있어트럭마다 다른 타이어의 무늬를 알고,범인을 추리할 수 있다.맞은편 옥상에서 누군가가 던진 개똥.다판다는 피...+ 더보기",5,2025-03-25
356003753,다판다 만물 트럭 1,16344233,bong678,출판사로부터 도서를 제공받아 읽고 쓴 리뷰입니다.#도서제공 #협찬📚 다판다 만물 트럭1. 맛나 빵집 사건@nikebooks_junior글 서지원그림 이종혁다판다 만물 트럭에는어떤 물건을 팔았으면 하나요??생각하지 못한 물건들까지 파는다판다 만물트럭이 아주 탐나더라구요?!어느 날 알파벳 마을을 지나가던 다판다는맛나 빵집이 문닫을 위기에 쳐했다는 이야기를레니라는 아이를 통해 알게됩니다.누군가 빵집앞에 개똥을 던져두고 가기 때문에사람들이 냄새난다며 빵을 사먹으러 오지 않기 때문인데요'살짝' 탐정이라 말하는 다판다와레니는 문닫게...+ 더보기,5,2025-03-31
356003753,다판다 만물 트럭 1,16235527,별빛정원,* 이 리뷰는 출판사로 부터도서를 제공받아 읽고 작성하였습니다. *다판다 만물 트럭 1: 맛나 빵집 사건 <서지원 글 /이종혁 그림/  니케주니어>아이들이 좋아하는 추리와 과학이 만난동화가 출간 되었어요.​그리고 우리에게도 너무나도 친숙한 판다동물이 주인공이라 아이들이 더 재미나게 볼 수 있을거 같아 기대되었답니다.​초등교과 물체의 운동을 엿 볼 수 있는추리X과학 동화 다판다 만물트럭 함께 만나볼까요?[다판다 만물 트럭 1]​평화롭던 알파벳 마을에 사건이 발생해요.​맛있는 빵을 파는 맛나 빵집에누군가가 몰래 개똥을 던지고...+ 더보기,5,2025-02-17
356003753,다판다 만물 트럭 1,16356853,엘리맘,"안녕하세요 오늘 소개해드릴 그림책은 ""다판다 만물 트럭 1 : 맛나 빵집 사건""란 책입니다.🎈추천 대상 : 초등저학년다판다 만물 트럭은과학지식이 숨겨져 있는 추리동화에요.1권인 맛나 빵집 사건의 주인공인 레니와 다판다.레니는 맛나 빵집의 빵을 좋아하는데,어느날 주인인 피그아저씨가 문을 곧 닫는대서 걱정해요.문을 닫는 이유는누군가 빵집 앞에 개똥을 던져서 동물들이빵집을 찾지 않아서 인데요.도와주고 싶은 레니 앞에만물 트럭을 몰며 돌아다니는 다판다가 나타나고,함께 범인을 추리해 보아요.용의자로 좁혀진 세 동물그리고 정식이 아닌 살짝 ...+ 더보기",5,2025-04-04
356003753,다판다 만물 트럭 1,16231214,keyring,"<출판사로부터 책을 무상으로 제공 받고 주관적으로 작성한 서평입니다.><안녕 자두야> 좋아하는 친구, 손!!!<안녕 자두야>를 좋아하는 우리 딸은 작가가 되는 것이 꿈이다.마침 <안녕 자두야> 시리즈를 만드신 서지원 작가님이 『다판다 만물 트럭 ① 맛나 빵집 사건』라는 새 책을 쓰셨다기에 냉큼 모셔왔다.""평안아, 이거 안녕 자두야 작가님이 쓰신 책이래~""하며 건내자,딸아이의 눈이 초롱초롱해졌다.이 책에는 어떤 재미와 감동이 있을까? ^^등장인물 중 '다판다'는 한 쪽 눈에만 검은 무늬가 있...+ 더보기",5,2025-02-16
356003753,다판다 만물 트럭 1,16477451,산머루,"#도서협찬                엉덩이 탐정, 명탐정 코난, 변비 탐정 실룩까지, 아이들은 탐정이라면 일단 귀기 솔깃, 눈이 반짝한다. 그러니 일단 ‘탐정’이 붙은 책은 나도 모르게 눈이 간다.           #다판다만물트럭#서지원 지음 #이종혁 그림#니케주니어               『다판다 만물 트럭』 첫 번째 이야기는 <맛나 빵집 사건>이다. 사건이 일어나는 곳엔 당연히 탐정이 나타나기 마련이지! 맛나 빵집 사건을 해결하기 위해 등장하...+ 더보기",5,2025-05-27
356003753,다판다 만물 트럭 1,16331492,dlsk0727,과학과 쉽게 친해지기 - << 다판다 만물 트럭 1: 맛나 빵집 사건 >>제목 - 다판다 만물 트럭 1: 맛나 빵집 사건글 - 서지원그림 - 이종혁출판사 - 니케주니어단순히 트럭에 대한 호기심으로 펼쳐봤던 책인데 펼치자마자 앉은 자리에서 한 번에 다 읽어버렸다.2권이 궁금하다. 발 동동.추리하는 내용의 책은 이야기가 쳐지거나 지루하면 덮어버리고 쳐다보지도 않았는데 다판다가 중간에 궁금증을 유발해놓고 바로 답을 알려주지 않으니 레니의 마음에 공감을 하며 계속해서 넘기게 되는... 답을 빨리 알려달라!평범하게 우리...+ 더보기,5,2025-03-26
356003753,다판다 만물 트럭 1,17292837,dmdmsrod,"#도서제공안녕하세요.오늘은 다판다 만물 트럭 소개해 드릴게요.이 책은 흥미진진한 사건을 풀어나가면서 과학 지식을 익힐 수 있는 추리 과학 동화에요.펴내는 어린이책마다 큰 사랑을 받고 있는 서지원 작가의 시리즈인데, 벌써 5권까지 출간된 인기 시리즈에요.1권은 소장했으니, 2 ~ 5권은 몽땅 구매해야겠어요 ! !1권에서는 알파벳 마을의 맛나 빵집 사건 이야기를 담고 있어요.표지에는 주인공 다판다의 모습이 보이네요 ~멍든 곰처럼 보이지만, 한쪽 눈에 검은 점이 있는 판다가 바로 주인공 다판다에요 !없는 게 없는 만물 트럭을 몰고 다니며...+ 더보기",5,2026-05-23
356003753,다판다 만물 트럭 1,16221276,ridhddl1005,"📖 서평단 책 리뷰 🤍(협찬, 도서제공)  [ 다판다 만물 트럭 ]🤎 지음_서지원 / 그림_이종혁🤎 출판_니케주니어“ 1. 맛나 빵집 사건“  ✏️ 한 쪽 눈에만 검은 점이 있어 종종 곰으로 오해 받는 판다, 다판다는 무엇이든 다 파는 만물트럭을 가지고 있어요. 우연히빵 집 앞에 잠깐 차를 세웠다가 우연히 레니를 만나 자신을‘살짝 탐정’이라 소개하며 사건을 맡게 되는데요.과연 다판다와 레니는 사건을 잘 해결 할 수 있을까요?  📚”네, 개똥! 양도 아주 어마어마한 개똥을 퍽, 퍽, 퍼억 던지고사라지는 거예요! 그러니까 빵집...+ 더보기",5,2025-02-11
356003753,다판다 만물 트럭 1,16357149,조가비,다판다 만물 트럭 1 (만물트럭사건)글 - 서지원 그림 - 이종혁 출판 - 니케주니어저와 딸이 너무 애정하는판다가 주인공인 과학동화~ 너무 귀여운 판다가 만물트럭을 타고 다양한 사건을 해결한다는 설정인데요. 넘흐 귀엽다구요. 온갖 물건들을 사용해서 해결해나가는 다판다~ 알파벳 마을 맛나빵집을 둘러싼 미스테리~ 누군가 밤마다 개똥을 던져 빵집에 냄새가 퍼져가고 빵집은 문 닫을 위기에 처하죠. 상황은 재미난데 제가 사장이라면 화가 머리끝까지 났을꺼에요. 결국 다판다와 빵 좋아하는 레니가 사건을 해결하려고 나서죠. 과연 둘은 사건을 해결...+ 더보기,5,2025-04-04
342616452,"여름 방학을 달려라, 부르릉 소파!",15751983,소이부답,"지우는 엄청 신이 났습니다. 드디어 학교도 학원도 모두 방학이고, 엄마 아빠도 휴가입니다. 진짜 여름 방학이 시작된 것입니다. 지우는 여름 방학에는 꼭 엄마 아빠와 바다에 가겠다고 결심했습니다. 하지만 엄마 아빠는 회사 일 때문에 많이 지쳐&...+ 더보기",5,2024-08-06
342616452,"여름 방학을 달려라, 부르릉 소파!",15733629,ssjlzzang,"여름 방학을 달려라, 부르릉 소파! 글그림 박규빈출판 북멘토북멘토 그림책 23번째 이야기[여름 방학을 달려라, 부르릉 소파!]를 만나보았습니다.아이들이 기다리고 기다리던 방학이 시작되었습니다.여름방학이 도대체 언제와?! 하면서저희집 두 아이 모두 너무 기다렸거든요.드디어 신나는 여름방학이 되었고,매일 책 읽기를 계획 세운 아이들에게 꼭 보여주고 싶었던 [여름 방학을 달려라, 부르릉 소파!]를 함께 읽어보았습니다.지우가 무척 신나보이죠?왜냐하면 드디어 방학을 하게 되었거든요.학원도 방학이고, 엄마아빠도 휴가랍니다,이...+ 더보기",5,2024-07-30
342616452,"여름 방학을 달려라, 부르릉 소파!",15743493,Esther,아이가 정말 기다리고 기다리던 방학!엄마의 고향! 치앙마이! 언제든 가고 싶던 곳이겠지요. 드디어 방학 이에요. 바다로 가기로 했었기에~ 엄마의 고향인 그곳으로 가기로 했기에 정말 신나 있어요. 바다로 가서 놀 준비를 이미 마친 아이에요. 엄마 아빠는 피곤이 쪄들어 들어 옵니다. 쇼파에 누워 잠들었어요. 소파에서 그만 나오라고 지우는 큰 소리로 말하지만 아빠와 어마는 차가 고장 났다고 말하네요. 비행기 값도 비싸고.. 힘들기도 하기에.. 엄마 이기에 부부의 모습이 이해가 되네요. 그날밤 지우는 인터넷 영상을 보며 소파를 자동차로 개...+ 더보기,5,2024-08-02
342616452,"여름 방학을 달려라, 부르릉 소파!",15723209,oirainio,"이제 아이들의 여름방학이 시작되어서 아이들과 함께 읽어보았어요.😀 이제 우리도 방학인데, 이 친구도 방학인가봐🥰 응, 바다다👶 문어가 엄청 크네🥰 이거는 흑동고래야😀 그런데 부모님은 피곤해보이네피곤해 보이는 부모님의 얼굴이 현실을 반영한거 같더라구요ㅎㅎ 아이들은 그저 신나고요. 놀러가고 싶은 마음에 지우는 쇼파를 개조해 바퀴를 단답니다. 쇼파가 달리면서 힘들어 보이는 엄마 아빠의 표정은 아이들의 웃음을 빵빵 터트렸어요.😀 학교 가까이 가니까 주인공이 안 좋아하네, ♡♡이는 방학 때 어린이집 가면 어때?🥰 난 싫어👶 난...+ 더보기",5,2024-07-26
342616452,"여름 방학을 달려라, 부르릉 소파!",15743452,깃쁘미,"여름방학이 되면아이들은 어디로 휴가를 갈 건지 계속 물어댑니다.아이들과 여행을 가고 싶은 마음도 있지만그동안 회사일로 지친 심신을집에서 쉬고 싶은 부모는이런저런 핑계를 대기도 하지요.그림책 속 지우네도 그렇습니다.엄마 아빠의 휴가로지우도 진짜 여름방학이 시작되었어요.지우는 이번 여름방학에는 꼭 바다여행을 가고 싶습니다.그러나 엄마 아빠는 차가 고장 났다며다음으로 미루자고 합니다.그날 밤 지우는 소파를 자동차로 개조합니다.다음 날 아빠가 텔레비전 리모컨을 누르자소파에서 바퀴가 툭 튀어나오고,부릉부릉 시동이 걸리더니 소파가 달리기 시작...+ 더보기",5,2024-08-02
342616452,"여름 방학을 달려라, 부르릉 소파!",15722777,bong678,"올 여름 더위를 날려줄 특별한 여행!<여름 방학을 달려라, 부르릉 소파!>올 여름, 여러분들은 방학 계획이 있으신가요?없으신분들이라면 여기 특별한 여행을 갈 수 있는그림책을 소개합니다!지우는 신이 났어요드디어 휴가가 찾아왔거든요!!!지우는 가족들과 바다가는게 소원이랍니다그런 지우의 마음도 모르고 엄마아빠는 소파에 늘어져 있어요바다 가고 싶어요!!!차가 고장났는데 시간이 걸린다네 다음에 가야겠다엄마도 가고싶었는데 아쉽네집에서 피자 치킨 시켜먹을까?하며 말합니다.지우는 그날 밤 소파를 자동차로 개조하기 시작해요근데 지우만 소...+ 더보기",5,2024-07-26
342616452,"여름 방학을 달려라, 부르릉 소파!",15730192,강혜진,"이들 여름방학이 시작되었죠?학교에서 여름방학동안 하고싶은 List 를 받아보니워터파크가기, 놀이동산 가기 등등 이더라구요. 이렇게 아이들이 손꼽아 기다리는 여름방학과 너무 잘 어울리는 그림책이 있어 소개할게요!《여름 방학을 달려라, 부르릉 소파!》는 더위를 한 방에 날려 주는 상상력과 웃음과 감동이 가득한, 그리고가족과 함께여서 더 행복한 지우네의 아주 특별한 바다 여행 이야기예요. 지우는 이번 여름 방학에는 기필코 엄마 아빠와 함께 바다 여행을 가겠다고 결심했어요. 엄마랑 아빠는 항상 일에 지쳐 피곤해했고, 쉬는 날이면 소파에 누...+ 더보기",5,2024-07-29
342616452,"여름 방학을 달려라, 부르릉 소파!",15720957,앵두입술남매,"어머머머 박규빈 작가님 신간이네요~ 왜 띄어 써야 돼?를 너무 재미 있게 읽은 기억이 있어 박규빈 작가님 신간이라고 해서 바로 신청해서 만나봤어요 그림이 너무 마음에 드는거 있죠~~지우는 너무너무 신이 났어요 드디어 학원도 방학이고 엄마, 아빠도 휴가거든요 이번 여름 방학에는 엄마 아빠와 꼭 바다에 가겠다고 결심을 했는데요 그런데 현실은 부모님 모두 퇴근 후 집에 오니 너무 지쳐보이는거 있죠 지우는 바다를 보러 갈수나 있는걸까요? 엄마는 멀리 있는 외할머니도 보고 싶지만 너무너무 피곤해 보입니다. 지우의 마음도 모...+ 더보기",5,2024-07-26
342616452,"여름 방학을 달려라, 부르릉 소파!",15713607,pc17777,"여름 방학을 달려라, 부르릉 소파!박규빈 글그림북멘토아이들이 여름철을 가장 좋아라하는 이유는 바로 신나는여름방학이 있어서 일 것 같습니다. 저희 아이들도곧있는 여름방학을 앞두고 여름방학때 어떤 것들을 해야할지즐거운 상상들을 하곤 하더라구요.이번 여름방학도 아이들과 책을 재미나게 읽을 예정이다보니여름 방학을 달려라, 부르릉 소파! / 북멘토 도서 준비해봤습니다.여름 방학을 달려라, 부르릉 소파! / 북멘토 도서에서는여자주인공의 기발한 아이디어로부터 시작되는데요.소파에 찰싹 붙어있는 일상으로부터 지친 엄마와 아빠를 몰래 움직이...+ 더보기",5,2024-07-23
342616452,"여름 방학을 달려라, 부르릉 소파!",15719048,happyjaijin,"더위를 한 방에 날려 주는 이야기, 박규빈의 여름 방학을 달려라, 부르릉 소파!입니다드디어 지우가 기다리던 여름방학이에요엄마 아빠와 바다를 가는 걸 기대하고 있었어요그런데 엄마 아빠는 회사 일 때문에 지쳐 보여요지우의 마음도 모르고 소파에서 누워만 있어요바다를 가고 싶어서 잠을 자면서도 바다 꿈을 꾸는 지우의 모습이 정말 귀여웠습니다다음 주 여름 방학에 바다로 떠나는 우리 아이도 바다 꿈을 꾸고 있을까 궁금해졌습니다지우가 소파 그만!이라고 소리치는데 아빠와 엄마는 꿈쩍도 안 해요그날 밤 지우는 소파를 자동차로 개조했어요다음날 엄마와...+ 더보기",5,2024-07-25
342616452,"여름 방학을 달려라, 부르릉 소파!",15752953,로이루이,"유치원이든 학교든 지금 한창 여름방학이 진행중 이지요. 아이들이 손꼽아 기다려 온 방학..그런데 부모님들은 아이들의 방학이 어쩌면 또 하나의 스트레스로 다가오기도 합니다. 삼시세끼 밥 차려주는 것도 일이구요..또 열심히 놀아주기도 해야 하고요..몸이 열개라도 모자랄 지경이지요. 아이들은 부모님과 놀 생각에 들떠있지만 부모님들은 동상이몽을 하고 있지 않을까요?이 책의 주인공 지우도 마찬가지랍니다. 지우는 학원까지 방학에 들어간 진정한 방학을 맞이합니다. 엄마, 아빠와 무척이나 바다에 가고 싶어하지요. 하지만 회사를 다니느라 지친 아빠...+ 더보기",5,2024-08-06
342616452,"여름 방학을 달려라, 부르릉 소파!",15715724,무니아돈떼떼,"북멘토 ▶ 여름 방학을 달려라, 부르릉 소파!지우네 가족의 특별한 가족 여행 이야기!여름 방학을 맞은 지우!지우는 이번 여름 방학에 기필코 부모님과 함께 바다 여행을 가겠다고 결심했어요.하지만 엄마 아빠는 항상 일에 지쳐 피곤해 했고, 쉬는 날이면 소파에 누워 자거나 TV를 보기만 했어요.그러면서 차가 고장 났다는 거짓말로 집에서 쉬려는 부모님, 뭐든 다음에, 다음에 하며 미루기 일쑤였어요.지우는 어떻게 하면 부모님과 바다에 갈 수 있을지 생각했어요.바로 부모님이 맨날 누워있는 소파를 개조해서 부릉부릉 자동차로 만든 거예요.지우가 ...+ 더보기",5,2024-07-24
342616452,"여름 방학을 달려라, 부르릉 소파!",15765479,virgo30,"여름하면 여름방학, 휴가, 바다가 제일 먼저 떠오르는것 같아요. 특히 아이들에게 여름방학은 가족과 함께 여행을 갈 수도 있고 신나고 재미있는 일이 가득할 꺼라는 기대로 가득해요.<여름방학을 달려라, 부르릉 소파!>는 이런 아이들의 마음을 표현한 그림책이에요.이번 방학에는 꼭 엄마 아빠와 바다에 가겠다고 결심한 지우와 달리 엄마 아빠는 회사 일 때문에 지쳐 거실 소파에 축 늘어져 꼼짝도 하지 않아요. 물론 엄마도 멀리 치앙마이에 계신 외할머니가 보고 싶어서 이번에 다녀오고 싶었지만 휴가도 짧고 비행기값도 비싸서 미루고 있었...+ 더보기",5,2024-08-12
342616452,"여름 방학을 달려라, 부르릉 소파!",15748360,misskoreahm,"여름방학이 되면 가고 싶은 곳, 하고 싶은 것이 많은 우리 쭝이 화니형제!우리 아이들처럼 가고 싶은 곳이 많은 주인공 지우의 이야기가 담긴 <여름방학을 달려라, 부르릉 소파!>를 읽어보았다.여름방학을 맞이한 지우는 학원도 방학이고 엄마 아빠도 휴가이다.그래서 이번 여름 방학에는 꼭 바다에 가야겠다고 결심하는데 엄마, 아빠는 회사 일 때문에 지치고엄마는 치앙마이에 계신 외할머니도 보고싶어하며 거실 소파에 늘어져서 꼼짝도 하지 않는다.일하느라 휴가가 되면 막상 지쳐버리는 부모들!그런 모습에 서운함과 속상함을 느끼는 아이들!우...+ 더보기",5,2024-08-05
342616452,"여름 방학을 달려라, 부르릉 소파!",15739400,좋은ee2,"요즘은 방학이 방학 같지 않죠.특강, 체험이 꽉 차서 되려 더 바쁜 아이들학원도 방학이고 진짜 방학이 시작된 지우는 꼭! 엄마 아빠랑 바다에 가겠다는 결심을 해요.그런데... 엄마 아빠는 소파와 한 몸이고지우가 외칩니다.소파 그만!!!!!!!모두가 잠든 밤 지우는 소파를 자동차로 개조하기 시작해요.그런데? 그날 밤 다른 집에서도 뚝딱뚝딱 지이이잉~~~ ㅎㅎㅎ(아이고ㅋㅋ 아이들이 밤새 바빠요 ㅋㅋㅋ)다음날 아침 여느 때와 같이 아빠는 소파에서 리모컨 버튼부터 누르시는데!소파에서 바퀴가 툭 튀어나오고부아앙~ 큰 도로로 향하는 게 아니겠...+ 더보기",5,2024-08-01
342616452,"여름 방학을 달려라, 부르릉 소파!",15721511,고냥,"오늘 드디어 방학식하는 날이에요.아이는 아침부터 엄청 신났더라고요.다들 여름방학 계획 세우셨나요?길지는 않지만 그렇다고 엄청 짧지도 않은 여름방학 기간동안아이와 함께 어디를 가야할지 무엇을 해야할지아이도 아이지만 부모님도 나름 계획을 세워야방학동안 알차게 보낼 수 있지요. ^^​아이는 놀 계획,저는 학습 계획을 세워봅니다. 하하하하​여름방학 시즌이 되면매년 꺼내서 볼 것 같은북멘토 출판사의< 여름 방학을 달려라, 부르릉 소파! >지금부터 소개합니다~표지그림부터 난리났네요.자동차도 아니고 바퀴달린 소파를 타고씽~ 달리고 있...+ 더보기",5,2024-07-26
342616452,"여름 방학을 달려라, 부르릉 소파!",15739545,크리아,"지우는 엄청 신이 났어요.드디어 학원도 방학이고, 엄마 아빠도 휴가에요.지우는 이번 방학에는 꼭 엄마 아빠와 바다에 가겠다고 결심했어요.엄마 아빠는 회사 일 때문에 많이 지쳐 보여요.하지만 지우는 바다에 너무너무 가고 싶었어요.그런 지우의 마음도 모르고 엄마 아빠는 거실 소파에 축 늘어져 있네요.그날 밤 지우는 인터넷 영상을 보며 소파를 자동차로 개조했어요.다음날 아침 엄마 아빠는 또 소파에 누웠어요.아빠가 리모컨 버튼을 누르는 순간! 소파에서 바퀴가 툭 튀어나왔어요.소파는 현관문을 뚫고 앞으로 달렸어요.도로로 나가니 소파들이 경주...+ 더보기",5,2024-08-01
342616452,"여름 방학을 달려라, 부르릉 소파!",15726460,뽀리짱,"아이들이 기다리던 방학입니다. 무더운 방학 시원한 에어컨 아래 아이스크림을 먹으면서 재미난 그림책을 읽어도 좋지만, 여름엔 뭐니 뭐니 해도 물놀이가 최고요!표지에는 다들 즐거워 보이는 얼굴로 바다를 신나게 달리고 있습니다.소파를 타고 가는 모습이 어떤 일이 생겼을지 참 궁금해지네요.주인공인 지우도 즐거운 여름방학이 되자 함박웃음을 지으면서 좋아합니다.지우의 계획은 여름 방학 때 꼭! 바다를 가는 것입니다. 시원한 바다를 상상하며 기대합니다.바다에는 거대한 문어도 보이고 큰 고래도 보입니다.귀여운 돌고래도 봅니다.지우는 정말 바다에 ...+ 더보기",5,2024-07-28
342616452,"여름 방학을 달려라, 부르릉 소파!",15753036,달달나나,"여름 방학을 달려라, 부르릉 소파! / 북멘토 / 박규빈 그림책 표지만 봐도 신나는 [여름 방학을 달려라, 부르릉 소파]입니다. 바퀴가 달린 소파를 타고 신나게 바닷가로 여행을 가나 봅니다. 어떻게 소파가 이렇게 변신을 했을까 궁금한 마음 가득 싣고 책을 펼쳐봅니다. 방학이라 신난 지우의 모습이 보입니다. 학교 방학은 진작 했지만, 계속 학원에 다니고 엄마 아빠도 회사에 다녔던 지라 세 명 모두의 진정한 휴가는 이제 시작입니다. 저희 아이들도 오히려 방학하니 더 바쁜 것 같아요. 학원 특강들, 도서관 무료 강좌, 평소에 못 풀었던 ...+ 더보기",5,2024-08-06
342616452,"여름 방학을 달려라, 부르릉 소파!",15752450,rudin,"딱 첫표지만 봐도 너무너무 웃기겠다고 생각했지만, 정말 보는 내내 웃게 될줄은 몰랐어요.아이는 방학이 되어서 심심하고, 그래서 놀아줘~놀아줘~ 하지만 부모는 소파에 벌러덩 누워서(소파는 분명 누우라 만든게 아닌데, 왜 보면 눕고 싶어질까요?) 딴 소리를 하게 되지요. 완전 공감 백배!그랬더니, 이 지우라는 아이가 너무 대단한게 유튜브 보면섴ㅋㅋㅋ소파를 개조하더니...ㅋㅋㅋㅋ소파가 대이동을 해버리네요. 세상에나....ㅋㅋㅋㅋ여기서 히트인건 지우 하나만 소파를 개조한게 아니란거, 아이들이 전부 부모를 태우고 이동하는 모습이란....+ 더보기",5,2024-08-06
342616452,"여름 방학을 달려라, 부르릉 소파!",15749545,psa1029,여름방학을 보내고 있는 저희 아이들에게 딱 맞는 주제가 아닌가 싶어요.제목을 보니 소파가 자동차가 되어 어딘가로 이동하는 내용인 듯 해요. 기발하면서도 진짜 저런 쇼파가 있으면 좋겠다는 생각도 드네요. 첫째와 둘째도 실제로 저런 쇼파가 있다면 자기들은 여름 휴가로 어디가고 싶은지 서로 이야기 나누기 바쁘네요.첫 페이지를 보는 순간 가슴이 뜨끔한건 쇼파에 누워 있는 모습이 저와 비슷해서 일까요?아이는 벌써 물놀이 갈 준비를 다 하고 쇼파에서 기다리고 있는데 아빠와 엄마는 피곤함에 쇼파에 쓰러져 있는 듯해요. 공감이 가면서도 방학을 즐...+ 더보기,5,2024-08-05
342616452,"여름 방학을 달려라, 부르릉 소파!",15723147,erm216,박규빈 작가님의 신작이 나왔어요! 아이가 좋아하는 작가님이라 박규빈 작가님의 그림책은 전부 다 본 것 같은데요.이번에 나온 신작 역시 제목만 봐도 재밌어보이더라구요.여름방학을 달려라! 부르릉 소파라니~소파를 타고 어딘가로 가는걸까 상상을 하면서 책을 펼치게 되었어요.​​​​주인공 지우는 여름방학이 시작되서 엄청 신이 났어요.방학동안 학원에 가다가 이제 학원도 방학을 시작해서 진짜 방학이 된 기분이었죠.어쩜 이렇게 현실반영일까요...? 너무 똑같아요~ 저희 아이도 이제 여름방학을 시작했는데 방학때도 학원에 가야하니 학원방학은 언제인지...+ 더보기,5,2024-07-26
342616452,"여름 방학을 달려라, 부르릉 소파!",15715099,아빠곰,"그동안 박규빈 작가의 책의 이미지가 있어서 그럴까? 제목만 봐도 벌써 웃기다. 부르릉 소파라니! 게다가 여름 방학을 달려라! 까지 붙어있다. 그림도 심상치 않다. 바퀴 달린 소파는 파도가 넘실거리는 해변으로 향하고 소파 위엔 세 가족이 환한 얼굴로 앉아있다. 뭔가 묘하다. 멀쩡한 자동차나 비행기를 두고 왜 소파를 타고 갈까? 보통 소파는 늘어짐의 상징 아닌가? 우스갯소리로 '교사가 미칠 때 즈음 방학이 오고, 부모가 미칠 때 즈음 개학이 온다'는 말도 있는데, 이 가족의 얼굴은 너무나 해맑다. 대체 무슨 일이 일어나길래 이...+ 더보기",5,2024-07-23
342616452,"여름 방학을 달려라, 부르릉 소파!",15720999,jungmi2540,"<여름 방학을 달려라, 부르릉 소파!>는여름 방학을 맞은 지우가 부모님과 함께 특별한 가족 여행을 떠나는 이야기를 담고있어요.​주인공 지우의 기발한 상상력과 모험심이 돋보이는 이야기로바쁜 일상 속에서 지친 부모님과의 소중한 시간을 꿈꾸는 지우의 이야기입니다^^귀여운 표정으로 아놔투어 광고를 쳐다보고있는아이가 지우 입니다.여름 방학을 맞이한 지우는 부모님과 함께 바다 여행을 가기로 결심하지요하지만 엄마 아빠는 항상 일에 지쳐 피곤해하고쉬는 날이면 소파에 누워 자거나 TV를 보기만 합니다. 더군다나 부모님은 차가 고장 났다는...+ 더보기",5,2024-07-26
342616452,"여름 방학을 달려라, 부르릉 소파!",15720222,yminhae,"지우는 여름방학이 되어 바다로 휴가를 보낼 생각에 기분이 좋다. 하지만 차가 고장 났다는 둥, 일이 힘들어 쉬어야겠다는 둥, 엄마, 아빠는 도무지 움직일 기미가 보이지 않는다. 그래서 지우는 소파를 자동차로 개조하기 시작하는데...소파를 개조한 자동차를 타고 가족들과 함께 가고 싶었던 곳을 마음껏 돌아다닌다는 어린 아이의 기발한 상상력이 이 그림책을 읽는 누구든지 여름 휴가를 보내고 싶은 곳으로 데려다 준다. 부르릉 소파를 타고 여기저기를 누비는 상상을 함께하고 있노라면 여름 휴가지를 오고 가는 지난한 여정까지 설레게 만든다. 막 ...+ 더보기",5,2024-07-25
342616452,"여름 방학을 달려라, 부르릉 소파!",15794127,morimoro,책 도착하고 택배 포장을 뜯자마자 앉은 자리에서 뚝딱 읽어 내려가는 책-! 표지를 보자마자 어떤 이야기들이 펼쳐질지너무 궁금해지는 그림책이예요!지우는 꿈에 그리던 외갓집에 엄마아빠와 소파자동차를 타고 도착하는데요! 기발하고 재밌는 상상이 펼쳐지는 그림책이라아이가 보는 내내 깔깔깔 즐거워 하면서 읽었어요! 가장 맘에 드는 장면으로는 소파 자동차가 별이 가득한 밤바다를 달리는 장면을 꼽더라구요.여름방학 내내 읽고 또 읽고 너무 재밌게 반복독서 했어요^^여름 방학은 끝났지만 기발한 상상력으로 무장한 책이라우리집 소파를 개조해서 자동차가 ...+ 더보기,5,2024-08-23
342616452,"여름 방학을 달려라, 부르릉 소파!",15743164,우리동네,딱 여름방학 직전에 이렇게 제목부터 찰떡같은 책이 도착을 했지뭐예요?!?! 방학으로 들떠있는 아이의 마음을 더 두근거리게 만든 책 선물이였어요!주인공 지우는 방학에 바다를 갈 결심을 해요 하지만 그런 지우의 마음도 모르고 엄마아빠는 쇼파에 누워 꼼짝도 하지 않았어요 (찔리는건 왜죠...)아빠차도 고장났다그러고? ㅎㅎ(이것도 찔리는건 왜죠...)  그래서 지우는 모두 잠든 밤동안 지우는 소파를 자동차로 개조했어요 다음날도 아빠는 차를 수리 맡겼다며 꼼짝 못하겠다고 소파에 누우셨어요티비를 켜려고 리모컨을 누르는 순간! 소파는 도로로 슈...+ 더보기,5,2024-08-02
342616452,"여름 방학을 달려라, 부르릉 소파!",15715629,제이니,"#여름방학을달려라부르릉소파 이제 슬슬 여름방학 시작이네요.저희집 초등 두아이는 오늘 방학식을 한다고 신나있어요.오늘 저녁먹고 방학계획을 세우기로 했어요 읽을책, 학습보충, 예체능특강, 운동, 그리고 휴가😎여름방학을 맞아 놀러가고싶은 아이들의 마음에 재미있는 상상력이 듬뿍담긴 박규빈작가님의 그림책이 새로 나왔네요박규빈 작가님 책은 저희집 책장에 두권이나 더 있어요.[왜 띄워써야돼?] [왜 맞춤법에 맞게 써야돼?]이 두권인데 유치원에서 읽고는 사달라고 한 책들이었어요. [여름방학을 달려라 부르릉소파]는 제목처럼 소파가 자동차, 배로 ...+ 더보기",5,2024-07-24
345883326,언제나 빨리빨리,15837270,나나,느긋한 토리를 보며 진짜 1학년 아이가 느끼는게 많나 봅니다. 가끔은 너무 급한거 보다 천천히 느긋하게 자기가 원하는 시간을 맞춰 가는 것도 좋을것 같다 하네요 ^^,5,2024-09-09
345883326,언제나 빨리빨리,15839635,작은별,"<언제나 빨리빨리>는 초등 저학년 어린이, 특히 학교에 처음인 1학년이 읽기 딱인 책입니다. 또 걸음이 느린 아이가 읽어도 성격이 급해서 늘 아이를 재촉하는 엄마가 읽어도 좋을 것 같은 책입니다. 4학년도 즐겁게 읽었어요.",5,2024-09-10
345883326,언제나 빨리빨리,15846791,갱이쌤,유쾌한 토리만의 속도로 주변을 천천히 돌아보며 웃으며 걷는 이야기가 너무 재밌었어요. 어른도 아이도 빨리빨리에 익숙해져있는 시대라 더 와닿았네요. 서두르라는 부모의 잔소리가 지겨운 아이도 재밌었대요. 빨리하라고 윽박지르는 엄마도 뜨끔하며 읽었습니다.,5,2024-09-13
345883326,언제나 빨리빨리,15830517,끌림,"무슨 일을 하든지 칭찬만 해달라던 토리가  어른들의 빨리빨리에 지친 느긋하고 호기심 가득한 아이의 모습으로 돌아왔습니다.7~8세 도서라고 적혀있지만, 10살인 저희 아이도 키득대며 좋아하네요",5,2024-09-06
345883326,언제나 빨리빨리,15840510,matilda,"언제나 빨리빨리(사계절 웃는 코끼리 - 27)류호선 글박정섭 그림사계절2024년 8월 27일84쪽10,000원 분류 - 초등저학년 창작동화 / 어린이창작동화 다른 집 사정이 크게 궁금하진 않지만, 아침은 어떤 상황인지 너무도 궁금해진다. 잘 일어나지 않는 아이를 어떻게 깨우는지, 잘 안자려고 하는 아이를 어떻게 재우는지. 하루를 잘 시작했으면 하는 마음에 선생님의 눈에가시가 되지 않았으면 해서 아침에는 꼭 아이들을 재촉하게 된다. 하지만 우리집 아이들은 느릿느릿 대체로 느릿하다. 작은 아이는 너무 빨라서 주체가 안되는 아이인데, 아...+ 더보기",5,2024-09-10
345883326,언제나 빨리빨리,15862727,leeminji,"토리의 엄마와 선생님의 모습은바로 나의 모습이다. 뜨끔해진 마음으로  그러나 토리의 천진난만한 모습에 따뜻한 미소가 지어지기도 하는 책이었다.      어려운 낱말과 속담을 재미있게 풀어주어문해력 향상에도 도움 되는 책,초1 첫 읽기 책으로 안성맞춤인 책이었다.      곤히 자는 엄마의 얼굴이 이뻐서 가만히 바라보고     가족과 친구들의 소원이 이뤄지기를 바라며흩날리는 벚꽃을 잡아 간직하고무너져 내리는 모래성을 정성껏 다시 쌓는다.     실내화 거꾸로 신기라는 놀이를 만들어내고파리지앵처럼 천...+ 더보기",5,2024-09-20
345883326,언제나 빨리빨리,15839986,슈퍼타이거,"빨리 일어나, 빨리 밥 먹어, 빨리 치카 해, 빨리 나와.오늘도 아침부터 도대체 ‘빨리’라는 말을 몇 번이나 했는지.느긋한 기질인 아이에게월요일 아침부터 성격급한 엄마는 재촉하고 또 재촉하고,빨리 해야지~ 빨리 안하나? 빨리 좀 해!점점 목소리는 왜 커지는지.기분좋게 아침을 보내고 안아주고 등교시켜야겠다는 전날 밤 다짐은늦잠잔 아이를 보며 1초 만에 무너져 버렸다.엄마도 빨리빨리, 선생님도 빨리빨리.빨리빨리만 왜치는 어른들이 이해가 가지 않는 토리의 이야기.아이가 아침독서시간에 먼저 읽고는 엄마도 읽어보라고 주고 갔는데시작부터 가슴...+ 더보기",5,2024-09-10
345883326,언제나 빨리빨리,15846963,Grace,"이 책을 선택한 이유언어재활사가 담당하는 케이스는 다양하다. 여러 이유로 느린 학습자인 아이들도 자주 만나게 된다. 언어치료실은 1:1 수업이라 시간을 줄 수 있는 편이다. 시간을 주면 느리지만 나름의 생각이 있고 논리도 있다는 것을 나에게 보여준다. ​비용과 시간을 들여 나를 찾아온 아이들이기에 하나라도 더 가르쳐 주고 싶지만 되도록 '빨리!!'라는 말은 피하려고 한다. 아이가 소화할 시간, 천천히 배우고 익힐 시간을 주고 싶기 때문이다.​우연히 출판사에서 <언제나 빨리빨리>라는 책이 출간되었다는 글을 보았다. 느린학습...+ 더보기",5,2024-09-13
345883326,언제나 빨리빨리,15843201,oeceapple,"1학년 2학기 국어 1단원 공부하면서 흉내 내는 말 찾으며 읽었어요. 책 속에 흉내 내는 말이 많아서 아이들이 잘 찾습니다. ​ ​주인공 토리가 1학년이라 ​​[ 언제나 빨리빨리 ] ​ ​1학년 아이들이 모두 좋아했습니다. 자신들은 토리보다 급식을 잘 먹는다며 ​느릿느릿 먹는 토리를 보며 답답해 하기도 했어요.  대부분의 아이들이 토리 캐릭터를 ​좋아했고, 박정섭 작가의 그림도 좋아했어요. 그림을 또 보여 달라고 말하며...  ’토리 이야기‘를 읽은 후 토리나 토리 선생님, 토리 할머니, 토리 엄마에게 궁금한 것이나 하고 싶은 이야...+ 더보기",5,2024-09-11
345883326,언제나 빨리빨리,15839633,작은별,"<언제나 빨리빨리>는 초등 저학년 어린이, 특히 학교에 처음인 1학년이 읽기 딱인 책입니다. 또 걸음이 느린 아이가 읽어도 성격이 급해서 늘 아이를 재촉하는 엄마가 읽어도 좋을 것 같은 책이에요. 우리가 빨리빨리를 외치며 바쁘게 살며 무엇을 놓치고 살면서 이야기해주는 책이거든요.저희 집에는 달리기가 엄청 빠른 축구 소년과 토리처럼 천천히 걷는 소녀가 성격 급한 엄마와 함께 살고 있는데요, 이 책을 읽고 특히 느린 걸음의 딸에 대해서 이해해보려고 이야기를 나눠봤습니다. 1학년인 토리는 어느 날 학교에 지각을 하게 되는데요....+ 더보기",5,2024-09-10
345883326,언제나 빨리빨리,15830512,끌림,"무슨 일을 하든지 칭찬만 해달라던 토리가 언제나 빨리빨리로 돌아왔네요. 뭐든지 칭찬해달라고 하던 것처럼 언제나 빨리 해달라고 재촉하는 이야기일까 했는데, 어른들의 빨리빨리에 지친 느긋하고 호기심 가득한 아이의 모습으로 돌아왔습니다.7~8세 도서라고 적혀있지만, 10살인 저희 아이도 키득이며 재밌다고 보네요. 그 모습은 본 친구도 빌려달라고 해서 지금 친구들이 줄서 있답니다 ㅎㅎㅎ",5,2024-09-06
190239154,하루 10분 알파벳.영단어 따라쓰기 : 초등 기초 영단어,12452393,지민맘,알파벳 송으로 아이들이 영어를 즐겁게 다가갈수 있어 좋았다.,5,2021-03-09
190239154,하루 10분 알파벳.영단어 따라쓰기 : 초등 기초 영단어,10859448,현동이아빠,"기초 영단어 A~Z



이 책은 알파벳을 배울 수 있도록 도와 준다. 알파벳[alphabet]의 어원은 그리스 자모의 최초의 두 자의 명칭 알파(alpha)와
베타(béta)의 결합이다. 본래 그리스 자모를 가리키는
말이었다가 라틴 자모에로 전용되고, 지금은 그 외의 많은 언어에 대해 문자생활의 기본단위가 되는 음소문자를
가리키는 말로 쓰인다.



<하루10분 알파벳송
따라쓰기> 책 서두에 나의 소개서, 나의 목표, 나의 실천계획, 나의 일정표를 스스로 적게 함으로써 더욱더 알파벳을
배우는 의욕...+ 더보기",5,2019-05-16
190239154,하루 10분 알파벳.영단어 따라쓰기 : 초등 기초 영단어,10869012,정들미니,공부는 습관이다.!하루 10분 알파벳송 따라쓰기기초영단어 A~Z를 만나보았습니다.알파벳송 ABC송 을 검색해서 동영상과 노래로 쉽게 익히는데 도움이 되었습니다.​​이 책의 차례를 살펴보면서 어떻게 구성되어 있는지보고 알파벳 따라쓰기 시작해 보았습니다.알파벳송을 불러봅니다.QR코드를 찍으면 다양한 영상으로 알파벳 송 만나볼 수 있는데 아이가 젤 좋아하는 것 을 골라서들어보면서 따라부르기 해 보았습니다.​​  노래도 따라부르고 영상도 보면서 이번에는 따라쓰기 해 보았습니다.쓰...+ 더보기,5,2019-05-21
190239154,하루 10분 알파벳.영단어 따라쓰기 : 초등 기초 영단어,12435791,쿠쿠임,"#오픈북 #영단어 ​ 하루 10분 알파벳으로 영단어 배우자! ​  사실....아직 영어공부를 안 시키고 있어요...기본 책을 사서도 해봤지만,제가 영어에 관심이 없어서 그런지.....잘 안 하게 되더라고요..​하지만, 요즘엔 영어 없이는 안되는 그런 세상~~​하루 10분 알파벳으로 저희 딸 영어공부 시작하기로 했어요!​어린이집에서 영어수업도 있어서 배우지만,아마 일주일에 1번? 2번으로 알고 있어요!거기서 단어와 알파벳 읽는 정도까진 하는데아직 대문자, 소문자 완벽하게 쓰지를 못하다 보니.아주 기초 알파벳 쓰기부터...+ 더보기",5,2021-03-03
190239154,하루 10분 알파벳.영단어 따라쓰기 : 초등 기초 영단어,13544301,강혜진,"유치원을 다니면서 우리 첫째가 영어에 대한 관심을 많이 보이더라고요영어수업을 들으면서 엄마 이거 뭐라고 해? 이건 어떻게 읽어? 이런 질문들이 많아지면서알파벳을 이제 시작해야 할 때다 라는 생각이 들었어요!​그런데 어떻게 해야할지 모르겠더라고요ㅜㅜ글을 읽는 건 좋아해도 왜 이리 쓰는 건 싫어하는지.그래서 제가 하루10분으로 습관들이기 딱 좋은 책을 찾았어요!다른 과목도 마찬가지겠지만, 영어야 말로 습관 아니겠어요? 많이 공부하는것보다 조금씩이더라도매일 꾸준히 하는 게 제일 중요한 과목이 영어인거 같아요!이 책을 통해서 습관을 들 일...+ 더보기",5,2022-04-25
190239154,하루 10분 알파벳.영단어 따라쓰기 : 초등 기초 영단어,12442852,퍼플러,요즘 아이들은 집중력과 끈기가 부족하죠.공부를 오래~ 하지 못합니다. 하지만 공부 습관을 만들면 오래 공부하는 날도 오겠죠? 처음부터 모범생은 없으니까요. 오늘 리뷰할 교재는 10분만 공부하기 좋은 책입니다. 하루 10분 알파벳 영단어 따라쓰기~하루 10분은 다양한 시리즈가 있는데요.환이는 영어 교재를 체험해 보았습니다. 교재는 무척 심플한 디자인입니다. 가격은 일반 교재의 절반 가격! 대신에 두께는 살짝 얇아요. 얇으니까 부담 없이 한 권 뚝딱 마칠 수 있죠. 아이들이 문제집 한 권을 다 풀면 굉장한 성취감을 얻습니다.성취감과 목...+ 더보기,5,2021-03-05
190239154,하루 10분 알파벳.영단어 따라쓰기 : 초등 기초 영단어,12452431,지민맘,6살 꼬맹이랑 9살 언니랑 함께 공부하라고 하루 10분 알파벳-영단어 책이 두권이나 ~~ ^^너무 너무 좋으다 ~ 싸우지 않고 할 수 있어 더 좋았다. ^^게다가 선물처럼 온 아침 5분 논술 (사자성어) 책 한자능력 7 ~ 8급으로 구성되어 있다.9살인 딸아이의 영어는 방학때 알파벳 쓰기를 하고 있었다.그러던 중 괜찮은 교재가 있을까? 고민하면서 알파벳만 쓰기 연습 ㅎㅎ6살인 아이는 한글을 시작할까? 하는 찰라.....영어 노출도 괜찮겠다 싶은 생각이 ...여러 생각이 교차하는 중 만나게 된 하루 10분 알파벳. ...+ 더보기,5,2021-03-09
190239154,하루 10분 알파벳.영단어 따라쓰기 : 초등 기초 영단어,11417337,스마일,"하루10분 알파벳송 따라쓰기 예비초 딸과 초3이 되는 아들은 아직도 영어학원을 다니지 않고영어공부를 많이 하고 있지도 않은 상황이에요.당장 급한건 초3인 아들이지요.한글도 뗄때 힘들었는데, 영어도 뗄때 힘들거 같아 손을 마냥 놓고만 있었네요.그러다 접하게 된 <하루10분 알파벳송 따라쓰기>.쉽고 재미있게 따라부르며 알파벳도 쉽게 익힐 수 있겠더라구요.그러면서 영어에 흥미도 느낄수 있고요알파벳을 알기전알파벳송을 듣고 따라해야겠지요?​신나게 무한 반복하면서 불렀네요한글 배울때도 쓰기 순서가 있듯이영어 알파벳을 쓸때도...+ 더보기",5,2020-01-07
190239154,하루 10분 알파벳.영단어 따라쓰기 : 초등 기초 영단어,10988184,marina,"언니가 미국에 한달살기 하러 가고 나서 
부쩍 영어에 관심이 많아진 둘째에요이렇게 관심이 생겼을 때가 공부를 해야할 때이니바로 하루 10분 부담없이 공부할 수 있는 알파벳송 따라쓰기 시작했어요
비비네 유치원은 영어시간이 있긴 한데 주로 말로만 
배우다보니


이제 슬슬 알파벳도 배우고 쓰는 연습도 해야하는데
노래를 좋아하는 아이라 알파벳송 따라쓰기가 딱이에요 


 
정자로 예쁘게 써볼 수 있고~
대문자와 소문자를 함께 연관해서 공부할 수 있고
해당 알파벳으로 시작하는 단어도 공부할 수 있어...+ 더보기",5,2019-07-21
190239154,하루 10분 알파벳.영단어 따라쓰기 : 초등 기초 영단어,11038746,늘푸른이야기,"앤드류 킴 / 오픈 푹 출판​엄마가 급하게 엄마표에 입문하여 이것저것 단계를 스킵하고 진행한지 어언 8개월 여 되어갑니다.잘 몰라서 아이에게 혼동을 준 것은 아닌지 미안한 마음도 있고 그나마 이렇게 해서 여기까지 왔구나 토닥토닥하고 싶은 마음도 있는 것이 사실입니다.​여름 방학을 맞아서 이 시간을 그냥 흘려보내기 아쉬워서그동안 아이 학습을 돌이켜 각 과목별로 체크해보니 좀 더 다지기가 필요한 부분이 보였는데요, 영어에서는 알파벳을 다시 짚어줘야겠다는 생각이 들더라고요.파닉스, 사이트 워드도 진행 중이기에 다시 회귀하는 것은 시간 낭...+ 더보기",5,2019-08-17
190239154,하루 10분 알파벳.영단어 따라쓰기 : 초등 기초 영단어,13563342,zzing0302,"요즘 아이들은 해야할 일들이 너무 많아요.
학원을 하나도 안 다니는 저희 아이들도 매일 놀 시간도 부족하고
숙제할 시간도 부족하니 여기에 학원까지 다니는 친구들은 정말이지 너무 힘들 것 같아요.
공부를 아예 안할 수는 없는데 시간이 늘 부족하니...+ 더보기",5,2022-05-02
190239154,하루 10분 알파벳.영단어 따라쓰기 : 초등 기초 영단어,10995415,god85sjk,"꾸준히 공부하는 습관을 가지는 것이 중요하다는 것은
누구나 잘 알고 있는 사실이지요.
하지만 공부하는 습관을 가지고 
매일매일 목표하는 양만큼 학습해나가는 것은
쉽지 않은 일이잖아요.

하루 10분씩 알파벳송을 따라쓰며 
재미있게 꾸준히 공부할 수 있는 자기주도학습 습득서
오픈북 [하루10분 알파벳송 따라쓰기]로 
우리 아이 공부습관 기르고 있답니다^^



 

오픈북 [하루10분 알파벳송 따라쓰기]책의 첫부분에는
꿈을 향한 나의 목표를 설정하고,
목표를 향한 나의...+ 더보기",5,2019-07-25
190239154,하루 10분 알파벳.영단어 따라쓰기 : 초등 기초 영단어,12450810,chickbook,"내년이면 아이가 초등학생이 되는데,워낙 평소에 영어 노출을 시키지 않았던 터라이제는 슬슬 걱정되기 시작하더라고요.이번에 유치원 입학도 했고 해서이제는 알파벳도 공부해 보기로 했어요ㅋ​그렇게 함께 하게 된 교재는<하루 10분 알파벳 영단어 따라쓰기>!​알파벳송을 따라 부르면서 재미있고 쉽게알파벳부터 쉬운 영단어까지익힐수 있도록 구성된 책이랍니다:)​첫 장부터 나오는 알파벳 송!음악을 살짝 틀어두고,공부를 시작하면 효과가 좋더라고요ㅋ공부하는 습관을 기르는데 도움을 주는 책답게맨 앞에는 나의 소개서, 나의 목표,나의 실천계획,...+ 더보기",4,2021-03-08
190239154,하루 10분 알파벳.영단어 따라쓰기 : 초등 기초 영단어,10982372,뽀기,"하루 10분 알파벳송 따라쓰기 



어는 귀를 트이게 해줘야 한다고 해요

그럼 영어의 시작은 알파벳송
영어를 수시로 들려줘야 한다고 하는데 ㅎㅎ 게으른 엄마는 들려주는게 참 힘드네요
노래라도 들어줘도 되는데 정말 게으른가 봐요

공부하는 습관이 몸에 베이는 신 학습지도 방법!
영어의 시작은 알파벳 부터!! 알파벳송으로 재미있게
알파벳송에 나오는 기초 영단어를 같이 익혀요!!
알파벳 송을 자신있게 제대로 부르고, 영어에 흥미를 느껴요!!!
공부에 기적은 없습니다. 바쁜 학생들에게 꾸준한 성실함을 가르쳐...+ 더보기",5,2019-07-18
190239154,하루 10분 알파벳.영단어 따라쓰기 : 초등 기초 영단어,10982711,임옥화,요즘 저의 최대관심은 아이의 영어교육입니다.아이가 예비초등이다보니 다른건 몰라도 영포자로 만들고 싶지 않아 다양한 방법으로 함께해 주려고 노력하고 있는데요~영어는 자연스러운 노출이 가장 좋다고 하잖아요~ 그래서 영어앱도 보여주고 세이펜으로 영어 책도 보여주면서 친숙하게 만들려고 하고 있는데아무래도 모국어가 아니다보니 정확하게  쓰는 법도 알아야 하지 않을까 하는 생각이 들더라구요~그래서 선택한 책      하루 10분!​만 투자하면 된다는 < 알파벳송 따라쓰기 > &n...+ 더보기,5,2019-07-18
190239154,하루 10분 알파벳.영단어 따라쓰기 : 초등 기초 영단어,11038687,굥,자기주도 학습 습득서로 좋은하루 10분 빠른 알파벳송 따라쓰기   영어의 시작은 알파벳부터 시작되지요~한글은 ㄱㄴㄷ부터 시작하죵?ㅎㅎㅎ두돌지나서 알파벳을 떼어낸 우리아들~이제는 알파벳송도 재미있게 따라부르고 그러네요!​그러면서 알파벳송에 나오는 기초 영단어도 같이 익히고영어에 대한 흥미를 느끼고 있더라구요~​그런 아들에게 소근육도 키워주면서 '알파벳송 따라쓰기'하면서자기주도학습이 되게 해주고 싶더라구요ㅎㅎㅎ     표지에 있는 QR코드를 찍으면 유튜브에서 알파벳송이 검색...+ 더보기,5,2019-08-17
190239154,하루 10분 알파벳.영단어 따라쓰기 : 초등 기초 영단어,12430061,전수진,​한글도 완벽하게 구사하지 못하는 유림이에게 알파벳을 접하게 해야 하나?고민끝에 알파벳 정도야 뭐~~ 이제 1학년도 되었으니 슬슬 시작해 보려고 합니다.​아직 영어는 어린이집에서 재미로 특별활동말고는 접한적이 없는 유림이예요.​큰아이때는 영어 노래도 틀어주고 같이 파닉스도 엄마표로 해주었는데 둘째라 그런지잘 안되더라고요.그만큼 열정이 식었나 봅니다.이제는 [하루 10분 알파벳 따라쓰기]로 시작해 봅니다.하루 10분 알파벳 따라쓰기&아침5분 논술쓰기가 같이 왔어요.영어의 시작은 바로 알파벳이지요.새로운 언어를 배우는 것은 너무...+ 더보기,5,2021-03-01
190239154,하루 10분 알파벳.영단어 따라쓰기 : 초등 기초 영단어,10994319,엄마는음악샘,"초등 입학전 아이에서 
초등 저학년 아이에게 
알파벳부터 알려주고 싶을 때 만나게 되면 
참 좋은 책 
하루 10분 알파벳송 따라쓰기 
책 내용도 학습량도 
가격도 부담이 없어서 좋아요.

 영어교재 이지만 
아이들을 꼼꼼히 체크 해 주는 느낌이 들었던 부분 
나의 소개서.목표 .실천계획.일정표 까지 
아이와 방학때 하나씩 설명해 주면서 함께 해 보려구요.




 교재를 사도 어떻게 해야 할지 막막할때 !!
하루10분 학습법 활용을 보면서 하나씩 해 나가봐요....+ 더보기",5,2019-07-24
190239154,하루 10분 알파벳.영단어 따라쓰기 : 초등 기초 영단어,12451224,yuzhirun,[오픈북]<하루10분 알파벳 • 영단어 따라쓰기><아침5분 논술(사자성어)>공부하는 습관이 몸에 배이는 자기주도학습습득서 2권이에요영어의 시작인 알파벳과 국어/논술 한자어 습득을 위한 7~8급 과정을 수록한 사자성어!아이의 공부습관은 어려서부터 잡아줘야한다고 하더라구요공부는 기적이 아닌 꾸준한 성실함을 가르치는게 맞다고 생각해요^^이런 마인드에서 딱 어울리는 책이여서 선택했어요기초영단어와 기초한자로 배우는 사자성어 모두 오픈북과 함께하고 있어요하루10분 알파벳으로 영어를 시작하는 단계인 지금 활용하려고 하는데요...+ 더보기,5,2021-03-09
190239154,하루 10분 알파벳.영단어 따라쓰기 : 초등 기초 영단어,10859327,이서진,매일 10분 씩 하루 한장 날짜별로 되어 있어 아이들 알파벡 가르치기에 딱 좋은 학습책입니다.책 윗부분 가장자리에 매일매일 날짜가 있어 하루하루 넘어가기 좋습니다. 아주 기초인 알파벳 대문자 소문자 학습부터 대문자 소문자 잇기는 참 좋은 아이디어 인것 같습니다.알파벳을 모두 학습했을때 20일 !! 확실하 학습 됩니다. 그리고 기초적인 Aa 부터의 단어 공부~~ 옅은 글자들이 많아서 아직은 삐뚤빼뚤하기 쓰는 아이들에게 잘 따라쓰게 할수 있습니다. 괜찮은 엄마표 학습책 입니다. 추천합니다,4,2019-05-16
190239154,하루 10분 알파벳.영단어 따라쓰기 : 초등 기초 영단어,10867103,권냥,"거실 벽에 알파벳 벽보를 붙여놨는데 관심없어 하는 것 같더니
 
어느 날은 벽보를 보면서 알파벳을 따라 쓰고 있더라구요~
 
 
 
 
 
 
 
쓴다기 보다는 보이는대로 따라 그리고 있길래
 
지금처럼 관심 있어 할 때 알파벳 쓰는 순서부터 차근차근 짚어주면 좋을 것 같아 선택했어요~
 
 
  
 
 
 
[오픈북] ...+ 더보기",5,2019-05-20
190239154,하루 10분 알파벳.영단어 따라쓰기 : 초등 기초 영단어,11416139,hanriy,"영어의 시작은 알파벳이죠~알파벳을 익히는 제일 빠른 방법은알파벳 노래 부르기!가 아닐까요?그런데, 알파벳 노래를 처음부터 끝까지완벽하게 부를 수 있는 사람~~??처음엔 신나게 시작해서 끝에 가면 얼버무리는사람들이 대부분일 듯 해요. (저도 포함^^) 알파벳송도 여러 가지 버전이 있더라구요.아마도 여러 가지 버전 노래를 섞어 들었기에뒷부분 가사가 더 헷갈리는 것 같기도 해요. 8세 딸도, 6세 아들도, 엄마도알파벳송 마스터하는 것이 겨울방학 미션! 하루 10분만 투자하면 A ~ Z까지알파벳은 물론 영어 단어까지 익힐...+ 더보기",4,2020-01-06
190239154,하루 10분 알파벳.영단어 따라쓰기 : 초등 기초 영단어,12450581,쮸니마미,"영어 알파벳 공부가 재미있게 다가오는​오픈북하루10분 알파벳 영단어 따라쓰기기초 영단어 A~Z ​만나봤어요.​​  알파벳 따라쓰기복습하기영단어 따라쓰기복습하기특별부록 알파벳 ,영단어 놀이​쉽께 따라 읽을수있게한글 발음 표시빅 에이 ,스몰 에이 대문자 소문자 알파벳을 잘 구별할수있게 아이 수준에 맞게 알려줘요.​대문자 ,소문자 따라쓰기관련 사물 그림에 쓰는 순서발음 강세까지​알파벳 습득에 필요한 모든 내용이 담겨져있답니다.​원했던 구성이라 아주 맘에 들어요.   8살 아이도 처음...+ 더보기",5,2021-03-08
190239154,하루 10분 알파벳.영단어 따라쓰기 : 초등 기초 영단어,10865153,리리,"하루10분 알파벳송 따라쓰기영어는 아이가 진짜 흥미가 생길때 확 시켜줘야 습득력이 좋아지는것 같아요.5살때 꽤나 많은 단어를 알고 자연스럽게 영어를 좋아했었는데, 7세가 된지금은 노는데에만 관심이 많아서 ㅋㅋㅋㅋ 영어를 잘안하려고하네요.다시 시작하는 의미에서 하루 10분 알파벳송 따라쓰기로 공부해보려고요.   기초부터 시작할수있는 알파벳이에요.영어의 시작은 알파벳부터! 알파벳송으로 재미있게! 시작하면 아이가 자연스럽게 익히긴 하는것 같아요. A-Z 까지 스스로 읽긴하지만 아직 쓰는거에는 서툰아이기에 엄마와...+ 더보기",4,2019-05-19
190239154,하루 10분 알파벳.영단어 따라쓰기 : 초등 기초 영단어,13566027,박혜영,​ 안녕하세요하루10분 알파벳 따라쓰기영단어 부분입니다알파벳의 개념을 정확히 짚고 넘어가고 싶어서선택하게 되었는데요내용적인 부분에서 정말 알차더라구요!​​​​​  ​​ ​ ​ ​ 알파벳과 기초 영단어를 차근차근 익힐 수 있습니다. 파닉스를 다 떼었다면 크게 어려워하지 않게지만 저희 아이는 라이팅 부분이 약하기 때문에 다시한번 써보는게 중요하다고 생각이 들었어요. ​ ​ ​ ​ ​ ​ 알파벳기초부터 어떻게 써야하는지 숫자로 정확히 적혀져 있더라구요! 거꾸로 쓰거나 순서대로 익히지 않았던 알파벳이 몇개 있었...+ 더보기,5,2022-05-03
190239154,하루 10분 알파벳.영단어 따라쓰기 : 초등 기초 영단어,10859367,lordhymn,"글로벌 시대를 살아갈 아이들에게 영어의 중요성은  두말하면 잔소리쯤으로 여겨지지요. 영어 쓰기의 기초 아니, 입문 책을 소개하려고 해요.     영어를 유치원에서 배우고 소리(말)로만 익히고 있어서 쓰는 것은 신경을 전혀 안썼더니, 영어 필순이 너무 엉터리여서 고민이 되었어요. 영어를 쓰는 게 아니라 그리고 있었거든요. 이제 초등학교 1학년인 아이, 영어로 말하기는 물론이고 쓰기도 잘 해야 하니, 어떤 교재가 좋을지 찾고 있었어요. 그러던 중 만난 것이 바로 오픈북의 하루10분 알파벳송 따라쓰기예요. 영어 필순이...+ 더보기",5,2019-05-16
190239154,하루 10분 알파벳.영단어 따라쓰기 : 초등 기초 영단어,10867168,정희진,"요즘 영어놀이에 푹 빠진 우리 아이!하루에도 몇번씩 알파벳 놀이를 하며,영어공부가 정말 재미있다고 하더라고요.그런 우리 아이를 위해,<하루 10분 알파벳송따라쓰기>를 준비했어요. 알파벳 배우기 :: 하루 10분 알파벳송 따라쓰기알파벳송으로 쉽고 재미있게!하루 10분 따라쓰기를 통해알파벳을 배울 수 있는 책이에요.​뒷면을 보니 00 초등학교!아무래도 읽기가 아닌 쓰기용 책이라,유아보다는 초등학생에게 적합한 것 같아요.   알파벳 배우기 :: 하루 10분 알파벳송 따라쓰기앞부분도 알차게 구...+ 더보기",5,2019-05-20
190239154,하루 10분 알파벳.영단어 따라쓰기 : 초등 기초 영단어,10983854,오드리,"즐거운 노래와 함께 영어공부 습관을 만들어주는, 하루 10분 알파벳송 따라쓰기 가 나왔다고 해서 많이 기대를 했습니다. ^^표지를 넘기자마자, 빳빳한 표지 뒷면에 알파벳송 이 적혀있네요첫 영어 공부의 시작은 알파벳을 알고 쓸 줄 아는 단계가 필수적입니다.영어의 시작이라고 할수 있는 파닉스조차도 기본 알파벳은 알고 시작을 해야 하는데요파닉스 전 단계에서 먼저 알파벳을 학습하기 좋은 교재입니다.첨부한 사진 외에도본격적인 알파벳 쓰기 페이지가 나오기 전에1. 꿈을 향한 나의 목표2. 목표를 향한 나의 실천계획3. 꿈을 향한 나의 일정표를...+ 더보기",4,2019-07-19
190239154,하루 10분 알파벳.영단어 따라쓰기 : 초등 기초 영단어,12447153,뽀야월드,첫 알파벳 쓰기 교재 찾으신다면 오픈북의 하루10분 알파벳 따라쓰기 추천해드려요!,5,2021-03-07
190239154,하루 10분 알파벳.영단어 따라쓰기 : 초등 기초 영단어,12451018,psmdyy,"내년에 초등 입학을 앞두고영어를 어떻게 시작해야 할까 고민하다가영어의 시작인 알파벳 부터공부해보려고 해요하루 10분 알파벳 ·영단어 따라쓰기 처음 공부를 시작하는 아이들은너무 오래 공부를 한다고 좋은게 아닌것 같아요...영어를 처음 시작하는 저희집 둘째에게하루 10분 알파벳으로 영어에 흥미를 가지길 바래요   알파벳 따라쓰기대문자 A, 소문자 a대문자 A는 ""빅 에이""라고 읽고,""Big 크다, 큰""이라는 뜻이에요소문자 a는 ""스몰 에이""""Small 작다, 작은""이라는 뜻이에요대문자 A로...+ 더보기",5,2021-03-08
190239154,하루 10분 알파벳.영단어 따라쓰기 : 초등 기초 영단어,12455816,쭈니맘,"아이들이 쉽게 영어기초를 다질수 있는<오픈북> 하루10분 알파벳 영단어 따라쓰기 리뷰를 해볼까합니다.​저자Andrew Kim​출판오픈북​출간2019.05.01​​영어의 시작은 알파벳부터! 알파벳송으로 재미있게!알파벳송에 나오는 기초 영단어를 같이 익혀요!!알파벳송을 자신있게 제대로 부르고, 영어에 흥미를 느껴요!!!평생 쓸 영어! 자신있게 시작하세요~~by.인터넷 교보문고하루10분 알파벳 영어쓰기는 이제 영어공부시작해서글씨도 쓰기시작한 아이라면 누구나 가능한 도서인것같아요~​우리 쭈니도 영어알파벳노래 부르는것을 시작으로요...+ 더보기",5,2021-03-10
190239154,하루 10분 알파벳.영단어 따라쓰기 : 초등 기초 영단어,13561021,아이가넷,#오픈북#하루10분 #알파벳#영단어#따라쓰기#책세상 #맘수다 #책세상맘수다카페초등3학년 교과과정에 영어수업이 시작되니 영어도 신경을 써 주어야 겠더라구요.생각만 많고 뭐 부터 해야하나?다른 친구들은 영어 유치원부터~ 영어 학원까지 미리미리 배우고 온 친구들이 대부분이라우리 아이만 쳐지는거 아닐까? 불안불안 하지요.알파벳을 제대로 알아야 모든게 이루어 질 거 같더라구요.좋은 기회에 만나게 되었답니다.공부는 습관이다!하루 10분 알파벳 · 영단어 따라쓰기​​자기주도학습이 잘 되고 있다고 믿는 엄마랍니다.학교에서 오자마자 오늘 해야 할 ...+ 더보기,5,2022-05-01
190239154,하루 10분 알파벳.영단어 따라쓰기 : 초등 기초 영단어,11045529,-,아이 유치원에서 알파벳 따라쓰기 과제가 여러 번 나왔었는데 매번 억지로 하기 일쑤라 이 번 책도 억지로 하겠거니 했는데 의외의 수확을 거둔 것 같네요너무 좋아해서 계속 하려고 해요^^하루 10분씩 꾸준히 해서 공부하는 습관을 길러주는 책이라는데 우리 아인 한 번 시작하면 계속 하려고 해서 한번에 몰아서 하게 되더라구요처음부터 분량을 정해서 하도록 약속하고 하면 좋을 것 같아요책 앞부분엔 나의 목표랑 실천계획을 세우도록 되어있고 일정표가 따로 있어 미리 공부 계획을 세울 수 있도록 도와주네요본격적으로 알파벳 쓰기에 돌입해요아직 속도가...+ 더보기,5,2019-08-20
190239154,하루 10분 알파벳.영단어 따라쓰기 : 초등 기초 영단어,10864430,유미영,| 하루10분 알파벳송 따라쓰기 초등학교 2학년인 아들. 내년부터는 영어 수업이 진행되기에손 놓고 있던 영어를 시작할 때가 되었더라구요어린이집 다닐때는 영어 수업도 거의 매일 있고 해서영어 접할 기회가 많이 있어서 그땐 잘 따라하곤 했었거든요그런데 갑자기 이사오며 영어환경이 사라져서 그간 손을 놓고 있었어요 ㅜㅜ 집에서도 공책에 따라써보라며 시도해봤는데수학. 과학 쪽에 관심이 많고 어학쪽엔 관심이 별로 없어서 그런지금세 지루해해서 하려하지 않더라구요.이제 곧 영어를 시작하게 될텐데주변 엄마들 얘기 들어보면 영어는 ...+ 더보기,4,2019-05-19
190239154,하루 10분 알파벳.영단어 따라쓰기 : 초등 기초 영단어,11030925,북매니아,&nb...+ 더보기,5,2019-08-13
190239154,하루 10분 알파벳.영단어 따라쓰기 : 초등 기초 영단어,11051284,seyoung1126,이 글에는 스포일러가 포함되어 있습니다. 보시겠습니까?회색 영역을 클릭하면 내용을 확인할 수 있습니다.,5,2019-08-23
190239154,하루 10분 알파벳.영단어 따라쓰기 : 초등 기초 영단어,13546069,김정숙,공부는 습관이다하루 10분 알파벳 따라쓰기/ 영단어 따라쓰기[오픈북]의 하루 10분 알파벳/영단어 따라쓰기 로 섹션이 나눠져 있어요!!그전에 자식소개서와 계획세우기 등 스스로 공부계획을 잡아 볼 수 있는 영역이 있더라고요!! 저희 아들은 자기 소개서만 작성해 보았지요~ ​의외로 ㅈㅏ기 소개서를 작성하는데 아들이 진지하게 생각하고 적어가는데 기특하더라고요!! 요런 시간은 종종 있는 게 좋을 것 같아요!!목표와 계획은 좀 더 여러모로 능숙해지면 함께 진행해 보는 걸로 하고 알파벳으로 넘어갑니다~우선 알파벳송을 불러볼까요?? 악보와 함께...+ 더보기,5,2022-04-26
190239154,하루 10분 알파벳.영단어 따라쓰기 : 초등 기초 영단어,13560313,은슝슝,"영어의 기초가 되는 알파벳! 워낙 알파벳송으로익히긴 했지만 쓰기 경험이 없어서 하루10분알파벳영단어따라쓰기로 시작했어요.읽기도 중요하지만 쓰기도 너무 좋아한데 아이에게분량을 어느정도 맞춰서 쓰기 하면 좋을지 잘 모르겠었는데오픈북의 하루10분 알파벳 영단어 따라쓰기는1day 분량이 정해져 있어서 딱! 그날 하루 분량만 하면 되다보니 아이도 부담없이 즐겁게 쓰기를 한다는게 가장 좋더라구요! 또, 도서에 있는 알파벳송 큐알코드는 유투브로 연결되요~알파벳 쓰기을 하기 전에 재밌게 알파벳송 부르기를 하면아이가 알파벡,영단어 따라쓰기의 흥미도...+ 더보기",5,2022-05-01
292316945,사자소학 천재가 되다!,13544692,행복나무하나,살아가면서 알고 있어야 할 삶의 덕목을 담고 있는 사자소학을 재미있게 읽을 수 있는 책,5,2022-04-25
292316945,사자소학 천재가 되다!,13535436,Brodie,초등학생이 가장 먼저 익혀야 할 내적 소양에 대해 생각해 볼 수 있는 도서입니다.,5,2022-04-22
292316945,사자소학 천재가 되다!,13543715,-,아이들이 이해하기 쉽게 구성되어있어서 좋다,5,2022-04-25
292316945,사자소학 천재가 되다!,13590261,kk4865kg,천재가 되다로 사자소학을 처음 접합니다. 단순한 지식이 아니라 사람과 사람이 어울려 사는 법을 알려주는 사자소학! 만화로 볼 수 있어 좋았습니다.,5,2022-05-12
292316945,사자소학 천재가 되다!,13550846,ilovebooks,"이미 유명한 ""천재가 되다!"" 시리즈! 눈여겨 보고 있다가 이번에 만났다. 요즘엔 아이들을 위한 다양한 지식 책이 만화책으로 아주 잘 나오는 것 같다. 만화책이어도 그 이해를 돕기 위해 있는 것이라 지식을 받아들이기 싫어하는 아이들도 있는데 다행이 우리 아이는 아주 좋아한다. 틈만 나면 들고 읽으니 당연히 아는 것도 늘어난다. 자, 이제 사자소학도 한 번 시도해 볼까? ㅋㅋㅋ송나라의 유자징이 8세 정도의 아동들에게 유학을 가르치기 위해 만들었다는 ""소학""은 조선시대에는 천자문을 뗀 아이들이 가장 먼저 익히는 책으로 알려져 있다. 유...+ 더보기",5,2022-04-28
292316945,사자소학 천재가 되다!,13532258,별이셋,안녕하세요. 별셋엄마에요. 제가 제일 좋아하고 아이들에게 권하는 학습만화가 있어요. 바로 천재시리즈에요. 이번에 사자 소학 천재가 되다가 나왔지 뭐에요. 당장 만났어요. 사자소학 천재가되다올드스테어즈 ​표지를 살펴볼게요. 역시나 천재되다 시리즈의 그림체 다워요. 요즘 아이와 사자소학책을 낭독하는대 내용이해를 잘 못하더라구요. 어른들이 보기에도 한자만 있어서 어렵지요. 이번에 학습만화로 쉽게 배울 수 있을거같은 생각이 들었어요. ​​DAY1부터 시작해서 DAY50 까지 있어요. 아이가 재미있게 볼 수 있게 내용이 만화로 되어있어서 좋...+ 더보기,5,2022-04-21
292316945,사자소학 천재가 되다!,13539857,회장님맘,사자소학은 아이들의 인성교육과한자교육을 동시에 할 수 있는초등 어휘력에 도움이 되는 공부입니다.​四字小學사자소학四 넉 사 字 글자 자 小 작을 소 學 배울 학그런데 이렇게 중요한 사자소학을쉽고 재미있게 익히는 방법이 뭐가 있을까요?저와 같은 고민을 하고 계신부모님들이라면 아이들에게 도움이 되는'사자소학 천재가 되다!'추천드립니다.​Mr.Sun 어학연구소의 초등 국어 학습 만화 10번째 천재 시리즈'사자소학 천재가 되다!' 는제가 좋아하는 구성이 모두 들어있습니다.​다른 교재 같은 경우엔이 책을 설명하는 머리글부터왜 필요한 ...+ 더보기,5,2022-04-24
292316945,사자소학 천재가 되다!,13542992,쿠쿠임,"사자소학 천재가 되다!  #사자소학읽으면서 참 우리 딸이 읽기에 참 잘했다 생각이 들더라고요!!사자소학이란, 옛날 서당에서 아이들이 가장 먼저 배우는 한자 기초 교과서라고 볼 수 있는데요.그 안에는 부모님에 대한 효도, 형제간 우애, 친구가 우정, 스승 등 내용이 있답니다.읽으면서 그래, 이건 우리 딸이 좀 알아야 해! 이런 게 얼마나 많던지,​옛날 서당 하니, 뭔가 막 어려울 것 같지만,#올드스테어즈 에서 #사자소학천재가되다 로 #초등학습만화 로 나와서 아이들이 읽기에 좋고상황이 그림으로 나오다 보니,...+ 더보기",5,2022-04-25
292316945,사자소학 천재가 되다!,13552494,jnc4ever,"올드스테어즈에서 출간된 초등 국어 학습 만화 열번째 이야기.사자소학 천재가 되다! 입니다.천재가 되다 시리즈는 아이들에게 어려울 수 있는 학습을 만화를 통해쉽고 재밌게 이해하게 해주는 학습 만화로 유명해요~!그 중 이번에 나온 사자소학 천재가 되다!는 엄마의 마음, 아이의 마음 모두를 사로 잡은 획기적인 책이었어요.​사자소학은 아이들의 인성 교육에 빠지지 않은 내용을 담고 있기에초등학교 시절 한번이라도 읽고 넘어가면 좋다는 이야기를 듣고완역본을 구해서 읽어보라고 줬던 적이 있습니다.물론 처음에는 소리내어 읽어보던 아이가 오래지 않아...+ 더보기",5,2022-04-28
292316945,사자소학 천재가 되다!,13544683,행복나무하나,"저자 Mr. Sun 어학연구소『읽으면 영어천재가 되는 만화책 워크북』 『영어 읽기 천재가 되다!』 시리즈 등의 저자이다.  <사자소학 천재가 되다!>는 만화로 배우는 초등학습시리즈이다. 올해 아홉 살 난 아들이 책을 보자마자 크게 관심을 보였는데, 재미있다고 한동안 학교에도 들고가서 읽을 정도였다. 엄마로서 아이의 반응이 좋으니 그저 좋았는데, 찬찬히 책을 살펴보니 꽤 알찬 구성에 무엇보다 만화가 재미있어 흥미롭다.   조선시대 아이들이 인성 학습 교재로 배우고 익혔...+ 더보기",5,2022-04-25
292316945,사자소학 천재가 되다!,13552124,kmjmice,이번에는 다시 좀 제대로 알려 줄 필요가 있을 것 같았고  그때보다는 좀 자랐으니 이해도 더 잘 할 수 있을 것 같아 다른 책을 준비해 보았다.      사자소학이란 조선시대에 아이들을 가르치기 위한 어린이용 도서로 원래는 중국에서 들여왔던 책이다.  원래 중국에서 들여왔으니 당연히 한자로 되어 있는 책이다. 이 책에서는 이 한자들을 그대로 적어 주고 뜻과 소리를 따로 표시하여 아이들이 단순히 책만 재미있게 읽지 않고 한자도 익히게 해주며 한자를 어느 정도 아는 친구들에겐 직접 뜻 풀이를 할 수 있게 구성되어져 있어 다방면...+ 더보기,4,2022-04-28
292316945,사자소학 천재가 되다!,13542345,virio2974,"[서평후기]사자소학 천재가 되다. /올드스테어즈, 또 다른 천재가 되다. 사자소학의 참뜻을 알아봐요

계속되는 천재의 유혹, 뿌리치지 너무 힘드네요.

국어천재, 영어천재, 스도쿠천재, 그리고 사자성어 등 한자 관련 천재까지.

드디어 사자소학입니다. 레벨이 격이 차원이 달라지고 있어요, 초등국어와 연관이 있지만요.

사자소학이 무엇인지? 아시는 분? 손! 사자라구요. 네글자로 작은 아이들이 배울 수 있는 무언가? 그런 느낌!

솔직히 저도 잘 모르겠어요, 천자문만 봐도 머리가 띵해지거든요. 천자문과 사자소학....+ 더보기",5,2022-04-25
292316945,사자소학 천재가 되다!,13548813,da22ling,"* 출판사로부터 무상으로 도서를 지원받아 작성했습니다. *한자 공부와 인성 교육을 함께 하는 최고의 방법초등 국어 학습 만화 10사자소학 천재가 되다!저자: Mr. Sun 어학연구소출판사: 올드스테어즈사자소학은 조선시대에 어린이들을 위해 만든 인성 학습 교재이다.여기엔 아이들이 사회 속에서 어떤 마음을 가지고,어떻게 관계를 맺으며 살아가야 할지에 관한가르침이 담겨있다.자칫 고루하게 느껴질 법한 선조들의 가르침을현대에 자연스럽게 적용해볼 수 있도록,사자소학 속의 성어들을 일상에 접목해 만화로 만든 책이다.50개의 만...+ 더보기",5,2022-04-27
292316945,사자소학 천재가 되다!,13533088,dearyou012,초등 국어 학습만화 10권중 한권인 [사자소학 천재가 되다!] 책을 읽어 보았어요. 그렇다면 사자소학이란 무슨 뜻일까요? 사자소학이란 조선시대에 어린이들을 위한 인성 학습 교재라고 합니다. 조선시대 어른들도 아이들이 사회 속에서 어떤 마음을 가지고 어떻게 관계를 맺으며 살아야 할지에 대한 가르침을 담고 있다고 보면 됩니다.이 책의 구성은 Day 1~50일까지 공부할 수 있도록 되어 있습니다. 저는 Day 구성된 책을 보면 매일 매일 꾸준히 해야겠다는 불타는 의지를 만들어 내는 것 같아요. 50일이라는 짧지도 길지도 않은 시간 동안 ...+ 더보기,5,2022-04-21
292316945,사자소학 천재가 되다!,13535439,Brodie,"초등 문해력을 위한 사자소학사자소학 천재가 되다!초등학교에서 가장 필요한내적 소양 길러주는데 도움이 되는사자소학!학습만화를 통해 즐겁게 익혀볼까요~사자소학에 관심이 많아서도서관에서 책을 종종대출해 보기는 했는데 아이와 꾸준히사자소학을 익힌다는 게 쉽지 않죠.사자소학은 조선시대 어린이들이서당에서 처음 배우던 생활 교과서라고 합니다.부모님, 형제자매, 친구, 선생님, 어른을어떻게 대하는 것이 옳은지,그리고 남 탓하기 전에 자신부터어떻게 갈고닦아야 하는지에 대한 이야기입니다.왠지 라떼는 말이야~ 느낌이 날 수도 있지만천재가 되다 시리즈는...+ 더보기",5,2022-04-22
292316945,사자소학 천재가 되다!,13554484,달빛사막,"요즘 학교에서 아이가 방과후 교실 수업 중 한문수업을 듣고 있어요. 우리말을 잘 이해하고 어휘력을 늘리기에 한자를 꼭 공부를 해야겠더라구요. 그래서 한문 수업을 들으면서 한자 시험을 한 번 볼 생각까지 하고 있답니다.한문에 슬슬 관심을 보이고 한자의 음과 뜻을 재미있어 하길래 기본은 한문에서 나아가 아이에게 더 넓은 지식을 알려주고 싶어 고른 책이 바로 사자소학 천재가 되다라는 책입니다.사자 소학이란 조선시대에 어린이들을 위해 만든 인성 학습 교재에요. 아이들이 사회 속에서 어떤 마음가짐을 가지고 어떤 생각을 가지고 살아야하는지, ...+ 더보기",5,2022-04-29
292316945,사자소학 천재가 되다!,13543708,-,"초등 국어 학습만화 <<사자소학 천재가 되다! >>도서가 도착했어요^^개구진 표정에 붓을 들고 무언가를 쓰고 있는 표지의 인물이 인상적이네요!이 책은 50일 동안 초등 아이들에게 유용하고 유익한 사자소학을 엮었어요.초반에는 효에 관한 부모를 공경하고 섬기하는 뜻의 내용이 많았어요.저는 '이문회우 이우보인'과 같이 친구들과 함께 공부하고, 바른 생활을 할 수 있도록 서로 도우라는 사자소학이 아이와 이야기를 많이 나눌 수 있어서 마음에 남았어요. 또 '상덕고지 연낙중응'과 같이 항상 도덕을 굳게 지키고 무언가를 하...+ 더보기",5,2022-04-25
292316945,사자소학 천재가 되다!,13547003,이주희,저는 우선 예의를 함께 읽고 느끼고 가르치고자 하는 마음으로 제게 와 닿았던 책이예요.아이들에게는 어렵고 따분한 이야기일 수 있는 부분을 재미있는 만화와 워크북 형식으로 풀어낸 부분과 특히 저희집 아이들이 제일 좋아하는 가로세로퀴즈! 부분이 있어서 흥미롭게 읽어나가고 있습니다. Day1~50까지 부담없이 읽을 수 있게 한것도 마음에 들어요~한번 읽고 마는 책이 아닌... 읽고 또 읽을 수 있는 책입니다.< 출판사로부터 도서를 제공받은 리뷰 입니다. >,5,2022-04-26
324692375,바다처럼 유유히,14948113,향기로운이끼,그림만 보고만 있어도 힐링이 된다!아름다운 바다와 이야기의 여운이 남아서 작가의 다른 작품들도 찾아서 읽고 싶어졌다.,5,2023-09-30
324692375,바다처럼 유유히,14958632,오렌지,"한자리에 앉아 바닷가의 변화무쌍한 장면들을 지켜봅니다. 해가 뜨고 지고 썰물, 밀물이 교차하며 밤이 됩니다.",5,2023-10-04
324692375,바다처럼 유유히,14937005,책읽기,"유유히 흘러가는 바다처럼, 무거웠던 것들이 조금은 가벼워진 기분이 들었습니다.",5,2023-09-26
324692375,바다처럼 유유히,14955262,책샘,바다가 그리울 때마다 펼쳐보면 기분이 좋아질 책이다.,5,2023-10-03
324692375,바다처럼 유유히,14970398,rhakdnj22,"마지막 장에 둥근달이 뜬 고요한 밤바다 그림이 펼쳐지는데 삶을 잘 살든, 못 살든 누구에게나 공평하게 주어지는 신의 선물 같아 평화롭다. 그리고 우리는 여전히 거기있다.",5,2023-10-09
324692375,바다처럼 유유히,14967526,리더왕,바다에서 느낄 수 있는 평범한 것의 소중함,5,2023-10-08
324692375,바다처럼 유유히,14962881,행복은사랑,어린아이들에게도 잠시 힘든 시기를 보내고 계실 분들에게 추천드리고 싶은 책 <바다처럼 유유히> 입니다. 동화를 통해 유유히 흘러가는 바다 내음을 느끼시길 바랍니다.^^,5,2023-10-06
324692375,바다처럼 유유히,14969159,gahyeoni303,숨은 그림 찾기를 하듯 사람들의 움직임에 따라 움직였던 시선과 요동치던 마음,5,2023-10-09
324692375,바다처럼 유유히,14941564,jihye317,"﻿이 책은 시간의 흐름과 변화를 받아들이며 인생의 다양한 순간을 즐기고, 자연과 조화를 이루며 내면의 평화를 찾아가는 중요성을 강조합니다. ""바다처럼 유유히""는 따뜻하고 철학적인 메시지를 담은 아름다운 작품으로, 독자들에게 삶과 행복에 대한 깊은 생각을 불러일으킬 것입니다.﻿",5,2023-09-28
324692375,바다처럼 유유히,14965875,또랑,"바닷가에 앉아 밀물과 썰물, 바다와 함께하는 사람들을 여유롭게 바라보는 기분이 들었어요. 그림동화이지만 어른들에게도 큰 깨달음을 주는 이야기, 감명 깊게 잘 읽었습니다.",5,2023-10-07
324692375,바다처럼 유유히,14948065,향기로운이끼,"바닷가는 삶이 원래 이런 것이라고 일깨워 줄 거예요.여러분이 누구이든, 무슨 일을 하든, 삶에는 밀물이 있으면 썰물도있답니다.책을 받아들고 꺼내는 순간 벌써 반한 책, 바다처럼 유유히!커다란 소나무 숲 사이로 바다가 보이죠? 입체감 만점의 두툼한책 표지가 아이처럼 신기하고 재미있어서 나뭇가지 사이로 손을내밀어보기도 했다.이렇게 책 표지만 보고 있어도 좋은 책, 잔잔하게 물결치는 평온한 바다가 우리 집으로 들어왔다.카메라를 고정시켜 놓고 촬영이라도 하는 듯, 우리가 바라보는바다 한 가운데에는 노란 기둥이 표식처럼 서 있다.아~ 책 판...+ 더보기",5,2023-09-30
324692375,바다처럼 유유히,14976294,세실,"#도서협찬 #바다처럼유유히바다처럼 유유히막스 뒤코스 글그림/ 이세진 옮김국민서관한줄평: 삶에는 밀물이 있으면 썰물도 있답니다.소나무 사이로 보이는 바다가 참 예쁜 표지. 아이랑 표지 구멍 사이로 얼굴을 대고 바다가 보인다~ ㅎㅎ 이러면서 몇 번 놀고 책을 펼쳤습니다. 표지를 이렇게 구성한 작가의 의도가 궁금했어요. 아이랑 이야기를 나눠봤는데 진짜 소나무 사이로 바다를 보는 것 같은 느낌을 들게 하려고 그런 것 같단 이야기를 나누었네요.^^썰물과 밀물이 교차하고, 날이 밝았다가 흐렸다가 하는 바닷가의 하루를 그린 그림책이었어요. 썰물...+ 더보기",5,2023-10-12
324692375,바다처럼 유유히,14951274,moo32,소나무 숲 사이사이를 오려낸 표지 너머로 윤슬이 가득한 푸른 바다가 보입니다. 바다가 부르는 듯한 느낌에 책장을 서둘러 넘겨보았습니다. 이른 시간의 바닷가에는 아직 아무도 없습니다. 푸른 바다와 하얀 모래벌판을 보니 가슴이 설렙니다. 책은 독자들에게&...+ 더보기,5,2023-10-01
324692375,바다처럼 유유히,14971639,ⓦⓘⓝⓓ,"뜨거운 여름날, 시원한 바닷가에 앉아 파도치는 소리만 들어도 더위가 가실 것 같다. 무덥던 여름이 언제였는지 기억나지 않을 정도로 선선한 바람이 부는 가을이 성큼 다가온 요즘, 여름 바닷가에서의 즐거운 추억을 떠올리며 시시각각 변해가는 풍경과 사람들의 모습들을 찾으며 재밌게 읽을 수 있는 그림책이 우리 곁에 다가왔다.   <바다처럼 유유히>를 지은 프랑스 그림책 작가 막스 뒤코스는 국내 독자들에게는 ‘비밀의 집 볼뤼빌리스’와 ‘한밤의 왕국’으로 잘 알려진 작가이다. 그는 프랑스 아동청소년문학상인 ‘엥코륍티블상’을...+ 더보기",4,2023-10-10
324692375,바다처럼 유유히,14999840,투명한지,"바다처럼 유유히 / 막스 뒤코스 / 이세진 역 / 국민서관 / 2023.09.22 / 국민서관 그림동화 274 / 원제 : Marée haute, marée basse (2023년)책을 읽기 전결정 하나 내리지 못하고 답답한 마음으로 탁 트인 바다에 가고 싶다는 생각을 하고 있는 요즘이었어요.표지의 그림을 보며 책장을 넘기면 바다로 순간 이동할 것 같았고,제목까지도 이 모든 순간이 바다로 '유유히' 들어가는 느낌이었거든요.어떻게 안 궁금할 수가 있겠어요?책 읽어보기여기는 바닷가예요.모래벌판은 오늘의 이야기를 쓸 준비가 된 백지 같아...+ 더보기",5,2023-10-22
324692375,바다처럼 유유히,15026634,likehan3,​ 안녕하세요. 오늘 여러분과 함께 나눌 책의 제목은 국민서관에서 출판된 신간 <바다처럼 유유히>예요. 요즘 뭔가 선택하거나 결정을 해야 되는 뜻대로 되지 않아서 마음이 매우 답답하네요. 이럴 때 탁 트인 바다가 절로 생각나게 되는 것 같아요. 놀랍게도 집으로 배송된 책의 곁표지를 보니까 소나무 사이로 탁 트인 바다가 보이네요. 책에 그려져 있는 그림을 바라보는 것만으로도 제 마음이 시원하게 해 주는 것 같아요. 첫 페이지를 넘기니까 아침이 되었어요. 바닷물이 서서히 빠지기 시작했어요....+ 더보기,4,2023-11-01
324692375,바다처럼 유유히,14963091,lovemyself,< 바다그림책 여름그림책 바다 해변 국민서관그림동화 >어른이 보는 그림책애랑 같이 읽지 않고 육퇴후 조용히 나만의 시간을 가지면서 읽는 유일한 책~~막스 뒤코스 작가분의 따끈따끈한 신간이국민서관그림동화 274로 출간되었어요.이전에 그림책이 참 강렬하게 기억남아서이 작가분 기억하고 있거든요..이번에는 또 얼마나 독특하게 나의 시선을 사로잡아서힐링의 시간을 안겨줄런지..신간소식을 듣고 소개글로 읽었을 때와실물로 만났을때는 진짜 천지차이네요^^일단 받게 되면~~큼지막한 책 크기에 한번 놀라구요두번째는 요렇게 표지에 놀...+ 더보기,5,2023-10-06
324692375,바다처럼 유유히,14952292,pjs0204kr,"#협찬도서#바다처럼유유히  #막스뒤코스_글_그림 #이세진_옮김#국민서관 #바다 #인생 #여유 #힐링 #편안함#인생그림책 #신간그림책 #추천그림책 #어른그림책 #유아그림책 #꼭봐야할그림책 #서평단 ""바닷가는 삶이 원래 이런 것이라고 일깨워 줄거예요.여러분이 누구이든, 무슨 일을 하든, 삶에는 밀물이 있으면 썰물도 있답니다""나는 나의 인생을 들여다보는 것이 쉽지 않은 사람이다. 내 인생을 돌아볼 수 있도록 돕는 것이 그림책이다. 깊은 이야기를  담담하게 그려낸 그림책을 만나면서 조금씩 나의 삶, 나의 살아가는 방향을 들여다보게 된다.무...+ 더보기",5,2023-10-02
324692375,바다처럼 유유히,14992815,고땅,"바쁜 일상에 평온한 여유를 선물해 줄 그림책<바다처럼 유유히>를 소개합니다.이 작품은 제가 너무 좋아하는 막스 뒤코스 작가님의 작품이랍니다. 아름다운 그림과특별한 상상력으로 우리에게 즐거움을 선사해주는 작가님의 신간이라 만나기 전부터무척 기대가 되었어요. 특히 타공이 된 표지는어떤 이야기가 담겼을지 호기심을 일으키네요.     여러분은 바다를 좋아하시나요?저는 바다 근처에 살고 있어, 늘 바다를 보며하루를 시작해요. 그래서 바다를 참 좋아해요. 이번에 만나 본 작품은 하루 동안의 바다를만날 수 있는 아름다운 작품...+ 더보기",5,2023-10-19
324692375,바다처럼 유유히,14958638,오렌지,"어른들을 위한 그림책인듯 합니다. 바닷가의 풍경을 연속으로 그려놨습니다. 특이한 구성으로 한 지점에서 계속 바라보는 장면입니다. (반대로 그림을 그리는 사람의 위치나 모습이 나오면 재미있을 것같습니다) 사람들이 지나가고, 밀물, 썰물에 따라 모래사장이 더 보이기도 하고 사라지기도 합니다. 다양한 사람들의 모습들이 나오고, 일광욕을 하는가 하면 아이스크림 장수도 지나갑니다. 모래놀이를 하는 꼬마도 보입니다. 요트도 지나갑니다. 모래성이 조금 올라가다가 바다물이 들어오면 무너집니다. 하나의 그림, 한페이지에서 60%는 바다입니다. 바다...+ 더보기",5,2023-10-04
324692375,바다처럼 유유히,14922089,ssong1314,"#도서협찬 #바다처럼유유히  #막스뒤코스_글_그림 @maxducos_art#국민서관 @kookminbooks고맙습니다♥ 📌막스 뒤코스 책이라면 뭔들!바다처럼 유유히제목처럼 바다처럼 유유히 흘러가는 우리인생을 생각하게 된다.학교에 가고,친구랑 놀고,공부하며 매일이 즐겁다는 어린이들.때론 내맘같지 않은,상식적이지 않은 일을 겪게도 되지만 훌훌 털어버릴 용기를 책을 보며 또 느낀다.표지의 구멍 뽕  나무들 뒷편 파도치는 바다가 멋진 작품을 보듯 감상하게 되고.지난 여름 태풍 오기 전 바닷가에서  수영하고,모래놀이 했었던 경험을 또 즐겁...+ 더보기",5,2023-09-20
324692375,바다처럼 유유히,14974229,bong678,"처음 책을 받고 우와 엄청크다 했어요 :)판형의 그림책이였고 펀칭되어있는 표지가 너무 예뻤어요     "" 유유히 흘러가는 바다에서의 하루 어땟나요?바닷가에서 특별한 일은 없을 거예요여러분이 그곳에 있다는 사실만이 특별하지요     바닷가는 삶이 원래 이런 것이라고 일깨워 줄거예요여러분이 누구이든, 무슨 일을 하든,삶에는 밀물이 있으면 썰물도 있답니다.""     문구부터 어른이 읽어도 너무 와닿는 그림책이였어요     시간의 흐름이 보이시죠? 바다의 다양한 모습을 볼수 있어요 :)글을 읽으면서 그림...+ 더보기",5,2023-10-11
324692375,바다처럼 유유히,14981763,프로그래머홍,제주도 여행을 갔다 온 후 바닷가에서 바라보았던 풍경이 계속 떠올랐다. 푸르른 하늘 아래 끝을 알 수 없이 펼쳐진 푸른 바다. 광대한 우주를 생각하며 먼지와 같은 존재인 인간을 떠올렸듯 그 바닷가에서의 풍경은 자연의 진정한 매력에 빠져들게 했다. 힘이들때나 생각이 필요할때 그 풍경을 다시 바라보고 싶었다. 제주도에 가는 것이 쉽지 않아 그리움을 간직하고 있던 중 만난 이 책. 혹시나 그 바다의 느낌을 전해주지 않을까 해서 펼쳐 들었다. 매우 큰 크기의 책 한 면을 모두 차지하는 푸른 바다와 하늘의 모습. 그리고 소소하면서 자연스럽게...+ 더보기,5,2023-10-14
324692375,바다처럼 유유히,14967861,마시마로,그림들이 멋진 책이었어요.바다를 보는 것과 같은 느낌이 많이 들었어요.힐링되는 그림책입니다.바다에서 펼쳐지는 풍경들을 이쁘게 표현한 책이에요.아이와 멋진 그림들을 감탄하며 보았습니다.​유유히 흘러가는 바다에서의  모습들을 잘 보았습니다 바닷가에서의 삻을 느껴볼 수 있는 책이에요.삶에는 밀물이 있으면 썰물도 있음을 알려줍니다.한편의 명화를 보는 것 같은 책이에요.아이들이 보기에 좋은 그림책이에요.​​​​​​​[출판사로부터 도서 협찬을 받았고 본인의 주관적인 견해에 의하여 작성함]​​,5,2023-10-08
324692375,바다처럼 유유히,14990378,삼남매맘!~,바다는 언제보아도 바라만 보고 있어도항상 날 기다렸다는 듯~나를 위로해 주는 듯~넓은 품을 가지고 반겨주는 것 같아요!드넓은 바다에서 사람들은 각자의 시간들을보내며 바다의 매력에 빠져듭니다.저도 아이들과 여행을 가서 바다를 맞이하게 되면해변가에서 바닷물이 밀려드는 찰나의 순간을즐기며 지친 일상을 씻어내곤 한답니다.바다에 밀물과 썰물이 있듯이 우리의 인생에도반복되는 일상에 지치고 힘들 때가 있지만언젠가는 밀물처럼 작은 행복이 찾아올꺼라는희망적인 메세지를 전하는 그림책입니다.그림책을 다 읽고 난 아이는 그림책 표지의앞부분이 ...+ 더보기,5,2023-10-18
324692375,바다처럼 유유히,14974158,pc17777,바다처럼 유유히막스 뒤코스 글그림/이세진 역 국민서관안녕하세요 .지난 여름에는 유난히도덥다보니 가족들과 바닷가에서아이들과 시간을 많이 보냈는데요.저희 가족들이 너무나 사랑하는힐링지가 바로 바닷가에요~~~아름다운 바다의 전경과모래밭에서 펼쳐지는 아름다운 이야기들을담은 바다그림책으로바다처럼 유유히 국민서관준비해봤어요~~~~바다처럼 유유히 국민서관 도서에서는일단 표지부터 아이들에게 호기심을 자극하더라구요.높다란 소나무 사이사이로 윤슬이 가득한 바다부터 멋진 풍경이그림처럼 펼쳐지겠더라구요.바다의 초대라니 저도 무...+ 더보기,5,2023-10-11
324692375,바다처럼 유유히,14955252,책샘,​ ​소나무 사이로 빼꼼히 보이는 바다가 사랑스러운 그림동화이다.바다가 그리울 때마다 펼쳐보면 기분이 좋아질 책이다.나만 알고 싶은 한적한 여름바다를 늘 갈 수는 없으니까^^바다에서 사랑하는 사람들과 함께 했던 추억을 떠올리며 공감할 수 있는바다에서 할 수 있는 소소한 일들이 평화롭게 그려져 있어 마음이 평안해진다.​가족과 휴가를 즐기러 바다에 온 로뱅은 해변에서 제일 근사한 모래성을 쌓는다.미역으로 성의 구역을 빙 둘러 표시한 로맹의 모래성은완성되기 전부터 꼬마 엔조의 관심을 끈다.휴양지의 바다에서 마주친 누구나 친구가 ...+ 더보기,5,2023-10-03
324692375,바다처럼 유유히,14979032,happyjaijin,"바다처럼 유유히바닷가 해변에서 아침부터 저녁까지 저마다의 시간을 보내는 사람들의 모습을 담은 그림책입니다바닷가의 아침으로 책이 시작합니다아직 이른 시간 바닷가에는 아무도 없고 오늘의 이야기를 시작할 준비가 됩니다아침이 시작하며 바닷물이 빠지고 모래벌판에 사람들이 옵니다조개를 잡으려고 모래를 파헤지는 남자들, 모래성을 만들기 시작하는 한 가족 아침부터 활기찬 하루가 시작됩니다대낮이 되며 사람들이 바닷가로 몰려듭니다일광욕을 즐기는 사람들, 아이스크림을 파는 사람, 보트를 타는 사람들, 모래놀이를 하고 조개를 잡는 사람들 등 다양한 사람...+ 더보기",5,2023-10-13
324692375,바다처럼 유유히,14983226,8408pakr,바다처럼 유유히​책제목도 너무 이쁘지만​책자체가 너무 이뻐요^_^​바다그림책 힐링그림책 여름그림책으로​불리는 국민서관의 바다처럼 유유히~​오늘은 힐링그림책 국민서관 ​바다처럼 유유히를 소개합니다^_^바다그림이 가득한 바다처럼 유유히​바다에 가고싶을때 힐링하고 싶을때​또는 휴가지에서 읽기 좋은책인거 같아요^^​아이부터 어른까지 읽기 좋은 그림책이에요!유유히 흘러가는 바다에서의 하루 어땠나요?​삶에는 밀물이 있으면 썰물도 있답니다​예쁜 바다를 보면서 삶을 일깨워 주는 예쁜 그림책!여기는 바닷가예요.​예쁜 바닷가의 그림으로 시작하는데요~...+ 더보기,5,2023-10-15
324692375,바다처럼 유유히,14976732,ANSOKUJO,평소 바다를 참 좋아합니다. 여름바다 겨울바다 할거 없이 바다가 주는 매력이 있지요. 그 매력을 한마디로 정의하기 어려웠는데 오늘의 그림책이 바다의 좋은 점을 잘 다뤄주고 있어요.푸르른 소나무 숲 책 표지 사이로 푸르른 바다 등장! 책장을 한 장 한 장 넘길 때마다 같은 바다여도 또 다른 모습이 감탄을 자아내요.이 그림책은 이른 아침부터 늦은 밤까지 바다에서의 하루를 담아내고 있어요. 글을 읽고 있으면 잔잔히 감동이 밀려옵니다.아이와 함께 그림책을 볼 때는 글 없는 그림책처럼 그림만 보여 줘도 재잘재잘 이야기하며 함께 관찰하기 좋았...+ 더보기,5,2023-10-12
324692375,바다처럼 유유히,15023000,johanna,보통 책보다 큰 판형을 가지고 있는 이 책은 소나무 표지의 뚫린 안 표지에 시원한 바다가 보여서 당장이라도 소나무 안으로 들어가고 싶을 정도이다.바다처럼 유유히.. 썰물과 밀물로 인해 땅이 드러났다가 차오를 때 사람들의 이야기는 이어진다. 모래성을 쌓고 연인을 기다리고 비가 내려도 요트 경주는 계속 된다. 바다가 유유히 자신을 보여주는 이 그림체를 보면 나 자신도 이 바다를 바라보고 있는 듯한 기분이 든다. 바다처럼 내 자신도 유유히 떠다니는 느낌이다. 차분하고 포근하게 내게 바다와 함께 이야기를 건내는 이 글은 나를 위로해주는 것...+ 더보기,5,2023-10-31
324692375,바다처럼 유유히,14960520,stspirit,국민서관 그림동화 274권이 새로 나왔어요.바다처럼 유유히표지가 너무 예뻐요.표지그림만 봐도 힐링되네요.막스뒤코스 작가님이 그림도 그리고 글도 써주었어요.표지그림이 정말 예술이에요.하루동안 바닷가에 일어나는 일을 그려냈어요. 이른아침부터 밤 까지 말이죠.바다의 하루는 스펙타클한 하루일까요? 고요한 하루 일까요?이른아침 바다는 무엇을 하고 있을까요?바다엔 아무도 없어요.지금 그림을 보고 있는 우리 밖에 없네요.바다는 무슨 생각을 하고 있을까요? 이른아침 바다는 햇빛을 받으며 반짝이면서 모래사장을 찰싹이네요..바다의 아침은 썰물로 시작...+ 더보기,5,2023-10-05
324692375,바다처럼 유유히,14987104,shy8345,여름이면 생각나는 바다. 여름이 아니여도 탁트인 시원한 곳 하면 생각나는 곳인 것 같아요.지난 여름 뜨거운 시간을 보냈던 바닷가를 생각하면 절로 공감이 가는 잔잔하면서도 아름다운 막스뒤코스 작가님의 새로운 그림책을 만났어요.독서 전커다란 판형과 타공이 된 표지에 눈이 절로 가요.소나무 숲 사이로 보이는 잔잔한 파도와 푸른 하늘이 여유롭고 평안한 시간을 선물해주는 것 같아요.책읽기빽빽한 소나무 사이로 살짝 보이는 바닷가를 보기위해 표지를 넘기면 탁 트여있는 잔잔한 바닷가.작가가 말을 걸어주는 듯한 글이 펼쳐진다.바다처럼 유유히를 보는...+ 더보기,5,2023-10-17
324692375,바다처럼 유유히,15036512,별똥맘이,"마음에 편안함과 힐링을 가져오는 책입니다.""여유""와 ""휴식""을 이야기할 때 제가 떠올리는 장면은예전에 연애하던 시절, 당시 남친이었던 애들 아빠가 일하는 동안비오는 바닷가 근처 카페에 앉아 혼자 커피를 마시고 책을 읽었던 그 장면입니다.​당장에 바닷가 조용한 카페에서 휴식을 즐길 수 없을 때꺼내보면 좋은 책인 것 같아요. 표지 부터가 그 때 그 곳을 떠올리게 바닷가 소나무 예요.그 때 그 곳은 강릉이었거든요. 하지만 바다는 밀물과 썰물이 한눈에 보이는 서해바다를 떠올리게 했어요. 막스 뒤코스 작가님은 프랑스 분으로 아마도 프랑스 어...+ 더보기",5,2023-11-05
324692375,바다처럼 유유히,14953361,슈퍼타이거,산에서 느낀 바다.이번 캠핑에 아이와 함께 읽으려고 가져간 책.제목에 있는 ‘유유히’라는 단어가 왠지 힐링재질일 것 같아 고민 없이 골랐다.표지부터 얼마나 좋던지.소나무밭 사이로 보이는 바다의 풍경.작년여름 갔었던 포항의 화진 바닷가 근처 캠핑장이 떠오르는 그림이었다.소나무 밭을 살살 걸어 나가면 어느 순간 넓은 바다가 눈앞에 펼쳐진다.답답했던 일상에서 가슴이 뻥하고 뚫리던 그때의 기분을 아직도 있지 못하는데이 책 표지를 넘기는 순간 펼쳐진 바다그림에 바로 그때의 순간이 떠올랐다.‘여기는 바닷가예요.’이른시간 아무도 없는 텅빈 바닷...+ 더보기,5,2023-10-02
324692375,바다처럼 유유히,14959814,sejinm3,"여러분들은 바다 좋아하시나요?^^저는 속이 답답할때 펑뚫린 바다를 보면 속이 시원해지는 느낌을 받는데요.그리고 파도의 소리 해변의 밀물과 썰물, 갈매기, 주변 사람들의 음성과 더불어 바다 향기를 맡고 있으면 온전히 바다를 느낄수있었던거 같아요.가까운 바다에 가지 않아요. 내가 바다에 우뚝 서있는 느낌을 주는 바다 그림책 [바다처럼 유유히]를 소개합니다.이른 시간이에요. 그래서 그런지 아무도 없어요.느끼세요 오로지 바다만을~사람들이 오기전에,,,,드넓은 바다, 모래와 저 멀리 보이는 등대들 작은 요트가 보여요.그러고 보니 이제 바닷물...+ 더보기",5,2023-10-05
324692375,바다처럼 유유히,14970353,rhakdnj22,"바다가 그리울 때, 바다가 보고를 때, 바다의 냄새를 맡고 싶을 때. 언제든 꺼내볼 수 있는 그림책이다. 책이 커서 출렁이는 파도가 선명하게 보여 바다를 그려내기 수월하다. 반짝이는 포말은 바다가 별을 토해내듯 하얗고 예쁘다.“운이 좋네요! 여러분 말고는 아무도 없어요. 아직은 이른 시간이에요. 모래벌판은 오늘의 이야기를 쓸 준비가 된 백지 같아요.“모래 위에 무얼 써야 하나 곰곰이 생각하는 시간의 벗은 한적한 곳에 불어오는 바람일 테다. 아무도 없어 모래벌판에 자연이 그려낸 그림자에도 귀 기울이는 행운을 얻는다.바닷물이 빠지면 잔...+ 더보기",5,2023-10-09
324692375,바다처럼 유유히,14959936,withyouth81,"모래벌판에 어떤 자국도 없는 이른 시간의 바다.오늘의 이야기를 기다리는누군가.바닷물이 빠지기 시작하며모래벌판에 하나 둘씩사람들이 찾아온다.모래벌판을 걷는 사람,모래를 파헤쳐 조개나 고기를 잡으려는 사람,모래성을 만드는 아이들.모래벌판에서 휴식을 취하는 어른들.만나기로한 친구들을 기다리는 사람들.여러 사람들이 모래벌판에 그들만의 이야기를 만들어가는 동안빠졌던 바닷물도 서서히 들어온다.맑았던 날씨에 구름이 끼더니한바탕 비가 내린다.사람들이 썰물처럼 모래벌판에서 나가고비가 그치자밀물처럼 잠시 나갔던 또는 새로운 사람들이 들어와 그들만의 ...+ 더보기",5,2023-10-05
324692375,바다처럼 유유히,14943432,이서진,"바다 풍경이 너~~무 예쁜 그림책~!!
동화책을 처음 펼쳐보고 실제로 있는 바다의 풍경일까를 계속 생각하면서 읽어갔는데~
글속에 ""정답""이 나온다~^^ 작가님의 센스가 돋보인다~♡♡

하룻동안의 바다의 변화를 담담히 잘 그린 동화책 밀물과 썰물의 변화 오고가는&...+ 더보기",5,2023-09-29
324692375,바다처럼 유유히,14962194,sylvia,"""여러분을 이 바다로 초대합니다 ""​적송 사이로 보이는 바다를 보면 나도 그곳에 있고 싶어져요. 햇빛에 빛나는 윤슬과 파도 소리를 들으며 그곳을 걷고 싶어요.책 표지를 넘기면 바로 보이는 바다가 나를 그곳으로 이끌어요.아무도 없는 바닷가를 누군가 혼지 걷고 있어요. 걷고 있는 사람이 누군인지 중요하지 않아요. 그 주인공이 내가 될수도 있고, 여려분이 될 수도 있고, 아이가 될 수도 있어요.이제 같이 바다를 여행 할 준비가 되어 있나요?점점 바다는 썰물이 되어 바닥이 보여요. 모래사장이 넓어지고 그 길을 따라 걷는 사람돗자리를 펴고 ...+ 더보기",5,2023-10-06
324692375,바다처럼 유유히,14937004,책읽기,"너무나 이쁜 바다풍경이 가득한 그림책이 도착했다.책이 예뻐서 그런지 한참 쳐다본 것 같다.나무사이로 보이는 푸른 바다를 보니 차를타고 해안도로를 지나가는 기분이 들었다.어른들에게도 푸른 바다는 마음이 뻥 하고 뚫리는 듯 하다.아이들은 바다를 보며 무슨 생각을 할까?나는 어렸을 적, 바다를 보고 무슨 생각을 했던가 떠올려보았다.저자는 프랑스 보르도에서 태어나 프랑스어린이들이 직접 선정하는 프랑스 아동청소년문학상인 '앵코릡티블상'을 두 차례나 수상했다고 한다.그만큼 아이들의 시선에서, 아이들의 마음으로 글을 쓰고 그림을 그리는 듯 하다...+ 더보기",5,2023-09-26
324692375,바다처럼 유유히,14989530,cheiron77,"소나무 사이로 보이는 바다를 보니 바다에 가고 싶다. 소나무 뒤로 가려진 돛단배의 모습에 여유가 가득하다. 여유만 된다면 당장 따사로운 해안가로 달려가고 싶다. 책을 펼치면 한 페이지 가득 바닷물이 넘실거리는 해변이 보인다. 아무도 없이 한적한 바다의 모습은 고요하지만 활기차다. 시간이 흘러 바닷물이 빠지기 시작하면 사람들이 하나 둘 등장한다. 누군가는 모래를 파고, 모래성을 만들기도 하고, 파라솔에 몸을 뉘던지, 온몸으로 햇살을 맞는 사람들도 있다. 다양한 인종의 다양한 사람들 만큼이나 바다의 모습도 시시각각 변한다. 누군가는 오...+ 더보기",5,2023-10-18
324692375,바다처럼 유유히,14951517,퐝하욘이,"애정하는 #국민서관 #막스뒤코스 신간이 나왔다! 이번에도 큼직한 판형에 시원한 그림이 아주 그냥 눈 호강을....#바다처럼유유히 책장을 한 장 한 장 넘기면서 저절로 힐링이 되는 느낌.. 현실과 상상을 오가는 신비한 모험의 세계가 펼쳐지는 전작들과 달리 이번 책은 잔잔하다. 그런데 이상하게도 아이들이 한 번 더를 외친다. 눈에 띄는 특별한 스토리가 있는 것도 아닌데. 그저 시간의 흐름에 따라 바다도 흘러가는 것 뿐인데 이상한 매력이 있다.. 아이들은 이전 페이지와 어떤 부분이 달라졌는지, 책 속에서 말하는 이야기가 누구의 이야기인지...+ 더보기",5,2023-10-01
324692375,바다처럼 유유히,14967530,리더왕,MOTIVATION:: 어린이를 위한? NO!무엇보다 먼저 이 글을 읽는 분이 계신다면 다양한 장르의 책을 읽어보라고 권하고 싶다. 난 서평단을 알게 되고 독서 편식에서 벗어나고자 올라오는 서평단 모집 글마다 지원을 해서 다양한 장르의 책을 받아보게 되었고 최근 어린이 신간으로 분류되어 있는 그림책을 2권째 읽고 있다. 그전에도 어린이와 초등학생들을 위한 책들 또한 읽을 때마다 느꼈던 건 오히려 성인들에게도 유익하며 배울 것이 있다는 것. 특히 어제 읽은 '노란 나비'라는 그림책과 오늘 읽은 '바다처럼 유유히'라는 책 또한 오히려 ...+ 더보기,5,2023-10-08
324692375,바다처럼 유유히,14962879,행복은사랑,책은 맥북 15인치와 비슷한 크기로 아름다운 그림을 크게 볼 수 있어 좋습니다. 그리고 동화답게 두께는 얇고요. 겉 표지가 입체적으로 표현돼있어 나무를 지나 바다로 나아가는 느낌이 드는 멋진 책입니다. ^^ 번역가 이세진 씨에 대한 설명도 있고요.책 안쪽에는 국민서관의 귀여운 도장과 프랑스 아동 문학의 거장 막스 뒤코프에대한 소개가 간략하게 나와있습니다.저는 이번에 좋은 기회로 이렇게 멋진 동화책과 동화 작가님을 알게 되어 정말 기쁘게 생각하고 있어요. 나중에 막스 뒤코프 작가의 다른 작품들도 찾아보면 좋겠다 생각했어요.같은 구도에...+ 더보기,5,2023-10-06
324692375,바다처럼 유유히,14950476,동글완두콩,"푸르른 바다, 드넓은 모래 벌판, 파도치는 소리, 아이들이 뛰노는 소리🏖️책의 페이지를 넘길 때마다 바다의 여러 모습이 그림에 담겨있다.🌊밀물과 썰물 때의 바다🌊맑은 하늘 아래 바다, 비가 오는 날의 바다🌊낮과 밤의 바다그리고 그 바다와 함께하는 여러 사람들의 이야기가 있다.가족과 함께 놀러와서 모래성을 쌓는 로뱅과 엔조, 연인과 함께 놀러온 마농과 루나 등등…책을 읽다보며 어느 순간 그들과 함께 바다에 있다고 느껴지는 나.글쓴이는 독자에게 바다에 지금 내가 있다는 자체가 특별하다고 말하고 있다.""저 사람이 어디서 왔는지, ...+ 더보기",5,2023-10-01
324692375,바다처럼 유유히,15019289,hyun2jung2,"제가 읽고싶었던 도서에요~
도서배송이 오고 아이들이 입체적인 첫 페이지를 보고 관심을 가졌고,
함께 배송온 종이액자를 만들면서 이거 너무~신기하고 계속 궁금해진다고 했어요^^
초록초록 나무를 좋아해서 액자는 안방에 올려뒀고~ 아이가먼저 책을 읽어보고 알려줬어요
엄마 바다에는&nb...+ 더보기",5,2023-10-30
324692375,바다처럼 유유히,14969163,gahyeoni303,"평소 스릴러, 추리 좋아하는 내가 서평단을 하면서 동화를 자주 접하게 되는데 덕분에 동심과 위로를 얻게 된다이 책은 바다를 그린 장면들이 한 장, 한 장 빼곡히 구성되어 있고 사람들의 움직임에 따른 글들이 적혀있다글도 글이지만 이 책은 책을 잘라서 벽에 붙여 넣고 싶을 정도로 그림들이 따뜻한 느낌을 줬다책을 읽는 내내 모래성을 만드는 아이들, 밀물, 썰물에 따라 이동하는 사람들 등 바닷가에 있는 여러 사람들의 행동들을 숨은 그림 찾기 하듯이 살펴보기 바빴다​매일 반복되는 단조로운 일상들이 안정감을 주지만 가끔은 심심하기도, 재미없기...+ 더보기",5,2023-10-09
324692375,바다처럼 유유히,15039666,yunxi77,"<바다처럼 유유히> 를 만나보았어요~<바다처럼 유유히> 도서와 페이퍼 액자가 도착했어요~​​당신의 인생도 특별하진 않지만 매일 반복되는 밀물과 썰물처럼​바다처럼 유유히 흘러가기를 응원하는 그림책 이랍니다~ ㅎㅎ<바다처럼 유유히> 페이퍼 액자~​뒷면에 페이퍼 액자 만드는 방법을 따라 쉽게 만들 수 있어요~<바다처럼 유유히>​프랑스 작가 막스 뒤코스의 새작품 이랍니다~ ㅎㅎ적당한 두께에 튼튼한 양장본으로 디자인 되어있어요~여러분이 누구이든, 무슨 일을 하든,​삶에는 밀물이 있으면 썰물도 있답니...+ 더보기",5,2023-11-07
324692375,바다처럼 유유히,14941562,jihye317,"안녕하세요. 막스 뒤코스의 바다처럼 유유히.어른을 위한 동화책을 소개합니다 :)""바다처럼 유유히""는 바다의 물결처럼 변화무쌍한 삶의 순환과 아름다움을 그리고 있어요. 이 책은 자연의 흐름과 사람들의 다양한 이야기를 통해 현재를 바라보는 시각을 깨워줍니다.하루동안 해변가에서의 풍경을 이른 시각부터, 달빛이 비치는 밤에 이르기까지 삶의 다양한 측면을 보여줍니다. 어린이들의 순수한 장난과 노부모의 모습을 통해 여러가지 삶의 모습과 다양한 연령대가 함께하는 장면들을 볼 수 있어요.또한 사랑에 빠진 남녀의 낭만적인 순간, 축제에 몰렸던 인파...+ 더보기",5,2023-09-28
324692375,바다처럼 유유히,14965889,또랑,"처음 책을 받았을 때 든 생각은 '책이 정말 크네...'였다.그림책인 줄은 알고 있었는데 이 정도로 큰 사이즈인 줄은 전혀 예상을 못 했기 때문이다. <바다처럼 유유히>는 그림동화인 만큼 한 페이지엔 짤막한 글이 쓰여있고그 옆 페이지는 그림으로 가득 채워져 있다.이렇게 한 페이지 모두가 바다를 가득 담고 있는데,이 책을 보고 있자면 전시회에서 작품을 찬찬히 둘러보는 기분이 든다.최근에 이지은 작가님과 김물길 작가님의 전시를 봤던 것처럼! 나는 제주가 고향이다.그렇기에 좋든 싫든 바다에 자주 놀러 갔고놀러...+ 더보기",5,2023-10-07
136536163,조선스타실록,12026077,엽락,역사를 잊은 민족은 미래가 없다.이 말처럼 아이 어린시절부터 창작동화 뿐 아니라인물에 관련된 책을 펼쳐각 인물에 대해 맛보기로 보여주기도 했었는데요.고학년이 되다보니한국사의 흐름을 암기로만 외우고 이해하려다 보니흥미를 잃기 십상이더라고요.디지털 원주민답게우리 아이들은 SNS에 익숙하고 유튜브 활동을 하면서미디어 영역이나 영.수에만 치중되어 있지 않나고민하던 찰나에아이들이 봐도 재미있을SNS와 TV로 읽는 조선역사 스토리로한반도를 빛낸 사람들조선스타실록을 만나 보게 되었어요.학생 시절 조선왕조 500년 1대왕~ 27대왕까지 외워었야 ...+ 더보기,5,2020-09-25
136536163,조선스타실록,9979064,장소민,조선스타실록작가 최설희출판 상상의집조선스타실록!! 제목과 표지만 보아도 관심이 가고 눈길이 가는 책이예요.조선시대의 유명인들이 리무진을 타고 레드카펫을 밟으며 시상식이라도 사는 것일까요? 선그라스에 셀카를 찍고 갖가지 다양한표정을 짓고 있으니 이게 무슨 축제인가 싶기도 해요. 왕보다 유명한 조선 아이돌이라 불리는 유명인들까지 이 한권에서다 만나 볼 수 있는 책이었어요.조선의 왕들은 물론 그들의 업적과 그들이 걸어온 길을 한눈에 알아볼 수 있고 그중 두각을 나타냈던 인물들을 살펴볼 수 있어서조선 인물 사전이라 불...+ 더보기,5,2018-03-22
136536163,조선스타실록,11581488,책주인,"SNS와 TV로 읽는 조선 역사'조선스타실록'-왕보다 유명한 조선 아이돌-​​조선왕조실록은 들어봤는데 '조선스타실록'은 처음 들어본다고요?^^'조선스타실록'은 어렵고, 딱딱한 조선의 역사를톡톡 튀는 아이디어로 신선하게 전해주는 한국사 책이랍니다!​조선을 빛낸 왕과 신하들을 아이돌에 빗대어 아이들의 호기심을 자극하고,요즘 트렌드에 맞춰 SNS와 TV를 활용하여 역사를 쉽게 접근할 수 있도록 도와주는 책이에요~!'조선스타실록'은 저희 아이가 하루에도 몇 번씩 꺼내 읽으며역사 상식을 넓히고 있는 책인데요.^^읽기만 해도 이해 쏙쏙~암기까...+ 더보기",5,2020-03-17
136536163,조선스타실록,9990730,aprudent,"조선 스타 실록 :: SNS와 TV로 읽는 조선역사 

왕보다 유명한 조선 아이돌글 최설희 그림 김영진 감수 김태훈상상의집


 






 한국사 열풍을 힘입어 [조선왕조실록]이 역사학자들 만이 아닌 
대중의 손에 들린것이이제 익숙한 풍경이 되었지요.그 연령이 점점 낮아져 아이들도 
관심을 보이고 있는데요,조선의 유명한 주요 왕들을 다루고 있는 책자는 종종 
접해보았지만,조선 역대 왕들을 다 다루면서도, 아이들의 눈높이에서 쉽게 접근하는 책은 보기 
어려웠지요.그.런.데.이...+ 더보기",5,2018-03-28
136536163,조선스타실록,11310508,인생 뭐 있냐??,왕보다 유명한 조선 아이돌                    조선스타실록​글 최설희 그림 김영진상상의집​​​#상상의집 #조선스타실록#왕보다유명한조선아이돌 #sns와tv로읽는조선역사#조선시대 #조선왕조500년#초등한국사 #초등역사 #초등역사책#조선왕조 #조선왕조실록​​                    사관은 한참 동안 자리를 떠나지 못했어요. 그날 속보와 백성들의 목소리가 담긴 게시판을 둘러보며 조선 왕실과 조선에서 어떤 일이 일어났는지 속속들이 기록해야 했기 때문이에요.- 조선스타실록 중에서지금으로 따지면 연...+ 더보기,5,2019-11-25
136536163,조선스타실록,9979009,산수국,SNS 와 TV로 읽는 조선 역사 조선스타실록왕보다 유명한 조선 아이돌​  요즘 한국사 관련 도서에 관심을 갖고 다양한 책들을 읽고 있는 아들과 함께 만나 본조선스타실록남다른 책 표지부터 우리 아들의 관심을 끄는데요.레드카펫을 밟으며 기세등등하게 입장하는 조선의 스타들!책 표지 중에 우리 아들도 아는 스타가 있다고 해요.이순신장군과 세종대왕나머지분들은 어떤 스타들인지 책을 통해 알아보기로 했어요그동안 봐왔던 한국사 도서와는 많이 다른 구성으로 우리 아들이 아주 흥미로워하며책을 읽기 시작...+ 더보기,5,2018-03-22
136536163,조선스타실록,10575477,서뽕지뽕,"SNS 와 TV 로 읽는 조선 역사
조선스타실록 
_ 왕보다 유명한 조선 아이돌




 
한국사, 세계사... 역사과목이 왜 그렇게 어렵던지~
학창시절... 정말 흐름을 따라서 달달 외우기만 했었는데요.
지루하리만큼 글밥 많은 책들과 함께 했던 기억이 아직도 
가득이에요.
하지만, 엄마처럼 역사를 재미없다고 아이들이 말을 할까봐서 걱정이 
되어
항상 역사가 제일 재미있는 과목이라고 말을 하곤 합니다.
사실 엄마는 아니였는데 말이죠..^^;
상상의집 <조선스타실록>을 만...+ 더보기",5,2018-12-31
136536163,조선스타실록,15880204,형제마미,"조선스타실록 / 상상의집 조선 역사, 조선 스타로 배우자!우리 아이가 정말 좋아하는 상상의집에서 나온 스타실록 시리즈에 푹 빠졌어요.최근에 <독립운동스타실록>을 읽더니 너무 재미있어서 이번에는 <조선스타실록>을 사달라고 하더라고요.책의 겉표지부터 아이들의 호기심을 자극하는 요소가 가득해요. <조선스타실록>의 특징 중 하나는 역사적 사건을 마치 실시간으로 일어나는 것처럼 생생하게 전달하는 방식이에요.예를 들어 이성계의 위화도 회군은 카톡 대화처럼 풀어져 있어요. 또, 정몽주가 뜻을 굽...+ 더보기",5,2024-09-26
136536163,조선스타실록,9989579,홍근홍욱맘,"​
SNS와 TV로 읽는 조선 역사
​
조선스타실록
(왕보다 유명한 조선 아이돌)
​
​
상상의집 출판사에서 아주 재미있는 역사책이 출간이 되었네요.^^
역사를 상상하고 미래를 가꾸는 어린이 역사책으로
<책임지는 용기, 징비록>과 <역사 한 그릇 뚝딱>을 재밌게 읽었다죠.
이번에 요즘 핫한 SNS와 TV를 접목한 재밌는 역사책이 나왔어요.
바로 SNS와 TV로 읽는 조선 역사 <조선스타실록>이랍니다.
​
조선스타실록은 왕보다 유명한 조선 아이돌을 만나볼 수 있다죠....+ 더보기",5,2018-03-28
136536163,조선스타실록,9993373,우리두리,"보통 조선의 역사를 연구할 때 제일 먼저 참고 하는 책이 [조선왕조실록]이라고 
해요.그만큼 조선의 역사를 자세하게 기록하고 있는 역사서라는거일 텐데요.아이들이 쉽게 보기 좋게 접근하기 좋으면 얼마나 
좋을까요??더군다나 초등학교 5학년부터는 교과서에 조선의 역사가 등장한다고하니!자연스럽게 익힐 수 있다면 참 좋겠죠??^^
왕보다 유명한 조선아이돌!!조선스타실록책을 통해서 조선의 역사를 제대로 
알아볼 수 있답니다.
 
 
&nbs...+ 더보기",5,2018-03-30
136536163,조선스타실록,9990220,소야둥이맘,"역사를 안다는 것이 사실 너무 복잡하고, 알아야 할 것들이 참 많은데역사 속 인물의 에피소드를 통해 접한적이 있어 좀더 이해하기 쉽고 기억하기에도 좋았었는데...상상의 집 <조선스타실록> 또한 요즘 트랜드를 적용한 SNS와 TV를 통해그 시대에 현장을 가깝게 느끼며 알아갈 수 있도록 되어 있어서 재미있게 읽어볼 수 있었어요. 남다른 책 표지에 아이들의 호기심과 눈길을 사로잡아요. 표지만큼이나 친근하고, 쉽게 다가오는 조선스타실록 만나보아요. 상상의집S...+ 더보기",5,2018-03-28
136536163,조선스타실록,11581366,hooah,재미있게 읽는 역사 속 스타 이야기!!SNS와 TV로 읽는 조선 역사[조선스타실록]- 왕보다 유명한 조선 아이돌 -글 최설희 / 그림 김영진상상의집역사 편식이 조금은 심한 콩군!! 그래도 다행이라 생각해요.콩군이 가장 좋아하는 조선의 역사는 사실 양적인 면에서 다른 시대의 이야기들에 비해 압도적으로 많잖아요.그렇기에 조선의 역사라고 하면 아이들은 지레 겁먹고 마주하기 어려워 한다는 말도 심심찮게 들었었거든요.콩군이 처음 역사책을 접한 것이 '조선 정조 이산'에 관련한 것이었거든요.그렇게 접한 처음 책이 무척 흥미로웠는지 조선만 파고...+ 더보기,5,2020-03-17
136536163,조선스타실록,9988977,박순영,"조선스타실록 
왕보다 유명한 조선 아이돌
​
​​글. 최설희
그림. 김영진
출판. 상상의집

조선왕조실록이 아니라조선스타실록? 조선왕조실록을 왕조나 왕의 역사가 아니라 

왕보다 유명한 조선 아이돌 스타의 역사로 재구성한 어린이 역사책이랍니다.요즘의 아이들에게 너무나 
친숙한 없어선 안될?핸드폰과 TV를 활용에다소 어려울 수 있는 역사를 흥미롭게 구성해놓았어요.
 
 
표지를 보며 어떤그림인지 이야기...+ 더보기",5,2018-03-28
136536163,조선스타실록,9987670,white0477,"SNS와 TV로 읽는 조선 역사조선스타실록글 최설희 / 그림 김영진 / 감수 김태훈""지루한 조선왕조실록은 가라~SNS와 TV로 재미있게 읽는 조선 스타 실록이 나왔느니라!""     <조선왕조실록>은 역사학자부터 드라마·영화 작가까지 조선 역사를 연구할 때 제일 먼저 참고하는 책으로888권의 방대한 분량에는 조선 시대의 정치, 경제, 사회, 문호, 외교, 군사, 풍습 등 다양한 분야의 역사를 담고 있는 국보 제151호이며 1997년 유네스코 세계 기록 유산으...+ 더보기",5,2018-03-27
136536163,조선스타실록,12022329,김선희,이 글에는 스포일러가 포함되어 있습니다. 보시겠습니까?회색 영역을 클릭하면 내용을 확인할 수 있습니다.,5,2020-09-24
136536163,조선스타실록,14760322,kongguiya7942,"📗 고려시대 이후 조선의 스타들이 궁금해서 읽어보고 싶어했던 아들의 픽 <SNS와 TV로 읽는 조선 역사: 조선스타실록>조선은 1392년 고려 말 혼란기 황산대첩 등의 활약으로 명장으로서의 명성을 얻은 이성계가 위화도 회군으로 고려를 멸망시키고 옛 고조선의 이름을 그대로 가져와서 세운 나라로 한양에 도읍하였으며, 불교를 배척하고 성리학을 사회의 지도 이념으로 삼아 중앙 집권적인 양반 관료 체제를 이루었다 15세기에 전성기를 이루었으며, 16세기에서 17세기에 걸쳐 내외적 혼란을 극복하고 18세기 이후 새로운 전성기를 맞...+ 더보기",5,2023-07-20
136536163,조선스타실록,9964471,지니렐라,"상상의집 『 조선스타실록 』SNS와 TV로 읽는 조선 역사 재미있어요~! :)   조선스타실록왕보다 유명한 조선 아이돌은 누구일까요?내가 잘나가를 연상시키듯이 포토타임을 즐기시는 왕들이신데요.조선의 왕들을 통해서 그 시대의 역사와 문화를 배울 수 있게 구성된 책이예요!#상상의집, #조선스타실록, #루크하우스, #조선역사, #조선스타, #실록, #세종, #이순신, #역사책, #어린이도서추천,『 조선스타실록 』 은 최설희 작가님의 글과 김영진 작가님의 그림으로 이루어진 책인데요.어렵게 생각 될 수 ...+ 더보기",5,2018-03-16
136536163,조선스타실록,9990653,꼬꼬댁,"역사 꼭 해야만 하지만,딱딱하고 재미없어해서 금방 책을 덮어버리기 
일쑤인데상상의집에서 나온 <조선스타실록> 너무너무 잘 읽어주는 아이들이네요. 
후훗~                              








조선...+ 더보기",5,2018-03-28
136536163,조선스타실록,15726481,chunje1977,"역사를 빼고 지금의 현재가 있을 수 없고, 또 나아가는 미래를 위해서도 역사를 제대로 알고 있는 것은 중요한 부분입니다. 하지만 해야할 것들이 많은 요즘 아이들에겐 역사는 시험을 쳐야하는 교과목의 하나가 되었고요. 그렇기에 재미 없을 수도 있어요. 어차피 해야하는 것이라면 이왕이면 재밌다면 좋겠죠. 그런 의미에서 상상의집 출판사의 인물로 보는 한국 역사 <한국사 스☆타> 시리즈는 추천 할만한 역사 시리즈에요.오늘은 그 중 SNS와 TV로 읽는 조선 역사 <조선스타실록>를 소개하려고 합니다. 부제가 재밌네요. 부...+ 더보기",5,2024-07-28
136536163,조선스타실록,10895888,이지선,"SNS와 TV로 읽는 

조선 역사-조선스타실록

왕보다 유명한 조선 아이돌

학창시절때 역사를 
어렵게 배워서 그런지
역사책에 손이 잘 가질 않은데요~

요새의 말과 sns로 
조선역사를 알아갈 수 있는 
상상의집 
조선스타실록을 만나보았어요~^^

우리때엔 앞글자만 따서
왕이름을 태정태세문단세 ~
이런식으로 무작정 외우기만 하기
급급했었던것 같은데 말이죠ㅜ
이렇게 재미없게 역사수업을 하고
배우니 남는건 없는듯요~
아이들이 보기 재미있게 나와있어
저절 ...+ 더보기",5,2019-06-05
136536163,조선스타실록,9989039,진겸근재맘,"​

조선왕조실록을 어린이들이 보기 편하게 만든 책을 읽었었는데 
그럼에도 그렇게 쉽게 읽히지는 않더군요. 내용이 내용이다 보니 아무래도 한계가 있었겠지요.그런데 < 조선스타실록 - 왕보다 유명한 조선 아이돌> 읽으면서 요즘 아이들이 딱 좋아할 
만한 스타일이라는 느낌이 팍 오더군요.요즘에는 전달하고자 하는 내용도 
중요하지만 어떤 형식과 방법으로 전달하느냐도 정말 중요한 듯해요. 아무리 좋은 내용이라 해도 선택되지 않으면 아무 의미가 
없으니까요. 






...+ 더보기",5,2018-03-28
136536163,조선스타실록,12106306,yian88,조선 스타 실록은 아이들이 익숙한 SNS로 조선시대 인물과 역사적 배경을 알아갈 수 있는 책이였어요. 책 표지부터 익살스러워서 아이이 역사 인물을 더 친숙하게 접근할 수 있었어요.조선 시대 제 1대 태조부터 제27대 순종까지 역사 속 중요한 인물들은 조선 왕을 중심으로 만날수 있었어요. 이야기 시작하기 전 사관과 왕의 대화속에서 사관은 어떤 사람이고 조선시대 역사 기록이 어떻게 해서 지금까지 이어올 수 있었는지를 알아볼 수 있었어요.대화 형식으로 이루어져 있어서 아이가 쉽게 읽을 수 있었어요.제 1대 태조가 어떻게 조선이라는 나라를...+ 더보기,5,2020-10-31
136536163,조선스타실록,9990980,장군님,"헤이 리슨, 
한국사 재밌게 배워볼래? 
조선★스타를 
만나봐! 조선스타실록!!
 
SNS 
와 TV 로 읽는 
조선 역사
<조선스타실록>
 
 

 
<조선스타실록>
왕보다 유명한 
조선 아이돌
 
조선 
왕조?
아니, 이제 
조선★스타!!
 
글 최설희 / 그림 
김영진 / 감수 김태훈
상상의집 

 
 
표지부터 간지나죠? 
ㅋ
레드 카펫 밟으며 조선의 
아이돌들이 입장...+ 더보기",5,2018-03-29
136536163,조선스타실록,9987637,yeong8002,역사공부를 한다하면 많이 들어본 책으로 당연 <조선왕조실록>을 꼽을 수 있죠<조선왕조실록>은 엄마세대때 핫한 역사책이라고 하면 우리 아이들은 이제 조선스타실록으로 재미나게 역사공부를 하네요다양한 매체의 홍수 속에 사는 요즘 시대에 걸맞게 조선의 역사를 SNS와 TV로 들여다 볼 수 있다니 참 획기적이지 않나요?!TV와 SNS를 보면 유명한 아이돌의 소식을 실시간으로 볼 수 있듯이 역사속의 유명한 인물을 이 한권으로 요약되어 있습니다왕보다 더 유명한 조선의 아이돌은 대체 누가누가 있을까요? &n...+ 더보기,5,2018-03-27
136536163,조선스타실록,10897365,서윤사랑,조선 ★스타★ 실록을 시작하기전에사관-전하 왕톡이 잠겨 있습니다.'어서 암호를 푸시지요.왕 -암호를 풀어 줄테니 시간을 조금 주시오왕: 아니 그러니까...사관이 이것을 기록하면은 후손들이 뭐하고 하겠소.왕톡 내용만 삭제하면 안되겠소?사관이 머리를 깊숙이 숙이며 간곡히 이야기 했답니다.전하 아뢰옵기 황송하오나 실록은 조선의역사이옵니다.역사란 달면 삼키오 쓰면 뱉는 것이 아니라 있는 그래로 서술해야 하는 것입이 옵니다니다.조선과 조선 왕실을 빛낸 스타들의 이야기조선★스타★실록 조선 왕조실록 -국보151호로 지정되어 있으며 유네...+ 더보기,5,2019-06-06
136536163,조선스타실록,15819533,빛나는청춘,"조선왕보다 유명한 아이돌은 누가 있을까요?아이돌만큼이나 인기 많은 조선의 스타들을 만나보세요! 요즘 저희 딸이 푹 빠져있는 책이 있습니다!바로 조선스타실록!!!! 한국사에 관심이 많아졌는데, 지하철을 타고 갈때는 무조건 이 책을 읽어야 한다면서 가방에 챙겨서 다닌답니다!재미있어서 보고 또 봐도 재미있다고 해요!!조선시대에는 왕들만 유명한것이 아니고 왕보다 유명한 조선의 아이돌들이 있었답니다!어떤 아이돌급 인기스타가 있었는지 책을 통해 알아봐요!!표지만 봐도 무척이나 재미있지 않나요?!!조선스타들의 삶을 따라가면 역사도 배우고 어떤 ...+ 더보기",5,2024-09-01
136536163,조선스타실록,9992938,조선영,"상상의집 출판사의 톡톡튀는 한국사도서, 조선스타실록입니다.와. 이거...제대로 사고치는 책이에요.조선과 관련한 책을 보며 이렇게 재미난 책은 처음이에요!대박~ 두번 대박~  조선의 1대 태조부터 27대 순종에 이르기까지,조선왕조실록의 모든 왕의 계보와 함께 꼭 알아야 할 내용들만 쏙쏙 뽑았답니다.조선 '스타' 실록 이라는 이름에서 느끼듯이.요즘 아이들의 최신 입맛에 딱! 맞춤이랍니다. 책은 처음부터 끝까지 조선과 조선 왕실을 빛낸 스타들의 이야기를 하고 있어요.조선왕조실록의 현대적인 재해석! 재분석!역사...+ 더보기",5,2018-03-29
136536163,조선스타실록,9960270,초코공주,"SNS와 TV로 읽는 조선 역사조선스타실록/ 왕보다 유명한 조선 아이돌글 최설희 / 그림 김영진 /감수 김태훈상상의집    요즘에는 우리 아이들이 역사를 접하는 방식이 다양하게  이루어지고 있는 것 같습니다.인물로 역사를 접하기 시작하기도 하고, 역사를 좋아하는  아이들은 통사로 역사를 접하기도 하고또 어떤 아이들은 설화나 민담 등 재미있는 역사적인  이야기로 역사를 접하기도 하고, 박물관수업 등을 통해서 역사를 접하고 친해지기도 하는 것  같습니다.그만큼 역사공부는 꼭 필요하기 때문에...+ 더보기",5,2018-03-14
136536163,조선스타실록,9973141,똥근녀,"역사책은 딱딱하다?역사책은 어렵다?<조선스타실록> 다르더군요~표지 그림에서부터 호기심을 자극하더니, 책을 읽는 내내 재밌게 읽을 수 있도록 구성되어 있는 걸 보고 마음에 쏙 들었네요.  학교갈 준비 마치고 잠깐 남은 시간,몇페이지라도 읽고 가는 4학년 딸 입니다.아이가 그동안 만난 역사책은 학습만화 스타일이었는데요.<조선 스타 실록 - 왕보다 유명한 조선 아이돌>은 만화도 아닌 것이 술술 읽히는 매력이 있습니다.아이도 처음에 이 책을 받고서는 조선왕조실록이 아니고 조선스타실록은 뭐냐고 묻더라...+ 더보기",5,2018-03-20
136536163,조선스타실록,12172693,김지숙,상상의집 조선스타실록 왕보다 유명한 조선아이돌      ​상상의집 한국사 스타시리즈중 조선스타실록지난번 삼국스타실록에 이어 두번째로 읽어본 책입니다..이외에도 다른 책들도 다 보고 싶어 조만간 더 들여볼까 하고 있는 한국인물사SNS와 TV로 읽는 조선 역사 조선스타실록 왕보다 유명한 조선 아이돌에 대해 읽어봤습니다..요즘 트렌드에 맞춰 SNS로 대화를 나누기도 하구요TV에 출연한 인물들도 있습니다..      &...+ 더보기,5,2020-11-27
136536163,조선스타실록,13526725,최윤정,​조선스타실록 상상의집 ​​​​​​상상의집 출판사의 책들은 알면 알수록 좋은 책들이 많은 것 같아요 !​역사에 대해서 한걸음씩 알게되면서삼국스타실록 고려스타실록에 이어서조선스타실록까지 읽어보게 되었어요조선왕조를 쭈욱 ~ 짚어볼 수 있는 조선역사책 !​​​​​​Sns 와 tv로 보는 조선역사 조선스타실록 이랍니다​요즘 세대에 맞게연관검색어 카톡 대화 등으로 역사에 대해 잘 모르는 아이라도 재미나게 읽어볼 수 있는 책이예요 ​​​​​​​조선의 시작 제 1대 태조부터 제 27대 순조까지 조선왕조가 쫘라락​​​​​​주요 사건과 업적 등시대...+ 더보기,5,2022-04-19
136536163,조선스타실록,9991183,나무,#​​​SNS와 TV로 읽는 조선역사 <조선스타실록>! 제목 보고 바로 읽어보고 싶다는 생각을 했습니다. 솔직히 역사가 재미없었던 여러 이유 중에 ‘방대한 내용+암기 압박’ 이 2종세트에 시달렸던 학창 시절이 있었기 때문이죠. 그런데 요즘 아이들 책은 역사에 대해 접근하는 방식이 참 재미있습니다.  ​​  조선1대 임금 태조부터 27대 임금 순종에 이르는 역사적 인물과 굵직굵직한 사건을 담고 있습니다. 이 책을 통해 조선시대에 대해 흥미롭게 다가설 수 있겠지요?^ ^  &nbs...+ 더보기,5,2018-03-29
136536163,조선스타실록,12104495,디노다나,"초등 5학년 역사에 대해 배우기 시작하다보니 더 많은 관심을 갖고 이것저것 정보들을 정리하게 되더라구요..특히 아이가 가장 관심있고 재미나게 읽는 부분이 조선왕조 이야기인데.SNS와 TV로 읽는 다고 해서 궁금하더라구요... ^^웹툰의 조선왕조실톡도 생각나고 말이죠~~ ^^ 왕보다 유명한 조선 아이돌이 누가 있을까요?1대 태조부터 27대 순종까지... 아이들의 눈높이에 맞게 마치 검색하면서 알아보듯이 책이 구성되어 있어요..인터넷, SNS 상에서 서로 대화하며 정보를 공유하는 느낌이 든다고 할까요??삽화들도 요즘 세대에 맞...+ 더보기",5,2020-10-31
136536163,조선스타실록,10438596,박현숙,"초등 한국사초등 역사 조선왕 조선 아이돌 조선스타실록상상의 집






조선스타실록SNS와 TV로 
읽는 조선역사왕보다 유명한 조선 아이돌

 
 
 아주 기발한 아이디어~아이들은 책표지만 보고도 깔깔넘어갑니다.역사에 부담을 가진아이들도 어렵지않게 한국사와 친해질수 있는 기회입니다
 
 
한국사를 좋아하는 차니도 신선하다면 엄청 재밌게 보고 있는 
조선스타실록!한번 잡으면 
시간가는줄 모르고 읽을 수 있는 책 조선스타실록
...+ 더보기",5,2018-11-01
136536163,조선스타실록,12098379,퍼플레인,조선왕조실록이란 조선 역사를 기록한 책이에요. 태조부터 철종까지 조선왕조 25대에 걸쳐 일어난 조선의 주요 사건을 담은 책이지요.조선왕조실록은 우리나라 국보 제 151호로 지정되어 있으며1997년 유네스코 세계기록유산으로 지정되기도 했지요.#조선스타실록#조선왕조실록#어린이를위한조선왕조실록#어린이역사도서요즘엔 조선왕조실록도 카톡의 형식을 빌려 재미있게구성해 놓은 도서가 많더라구요.전 역사가 어려워서 쉽거나 재미있게 설명된 도서들을 선택해 읽는 편인데어린이들을 위한 조선왕조실록이라고 할 수 있는 [조선스타실록]이라는 책도 상당히 흥미로...+ 더보기,5,2020-10-28
136536163,조선스타실록,11310247,-,"역사에 푹빠진 알콩이왕들의 이야기를 너무 재미있어 하는데 그 시대시대 마다 유명한 위인들과 함께 매치를 해주고싶어 알아보다 너무 재미있는 초등역사 책이 있어 접하게 해줬답니다 ​ 조선스타실록상상의집​조선의 스타들을 sns와 Tv로 본다니!벌써 너무 기대가 되더라구요 알콩이도 기대기대  1대 태조부터 27대 순종까지 주요사건, 업적 가계도 등이 나와요​왕을 기준으로 해서 그시대에 유명한 인물들을 재미있게 풀어놓은 책이에요   고려말의  정몽주고려를 없애고 새나라를 세우는데 반대했던 인물이지요 결국 이방원에 의해 목숨...+ 더보기",5,2019-11-25
136536163,조선스타실록,9987347,김진형,"상상의 집에서 새롭게 출시된 
조선스타실록.제목부터 20년전 제가 배우던 역사와는 
달리뭔가 
재미있는 역사이구나 하는 생각이 드네요 표지에 보면 레드카펫을 걷는 
왕들이셀카찍는 모습도 
재미있죠?
우선 조선왕조실록이란 조선역사를 기록한 
책이고, 왕의 곁에 늘 있던 사관이 기록을 했다고 하네요. 여러 왕 중에서 14대 선조에 대해서 
봤어요
연관검색어로 임진왜란, 이순신 장군이 
있네요선조의 그림을 보면  무언가에 쫓기는 
모습이죠?  아마도 선조때 임진왜란이 일어나서도...+ 더보기",5,2018-03-27
136536163,조선스타실록,13209716,조민정,"아이가 초등학교에 다니면서 슬쩍슬쩍 역사에 대해서 흥미를 갖도록다양한 책을 보여주고 있었다. 아이가 마침 역사가 궁금하다고 했어서더 많은 책을 찾아서 보기도 하고, 아이가 보고싶어하는 것을 보여주곤 했다.역사를 공부하는데 있어서 조선의 다양한 왕들이 나오는데 아이가 어렵지않게다가갈 수 있는 책을 찾아보았다. 조선스타실록  왕보다 유명한 조선 아이돌이 책은 우리 역사에서 중요하게 나오는 다양한 왕들의 이야기를 넣어놨다.그러나 아이들이 읽기에 재미있게 구성한것이 괜찮은것같다 우리가 익히 알고 있는... 역사를 배우면서...+ 더보기",5,2021-12-29
136536163,조선스타실록,12305899,chosoo95,상상의 집에서 출판한 조선의 왕들과 주요인물에 대한 모든 것 이에요학교다닐때 외웠던 태정태세문단세...... 기억나시는 분들 많으실꺼에요조선왕의 앞글자만 외워서 노래불렀던.. 저희때만 그랬나요? 역사도 주입식으로 이렇게 외웠던 기억이 나네요조성의 제 1대 왕인 태조부터 27대인 조선의 마지막 황제인 순종까지.. 이 책한권에 다 나와있어요이 책을 읽으면 조선의 왕들과 그시대의 주요인물들에 대한 모든것을 알 수있어요. 대단한 책이에요 조선의 1대왕부터 마지막 황제까지시간순서대로 잘 정리되어있어서 조선의 역사를 이해하는데도 도움...+ 더보기,5,2021-01-14
136536163,조선스타실록,12099082,별짱,"왕보다 유명한 조선 아이돌~ 누구 이야기를 다루려나? 궁금해지는 책이네요 SNS와 TV로 읽는 조선 역사 읽어봅니다    차례를 살펴보니  조선시대 27대 왕이 순서별로 되어있네요   조선 왕조실록은 조선의 역사를 기록한 책으로 책마다 태조실록, 세종실록처럼 왕의 이름을 붙여 태조부터 철종까지 25 대 472년에 걸쳐 일어난 일을 담아 우리나라 국보이자 유네스코 세계 기록유산이 되었답니다 ​27대 왕이 있지만 고종, 순종실...+ 더보기",5,2020-10-28
270596009,초등 역사 동서양 사건 사전,12649159,중용의길,"책 한 권으로 한국사와 세계사를 한 눈에 확인할 수 있는 연표 중심 역사책! 게다가 내용은 역사, 과학, 사회, 문화 등 다방면에 걸친 역사적 사건들! 정말 나만 알고 싶은 책!",5,2021-05-28
270596009,초등 역사 동서양 사건 사전,12684009,gazahbs,한국사와 세계사는 필연적으로 함께 배워야 좀더 이해가 쉽다. 왜냐하면 어느 나라든 마찬가지이겠지만 그 나라 하나만으로 오롯이 존재할 수 없고 좋든 싫든 외부의 영향을 받아서 한 나라가 유지되는 동안 크고 작은 역사의 사건 속에 자국뿐만 아니라 다른 나라도 분명 포함되기 때문이다. 그래서 한국사를 배울 때도 그 시대와 흐름을 같이하는 세계사 속의 사건들을 함께 공부하기도 했었는데 이번에 만나 본 다락원의 『초등 역사 동서양 사건 사전』은 바로 이러한 목적에서 쓰여진 책이자 인류 전체의 세계사라기 보다는 ...+ 더보기,5,2021-06-10
270596009,초등 역사 동서양 사건 사전,16965239,pinkpcl,"<출판사로부터 도서를 제공받아 직접 체험후 작성한 후기입니다>이제 곧 5학년이 되는 아이를 보며요즘 가장 많이 드는 생각은“이제는 진짜 ‘공부로서의 역사’를 만나겠구나” 하는 마음이에요.저도 어릴 때 역사가 참 어려웠거든요.사건은 많은데 서로 연결되지 않고,연도는 외워도 금세 잊어버리고,세계사와 한국사는 늘 따로 노는 느낌이었어요.그래서 아이만큼은역사를 처음부터 흐름으로 만났으면 좋겠다고 생각했어요.그런 마음으로 함께 펼친 책이《상식과 지식의 힘을 키우는 초등역사 동서양 사건 사전》이에요.​ 이 책은 이름 그대로...+ 더보기",5,2025-12-22
270596009,초등 역사 동서양 사건 사전,12681739,iloveyou,초등 역사 동서양사건 사전다락원 제가 어릴때 역사를 싫어했던 이유가역사의 흐름을 정확하게 파악하지 못하고 무조건 외우면서 공부를 하다보니항상 정리가 안되어 뒤죽박죽이더라고요그러다보니 다음에 보면 또 새롭게 배우는 내용같고앞의 내용을 제대로 기억하지 못하니 이어서 배우는것도 벅차더라고요그래서 저는 아이들에게 역사와 관련된 책을 어릴때부터 많이 읽어줘아이가 역사의 흐름을 자연스레 습득했으면 좋겠다고 생각했어요이번에 읽게된 다락원 출판사의 초등 역사 동서양사건 사전은 이런 저의 마음을...+ 더보기,5,2021-06-09
270596009,초등 역사 동서양 사건 사전,12646349,sh798,​이런 책 왜 이제 나온걸까요?아님 제가 몰랐던 걸까요?항상 이런 책이 한권정도 있으면 좋겠다 생각했던 부분이였는데아이가 한국사에 대해 관심을 갖으면서더 그렇게 되었거든요.근데 박수미 저자님이 딱! 머리속에 들어갔다 온것처럼동서양을 통틀어 정리를!!!게다가 아이들이 좋아하게끔 유머러스한 그림까지대박사건 600개가 수록된초등역사 동서양 사건 사전이건 정말 1집 1권 소장각이예요!!사전이라고 까지 할 필요가 있나? 라고 생각되신다면 넵!이라고 당당히 ~~~ 말씀드릴수 있어요.아마..보시는 누구든 그말을 동의하게 되시지 않을까 자신합니다...+ 더보기,5,2021-05-27
270596009,초등 역사 동서양 사건 사전,12648071,엽락,"역사를 모르는 민족은 미래도 없다는 말처럼, 초등학교 과정부터 한국사를 배우게 되는데요.한국사를 배울때즈음~아이에게 한국사를 어떻게 하면 좀 더 즐겁게 역사를 가까이 다가갈 수 있을지 고민하게 되는 시점이 오게 되더라고요.​무조건 달달달 외워서 하는 암기는 인간은 망각의 동물이다 보니 잠시 외우고 잊어버리기 마련이지만,시대순으로 외우는 게 쉽지만은 않겠지요?다락원 초등역사 동서양사건 사전은 한국사 뿐 아니라 시대순으로 세계사 + 한국사를 함께 배울 수 있어서역사적으로 엮을 수 있어서 도움이 되었어요!​물론 한 번 보았다고 긴 역사를...+ 더보기",5,2021-05-27
270596009,초등 역사 동서양 사건 사전,12679870,루비마니아,"아이랑 역사책을 읽다가 보면 종종 연도와 어려운 단어들이 쏟아지게 되고 그러면 아이도 흥미를 잃고 더 안읽으려 한다. 나도 학창시절 되돌아보면 한국사에서 역사적 사건의 연도를 순서대로 나열하라고하는 시험문지가 종종 나왔었는데 그때부터 참 힘들었었던것 같다. 인과관계가 머릿속에 정리가 안된 상태에 역사사건을 공부하고 다시 전체적으로 조합하는 과정에서 머리에 쥐가나는 사태는 종종 겪었었다. ^^ ​내아이는 즐겁게 역사공부를 시작시켜 줘야지 하는 마음에 역사, 세계사 관련 책도 많이 들여줬고 재미있게 읽혀주려고 노력해왔다. 아이도 단...+ 더보기",5,2021-06-09
270596009,초등 역사 동서양 사건 사전,12674286,ideale79,"상식과 지식의 힘을 키우는​ <초등역사 동서양 사건 사전>


박수미 지음
신동민 그림
다락원 출판
2021년 5월 10일 발행

​

◆ 작가 소개

박수미 님은  어떻게 하면 모든 아이가 큰 꿈을 꾸며 더 재미있고 신나게 공부할 수 있을까&n...+ 더보기",5,2021-06-06
270596009,초등 역사 동서양 사건 사전,12647885,insuk00,이 글에는 스포일러가 포함되어 있습니다. 보시겠습니까?회색 영역을 클릭하면 내용을 확인할 수 있습니다.,5,2021-05-27
270596009,초등 역사 동서양 사건 사전,17115962,youjuhea,"#도서협찬 #초등역사동서양사건사전     이번에 다락원의 <초등학생 한국사 궁금증 100>이라는 책을 보면서 세계사 부분도 함께 보면 좋겠다라는 생각을 하게 되었어요. 아무래도 우리나라 역사와 다른 나라들의 역사를 한 번에 본다면 도움이 될 것 같았거든요. 그리고 별로 관심이 없거나 어려워했다면 이런 생각조차 하지 않았겠지만(그건 엄마 욕심이니까요!!) 누나가 아무래도 초고 때부터 한국사를 공부했고, 지금은 중등이라 역사(세계사)를 공부하고 있으니 덩달아 관심을 보이고 그런 책만 보는 둘째니까요.. 그래서 &lt...+ 더보기",5,2026-02-26
270596009,초등 역사 동서양 사건 사전,12649140,중용의길,"상식과 지식의 힘을 키우는초등역사 동서양 사건 사전박수미 지음 / 신동민 그림 / 다락원 출판   아이가 요즘 한국사에 많은 관심을 기울이고 있는데요.언제쯤 세계사를 접하게 해줄까, 어떤 식으로 세계사를 접하게 해줄까궁리만 하며 반 년은 넘게 보낸 거 같아요.아직은 연령도 어린 편이라서굳이 바쁘게 진행할 필요가 없겠다 싶어서아이가 통사를 파악하기 좋은 한국사 전집을  거의 끼고 살며 보고 또 보고를 몇 번이나 반복하고 있는 터라사건 위주의, 혹은 주제 위주의 한국사 책을중간중간에 접하도록만 해주고 있었는데요.  ...+ 더보기",5,2021-05-28
270596009,초등 역사 동서양 사건 사전,12606864,파플,[초등역사 동서양 사건 사전/박수미/다락원] 동서양 사건을 한 권에! 정말 쏙쏙 들어와요!   책제목 #초등역사동서양사건 지은이 박수미 출판사 다락원 책추천코드 #초등역사 #세계사추천 #초등책추천 #초등세계사 #역사상시 #세계사상식 #연표중심 #사건600  눈에 쏙쏙 들어오는 초등 역사 세계사 책을 만났어요!다락원의 초등역사 동서양 사건 사전!    기원전부터~과학기술의 시대 현재까지.사진으로 자료로 함께 보는 초등 역사 동서양 사건!이글을 쓰신 박수미 작가님은...+ 더보기,5,2021-05-10
270596009,초등 역사 동서양 사건 사전,12682120,jnc4ever,"이제 여름이 지나고 2학기가 되면 학교에서 교과 과목으로 역사 학습을 시작하게 된답니다~!한학기 만에 역사의 전반적인 부분을 짚고 넘어가기에방대한 양의 역사 공부를 어떻게 시켜야 할지 여간 고민이 아니었지요~!​한국사, 다음은 세계사...그리고 각각의 시대순 연결과 연도를 알아야 한다는 부담에얼마나 익혀야 할게 많은지 알기에 선뜻 아이에게 앉아서 외우라고 할 수가 없겠더라구요..시간은 점점 흐르고.. 벌써 여름... 이제는 진짜 발등에 불이 떨어졌어요~~~~^_^;;;​     &nbsp...+ 더보기",5,2021-06-10
270596009,초등 역사 동서양 사건 사전,14342736,캣도그,"한 권으로 세계사와 한국사를 꿰뚫는 역사 지식 여행다락원 어린이 책 중에서 이전부터 보고 싶어서 기억해 놓았던 책을 드디어 읽어보게 되었다. <초등역사 동서양 사건 사전>300페이지가 되는 두께와 사전이라는 제목에 어려울 것 같은 느낌이 들었고, 초등역사를 다루기에 아이가 초등 중학년은 되어야 볼 수 있지 않을까 싶어 미루고 있었다. 그런데 막상 책을 받아보니 두께만 두껍고 무겁지, 초등 저학년때부터 충분히 볼 수 있는 책이었다. ​기원전 선사시대부터 시작하여 현재 가장 이슈였던 사건 ...+ 더보기",5,2023-02-12
270596009,초등 역사 동서양 사건 사전,14346815,mio5190,역사에 한 획을 그은 세계사와 한국사 대박사건을 한 권에!다락원 초등역사 동서양사건 사전.상식과 지식의 힘을 쑥쑥 키워보아요.^^포스팅을 쓰는 오늘은 2023년 02월 13일 월요일이에요.다시 시작된 한 주 오늘도 분주하게 하루를 보내고 있는데요.​생각해보니 내일이면 여성이 남성에게 사랑을 고백하는 발렌타인데이인데..어떻게 발렌타인데이가 생겨났는지 그 유래에 대해서 라디오에서 들었던 기억이 나기도 하네요.별일없이 평범한 오늘이지만 역사의 오늘에는 어떤 일들이 일어났었는지 그런 것을 찾아보는 것도 재미있을 것 같은데요.요즘 저는 어릴...+ 더보기,5,2023-02-13
270596009,초등 역사 동서양 사건 사전,15722370,별빛정원,"초등역사 동서양 사건 사전<박수미/ 다락원>[초등역사 동서양사건 사전]​​초등고학년이 되니아무래도 역사에 대해 관심을 두었으면하는 바람이 커졌어요. ^^​중학교에 가면 아이들이 더 거리감을 느낄거 같아서 어떻게 하면 자연스레 접할 수 있을까생각하는 도중에 초등역사 동서양 사건 사전을 만났답니다. ^^ 이 책은 ​기원전의 시대 부터 과학 기술의 시대인지금 현재까지 역사에 한 획을 그었던 동서양의 사건들을 연표중심, 시대순으로 담았답니다.​그래서 한눈에 보기도 이해하기도 쉬었어요.^^ 윗 부분을 보면서 시기를 파악하고그 시대...+ 더보기",5,2024-07-26
270596009,초등 역사 동서양 사건 사전,12758446,kke1119,전부터 읽어보고 싶었던 초등역사 동서양사건사전 인데 드디어 읽어보게 되었어요.세계사와 한국사를 연표 중심으로 나열했다고 하니 초등뿐 아니라 전체 흐름을 보고 싶다면 누구나 읽어도 될 책이라고 생각이 되었거든요. 차례를 보니 시대를 8가지로 나누어놓았어요. 한국사와 세계사 배울 때의 시대와는 다른 명칭이지만 왜 그렇게 이름붙였는지 이유는 대충 감이 왔습니다.  한 페이지가 한눈에 딱 들어오게 구성이 되어 있어요. 적당한 간격으로 보려고 하는 이야기들이 하나하나 쏙 들어와요. 그림들이 익숙하여 작가님을 봤더니...+ 더보기,5,2021-07-09
270596009,초등 역사 동서양 사건 사전,12657507,virio2974,"[서평후기]초등역사 동서양 사건 사전-다락원, 역사를 제대로 공부하고 싶나요?

책 표지 앞/뒤만 보더라도 왜 이 책을 읽어야 하는지? 바로 알게 됩니다.

이 책을 왜 사주어야 하는지? 를 알 수 있답니다. 한번 보실까요?

이미 다락원에서의 야심작 시리즈인 ‘초등국어 맞춤법사전’과 ‘초등전과목 어휘력사전’으로 다락원만의 초등학생을 위한 고급진 사전을 알게 되었어요.

이제는 동서양사건사전, 곧 세계사와 한국사를 동시에 넘나들고 아우르는 방대한 역사의 세계로 떠날 수 있는 기회를 선사해줍니다.

우선 치우침 ...+ 더보기",5,2021-05-31
270596009,초등 역사 동서양 사건 사전,12679856,듀콩,요즘 초등학생들은 두부류로 나뉜다고 한다.역사를 좋아하는 아이와 그렇지 않은 아이~ 11살 첫째딸래미는 전자에 속한다.틈나면 엄마와 아빠에게 자기가 아는 역사적 인물을 퀴즈로 내곤 한다.예전에는 아이가 아는 수준은 어른인 나도 많이 알았는데요즘에는 조금씩 역사적 지식수준이 아이한테 뒤쳐지고 있다는 생각이 들곤한다..ㅠㅜ역사를 좋아해서 그런지 이현세의 만화삼국지나 만화그리스로마신화도 많이 좋아한다.하지만 아직까지 역사의 흐름에 따라 지식이 쌓이는 것처럼 보이지 않고~부분부분 끊어져있는 단편의 지식을 가...+ 더보기,5,2021-06-09
270596009,초등 역사 동서양 사건 사전,12601832,지인,아이가 한국사에 관심이 많아 역사책을 즐겨보는데상대적으로 세계사에 대한 지식은 부족해요.저 또한 마찬가지랍니다.세계사와 한국사를 동시에 살펴볼 수 있는재미있는 역사사전이 나왔네요.​상식과 지식의 힘을 키우는<초등역사 동서양사건 사전>​동서양에서 일어난 대박 사건들을8가지 시대로 나누어 담아놓았습니다.연표 중심으로 나와있어 시대흐름을 꿰뚫어보기 좋아요.​기원전 도구의 발견부터 역사가 시작됩니다.자세한 사료 사진이 실려있어이해하고 기억하기 좋아요.​피라미드가 만들어지던 시기에한반도에는 최초의 국가 고조선이 건국됩니다.세계사 ...+ 더보기,5,2021-05-08
270596009,초등 역사 동서양 사건 사전,12647987,js30100,"초등교과연계도서 세계사 한국사 역사공부

​

다락원
초등학생이 꼭 읽어봐야할 교과연계도서!
인류의 시작 기원전부터 과학기술의 시대 현재까지
동서양에서 일어난 굵직굵직한 사건들을
연표중심으로 묶어낸 초등 역사공부 지식사전!
책은 크게 8가지 시대로 나누어 담아 놨어요.

기원전의 시대&nbsp...+ 더보기",5,2021-05-27
270596009,초등 역사 동서양 사건 사전,12617893,스마일,"초등 역사 동서양 사건 사전글 박수미다락원유아때는 세계사와 한국사를 어린이 눈높이에 맞춰서 나온 책으로 제가 먼저 많이 읽혀주었더니그래도 세계사와 한국사에 대한 흥미가 있는 편이에요.그리고나서, 아이 스스로 학습만화로 된 한국사와 세계사를 접하기 시작하면서지식을 쌓아가면서 관심을 더 갖게 되었죠. 점점, 한국사와 세계사를 공부하면서 용어도 어려운 것이 참 많아지지요.그리고, 몇년도에 일어난 시기를 일일이 익혀야하는것도 힘들고요. 헌데, <초등역사 동서양 사건 사전>은아이들에게 한국사와 세계사에 관한 내용...+ 더보기",5,2021-05-15
270596009,초등 역사 동서양 사건 사전,12658589,푸른이,한국사 공부는 어릴 때부터 아이들이 전집을 비롯해 다양한 책과 컨텐츠로 자주 접하다 보니그나마 거부감이 덜한데 세계사 공부는 학생들이 정말 어려워하는 경우가 많죠.대부분의 학교에서 중학교 2학년 사회 시간에 처음 접하게 되는 세계사 공부는그 양이 너무나 방대한 데다 연도와 생소한 단어들로 가득해서 학생들이 지레 포기를 하는 경우가 많은데요.한 권으로 세계사와 한국사를 꿰뚫는 역사 지식 여행상식과 지식의 힘을 키우는 초등역사 동서양 사건 사전!중2 사회 배우기 전에 봐 두면 넘 좋을 듯 해서 추천 해 보네요.수 천 ...+ 더보기,5,2021-05-31
270596009,초등 역사 동서양 사건 사전,17167323,무니아돈떼떼,"출판사로부터 도서를 무상 제공 받아 작성된 서평입니다🌟 다락원 ▶ 초등역사 동서양 사건 사전 🌟초등 세계사·한국사 한 번에! 초등역사 동서양 사건 사전​​​​초등학교 5학년이 된 티키!이제 역사 공부를 본격적으로 배우게 될 시점인데요.저도 그랬지만 티키 역시 역사를 배울 때 외워야 할 것도 많고, 생소한 단어도 많아서 어려움을 느낄 것 같았어요.그래서 역사를 쉽게 접할 수 있도록 ""초등역사 동서양 사건 사전"" 준비해 봤어요.​​​​📌 사건을 중심으로 설명하는 역사책!기존 역사책은 보통 인물이나 연도를 중심으로 설명되어 있는 경...+ 더보기",5,2026-03-23
270596009,초등 역사 동서양 사건 사전,12820546,꿈꾸는비비안,이 글에는 스포일러가 포함되어 있습니다. 보시겠습니까?회색 영역을 클릭하면 내용을 확인할 수 있습니다.,5,2021-07-30
270596009,초등 역사 동서양 사건 사전,14441546,chunje1977,"세계사 + 한국사를 한 권에?​재밌는 역사 이야기임에도 세계사와 한국사에서 갑자기 쏟아지는 연도와 어려운 단어들로 인해 역사는 힘든 암기로 전락해 버립니다. 하지만, 역사는 그런 것이 아니죠. 역사는 수백만 년 동안 있었던 사건들의 연속입니다. 역사의 흐름을 파악하고 사건 전후의 상관관계를 먼저 파악하는 것이 역사 공부에 시작입니다.동서양의 사건들을 연표를 중심으로 시대순으로 연결해 세계사와 한국사의 흐름을 파악하고 익힐 수 있는 세계사 + 한국사 역사 도서가 있답니다. 다락원에서 출간된 『초등역사 동서양 사건 사전 』인데요.수많은...+ 더보기",5,2023-03-20
270596009,초등 역사 동서양 사건 사전,12677328,꼬마엘라,"3~4학년에는 한국지리,문화. 5~6학년에는 한국사,정치,경제,세계지리까지사회의 다양한 영역을 배우는 초등시기.그러다 보니 아이들이 초등 사회가 어렵다는 이야기를 참 많이 하지요.특히나 고학년 한국사가 들어가면 사회를 좋아하는 친구들도 어렵다는 이야기가 절로 나오기 시작하는데한국사와 세계지리를 시작으로 중등에 들어가면 세계사를 배우니함께 시대별로 흐름을 알아가는게 참 중요하더라구요.한국사, 세게사를 한 눈에 살펴보며 역사를 즐겁게 느끼게 해주고 싶은 엄마의 마음.다락원의 '초등 역사 동서양 사건 사전' 은초등학생들이 꼭 알아야 할 ...+ 더보기",5,2021-06-08
270596009,초등 역사 동서양 사건 사전,12648785,인생은한번!,"단편적 역사 공부는 가라~!초등역사 동서양사건 사전 한권이면한국사와 세계사의 큰 흐름을 꿰뚫게 되고 역사공부가 재미있어집니다~!​현직 초등 선생님께서 초등학생이 궁금해 할만하고꼭 알아야 하는 사건들을 추려 모았다는 초등학생이 꼭 봐야할 책! 다락원출판 <초등역사 동서양사건 사전>을 소개할께요~차례를 보니 8가지 시대로 나뉜 동서양에서 일어난 대박사건들이한눈에 확 들어옵니다~!1. 기원전의 시대기원전을 뜻하는 BC는 Before Christ, 즉 그리스도 이전이라는 의미로예수 그리스도가 태어나기 전까지의 시기를 뜻해요초등학...+ 더보기",5,2021-05-27
270596009,초등 역사 동서양 사건 사전,12847038,별콩맘,"초안녕하세요^^초등학교 5학년부터 한국사를 공부하는우리 아이들~저희 어릴 적에는 한국사나 세계사는 중학교 때부터공부했던 것 같은데~ 요즘은 초등학생들도한국사, 세계사를 공부하죠!연표 중심의 전체적 흐름을 살펴보며역사 공부할 수 있는 초등역사 책<초등역사 동서양 사건 사전>을 소개합니다.점점 역사공부에 대한 중요성이 커지고어른이 되어서도 역사 공부가필요하기 때문에 어릴때부터재미있게 역사 공부를 시작하면역사 공부!! 어렵지 않아요. <초등역사 동서양 사건 사전>은초등학생들이 꼭 알아야 하고,관심 ...+ 더보기",5,2021-08-08
270596009,초등 역사 동서양 사건 사전,12648936,민이네,"아이들이 어려워하는 역사의 흐름을 쉽고 재미있게 학습할 수 있도록 알려주는 어린이역사책.초등역사 동서양사건 사전 읽어봤는데요.아이들이 알아둬야 하는 사건들 위주로 나와있어서 학습에 도움이 되겠더라고요. 동양과 서양에서 일어나는 다양한 사건들을 8개의 시대로 나눠서 정리를 해놨거든요.차례대로 읽어보면 시대의 흐름을 따라가는거라 어렵지 않았어요. 우리나라의 빗살무늬 토기에 대해서도 알아봤답니다.중요한 부분만 딱 짚어서 정리해놓았더라고요.그리고 전 세계를 휩쓴 바이러스, 코로나19에 대한 이야기도 수록되어 있었는데요다양...+ 더보기",5,2021-05-27
270596009,초등 역사 동서양 사건 사전,15794911,바이올린사랑,"5학년 2학기가 되면 역사가 본격적으로 시작되어요.그동안 아이에게 역사 이야기를 많이 해줬고, 아이 역시 역사를 좋아하기에 역사를 잘 알 거라 생각했는데, 막상 문제를 풀어보고 정말 놀랐네요.단편적으로는 알지만, 정확하게는 역사에 대한 정리가 안되어서 문제를 제대로 풀지 못하더라고요.​역사는 수백만 년 동안 있었던 사건들의 연속이기에 외우기에도 방대하기에 이 수천 개의 사건을 다 외운다는 것이 말이 안 되는 일이긴 하지요.하지만 교과과정에 나오기에 꼭 공부를 해야 하는데요​한국사도 잘 모르는데, 중학교에서 나오는 세계사도 알아두면 ...+ 더보기",5,2024-08-24
270596009,초등 역사 동서양 사건 사전,16393964,윤영록,"교재만 지원받고 작성된 후기입니다.역사 공부는 아이들마다 다르게 받아들여요. 누군가는 흥미롭게 느끼고, 또 누군가는 어렵고 외워야 하는 것처럼 느끼기도 해요. 특히 초등5학년역사책부터 본격적인 역사와의 첫 만남이 시작되는데요, 이 시점에 어떤 초등역사책을 선택하느냐가 아이의 역사 인식에 큰 영향을 미치는 것 같아요.그렇다고 너무 자세하고 방대한 내용을 담은 책으로 시작하면 오히려 거부감만 커지겠죠. 이런 고민 끝에 찾은 책이 바로 초등역사 동서양 사건 사전이에요. 저희 아이도 읽고 너무 좋아했는데요, 지금부터 이 책을 중심으로 왜 ...+ 더보기",5,2025-04-20
270596009,초등 역사 동서양 사건 사전,14694785,양띠마미,"​ ​
 <초등역사 동서양 사건 사전>은 동서양에서 일어났던 사건들을
8개의 시대로 나누어 담았어요.​
 기원전의 시대 (약 260만 년 전 ~ 기원전 1년)
새출발의 시대 (1년 ~ 1000년)
문명의 시대 (1000년 ~ 1500년)
변화의 시대 (1500년 ~ 1700년)
혁명의 시대 (1700년 ~ 1850년)
제국주의 시대 (1850년 ~ 1914년)
세계 대전의 시대 (1914년 ~ 1945년)
과학 기술의 시대 (1945년 ~ 현재)세계와 우리나라의 역사를 이렇게 ...+ 더보기",5,2023-06-27
270596009,초등 역사 동서양 사건 사전,16395653,뉴젤리,"-출판사로부터 도서를 제공받았습니다.역사에 한 획을 그은 대박 사건 600가지를 시간 순서에 따라 담아내 이 한 권만 읽어도 역사의 흐름을 이해할 수 있는 초등역사책 <초등역사 동서양 사건사전> 이에요. 어린이 한국사책, 세계사책은 있지만, 한국사와 세계사를 동시에 담은 책은 이번에 처음 읽어봤는데 되게 괜찮더라구요.<초등역사 동서양 사건사전>은 동서양에서 일어난 다양한 사건을  8가지 시대로 나누어 소개한답니다.연표를 통해 시간의 흐름을 ...+ 더보기",5,2025-04-21
270596009,초등 역사 동서양 사건 사전,12624237,꿈꾸는공주,역사를 좋아하는 딸에게 선물한 책세계사 + 한국사< 초등역사 동서양 사건 사전 > 학교에서 한국사를 배워서 그 이후로 역사에 급 관심을 보인 초등 6학년 딸한국사 책 다음으로 세계사에 관련된 책을 몇 권 읽었는데세계사와 한국사를 동시에 복습하고 싶어서 다락원의 < 초등역사 동서양 사건 사전 >을 읽어요. < 초등역사 동서양 사건 사전 >은 역사에 획을 그은 대박 사건 600개를 담으며 쓱 읽을 수 있어서 좋더라고요.동서양...+ 더보기,5,2021-05-17
270596009,초등 역사 동서양 사건 사전,16399364,김민지,초등세계사책초등역사 동서양 사건 사전은세계사와 한국사를 한 권에 담았어요.역사에 한 획은 그은 굵은 사건들을연표 중심으로 익히면서​앞 뒤로 연결된 흐름을 한 눈 볼 수 있으니동시대 한국사와 세계사가저절로 매칭 되더라고요.간략한 글로 쉽게 설명해주고풍부한 역사 사진과 그림 덕분에이해하기 쉬워 더 재밌게 읽어요.역사는 이렇게 흐름을 꿰뚫어야진짜 공부라고 하지요?사건들의 연속인 역사의 흐름을 알고전 후의 사건 관계를 이해하면역사는 힘든 공부가 아닌재미있는 지식이 된답니다.초등역사 동서양 사건 사전으로입문해보길 바라요 :),5,2025-04-22
270596009,초등 역사 동서양 사건 사전,16776369,2ndstage2,"#도서제공 #초등역사 책으로그동안은 역사적인 사건, 인물 등스토리 위주의 책을 주로 읽었다면요즘은 여기 저기 흩어져 있는 역사적인 사건들을아들이 한 번에 흐름으로 이해할 수 있게챙겨주는 중이다.한참 책테기가 왔는지책을 골라 읽어서이렇게 같이 읽을 수 있는 책을 읽는 것도도움이 될 것 같다.#초등역사동서양사건사전 책은연표에 따라8개 시대 흐름을 나눠서도서양의 역사적 사실을 소개해 준다.연표 아래에역사적 사건이 나오고사진이나 그림으로 이해하기 쉽게 보여주고,중간중간 퀴즈도 있다.서로 내 주면 더 좋음 ㅎㅎ그리...+ 더보기",5,2025-09-30
270596009,초등 역사 동서양 사건 사전,12681278,스마일웃어요,"어렴풋이 기억나는 국사 시간에 배웠던 것 중에 하나가 있는데요.1894년 동학농민운동을 하나 팔고, 아홉개 산다는식으로 말도 안되게 (???) 배우고 암기했던 것 같아요.그렇게 외울 수 있는게 한 두가지도 아니고 방대한 분량을 무작정 끼워 맞추기 식으로 외우다보니어느덧 졸리고 재미없고 따분했던 과목으로 전락(!!!) 되어버리니 지금 생각해도 참 안타깝네요 ^^;;;그래서 보다 흥미롭게 다가갈 수 있는 책이 있으면 좋겠다 싶어서 여러 역사 관련 책을 봤었는데제 기준에 해당 시대와는 다소 동떨어진 듯하게 풍기거나 너무 산만...+ 더보기",5,2021-06-09
270596009,초등 역사 동서양 사건 사전,14242956,sosroo1004,"아이들이 어려워하는 역사 공부! 한국사와 세계사를 함께 공부하다 보면, 연도와 어려운 단어들 때문에 멀어지게 되는데요.한국사와 세계사를 동시에 읽을 수 있고, 역사에 한 획을 그은 대박 사건 600개가 수록되어 있어요.초등학생이 꼭 읽어봐야 하는 책으로 역사 상식과 지식의 힘을 키울 수 있답니다.동서양에서 일어난 대박 사건을 동시에 살펴볼 수 있고 8가지 시대로 나누어져 있어요.초등학생이 꼭 알아야 할 역사 사건을 역사, 인물, 과학, 의학, 수학, 예술 등 6가지 분야에서 추려 선정되었어요.​역사 사건들은 기원전의 시대부터 현재까...+ 더보기",5,2023-01-04
270596009,초등 역사 동서양 사건 사전,12659886,aji150,"​아이가 조금씩 크면서 다양한 분양의 책을 읽고, 궁금한걸 물어보니 엄마도 많은 걸 알고 있어야 하더라고요.'아이에게 알려주기 위해서 한국사와 세계사 공부를 시작해야하나?'라는 생각을 했는데, 초등역사 동서양사건 사전을 알게 됐어요.무려 동서양을 아울러서 역사, 인물, 과학, 예술, 수학, 의학 등 다양한 600가지의 사건을 연표 중심으로 알려주고 있어요.​저희 아이는 이걸 보면서 다른 관련된 책을 꺼내서 읽거나, 자기가 풀었던 문제집을 꺼내와서 이거라며 보여줬어요.^^​아이가 한국사와 세계사에 관심을 보인다면 꼭 읽어보시길 추천해...+ 더보기",5,2021-05-31
270596009,초등 역사 동서양 사건 사전,12682995,로이맘,"​ 
역사 공부는학교를 졸업하고 어른이 되어직장인이 되어서도 중요하기 때문에소홀히 할 수가 없어요.분량도 상당하기 때문에 무조건 외우는 공부보다책으로 자연스럽게 익히는 것이 좋은데요.단편적인 역사 공부에서 벗어나,전체적인 흐름을 꿰뚫어 볼 수 있는초등역사 동서양 사건 사전으로한국사와 세계사를 동시에 배우면 어떨까요.

이 책은 역사에 한 획을 그은굵직한 사건들을 연표 중심으로간략하게 요약해두었어요. 아이들이 관심 가질 만한 사건을시대순으로 배열해 자연스럽게흐름을 따라갈 수 있도록 구성되어 있고,초등학생이 꼭 ...+ 더보기",5,2021-06-10
270596009,초등 역사 동서양 사건 사전,12979942,수기,초등학생이 꼭 봐야할 책동서양에서 일어난 대박 사건들을 8 가지 시대로 나누어 담았어요^^역사 인물 과학 의학 수학 예술 은 초등학생이 알아야할 6가지 분야입니다.시대를 알려주고 중요한 사건중심으로 설명이 되어있고사진이나 그림으로 표현이 잘되어 있습니다중간중간 잠깐 퀴즈도 있답니다아이들이 지루하지 않게 잼있게 읽고 배울 수 책이여서더 좋은것 같아요,5,2021-09-29
270596009,초등 역사 동서양 사건 사전,14441394,-,초등3학년이 된 둘째이제 슬슬 역사를 조금씩 시작을 해야겠더라구요 아이에게 본격적인 역사를 접해주기 전에 조금 흥미롭게 역사를 접했으면 해서 역사속의 사건들을 이야기해둔 다락원의 책을 만나보았답니다 초등역사 동서양사건 사전​초등역사 동서양 사건사전은초등학생들이 꼭 알아야 하는 세계사와 한국사를한권으로 재미있게 배워갈수가 있는 책이에요 첫째가 초등6학년인데 역사를 정말 좋아하거든요 역사를 좋아하는 편이라 많은 책을 읽고 공부를 했음에도 세계사를 배우고 있는 요즘 너무 어려워 하더라구요세계사속에 쏟아지는 연도와 어려운 단어들 때문에 더...+ 더보기,5,2023-03-20
270596009,초등 역사 동서양 사건 사전,14242049,도담도담러블리맘,상식과 지식의 힘을 키우는 초등역사 동서양사건 사전☆☆☆☆☆ 초등학생이 꼭 봐야할 책 ​​​세계사와 한국사에 관심을 많은 초등학생 친구들이라면 가볍게 시작할 수 있는 초등역사 동서양사건 사전^^​역사는 우리가 살아온 길이고 우리가 딛고 서 있는 시간이기에 재미있으면서도 꼭 필요한 바탕입니다.동서양에서 일어난 대박 사건들을 8가지 시대1. 기원전의 시대 : 약 260만 년 전 ~ 기원전 1년   2. 새 출발의 시대 : 1년 ~ 1000년   3. 문명의 시대 : 1000년 ~ 1500년  4. 변화의 시대 : 1500년 ~...+ 더보기,5,2023-01-04
270596009,초등 역사 동서양 사건 사전,12629265,kimma,"약 300여쪽의 내용으로 한국사와 세계사를 아이가 정리할 수 있을까 의문이였지만,열흘 가까이 활용해보니 책의 두께가 다가 아니더라구요.기원전의 시대부터 현 과학기술의 시대까지 핵심사건으로 알차게 구성되어져 있어초등학생뿐만 아니라 중학생이 되어도 보고 또 봐질 사전이 될 것 같아요.초등 교과에 나오는 역사뿐 아니라 세계사까지 아우르고 있으니한국사와 세계사를 한권으로 꿰뚫는 <초등 역사 동서양 사건 사전>이라는 제목이 딱이네요!!!^^관련 독서와 함께 시대순으로 한국사를 공부하고 있지만흐름을 파악하는것이 아이들에게는 제일 어...+ 더보기",5,2021-05-20
270596009,초등 역사 동서양 사건 사전,12848201,wsehwa,"초등학생이 꼭 봐야할 책 중의 한권인 초등역사 동서양사건 사전☆세계사와 한국사를 동시에 배워볼 수 있는 초등역사책으로,역사에 한 획을 그은 대박 사건 600건의 이야기가 들어있는 역사책이랍니다~역사, 인물, 과학, 예술, 수학, 의학등의 연표중심으로 이루어진 동서양사건사전상식과 지식의 힘을 키워주는 동시에 세계사와 한국사를 함께 볼 수 있는데요~ 시간의 흐름의 순서에 맞게 기록되어 있어 그 시기에 일어난 사건을 한눈에 파악할 수 있으니 좋은 것 같네요~역사 사건들은 기원전의 시대부터 현재까지 일어난 역사 사건 중에...+ 더보기",5,2021-08-09
270596009,초등 역사 동서양 사건 사전,12630475,purni012,"역사는 흐름을 이해해야 한다는 말 많이 들어보셨을 것 같아요하지만 길고 지루하게 역사적 사실만을 나열해 놓으면 손이 안가는 것 또한 사실이죠그래서 재미있고 가볍게 그리고 자주 펼쳐 볼 수 있는 역사책 이라는 모토로탄생한 역사사전을 찾아봤습니다    초등 역사 동서양 사건 사전 저자: 박수미출판: 다락원#초등역사 #동서양 #초등세계사 #역사사전 #초등도서 #연표중심 #세게사 #한국사     아이들이 관심 가질 만한, 그리고...+ 더보기",5,2021-05-20
270596009,초등 역사 동서양 사건 사전,12665698,알밤나무,"초등학교 한국사, 초등학교 세계사 공부 동서양 역사 공부 <초등역사 동서양 사건 사전>한국사, 세계사 초등학교를 들어가면 관심 있게 보고 접하게 되죠~ 저희 아들은 7살 무렵부터 한국사 만화를 보기 시작해서 작년에는 세계사 한국사 관련 서적을 많이 봤어요. 하지만 옛날 역사에 관련 이야기들이고 최근까지의 동서양 역사 등에서 생긴 이슈들과 핵심정리가 부족하기 때문에 초등 교과 과정에서 배워야 하는 필수 동서양 히스토리가 근래의 있었던 이슈들까지 정리가 잘 되어있는 책이 없을까 찾다가 <초등 역사 동서양 사건 사전을&g...+ 더보기",5,2021-06-02
270596009,초등 역사 동서양 사건 사전,16397883,ms1224,한국사와 세계사를 연표에 따라 함께 살펴보며 동서양의 주요 사건을 한눈에 볼 수 있는 <초등역사 동서양 사건 사전>을 소개합니다. 초등학생이 보기 좋은 이런 책을 너무 찾았었어요.역사에 한 획을 그은 대박 사건 600! 사건 중심의 역사의 흐름을 알 수 있는 책이랍니다.한 권으로 세계사와 한국사를 꿰뚫는 초등 역사책.동서양의 큰 사건을 시대별로 함께 보다 보면 역사에 대한 흥미가 커질 수밖에 없을 거예요.기원전부터 현재에 이르기까지의 긴 시간을 8가지 시대로 나누어 간추려 보여줍니다.한 번쯤은 들어봤을 큰 사건이 주를 이...+ 더보기,5,2025-04-22
270596009,초등 역사 동서양 사건 사전,13053877,이선미,"역사를 어려워하는 아이들도 재미있게 볼 수 있는초등역사책으로 한국사와 세계사를 동시에 살펴볼 수 있어요.동서양에서 일어난 대박 사건들을8가지 시대로 나눠서 담아낸 책 한권이랍니다.우리나라의 역사인 한국사.그리고 세계의 역사인 세계사를그림과 함께 시대순으로 자연스럽게 구성되어 있어요.초등학생이 꼭 알아야 할 역사적 사건을어려워하지 않게 간략하면서 요약, 정리로사진과 그림으로 재미있게 볼 수 있어요.처음부터 끝까지 꼼꼼하게 읽지 않더라고도구금했던 사건을 찾아사 살펴보면연겨된 세계사와 한국사를 알수있는 시간이 된답니다.초등아이뿐만 아니라...+ 더보기",5,2021-10-29
270596009,초등 역사 동서양 사건 사전,16776853,이하나,"#협찬『초등 역사 동서양 사건 사전』은 초등학생들이 꼭 알아야 하고, 관심 가질 만한 동서양 사건들을 8가지 시대로 나누었습니다역사에 한 획을 그었던 대박 사건들을 시대순으로 배열해 자연스럽게 흐름을 따라갈 수 있도록 했습니다. 인류의 시작과 더불어 동양과 서양에서 동시대에 있었던 큰 획을 그었던 사건 중심으로 역사를 알 수 있습니다.무엇보다 그림과 쉬운 설명이 함께 하고, 연표가 윗 부분에 있어 한 눈에 들어와서 시대에 대해 알 수 있어 더 좋아요​초등 교과 과정에서 한국사는 5학년 2학기에 배우게 되고, 세계사와 한국사...+ 더보기",5,2025-09-30
270596009,초등 역사 동서양 사건 사전,14240969,mcmaximum1,한국사랑 세계사를 읽다보면어느순가 뒤죽박죽 되어 버리는 시간 순서...​한국사와 세계사를 동시에 머릿속으로 그리기란 여간 어려운 것이 아니며한국사는 한국사 따로세계사는 세계사 따로가 아닌여러 인과관계속에 하나의 흐름으로 이어져있기에동시에 파악하는 것이 정말 중요하다목차1. 기원전의 시대(약260만 년 전~1년) 102. 새 출발의 시대(1년~1000년) 403. 문명의 시대(1000~1500년) 684. 변화의 시대(1500년~1700년) 965. 혁명의 시대(1700년~1850년) 1246. 제국주의 시대(1850년~1914년) ...+ 더보기,5,2023-01-04
270596009,초등 역사 동서양 사건 사전,17100574,mkil618,"도서는 업체로부터 무상으로 제공받아 작성되었으며, 실제 경험과 솔직한 감상을 기반으로 작성하였습니다.아이가 한국사를 점점 배우면서 역사 얘기를 하나씩 해줄 때마다 한국시 외에 서양의 역사 동양의 역사들도 같이 알면 좋을까 싶어 하는 분들께 추천드리고 싶은 책이에요초등역사 동서양 사건 사전 박수미 지음 / 신동민 그림동서양에서 일어난 대박 사건 글을 8가지 시대로 나누어 담았어요1. 기원전의 시대2. 새 출발의 시대3. 문명의 시대 4. 변화의 시대5. 혁명의 시대6. 제국주의 시대7. 세계 대전의 시대8. 과학 기...+ 더보기",5,2026-02-19
270596009,초등 역사 동서양 사건 사전,12830372,biggerworld,이 글에는 스포일러가 포함되어 있습니다. 보시겠습니까?회색 영역을 클릭하면 내용을 확인할 수 있습니다.,5,2021-08-02
270596009,초등 역사 동서양 사건 사전,17147820,lamee1119,"<출판사로부터 도서를 제공 받아 읽고 남긴 후기입니다>세계사는 한국사를 먼저 접하고 나서 살펴보면 좋겠다 생각했는데,동시대에 지구 다른 쪽에서 일어난 일들을 알아보는 재미도 꽤 흥미롭더라고요.이 책은 그렇게 읽어나가며 역사에 흥미를 붙여보기에 좋은 책인 것 같아요.사전 형식으로 되어 있다 보니 부담 없이 틈틈이 살펴볼 수 있어서주로 등교하기 전에 남는 시간에 한두페이지씩 읽으며 알찬 아침을 시작하고 있지요!",5,2026-03-13
270596009,초등 역사 동서양 사건 사전,17002235,강미선,다락원으로부터 해당 도서만을 제공받았습니다 #도서협찬이제 4학년이 되는 아이가중학생이 되는 역사를 좋아하는 언니의 영향을 받아이 책을 읽고 싶어 하더라구요!한국사 뿐만 아니라 세계사까지!이 한 권으로 알 수 있어서 좋은 책인 것 같아요!아이들이 좋아하고 관심 가질만한 동서양 사건들을 8가지 시대로 나눠서 역사마다 한 획을 그었던큰 사건들을 시대순으로 배열해자연스럽게 시간의 흐름에 따라 갈 수 있도록 적은 책이라서아이랑 같이 부모도 같이 읽으면서가족들이 같이 이야기 나눠볼 수도 있는 좋은 책인 것 같아요~,5,2026-01-05
244232819,10대와 통하는 철학 이야기,11849772,darterjoo,"잘 살면 죽음도 두렵지 않다고소크라테스는 인생에서 가장 중요한 것은 “사는 것”이 아니라 “잘 사는 것”이라고 했다.요즘처럼 혼란스러운 시대에 삶이란 무엇인지,모든 사람이 행복하게 살아가는 세상은 어떻게",5,2020-07-13
244232819,10대와 통하는 철학 이야기,12920650,지유,10대에게 통할 수 있는 철학 이야기면 조금은 쉽게 다가갈 수 있지 않을까 하는 마음으로 선택한 책.이러이러한 철학자가 있어. 정도로 소개하는데 그친 느낌이다. 인생과 세상을 바라보는데는 이러한 관점이 있는데 너는 어떠니? 당장 답을 할 수는 없겠지만(어른인 나도 어려운) 끊임없이 삶 속에서 사유하는 사람이 되었으면.,4,2021-09-05
234787637,[세트] 이지유의 이지 사이언스 : 지구.우주 세트 + 동물.옛이야기 세트 - 전4권,11607747,나여사,이 글에는 스포일러가 포함되어 있습니다. 보시겠습니까?회색 영역을 클릭하면 내용을 확인할 수 있습니다.,5,2020-03-28
4162876,서울대 선정 서양고전 베스트 - 전5권,2998328,소나무,"1. 서해문집에서 나온 ""다시읽는 고전시리즈"" 처럼 이 책들또한 고전에 대한 2차 텍스트다. 
2차 텍스트라함은 예를들어 칼 맑스의 자본론 원본과 우리나라의 완역본 
비봉출판사의 김수행교수의 번역본 을1차텍스트로 간주하고,
이 자본론에 대한 해설서나 자본론에 관해  내용을 좀더 쉽게 풀어쓴 것들, 자본론을 바탕으로 사 
유를 해 나간 책들을 흔히 2차텍스트 라고 한다.  
 
2. 고전의 1차 텍스트를 읽기 전에 국내.외 저명한 학자들로부터 만들어진 2차텍스트...+ 더보기",5,2009-07-30
4162876,서울대 선정 서양고전 베스트 - 전5권,13104082,삼식이,읽고 싶어요,5,2021-11-18
2225468,청소년을 위한 월든,7194395,hahajoy,"월든 완역본은 읽기가 조금 어려웠는데, 이 책은 읽기가 수월합니다. 발췌본이긴 해도 번역도 잘 되어 있어 워밍업하는 기분으로 읽기에 좋네요.",4,2014-11-05
234293815,빅 걸,11578580,오선영,"고정욱 작가소아마비로 장애를 딪고  청소년들에게 꿈을 잃지 않도록 희망을 주면서멋지게 살아가는 작가님이십니다.작가님을 강연회에서도 뵙고, 책을 보면서 많은것을 느끼고 배웁니다.실제로 작가는 여러 어려운 고비를 넘으면서 많은 발전은 하여 꿈을 이룬사람입니다.플랜A로 시작하여 실패하면 플랜B, 플랜C.. 이렇게 실패가 끝이 아니고 또다른 시작임을 알려주는 책이라고나 할까요?​이 책에서 등장하는 김청강 작가가 고정욱 작가 본인인것 같은데, 작가에게 이메일 보내어 물어봐야 겠네요.고정욱 작가는 청소년책을 내면서 이메일로 질문을 하거나 고민...+ 더보기",5,2020-03-16
234293815,빅 걸,11597854,보라사랑맘,"꿈을 향해 나아가라!빅걸글 고정욱책담 400만 독자의 사랑을 받은 고정욱의 청소년을 위한 진로, 직업소설꿈을 향한 나의 길을 스스로 만들어라!김청각 작가가 다시 나섰다. ""소연이처럼 꿈이 있다고 해도 막상 그 꿈을 이루기가 쉽지 않죠. 이유야 뭐가 됐든 우리가 꿈을 포기할 수 밖에 없는 이유는수백 가지가 넘습니다. 하지만 그렇다고 단 하나의 꿈만 이루라는 법도 없지요. 플랜A가 없으면 우리에게는 무엇이 있을까요?""""플랜B요!""여기저기서 한목소리로 대답했다. ""그렇습니다. 그런데 플랜B가 없을 때는 플랜C, 또 C...+ 더보기",5,2020-03-24
8382562,테크놀로지의 세계 2,4399787,왕눈이,"디자인(design)은 '의미하다', '표현하다', '그리다'를 뜻하는 라틴어 '데시그나레(designare)'에서 유래했다고 한다.

20세기 초만해도 디자인보다는 기술을 더 우선시 했다. 하지만 과학 기술의 발전으로 회사마다 기술이나 품질이

비슷비슷해지면서 인간의 개성과 다양성을 담은 디자인이 경쟁력을 좌우하는 시대가 되었다. 

단순히 눈에 보이는 시각적인 효과뿐만아니라 기술과 접목된 '디자인의 힘'의 위력은 놀랍기만 하다.

우리 아이들이 열광하고 있는 아이팟이나 멋진 자동차뿐만아니라...+ 더보기",5,2011-01-03
8382562,테크놀로지의 세계 2,4384680,해피파스,"어제 <테크놀로지의 세계> 1권에 이어 오늘은 제 2권을 만나보았다. 1권에서 역사와 생활 속 기술 이야기와 기술과 발명 그리고 기술 속에 담겨진 청소년들의 진로에 대해 그 방향을 찾아 볼 수 있었다면, 2권은 좀 더 구체적인 내용으로 디자인, 정보 통신, 제조 그리고 에너지 분야의 기술을 만나 볼 수 있었다. 발명은 창조이다. 이것을 두고 어떤 이들은 신의 영역이라고도 한다. 그렇다면 디자인은 어떠한가? 디자인은 창조와 같은 발명이며, 있었지만 몰랐던 것을 찾아내는 발견이기도 하다. 과거 기술이 세상 힘의 전부라고 생각했을...+ 더보기",,2010-12-29
8382562,테크놀로지의 세계 2,4420220,열정마녀,"<테크놀로지의 세계 1권>은 기술의 탄생과 역사, 미래를 이야기했다. <테크놀로지의 세계 2권>에서는 기술 분야를 디자인, 정보 통신, 제조, 에너지 등 4장으로 구분하여 설명한다. 얼핏 보면 디자인과 정보 통신, 에너지 분야는 그렇다고 쳐도 제조 분야가 함께 기획 되어 있는 것에 의문을 품을 수도 있을 것이다. 그렇다면 1권을 꼭 읽어보길 바란다. 그렇다면 2권의 4장 구성이 자연스럽게 이어질 것이다. 


디자인은 모든 분야를 아울러 큰 영향력을...+ 더보기",5,2011-01-10
33117462,나의 직업 : 경찰관,14148945,rkdgpdls78,"이 책의 출판 분야는 청소년 행복 연구실 엮음이라는 출판사로 나의 직업이라는 시리즈로 청소년들이 자신의 미래에 대하여 판단할 수 있는 정보를 제공하고 자신의 진로를 사회나 부모님이 정해 주시는 것이 아니라 자신의 능력과 적성에 따라 스스로 생각하고 판단하게 할 수 있는 책이다. 내가 고른 나의 직업 경찰관 이라는 책은 경찰의 자격조건, 경찰이 되고 난 후 대우, 경찰이 되고 나서 무엇을 하는지 등등 경찰을 꿈꾸는 사람을 대상으로 경찰이란 무엇인지를 보여주는 글인 것 같다.책의 구성은 다음과 같습니다. 경찰관의 세계, 직업으로서의 경...+ 더보기",5,2022-12-04
297273265,생명과 안전을 지키는 직업 1 : 군인·스파이·경호원,13793791,아이작,"미래를 여는 경이로운 직업의 역사[생명과 안전을 지키는 직업1]~*서평청소년들의 진로 지도를 탐구하며 함께 찾아간다.나는 청소년들의 홀랜드 적성 검사를 하면서, 그들의 표정을 본다.R, I, A, S, E, C의 여섯 개의 진로코드로 홀랜드 박사는 직업을 추천해 주고,지도자들에게 취업을 위해 길라잡이가 되기를 바랐던 것 같다.청소년들의 진로 지도를 할때면, 내 가슴은 띈다.그들의 앞날에 대한 기대와 소망이 있기 때문이다.그렇지만 그 직업에 대한 사전 지식이 없을 때가 많은 데,그럴 때는 인터넷을 찾았다.그러나 한계는 바로미터다.빈빈...+ 더보기",5,2022-07-25
297273265,생명과 안전을 지키는 직업 1 : 군인·스파이·경호원,13796468,lovelyjs3,"[미래를 여는 경이로운 직업의 역사] 시리즈 중 생명과 안전을 지키는직업 1,2 편을 선물로 받게 되었다 :-) 다양한 직업군에 관심이 많은 나는 이렇게 직업관련 책을 읽어보는 것을 좋아한다. 내가 해보지못한 직업의 세계에 대해서 알아보며 나의 자녀에게 다양한 경험을 하게 해주고픈 부모의 마음으로 이 책을 읽었다. 이 책은 기존의 직업관련 책과는 달리 '그 직업의 하는 일'을 단순히 이야기하지않고 이 직업의 유래부터 어떻게 발전해왔는지에 대해서도 알려주며, 이 직업이 우리가 살아가는 사회에 필요한 이유와 미래에는 어떤 방향으로 이 ...+ 더보기",5,2022-07-26
297273265,생명과 안전을 지키는 직업 1 : 군인·스파이·경호원,13794619,이정민,"읽을 만한 책이 없을까 인스타를 돌아다니다 ‘생명과 안전을 지키는 직업1 군인, 스파이, 경호원’ 이 책이 눈이 띄였다. 현직 군인으로서, 그냥 넘어가기가 힘들었다.      사실 군인, 스파이, 경호원 모두 아주 오래 전부터, 국가가 발상하고 나서부터는 한 번 도 사라졌던 적이 없었던 직업이다. 그러나 그 긴 세월을 지나오면서도, 그 역할의 큰 틀 자체는 크게 바뀌었을 리가 없다는 생각을 가지고 책을 읽기 시작했다.      평소에 역사책을 많이 읽는 사람은 알겠지만, 역사책의 경우에는 목차가 크게 달라지기 힘들...+ 더보기",5,2022-07-25
539822,영원한 록의 신화 비틀즈 VS 살아있는 포크의 전설 밥 딜런,3636149,광서방,"비틀즈 그리고 밥 딜런. 같은 시대를 살아간 두 전설을 이야기한 책들은 참 많다(개인적으로 읽은 관련서적만 해도 5~6권은 되는 것 같다). 그들의 유명세, 지금까지도 끝없이 이어지는 리메이크와 트리뷰트, 그리고 책, 영화, 만화, 드라마 등의 다양한 매체들을 보고 있자면 정말 '영원한 신화, 살아있는 전설'이라는 말이 무색할 따름이다. 그런 점을 고려하고 보면 얼마 없는 것일지도 모르겠다. 










사실, 지금 시대를 살아가는 사람들에게 이 두 전설은 그리 깊게 다가오지 않을지 모르겠다. 사...+ 더보기",4,2010-04-16
539822,영원한 록의 신화 비틀즈 VS 살아있는 포크의 전설 밥 딜런,686964,좀머,"'vs 시리즈'의 첫 권이라는 [비틀즈 vs. 밥 딜런]을 한대수가 썼다는 사실은 꽤 흥미롭게 여겨질 법도 한 일이다. 이들이 전성기를 구가하던 60년대의 뉴욕 한복판에서 이들의 영향을 잔뜩 받아가며 자신의 예술적 정체성을 확립해가던 한 젊은이가 몇 년 후 한국 포크락/싱어송라이터의 새 장을 열어젖히게 되더라는 사연을 숙지하고 있는 독자라면 말이다. 이쯤 되고 보면 과연 한대수가 비틀즈와 밥 딜런에 대해 뭐라고 했을지가, 책의 원래 의도였을 '비틀즈와 밥 딜런 비교하며 이해하기'보다 훨씬 궁금해지게 된다.
간추려 말하자면...+ 더보기",3,2005-06-02
539822,영원한 록의 신화 비틀즈 VS 살아있는 포크의 전설 밥 딜런,1713111,uu03,"아주오래전에..도서관에서 이책을 읽어봤다!
그냥 그저그렇게..
이책을 보면서 느낀건..잘생각은 안나지만..
정말 창작의 고통이란..그리고 자신은 그냥쓰는 한장의 음악이지만
그 음악에 미치고 열광하는이들..이들이 왜이렇게 열광하는지 모르겠다는..
겸손한건지..자신의 음악을 낮게보는건지..
어쨌든..아는가수는 많이없지만 그냥 이럭저럭 
팝을좋아하는이들에겐..
그 음악인을 조금이나마 알수있게해주는 그런책일것 같다!!",3,2007-11-21
344266080,지구를 살리는 환경 어휘 교과서,15836992,ktent,"#도서협찬올 여름 재난문자를 참 많이 받았습니다. 코로나 이후 폭염관련 안전문자를 많이 받았어요. 기후위기 기후위기 말을 듣었지만 아직 시간이 많겠지라고 막연하게 생각만하며 피부로 와닿지 않았는데 이번 여름 폭염, 국지성호우 같은 기상이변을 겪으며 기후위기시계가 더 빠르게 흐르고 있다는 것을 알게되었습니다. 기후위기시계가 무엇일까요?전세계 이산화탄소 배출량을 시각적으로 볼 수 있게 만든 시계로 지구 평균 기온이 산업화이전보다 지구의 온도가 1.5°C 상승하면 지구 평균 온도 상승, 호우 가뭄 증가, 해양 어획량 감소 등 생태계 절반...+ 더보기",5,2024-09-09
344266080,지구를 살리는 환경 어휘 교과서,15791803,푸른하늘,"지난 2년간 환경, 기후위기 관련 책을 많이 접했어요아이들과 읽기도하고 제로웨이스트나 생태관련책은 관심분야이기도 해서 틈틈이 읽기도 했지요여러 책들을 읽다보니 탄소발자국에 조금더 민감하게 되는듯해요#지구를살리는환경어휘교과서 는 뉴스를 통해 접하게 되는 관련 용어들을 눈에 쏙쏙 들어오게 하네요들어보긴 했는데 우리집 아이가 물어보면 답해주기 어려웠던 것들을 ""응 이건 말이지....""하며 잘난척 할 수 있을듯요그리고읽으며 나와 이웃, 나와 지구촌에 함께사는 생물 모두가 잘 지낼 수 있는 방법을 생각해보게 하네요",5,2024-08-22
344266080,지구를 살리는 환경 어휘 교과서,15826718,like_g,"'기후위기' 어느덧 이 단어에도 익숙해져버린 것은 아닐까, 되돌아보게 된다.어릴때부터 워낙 많이 들어 '지구온난화'라는 단어에 익숙했던 과거가 생각난다. 설명해보라고 하면 떠듬떠듬 설명은 하지만 그것이 우리의 삶에 어떤 영향을 미치는지에 대해서는 설명하기 어려운. ​'기후위기'에 대해서도 사람들에게 물어보면 어떻게 답할까?막힘없이 국제협약 날짜까지 언급하며 대답하는 사람이 있는가하면, 지구를 지키기 위해 일회용품 대신 다회용품을 사용해야한다는 정도를 말하는 사람도 있을 것이다. 나는 오랫동안 어린이집,유치원에서 교사생활을 하며 환경...+ 더보기",5,2024-09-04
344266080,지구를 살리는 환경 어휘 교과서,15804692,나닝,"남은 인생 중 가장 시원한 여름 잘 보내셨나요?내년엔 이것보다 더 더워진다고해요.태풍도 강력해지고 난기류도 심해져서 비행기도 위험하니해외여행도 점점 어려워질 수 있고, 광어 우럭이 수온으로 인해 많이 죽고 있다고 해요.국민횟감도 삭제..이 중 하나라도 안돼!!!를 외치셨다면 환경에 관심을 가져야 한다는 뜻입니다.막연하게 '아~? 환경? 보호해야지.' 라고 생각했지만 그래서 뭐 환경 어떻게 해야하는데 뭔데..라고 생각하는 분들께엄청나게 친절한 길잡이가 되어 줄 책입니다.우리가 다양한 매체를 통해 접한 환경관...+ 더보기",5,2024-08-27
14925780,수상한 중학 수학책,5425970,ForMe!,"먼저 책 내용의 한부분을 인용하며 시작하려 한다.
 
『수학은 분명히 학생들을 괴롭히는 과목이다.  하지만 똑같은 수학도 누가 어떻게 가르치느냐에 따라 예쁘게 보일 수 있다. 
옛날에는 수학 책도 별로 좋지 않았고 풀이도 답만 달랑 달려 있었다.  초등 수학도 아닌 것이 뭘 보고 공부하란 소린지.  그땐 그랬다.  엄마 아빠 옛날에 어렵게 살던 이야기처럼 요즘 수학 책은 옛날에 비하면 많이 양반 됐다.  그때는 잘못된 답도 무척 많았다.  안 그래도 가뜩이나 헤매던...+ 더보기",4,2012-02-15
14925780,수상한 중학 수학책,5404171,두뽀사리,"수상한 수학책
김승태 지음 / 신동민 그림
꿈결

<수학 성적을 쑥쑥 상승시키는 비법을 한권에 몽땅 담은 중학 수학책> 이라는 책 제목이 얼마나 감동적인지... 이 글을 쓰고 있는 나는 학창시절 수학을 제법 잘했다. 여고에 진학해서는 너무 공부를 안하고 놀러 다니느라 바빠서, 공부를 등한시 했지만, 중학시절까지는 못 푼다는 문제는 없었다고 자부하고 살았다. 아버지가 소위 말하는 '수학박사'라는 별명을 가지셨던 탓에, 대학을 들어가기 전까지 수학문제를 다 풀어주실 정도였고, 그 아버지의 피를 이어받은 탓인지, 우...+ 더보기",5,2012-02-06
14925780,수상한 중학 수학책,6871213,다락방꼬마,"제목처럼 수상한 수학책을 만났습니다. 이 수학책의 정체는 무엇일까요. 대부분의 아이들이 어려워하고 힘들어하는 수학을 재미있게 만들어주고 심지어 성적까지 올릴수 있다고 하니 그 비법이 궁금하지 않을수 없습니다.
 

 
수학 성적을 쑥쑥 상승시키는 비법을 한 권에 몽땅 담은 수학책
 
이제 중학생이 되는 아이. 확실히 초등학교 수학과는 다르다는 것을 아이가 먼저 느낍니다. 교과서는 아직 받지 않았지만 시중의 학습서들을 보면서 벌써부터 고개를 절레절레 흔듭니다. 해보려하지 않고 뒤로 물러서...+ 더보기",4,2014-02-06
14925780,수상한 중학 수학책,5441828,랄랄라~,"수상한 중학 수학책
 
   아이들을 키우면서 나름 독서습관이나 공부습관을 열심히 지도하는 편이다.  함께 여러가지 방법을 동원하기도 하고,  다양한 체험학습을 시키기도 하면서  교육적으로 도움을 많이 주고 일찍 많은 부분을 호기심을 갖고 공부할 수 있기를 바라는 마음에서다.  그렇게 열심히  노력하고 있지만  수학이라는 과목만 만나면 자꾸 작아지는 나를 발견한다.  이미 중년을 바라보고 아이들도 사춘기에 접어들어가는  부모가 되었...+ 더보기",5,2012-02-22
14925780,수상한 중학 수학책,5415942,책의미로,학교를 졸업하면 수학을 다시 만날 일이 없을줄 알았다.그런데 학교를 졸업한지 20년이 지난 지금 나는 다시 그 지긋지긋하고 무시무시한 방정식을 다시 풀고 있다.올해 중학교 2학년이 되는 딸아이와 1학년에 입학하는 딸아이의 수학과 영어를 엄마인 내가 가르쳐야 하기 때문이다.학원 보내버리면 될걸 가지고 뭘 그리 고생하느냐고? 나도 그러고 싶다.하지만 친구따라 학원에 간 내 아이는 며칠만에 학원이 숙제가 많다고 울며 보내지 말아달라고 통사정을 했다.어쩔수 없이 엄마와 하루에 몇장이라도 수학을 공부하기로 서류에 싸인을 했다.큰 아이는 인터...+ 더보기,5,2012-02-11
14925780,수상한 중학 수학책,5479989,제니퍼,"수학 성적을 쑥쑥 상승시키는 비법을 한 권에 몽땅 담은 중학 수학책[수상한 중학 수학책]을 만났습니다.


저자인 김승태 선생님 역시 학창시절에  
수학 점수 때문에 누구보다도 가장 많이 울었고,누구보다 수학에 대한 맺힌 한이 많은 사람이었지만 지금은 누구보다 열심히 수학을 연구하시고 현재 JBM 수학교실 원장으로 많은 아이들에게 수학의 재미를 가르치고 있으며, 블로그(blog.naver.com/jbm1451)를 통해 학생들과 직접 소통하고 있으신 분이라고 하니 더 믿음이 갑니다.


내용을 읽다보니 정...+ 더보기",5,2012-03-08
14925780,수상한 중학 수학책,5433929,준호임다,학창시절 수학을 잘했더라면 서울에 있는 더 좋은 대학에 진학해서 하고 싶은 공부 원없이 했을 것이고 나의 미래도 지금보다는 분명 달라져 있을 것이다. 왜 그토록 수학을 어려워했을까. 내가 초등학교(그당시 국민학교)에 다닐때만 해도 수학이 아니고 산수였다. 더하기 빼기 곱하기 나누기만 할줄 알면 산수는 누워서 떡먹기처럼 쉬웠다. 2학년때 구구단을 한번에 외어서 나머지 공부 안하고 집으로 돌아갔던 좋은 기억이 있다. 하지만 중학교 수학은 산수와 달랐다. 온갖 공식이 나오고 이해가 안가도 무조건 외어서 문제를 풀어야 했다. 잘 하면 수학...+ 더보기,5,2012-02-19
14925780,수상한 중학 수학책,5451977,수서헤현맘,전업주부로 생활하다가 수학과외를 할려고 이리저리 책을 찾던 중에 발견한 책이다.  나는 아는데 어떻게 하면 아이들에게 쉽게 설명해줄 수 있을까?  하는 고민 중에 만난 책이다 보니 저자의 말 한마디 한마디가 마음속에 와 닿았다.^^  그냥 무턱대고 처음부터 끝까지 문제를 풀기보다는 중요도에 따라 필요에 따라 문제를 선택해서 풀어야 하는 사실은 알고 있었지만  문제를 선택하는 눈을 가지는것이 얼마나 중요한지 새삼 깨달았다.,5,2012-02-27
390019719,목소리로 사람들의 마음을 여는 아나운서,17253978,pinkpcl,🎧 라디오를 좋아하던 기억에서 시작된 책​이 책을 읽으면서 가장 먼저 떠오른 건예전에 제가 정말 좋아했던 라디오였어요.​✔ 조용한 밤✔ 작은 스피커✔ 누군가의 목소리 하나​그 시간은 늘 위로였거든요.​그래서 이번 책이현주 아나운서의 《목소리로 사람들의 마음을 여는 아나운서》는처음부터 더 가깝게 느껴졌어요.​​🎙️ 아나운서는 단순히 “말하는 사람”이 아니었어요​책을 읽다 보면 아나운서라는 직업이생각보다 훨씬 넓고 바쁜 세계라는 걸 알게 돼요.​✔ 뉴스 진행✔ 라디오 멘트✔ 스포츠 중계✔ 행사 진행✔ 긴급 상황 방송​정말 방송의 거...+ 더보기,5,2026-05-02
390019719,목소리로 사람들의 마음을 여는 아나운서,17260390,conan72,"초등학교 6학년 여름방학, 나는 ‘우리말 겨루기’ 특집
방송에 출연하며 방송이라는 세계를 처음 마주했다. 현재는 중학교 방송부 2년 차로, 아나운서의 목소리를 깨끗하게 송출하는 엔지니어링 분야를
담당하고 있다. 그동안 나는 기계적인 소리의 전달에만 집중해 왔지, 아나운서라는
직업이 내 미래의 선택지가 될 수 있다는 생각은 해보지 않았다. 하지만 이현주 아나운서의 이 책은 내게 ‘목소리의 힘’이 방송 사고 없이 송출되는 것 이상의 가치가 있음을
깨닫게 해주었다.

흔히 아나운서는 문과생들의 전유물이라 생각하기 쉽다. 하지만...+ 더보기",5,2026-05-06
390019719,목소리로 사람들의 마음을 여는 아나운서,17261408,소소,"엄마 아빠가 보는 뉴스나 중계 등 아나운서가 있는 프로그램을 잘 보지 않는 아이들은 아나운서가 무엇을 하는 사람인지 잘 모릅니다. 책을 보여주니 ""아나운서가 뭐야?! 우리 책 맞아?! 하네요. 아나운서라는 직업에 대해 잘 모르는 것 같아서 알려주고 싶어 이 책을 보여주고 싶었다고 하니 그제야 살며시 펼쳐봅니다. 책을 같이 보면서 ""아나운서는 이런 일을 하는 사람이야""라고 하니 사진 속 모습을 보며 호기심을 보여요. 어렴풋 왔다 갔다 하면서 뉴스를 진행하던 모습에 생각 났는지 봤다고도 해요. 이렇게 또 책을 통해 하나하나 알아갑니다....+ 더보기",5,2026-05-06
390019719,목소리로 사람들의 마음을 여는 아나운서,17252652,문덕이,"📍도서명 :
목소리로
사람들의 마음을 여는 아나운서  

📍저자 :
이현주 

📍출판사 :
토크쇼

📍장르 :
청소년
도서

마이크 뒤에서 세상의 온갖 소식을 전하는 직업인을 넘어, 진정한 소통의 가치를 실천하는 한 아나운서에 대한 이야기입니다 

방송에서 들려오는 익숙한 목소리 뒤에 숨은 아나운서의 일상과
고민, 그들이 어떻게 말 한 마디, 발음 한 자를 선택하는지에 대해 다루는 책이지만, 사실은 ‘말’을 통해 사람과 사람을 이어준다는 의미를 더 깊이
되짚어 준다. 

...+ 더보기",5,2026-05-01
390019719,목소리로 사람들의 마음을 여는 아나운서,17261840,andradaaesyulli,"이 리뷰는 리뷰의숲을 통해 출판사에서 도서를 제공 받아 직접 읽고 작성한 리뷰입니다

이 책은 단순히 직업 소개서가 아니라, 어떻게 살아야 하는가에 대한 방향까지 던져주는 책이었다. 처음에는 아나운서라는 직업에 대한 정보 시험 과정, 업무, 준비&...+ 더보기",5,2026-05-07
281296396,최선의 공간을 꿈꾸는 건축가,13100372,djkidol,"다양한 직업이 존재하는 요즘 사회에서 어떤 형태의 업을 영위해야 하는지, 당장의 취업문제나 이직 등 현실적인 부분에서부터 내 꿈이나 목표를 향해 나아가는 사람들, 또는 전공을 살리거나 전혀 다른 분야에서 일하는 사람들까지, 우리는 사회생활을 통해 현실에 맞게 살아가거나 전혀 다른 분야에서 일하는 사람들을 쉽게 목격하게 된다. 이처럼 우리의 삶은 정답이 없고 시대변화나 트렌드, 또는 절대적인 생계에 의해 많은 것들이 결정된다는 사실을 바탕으로 책을 읽었으면 한다. 주로 책에서는 청소년의 자기계발과 진로탐색, 직업선택적인 관점에서 건축...+ 더보기",5,2021-11-16
281296396,최선의 공간을 꿈꾸는 건축가,13071272,J,"​큰 아이가 수학과 예술을 잘 하는 편이고 그쪽으로 재능이 있는데처음에는 수학만, 또는 예술만 생각하다가요새는 이런 요소들이 좀 들어있는 다른 직업군, 다른 분야의진로까지도 좀 보는 것 같더라구요.​전 건축쪽도 왠지 잘 맞을 것 같다는 생각에... 건축도 한 번 알아보라고 했어요.​인터넷도 보고 유튜브도 보고...아는 사람이 있으면 붙들고 물어보면 좋지만주변에 지인이 없어서... 좀 아쉽던 차에이 책을 접하게 되었답니다!​김세종님이 수많은 프로젝트에 참여하셨고, 임원까지 하다본인의 건축사무소를 차리신 분이에요.​건축을 전공해 건축사...+ 더보기",5,2021-11-05
281296396,최선의 공간을 꿈꾸는 건축가,13106630,tkswl123,이 글에는 스포일러가 포함되어 있습니다. 보시겠습니까?회색 영역을 클릭하면 내용을 확인할 수 있습니다.,5,2021-11-19
23370206,"낙태, 금지해야 할까?",6208883,미라클,"지하철에서 주로 책을 읽는 나에게 이 책은 이 탁 트인 공간에서 이 책을 읽어도 되는 걸까? 라는 생각에 겉 표지를 감싸게 하고 나만 볼 수 있도록 최소한의 각도로 책을 펼쳐 보게 했다. 그러다 문득 든 생각이, 책을 읽는 것이 그러니까, 낙태에 대해 이야기 하고 있는 이 책을 읽는 것이 마치 금서를 읽는 것마냥 내 스스로 너무 가두고 있다는 생각에 죄인도 아닌데 왜 이렇게까지 하고 있는 거지? 라는 생각에 당당히 무릎 위에 펼쳐 놓고 읽기 시작했다. 물론 ‘낙태’라고 크게 쓰여있는 문구를 볼 때면 무언가 알 수 없는 눈...+ 더보기",5,2013-03-06
23370206,"낙태, 금지해야 할까?",6208517,jisung5,"낙태 문제는 전 세계적으로 뜨거운 쟁점 중 하나다. 그래서 각 나라가 처한 상황에 따라 
그 원인과 해법도 제각각이다. 미국과 유럽 같은 대부분의 선진국에서는 낙태에 관한 
찬반을 당당하게 정치 공약으로 내세우며 자신이 처한 상황에 따라 나름대로의 해법을 
찾아 낙태를 줄여 나가기 위해 노력하고 있다. 
 
반면에 우리나라는 입에 담기 어려운 어두운 그림자같은 문제다. 일부 종교인과 진보
여성계를 제외하고는 낙태 문제에 대한 자신의 소신을 제대로 밝히지 않을 뿐만 아니라
낙태 문제에 대해 쉬쉬...+ 더보기",4,2013-03-06
23370206,"낙태, 금지해야 할까?",6194099,두뽀사리,"세상에 대하여 우리가 더 잘 알아야 할 교양 18 낙태 금지해야 할까?
디베이트 월드 이슈 시리즈 세더잘
재키 베일리 지음
내인생의책
-
세더잘 시리즈의 열여덟 번째 책인 이 책은 다소 민감한 주제들 중 하나인 '낙태'에 대하여 이야기하고 있다.
낙태란 다른 말로 인공 유산(induced abortion)이라고 한다. 매년 15%에 해당하는 4,100만 건의 낙태가 이루어진다고 한다.
[1. 낙태란 무엇일까요?]에서는 임신 과정, 낙태의 종류와 낙태의 위험성에 대하여 자세하게 알려 준다.
[2. 낙태법의 역할]은 나라...+ 더보기",5,2013-02-28
23370206,"낙태, 금지해야 할까?",6217383,행복한 콩순이,"세더잘 시리즈를 통해 이미 알고 있다고 생각했던 주제에 대해 깊이 있게 배울 수 있고, 때로는 잘 알지 못하는 주제에 대해 알 수 있게 된다는 점이 세더잘 시리즈의 가장 큰 매력인 것 같아요. 그래서 세더잘 시리즈를 무척이나 좋아한답니다. 많은 교양을 얻을 수 있어서 더 좋구요. 
낙태 문제야말로 그래도 책을 통해서나 상식적으로 많이 알고 있다고 생각했던 부분인데 몰랐던 것들을 새롭게 알 수 있는 기회가 된 것 같아요. 생각보다 낙태 문제에 대해서도 논란이 되고 있는 문제라든지 생각할만한 것들이 많네요. 
단순히 낙태를 허용할 ...+ 더보기",5,2013-03-08
23370206,"낙태, 금지해야 할까?",6206784,1you2you3,두 딸아이를 키우고 있지만 참 조심스러운 단어인 낙태.그동안 아이들에게 한번도 언급해본적이 없었던 단어인 낙태.아이들이 성장해가면서 자연스럽게 알아가겠지 했던 낙태였는데 반갑게도 내인생의책 출판사의 ‘세상에 대하여 우리가 더 잘 알아야 할 교양’시리즈를 통해 아이들에게 해주고 싶었지만 해주지 못했던 낙태에 대해서 함께 만나볼 수 있었던 유익한 시간을 가졌습니다....+ 더보기,5,2013-03-05
23370206,"낙태, 금지해야 할까?",6209646,ys로스쿨러,"낙태에 대한 문제는 기원전 1760년 부터 시작왰다는 기록이 있었다.
난 기독교세계관을 갖고 있어서 결혼외 성관계는 죄라고 생각한다.
그 죄라는 것은 법에 접촉되는 것은 아니고 나의 신앙관과 나의 신념, 성개념에 접촉되는 죄인 것이다.
낙태는 살인이라고 생각한다.
태아를 생명체로 보는  관점이 여러 의견이 있지만 나는 정자와 난자가 합쳐지는 순간부터 생명체로 본다.
난 모든 생명은 하나님의 목적하에 이 세상에 존재하기 때문이라고 생각하기 때문이다.
낙태를 하는 이유를 살펴 ...+ 더보기",4,2013-03-06
23370206,"낙태, 금지해야 할까?",6207441,진,"낙태에 대한 논쟁. 사람들은 낙태에 관해 찬성과 반대편으로 나누어져 있다. 과거 우리나라에서는 1995년부터 낙태를 법으로 금지하였었고 2009년에 법이 개정되어서 낙태를 24주 이내에 가능하도록 하였고, 자신이 원치 않게 성폭행을 당했거나 근친상간으로 인한 임신은 낙태를 허용하였다. 아일랜드 같은 경우에는 낙태를 엄격하게 금지하고 있는 반면 네덜란드는 24주 기간 안에는 낙태가 가능하도록 법을 정하였다.+ 더보기",5,2013-03-06
23370206,"낙태, 금지해야 할까?",6203882,life7joy,"저는 종교를 가지고 있는 사람으로 생명의 소중함을 최우선의 가치로 여깁니다. 낙태의 문제는 ‘선택옹호론’(pro-choice)과 ‘생명옹호론’(pro-life)사이의 논쟁 구도이고, 저는 생명옹호론을 더 지지하는 편이었습니다. 그런데 이 책을 읽으면서 낙태문제가 그렇게 단순하지만은 않다는 사실을 깨달았습니다. 하나의 예로, 낙태를 금지하는 법을 시행하는 나라의 낙태율이 그렇지 않은 나라보다 비슷하거나 오히려 높다고 합니다. 게다가 낙태법을 시행하는 나라에서 이루어지는 낙태는 하나같이 위험합니다. 여자의 선택권보다 생명의...+ 더보기",5,2013-03-05
23370206,"낙태, 금지해야 할까?",6196039,구르믈버서난달,"세상에 대하여 우리가 더 잘 알아야할 교양 시리즈가 벌써 18권까지 나왔군요. 이 시리즈는 '청소년을 위한 세계경제원론'으로 좋은 첫만남을 가졌더랬습니다. 얄팍한 네권의 책이라고 쉽게 생각했었는데 온갖 내용을 꼼꼼하고 깔끔하게 요약하여 담아내서 깜짝 놀랬거든요. 밸런스가 상당히 좋았던 책이었습니다. 그후로 나온 것이 세더잘 시리즈였는데요, 실용적인 목적에서 보자면 점점 비중이 높아지는 논술을 염두에 두고 교육용으로 활용할 수 있는 책이라고 하겠네요. 꼭 실용성을 생각하지 않더라도 아이들에게 다양한 주제에 대해서 이런저런 생각을 ...+ 더보기",,2013-03-01
23370206,"낙태, 금지해야 할까?",6193588,하랑천사,"낙태에 대한 찬반은 몇십년째 이어오고 있는 논쟁의 한 부분입니다.   
하랑천사가 중학교를 다니던 시절에도 사회시간에 낙태찬반 토론을 했던 기억이 나는데요.. 
하랑천사는 찬성편이었던 것 같습니다. 
그 생각은 사실 아직도 변화는 없습니다. 
하랑천사가 찬성을 하는 이유는 무분별한 낙태가 아니라 의도치않게 임신된 경우를 말합니다. 
일종의 사고사인 경우에 말이죠.. 
성폭행에 의한 임신이라던가, 또는 미성년자의 임신이라던가, 기형아에 대한 경우 등의 
낙태를 뜻하는데요.. 
꼭 그런 경우가 아니더라도...+ 더보기",5,2013-02-28
23370206,"낙태, 금지해야 할까?",6193488,ghddbsk,"오바마 대통령이 낙태 지지 발언을 하면서 종교단체와 각종 관련 기관들의 집중포화를 받은 사건이 있었다. 인간도 동물인지라 본연의 기능인 생식기능에 관한 문제는 사실상 논쟁을 피할 여지가 없고 대표적인 문제가 낙태다. 100프로 완벽하게 피임할 수 있는 방법이 없는 이상, 현실적으로 모든 가임여성들이 고민하지 않을 수 없는 문제로 매번 미대선에서는 후보들의 이에 대한 입장이 항상 중요 잇슈다. 
 
 법학을 하는 사람이라면 법의 권리 주체가 되는 인간의 범위를 ...+ 더보기",4,2013-02-28
23370206,"낙태, 금지해야 할까?",6713039,새우깡눈,"<세더잘 18 – 낙태, 금지해야 할까?>생명의 존엄성에 관한 가장 큰 화두
낙태는 자연분만기 전에 자궁에서 발육 중인 태아를 인공적으로 제거하는 일이다. 낙태 찬성론자들은 낙태를 금지하면 오히려 위험한 낙태를 부를 수 있다고 한다. 반면에 낙태 반대론자는 모든 생명은 고귀한 것이기에 누구도 헤칠 수 없으며 이는 태아도 다르지 않다고 한다. 이...+ 더보기",5,2013-11-25
21349978,공부생 노트필기,6068355,anc30,"첫째 중학생, 둘째 초딩생, 셋째 유치원생.
이렇게 아이 셋을 기르고 있지만 아이마다 특성이 다르다고 해야할까? 그렇다면 공부하는 습관은? 아이셋 모두 다르다. 아직 막둥이는 잘 모르겠지만 위 두 아이는 남자, 여자의 특성이 다른것인지는 모르겠지만 공부하는 방법 만큼은 크게 다르다. 첫째인 아들은 수학을 좋아하지만 성적이 나오지 않는 편이고 둘째 딸아이는 수학은 싫어하지만 성적은 그럭저럭 나온다. 또 아들은 쓰면서 외우는 반면 딸아이는 눈으로 여러번 읽는 습관으로 공부를 한다. 여기서 두 아이 모두 공통된 점은 노트필기를 하지 않...+ 더보기",5,2013-01-08
21349978,공부생 노트필기,6036276,노박사,"『공부생 노트 필기』를 읽고
중학교에서 교편을 잡고 있다. 세월이 많이 흘렀다. 그 모든 것이 세태의 변화에 따라 적응해 가는 것인지 몰라도 현재의 모습들은 예전과는 너무 다른 모습들이다. 그러다보니 변화의 모습에 적응하지 못한다면 결코 쉽지 않은 교직활동이다. 물론 나름대로의 장단점이 있다고는 하지만 가장 기본적인 모습은 결코 변할 수 없다는 것이 내 자신이 해왔던 교직 경험에서 확고하게 느끼고 실천하고 있는 점이다. 그것은 바로 학생시절은 학생다워야 한다는 점이다. 학생이 학생으로서 모습을 보여주지 않을 때 가장 실망감과 ...+ 더보기",5,2012-12-26
21349978,공부생 노트필기,6045508,몽당연필,"큰아들 흉을 좀 보겠습니다. 옛말에 그러지요? 제 눈에 안경이라고. 제 아무리 밉게 생긴 아이도 어미 눈에는 이쁘게만 보인다고. 정말입니다. 실제로 그렇습니다. 큰아들은 제가 봐도 잘났습니다. 키도 크고 체격도 좋고 피부도 곱습니다. 성격도 서글서글한데다 저와는 반대로 똑똑하고 공간 감각이 뛰어납니다. 저와 닮은 점이라면 책을 좋아한다는 거. 이만하면 만점이다 싶은데요. 단 하나, 아쉬운 게 있습니다. 이 녀석이 아직 공부에 흥미를 못 느끼고 있습니다. 새해엔 중학생이 되는데 이거 정말 큰일입니다. 느긋하게 있다가 초등 6년을 그냥...+ 더보기",4,2012-12-30
19333373,왜 일본에 사무라이가 등장했을까?,6341050,gazahbs,"우리와는 '가깝고도 먼 나라' 일본을 떠올리면 우리나라 역사에서 아픔을 떠올릴수 밖에 없다. 게다가 여전히 문제가 되고 있는 독도와 야스쿠니 신사 참배. 불과 며칠 전에도 일본 총리를 비롯한 국회의원들 100여 명이 야스쿠니 신사를 참배해서 우리나라와 다시 한번 냉랭한 기운을 자아내고 있으니 말이다. 
 

'일본의 사무라이에 대해서 알아야 할 이유가 있을까?'하는 반문을 할 수도 있겠지만 적어도 일본이라는 나라에 대해서는 알 필요가 있고, 현재 일본에 남아 있는 '천황'에 관련해도 분명 ...+ 더보기",5,2013-04-30
19333373,왜 일본에 사무라이가 등장했을까?,5888989,도토리,"책의 뒷면을 봤더니 ""법정에서 펼쳐지는 교과서 속 역사 이야기""라는 
소제목이 눈에 뜨였습니다.
기존의 역사서들과 달리 역사 속 라이벌들이 각자의 억울함을 하소연
하며 자신의 상대에게 재판을 신청하며 변호사들과 증인들이 각자의 
의견을 이야기하는데 그 이야기를 듣다보면 나도 모르게 세계사 지식이 
쑥쑥 늘어나는 것 같은 매력이 이 시리즈의 가장 큰 매력이 아닐까 
합니다. 
 
고시라카 천황과 미나모토 요리토모 장군이 법정에 서서 일본 사무라이
문화를 이야기하는 이번 이야기는 유럽이나 중국 중심의 세계사와는...+ 더보기",5,2012-10-03
19333373,왜 일본에 사무라이가 등장했을까?,5877544,찌니찌니,"역사공화국 세계사법정 23
왜 일본에 사무라이가 등장했을까?
나행주 글 / 조환철 그림
(주)자음과 모음 펴냄
 
한국사 법정으로 한국사의 다른 시각을 보게 되니...
한국사가 이렇게도 해석이 되는구나를 알게되었답니다.
역사라는 것이 사실적인 기반이 있지만 어떻게 해석하느냐
누가 해석하느냐에 따라서 참 많이 틀려집니다.
그래서 아이들은 한참 생각이 클때 어떻게 받아들이느냐에 따라
자신의 생각을 정립하는데 도움을 받곤 하지요.
 
그런데 한국사법정은 그런 아이들에게 양면의 모습을...+ 더보기",5,2012-09-25
19333373,왜 일본에 사무라이가 등장했을까?,5900190,영윤맘,"우리나라와 가까운 나라 일본 ...
우리나라와 가깝고도 먼나라가 일본이 아닌가싶다.
요즘 독도 문제로 민감해져있는 일본에 대해  내가 알고 있는 지식이 전무했기에
일본이라는 역사가 궁금해졌다.
조선시대 일본인들의 침략과 일제강점기시대를 거치면서 일본은 우리나라와 역사적으로도 
많은 연관이 있다.
  

 
 
왜 일본에 사무라이가 등장했을까?
일본의 역사에 대해 많이 접하지 못한 나로서는 우선은 책제목이 
궁금증을 자아내게 하였다.
원고 고시라카와천왕과 피고 미나모토요...+ 더보기",5,2012-10-10
19333373,왜 일본에 사무라이가 등장했을까?,5884886,바보대원,"제목으로 파악할 수 있는 이 책의 주제는 '사무라이'다. 왠지 낯선 단어다. 대체 '사무라이'란 무엇일까? 북면 무사 - 사무라이는 한자로 侍라 써 '귀인을 모시다, 시중들다'는 의미인 사부라후 라는 말의 명사형입니다. 즉 '모시고 시중드는 사람'이라 할 수 있지요. '무사'는 원래 '무예로 조정에 봉사하는 무관'을 말했으나, 나중에는 사무라이와 무사가 같은 의미로 사용되었지요.(77~78p) 북면 무사 - 사무라이인 이상 주인을 위해 목숨 바쳐 끝까지 충성하는 것이 마땅한 도리지요.(79p) ...+ 더보기",3,2012-09-30
393701588,있는 그대로 파라과이,17314968,토끼와엄마뱀,"#있는그대로파라과이 #이민호#초록비주니어@greenrain_1318 있는 그대로 파라과이이민호이 나라에도 민주화의 바람이 불었고, 마침내 문민정부가 평화적으로 정권을 이양받았다. 파라과이는 우리나라와 비슷한 역사적 상처를 간직한 나라이다. 그래서 이 책을 읽는 동안 파라과이 사람들의 삶과 정체성을 보다 쉽게 이해할 수 있었다.우리나라 제주도를 흔히 ‘삼다도’라고 부른다. 바람, 돌, 그리고 여자가 많다는 의미이다. 파라과이에도 이와 비슷한 표현인 ‘무헤르 파라과야(Mujer Paraguaya)’가 있다. 약 160년 전 파라과이 남...+ 더보기",5,2026-06-03
96340462,너는 사람들을 도와주며 살고 싶니? : 사회복지학,8967374,이쁜엄마,"우리 가족에게 있어서 지난 달 11월 17일은 막둥이가 
대학 입학을 준비하기 위하여 수능시험을  치른 날이기 때문에 기억에 오래 남을 만한 날이다. 모두가 그렇지만 그 시험을 준비하기 위하여 잠을 
제대로 잘 수가 없었고, 가족간의 여행은 생각하지 못하고 공부를 하며 시험을 준비했다.그렇게  어렵게 공부를 하기도 했지만 더욱 더 신경이 
쓰이는 일은 미래를 설계하면서 어떤 과로 진학하고 어떤 일을 해야할지 고민을 했던 지난 날이 아닐까 생각한다. 
 
 과거에는 대학 진학을 준비하려면 나의 
생각과 적성을 생각하기보다는...+ 더보기",5,2016-12-11
96340462,너는 사람들을 도와주며 살고 싶니? : 사회복지학,8964045,밍기뉴,"주니어 대학 14너는 사람들을 도와주며 살고 싶니?[주니어 대학]은 청소년들이 이해하기 쉽게 풀어 낸 인문학 입문서 시리즈로학문의 본질을 이해하기 쉽게 여러 사례와 핵심 명제를 통해 풀어 써서제대로 논지를 파악할 수 있고 모호하기만 했던 진로도 탐구할 수 있게 해주며청소년 뿐만 아니라 어른이 보기에도 괜찮은 인문학 입문서라 생각됩니다.[주니어 대학 14 너는 사람들을 도와주며 살고 싶니?]는 사회 복지학을 다룹니다.  1부 더불어 사는 세상을 만드는 학문, 사회 복지학에서는 GD...+ 더보기",5,2016-12-10
2413341,다른 별에서 온 마녀,2546528,성지인,"'이 이야기는 아주 오래전 먼 우주의 이야기 - 어쩌면 우리 인류의 아주
오래전 이야기일지도 모른다' 라고 시작되는 우주 이야기.

책 이야기에 앞서 얼마전 와이프와 나누었던 짤막한 이야기 한 토막. 
왜 일부 유럽의 인문학자들은 인류가 계속 진보할 거라 생각하는가에 대한 
부정확하고 자의적인 기억에 의존한 이야기. 
'그들은 그렇게 생각할 수 밖에 없는 것 같아. 프랑스같은 환경에서 살면
미래는 점점 더 나아질 거라고 생각할 수 밖에 없겠지. 그들은 무엇이든 
그들의 힘으로 스스로 얻어낸 거 잖아. 그들의 영토, 언...+ 더보기",5,2009-01-23
2413341,다른 별에서 온 마녀,4043802,수산,"3.4

SF보다는 판타지에 가까운 것 같습니다. 1970년에 발표한 것이라고 하니 꽤 오래 되었네요. 조심스러운 접근-스타트랙에서도 같은 방식으로 접근합니다. 아마 비슷한 것에서 영향을 받았던 게 아닐까 싶네요-을 하는 선진 문명권의 다른 세계 조사선이 어떤 행성에 도착합니다. 안드레시아라고 명명된 곳입니다. 착륙선이 내려가 조사를 하기로 하는데 조사대장의 딸인 일래너는 규정을 어기고 몰래 탑승하여 같이 착륙합니다. 돌려보내려는 순간 누군가가 접근을 하여 착륙선을 급히 보내야 했고, 착륙선의 출발광경을 들키지 않기 위하여 요원...+ 더보기",3,2010-08-24
1699245,김소월의 진달래꽃,4620565,산여울,진달래 꽃 연분홍 색감이 곳곳에 묻어나는 이봄에 어울리는 시집이다. 김소월 좋아요!,5,2011-03-11
1699245,김소월의 진달래꽃,4620602,산여울,"금년1월 나는 시집 1000권 읽기에 도전한다고 다짐했다. 감성을 키우고 시작과 나의 사진과 시를 모아 한권의 책을 내기 위한 준비이다. 10년동안 준비 해 왔다. 제일 먼저 소월시집 진달래꽃과 시집 4권을 주문했다.  
어릴적 애송하던 소월시를 다시보니 너무 반가웠다. 우선 표지도 잘 만들어 지고 책갈피 사이 사이에는 연분홍 진달래 색으로 삽화를 곁들이고 학생들의 논술실력향상을 돕는 해설도 좋았다. 곁에두고 반복해서 읽을 예정이다.^^",5,2011-03-11
250478188,"기생충과 가족, 핵가족의 붕괴에 대한 유쾌한 묵시록",12049834,갑술이,일단 핵가족에서 탈출하겠습니다.,5,2020-10-06
250478188,"기생충과 가족, 핵가족의 붕괴에 대한 유쾌한 묵시록",13047708,가명,"문장 발췌 ""내가 사는 건 세상과 연결되어서 사는 겁니다 연결되었다고 느끼는 만큼이 내 존재감입니다. "" ""최고로 취약한 고리가 가족, 부모 자식의 애착관계거든요... 오직 사유재산의 증식(소비) 말고는 가족간의 공유사항이 없다는 거,,,"" ""그러니까 지금 사람들을 움직이는 건 단번에 도약하는 거지요. 차근차근 버는 거, 이런게 아닙니다.성실한 노력? 이런 건 진짜 시시한 거죠... 청년들은 아주 이해가 될 걸요?"" ps. 가상자산으로 1억 넘게 벌었다고 의뢰인이 찾아왔다. 아직 앳된 외모. 이런...+ 더보기",3,2021-10-27
110207090,"맛깔스럽게, 도시락부",9411362,줄리엣지,"나의 학창시절 내내 아침마다 엄마가 준비해주던 도시락이 생각나는 책을 만났다.[맛깔스럽게 도시락 부] 점심시간이 다 되기도 전에 도시락을 까먹고 점심시간에는 매점으로 향했던 때도 있었고, 삼삼오오 맘이 드는 아이들과 함께 점심을 먹고, 다툼이라도 있어서 삐지면 함께 점심을 먹지 않았던 학창시절의 점심시간을 고스란히 추억으로 소환해준 책이다.     책속의 5명의 아이들에게 도시락은 어떠한 의미일까. 단순히 배고픈 한 끼를 해결하는 점심식사가 아닌 각자의 마음속의 허기짐을 함께 채워줄 수 있는 그러한 공감의 도시락...+ 더보기",5,2017-06-22
110207090,"맛깔스럽게, 도시락부",9411253,중동이,"범유진 작가의 청소년소설 『맛깔스럽게, 도시락부』은 책 제목처럼 참 맛깔 나는 소설이다. 소설을 읽으며 자연스레 학창시절의 도시락이 떠오른다. 요즘이야 급식을 해서 도시락을 싸지 않지만, 당시엔 도시락을 싸야만 하던 시절이었다. 밥을 꽉꽉 눌러 담은 노란 양은 도시락 하나면 행복하던 시절. 도시락 반찬이 뭐든 서로 주눅 들지 않던 시절이었다.     학창시절을 떠올리면 도시락과 얽힌 몇몇 추억들이 잊혀지지 않는다. 그 가운데 한 가지는 한 친구가 싸왔던 황새기젓갈이다. 국물이 흐르지 않을 그런 용기도 아닌, 작은 양은 도시...+ 더보기",5,2017-06-22
110207090,"맛깔스럽게, 도시락부",12042830,헤스티아,"책 표지만 보고 빌려왔는데 청소년 소설인줄은 몰랐다.청소년 소설이라고 청소년만 보는 법은 없다. 읽고나면 오히려 생각이 많아지는 책들이 많아서 가끔 청소년 소설을 읽는다.  한 고등학교에 이상한 동아리가 있다바로 ""도시락 연구부"" 5명의 학생이 이 동아리의 부원인데 개성 강한 아이들이다. 각자 사연이 있고 어쩌다보니 '도시락부' 가 만들어진것인데...한명 한명의 이야기를 읽다보면 다섯 친구를 응원하게 된다. 도시락부의 시작부터 지금까지의 순서 역시 읽다보면 알게 된다 ...+ 더보기",4,2020-10-03
110207090,"맛깔스럽게, 도시락부",9409201,오즐,"가슴 한 켠이 물에 젖은 스폰지마냥 촉촉해집니다.슬픈 감정은 아닌데, 그냥 먹먹해지는 느낌... <맛깔스럽게, 도시락부>는 고등학생 다섯 명이 서로 우연한 기회에 만나, 학교 정자에서 도시락을 나눠먹는 이야기입니다.남들 보기엔 그냥 아이들끼리 모여서 점심 도시락을 먹는 게 전부지만, 엄연히 '도시락 연구부'(도시락부)라는 명칭의 동아리 활동이라는 것.어려운 가정형편 때문에 어쩔 수 없이 도시락을 싸게 된 신입생 윤모아. 오빠의 죽음으로 1년을 쉬고 윤모아와 1학년 같은 반이 된 최수빈.아이돌 그룹 멤버이자 무용가...+ 더보기",5,2017-06-21
110207090,"맛깔스럽게, 도시락부",9400113,카프카카,"맛깔스럽게, 도시락부 도시락을 싸는 방법이 등장할 것 같은 소설책이라 더욱 더 관심갖게 되는 소설이지요.이 책 속에는 여섯 주인공들이 등장하면서 맛깔스럽게 성장기를 보여주고 있답니다.지금 중학교, 고등학교 학생들에게는 도시락이라는 말이 약간 낫설꺼라 생각되는데요.예전에는 급식을 실시하지 않았기에 당연 학생이라면 도시락을 지참하게 되었지요.도시락에 대한 추억 거리들 가득하답니다. 행복했던 순간들, 벌써 입가에 미소가 가득하게 되지요.청소년기에 진학에 대한 부담감으로 행복한 시간을 갖기에 너무나 여유가 없지만, 도시락...+ 더보기",5,2017-06-16
110207090,"맛깔스럽게, 도시락부",9393902,orchider,"맛깔스럽게 도시락부
 
참 재미있는 소재로 경쾌하게 이야기가 전개되는것 같다. 최근 몇년동안 청소년 성장소설류를 즐겨 보고 있는데 이책도 가벼운듯하면서도 청소년의 
이야기를 잘 그려낸것 같다. 내가 청소년 성장소설들을 즐겨보게된 가장 큰이유가 내용이 어렵지않다는데 있다. 책을 읽어도 머리 아프게 복잡하지 
않으면서도 그속에 담고 있는 세상의 깊이는 어느 일반소설에 뒤지지않게 깊이를 느낄수 있다. 우리 청소년들이 그만큼 세상의 삶속에 살아가는것도 
만만치 않게 살아가고 있다는 증거일수도 있겠다. 게다가 우리 아이들이...+ 더보기",5,2017-06-13
110207090,"맛깔스럽게, 도시락부",9414160,gumbeng,"도시락.몇 십 년 전만 해도 모든 학생들의 필수품이었지만, 지금은 편의점에서나 볼 수 있는가깝다면 가깝고 멀다면 멀게 느껴지는 단어입니다.혹은 즐거운 소풍날 유일하게 도시락을 싸가니,나름 친근한 이미지라고 봐도 될까요?어쨌거나, 도시락도 흔치 않은 요즘 세상에학교에서 (급식이 아닌) 도시락을 나눠먹는 동아리라니,설정부터가 약간 호기심이 생기긴 합니다.  여섯 명의 고등학생들이 각자 자기의 관점에서 이야기를 펼쳐 나가는데요.제일 첫 장은 급식 지원에서 탈락한 윤모아의 도시락 이야기부터 시작됩니다. 폐지 주워 생활비를 근근이 ...+ 더보기",5,2017-06-23
110207090,"맛깔스럽게, 도시락부",9416015,현명한유키,"요즘엔 아이보다도 더 청소년 소설에 빠져들게 됩니다. 유치하다기 보단 소재도 참신하고 전하고자 하는 메세지도 좋아 즐겨 읽게 되었답니다. Sallim YA Novels는 10대를 위해 마련한 YA(Young Adult) 독자를 위한 살림 Friends의 소설 시리즈입니다. <기필코 서바이벌>도 너무 재미있게 읽었기에 같은 시리즈인 <맛깔스러운 도시락부> 또한 기대가 컸더랍니다.처음 표지그림과 제목만으로 일본 소설인가 싶었는데, 범유진 이란 우리 나라 이름이 있어 우리만의 이미지로 내용을 유추하게 되었...+ 더보기",5,2017-06-24
110207090,"맛깔스럽게, 도시락부",11908997,풀꽃선생,"학교에서 교육복지 업무를 맡고 있지만 올해는 코로나 때문에 선생님들이 학생들을 데리고 나가서 문화체험을 하는 활동을 전혀 못 하고 있다. 원격수업으로 집에서 공부하는 시간이 늘다 보니 부모나 형제들과 갈등이 생겨 힘들다는 이야기를 듣고 ‘맛있는 꾸러미, 가족화합 프로그램’을 만들어 보았다. 동네 피자 샐러드 이용권과 마스크, 음식 관련 책, 담임 선생님의 손편지, 가족과의 대화시간을 찍은 사진이나 활동 소감을 적는 간단한 과제지 등을 우체국 택배상자에 넣어 학생들 집에 보내는 것이다. 가족과의 대화가 필요한 스물세...+ 더보기",4,2020-08-08
110207090,"맛깔스럽게, 도시락부",9404691,활기차게요,"맛깔스럽게, 도시락부​무언가 맛있는 점신시간이 기다려질 책인거 같습니다.도시락 생각하면 학창시절,  혹은 요즘 사무실에서도 도시락을 많이 먹는답니다.반찬 가지수는 몇 가지 않되지만, 그래도 옹기종기 모여서 먹는 시간이 기다려질것입니다.​차례를 보면,말 그대로 도시락의 다양한 모습이 나온답니다.그 속에서 일어나는 일들이 어떻게 풀어질지~​  시청에서  급식 지원에서 떨어졌다는 연락.하필 구성원 중 스무살 성인이 있다는 이유였습니다.아마 이런 이유로 떨어진 경우가  정말...+ 더보기",5,2017-06-19
110207090,"맛깔스럽게, 도시락부",9407203,hwang720908,"제목 : 맛깔스럽게, 도시락부 지은이:저자 범유진은 전남 장성에서 태어나 동국대학교 문예창작학과를 졸업하고 이화여대 대학원 문헌정보학과를 수료했다. 2012년 창비어린이 신인문학상에 단편 청소년소설 「왕따나무」가 당선되어 본격적인 작품 활동을 시작했다. 이곳저곳 기웃거리며 글을 쓰는 것을 좋아하는 범유진 작가는 자신의 학창 시절 경험을 바탕으로 첫 장편 청소년소설 『맛깔스럽게, 도시락부』를 내놓았다. 그리고 이 작품을 통해 청소년 독자들이 더 ‘맛깔나는’ 학창 시절을 보냈으면 좋겠다고 한다. 출처:인터넷교보문고내용:이 이야...+ 더보기",5,2017-06-20
110207090,"맛깔스럽게, 도시락부",9415187,후니화니,맛깔럽게 도시락부 맛있는 도시락 이야기가 궁금해지네요점심시간도시락으로 중심의  여러명의아이들의 이야기가 펼쳐지네요.가정형편이 어려운 윤모아오빠의죽음으로1년쉬고 온 최수빈무용가가꿈인 강보라요리사가꿈이 도시락부 부장 민태준컴퓨터천재 수빈이남자친구 이신기도시락부  친구들 이야기...각각의 부원들에겐 다 의미가 잇고 사연이 있는 도시락지금은 급식시대지만 저 어릴때만해도 도시락을 싸서친구들과 옹기종기 모여앉아서 먹었던 기억이잇네요~도시락부 이야기가 왠지 추억에 젖게 만들기도 하고 .친구의소중함도 느끼게해주는 책이었네요..,5,2017-06-24
110207090,"맛깔스럽게, 도시락부",11878861,혜윰,이 글에는 스포일러가 포함되어 있습니다. 보시겠습니까?회색 영역을 클릭하면 내용을 확인할 수 있습니다.,4,2020-07-26
93255761,요리사,8846692,Michelle,"'꿈결 잡 시리즈'는 현재 간호사, 치과의사, 외교관 &국제기구 종사자, 의사, 그리고 이번에 내가 읽은 요리사가 있다. 자유 학기제를 준비하는 이들을 위한 추천 도서로서 우리 아이들이 미리 직업 현장을 탐사할 수 있는 좋은 책이다. 내가 어렸을 땐 세상에 어떤 직업이 있는지, 무엇을 하는지, 어떻게 그 직업을 가질  있는지에 대해 아는 바가 없었다. 어렴풋이 손안에 몇 개 정도 아는 직업이 다였다. 그래서 이담에 커서 무엇이 될래?라고 물어 볼 때면 나는 내가 아는 그 pool 안의 직업들 중 아무거나 골랐다. 막...+ 더보기",5,2016-10-20
93255761,요리사,8899661,통통한볼,"꿈결잡시리즈JOB COOK 



요리사
 

 
 
 
요리사, 요리 학교 학생, 직업 전문가가 
들려주는 요리사의 모든 것.
 
 

이 책은 우리 작은 녀석이 요리를 좋아하고 요리사에 관심이 많아서 엄마인 제가 먼저 읽고
아이랑 같이 이야기 하고 싶어서 만나보고 싶었어요.

요리사 주변에 많이 있지만 자세한 직업에 대한 진로 계획은 엄마인 저도 잘 모르잖아요.
 
 
그래서 요리 좋아하는 우리 녀석에게 요리사의 꿈을 키우고 있는 많이 분들에 대해서
알려주면 좋겠다는 생각이 들더라구요....+ 더보기",4,2016-11-12
93255761,요리사,8862915,장소민,"꿈결잡시리즈 요리사작가 주우미,고정민출판 꿈결다양한 요리관련 프로그램이 넘쳐나서일까요? 요리에 관한 관심이 매우 핫한 요즈음이예요.맛집을 찾아 떠나는 여행, 요리 만드는 오디션, 음식에 관해 이야기 나누는 프로그램, 누가 더 맛있게 요리하는지누가 더 맛있게 먹는지, 사람들은 먹고 즐기는 문화에 관심을 기울이고 즐기고 있어요.먹고 살자고 하는 일이다 라는 말이 있어요. 먹는 즐거움은 우리 삶에 큰 영향을 주죠. 이런 즐거움을 즐기기 위해서 맛있는 음식이 필요하죠. 맛있는 음식을 만들어주는 요리사. 요즘 요리사에 ...+ 더보기",5,2016-10-27
93255761,요리사,8848578,scully427,"JOB 요리사작가.주우미, 고정민-꿈결-    요리사에 대한 모든 것을 담은 책입니다.요즘 아이들 진로찾기에 엄마들이 많은 관심이 있는데 이 책은 아이들이 요즘가장 관심을 가지고 있는 요리사 셰프에 대한 정보나 이야기를 담은 책입니다   차례를 보면 다양한 분야의 요리사에 대해서 실려있습니다.중식, 이탈리안, 일식, 푸드스타일리스트까지...꽤 다양한 분야가 들어있고 특별한 인터뷰인 김소희 셰프에 대한 내용도 꽤 많이 들어있습니다.​    내용이나 글은 초등학년부...+ 더보기",5,2016-10-21
93255761,요리사,8847186,깐도리,"꿈결
 잡 시리즈의 특징은 우리에게 주어진 직업에 대해서 다양한 지식과 정보를 제공하고 있으며, 청소년이라면 궁금해 하는 것들,그 
직업을 자신의 평생 직업으로 가지기 위해서 어떤 노력이 필요한지, 그 직업과 관련한 전공이나 현업에서 열심히 일하고 있는 사람들의
 이야기 속에서 이 직업이 가지는 장점과 단점에 대해서 말하고 있다.

이 책은 꿈결시리즈 중에서 요리사라는 직업에 대해 다루고 있다. 실제 요리사라는 직업의 특성상 다양하게 분업화 되어 있으며, 크게
 한식,중식, 일식,이태리 요리로 나뉘고 있다. 하지만 실제로...+ 더보기",5,2016-10-20
93255761,요리사,8862585,꿀호떡,"꿈결의 잡시리즈 요리사편이에요.
요리사에의 꿈을 가진 우리 청소년들이 읽어보면 유익한 내용들로 가득하네요.
세 파트로 나누어 요리학교 선배가 들려주는 이야기,
현직 요리사가 들려주는 요리사 이야기,
직업 전문가가 들려주는 요리사 이야기 요렇게 구성되어 있어요.
요리학교에 다니고 있는 선배가 자신의 경험담을 통해
친구들에게 꿈과 용기를 전해주고 있네요.
자신이 진정으로 원하는 목표를 설정하고 나니
다른길은 보이지 않았다는 최종현님의 이야기를 들으며
우리아이들 모두...+ 더보기",5,2016-10-27
93255761,요리사,8843611,유미건우맘,"요리사, 요리사를 말하다!
 
중학교 1학년 2학기를 보내고 있는 딸 아이의 꿈은 웹툰작가이다. 이 외에도 디자이너라는 꿈도 함께 꾸고있다. 그런 딸 아이가 어느날 
나에게 다가와 말을 했다.  ""엄마 난 웹툰작가도 되고싶은데 요리사도 되고싶어""  딸 아이의 꿈과는 너무나 
동떨어진 이야기라 뜬금없다 싶었지만 이내 예전의 기억이 떠올랐다. 초등학교 저학년일때 나에게 다가와 요리사가 되고 싶다며 부엌에 서있는 내옆에 
딱 붙어 뭐라도 시켜달라 졸랐다. 난 나중에 커서 하면 되는데 ...+ 더보기",5,2016-10-19
93255761,요리사,8840231,윤서유준맘,"""꿈결 잡 시리즈 - 요리사""
 
요리하는 것을 좋아하고 먹는 건 더 좋아하는 아이라..
하고 싶은 꿈 중에 요리사가 포함되어 있네요...
 
여러 편의 꿈결 잡 시리즈 중에 <요리사>편을 제일 좋아하고 
책을 읽기 시작해서 한번에 쉬지 않고 읽었습니다..
너무 재미있다고 무척 행복해 하며 책을 보았네요...
 

 
단순히 요리사를 설명만 하는 책이 아니라..
 
1. 요리학교 선배가 들려주는 요리사 이야기
2. 현직 요리사가 들려주...+ 더보기",5,2016-10-18
93255761,요리사,8837172,ajg1d1h,언제부터인가 티비만 틀면 음식이야기가 나오잖아요. 예능 트렌드가 '음식'이라고 할 수 있을만큼 다양한 푸드예능이 인기 속에 방송중이고  각 방송사는 다른 프로그램과 차별화 되는 푸드예능을 만들기 위해 한다하는 스타쉐프들을 섭외하는데 주력하고 ...이른바 먹방 홍수의 시대에 살고있는거죠. 이러한 미디어의 영향때문인지 주변에서도  '요리사'를 꿈꾸는 아이들이 많아졌어요.  중학교 1학년인 큰아이의 자유학기제 프로그램을 보니 가장 인기있고 수강 경쟁률이 센 프로그램이 바로 '요리'프로그램이더라구요. 장래 요리사를 꿈꾸는 수많은 아이들의 ...+ 더보기,5,2016-10-16
93255761,요리사,8855393,hohotree,"꿈결 잡 시리즈 - 요리사의 모든 
것 
 
 
요즘은 
방송에서 셰프를 자주 볼수 있어서, 방송하는 셰프를 두고
셰프테이너라는 
말까지 생겨났다. 
연예인 못지 
않은 인기를 몰고 다니고, 그 셰프가 하는 식당에 가서 
음식을 먹고 
하는것을 굉장히 큰 일이라 여긴다.
 
아마도 
생활수준이 높아지면서 좀 더 고급스러운 것을 찾아가는건 어찌보면 당연한 일이다.
암튼, 지방에 
사는 나도, 서울에 가면, 유명한 셰프의 식당에가서 밥을 먹어보고 싶어
가족들이랑 
찾아...+ 더보기",5,2016-10-24
280068866,독해지능,13042132,jnc4ever,"반니에서 출간된 국어의 시작 독해지능 입니다.아이들이 초등학생 때부터 교과 관련 독해에서 문학/ 비문학 독해를 거치며반복되는 단계별 독해학습을 하는 이유는 결국 수능의 언어영억 때문이 아닐까 싶어요.수능에서 다루고 있는 국어 지문은 일반적인 지문이 아닌 깊이고 있고 심화된, 수준이 높은 글이기에 지문을 읽고 의미를 파악하며 문제를 풀어 나가기까지 연습이 필요하답니다.​저희 아이들은 밥을 먹을 때나 잠깐의 틈이 날 때면 항상 책을 들고 있을 정도로책에 흠뻑 빠져 지낸답니다.잠깐 읽은 글의 내용도 줄줄 외우기에 당연히 독해...+ 더보기",5,2021-10-25
280068866,독해지능,13055683,김서영,"수능에서 국어, 독해의 비중이 올라가게되면서 꽤나 골치 아파하는 학생들과 학부모님들을 많이 만났었어요.

다행히 저희 아이 세대 때는 독서의 중요성이 일반화되면서

아주 어렸을 때부터 다독과 정독에 대한 노력이 당연시 되기도 했어요.

 

그런데 아이가 자라면서, 특히 초등 고학년으로 올라가면서

다독과 정독만으로는 채워지지 않는 것들이 분명 존재했어요.

 

그래서인지 아이들을 키우는 부모들뿐 아니라 성인들 사이에서도 요즘 문해력에 대한 관심이 폭증하고 있지요.



반...+ 더보기",5,2021-10-30
280068866,독해지능,13038294,브라이트,"요즘 흔한말로 수학이 의대를 보내고 국어가 인서울 의대를 보낸다는 말을 종종한다.​불수능하고 나올때마다 국어에서 승패가 결정나서 인지시중 서점에가면 다양한 국어문제집을 흔히 접할수 있다.​나역시 점점 커가는 아이들의 입시를 간과할수 없는 학부모 입장이여서항시 눈이 가고 문제집도 풀려보고 책도 읽으라고 하면서 아이를 키우고 있는 상황이다.문제는 과연 이게 맞는가 하는 의구심이 계속 들었다.왜냐면, 이렇게 하면 수능 시험 국어문제를 풀수 있울까? 하는 생각이 머릿속에서 지워지지 않았기 때문이다.​20년도 전에 수능을 본 나는, 국어를 ...+ 더보기",5,2021-10-23
280068866,독해지능,13042177,녹차향기,"[수능 1등급을 원한다면 독해지능을 키워야 한다!]​독서능력언어지능문해력..도 아닌 독해지능 독해지능을 키워야 수능 1등급... 으로 갈수 있다니^^​​​책에서 정의한 [독해지능]은 단순 독해 능력을 뛰어넘어 글을 읽을 때 필요한 순발력과 유추 능력, 사고력까지 합쳐져 나타나는 고도의 문해능력이다.​책은 독해지능에 대해 정의하고독해지능의 현황에 대해 이야기 하고독해지능을 높이기 위한 방향을 제시 하고 있는 아주 탄탄한 구조를 가진잘 쓰여진 예시 글 같았다^^.​글을 내가 읽은 느낌으로만 간직하는게 아니라잘 읽는 훈련이 필요 하다는 ...+ 더보기",5,2021-10-25
383258960,미래와 싸우는 벤처캐피털리스트,17057994,pinkpcl,"엄마도 잘 모르는 영역, 그래서 같이 읽었어요​솔직히 말하면 벤처캐피털리스트라는 직업은엄마인 저에게도 꽤 낯선 영역이었어요.이름은 들어봤지만 정확히 어떤 일을 하는지,아이에게 어떻게 설명해야 할지 막막했거든요.​그래서 이번 『미래와 싸우는 벤처캐피털리스트』는아이만을 위한 진로 책이라기보다엄마도 같이 공부해 보자는 마음으로 펼친 책이었어요.마치 토크쇼를 함께 보는 느낌으로“이건 뭐지?” “이런 일도 하는구나” 하면서요.돈 이야기인데, 사람이 먼저 보여요​이 책을 읽기 전에는벤처캐피털리스트 하면‘돈을 투자하는 사람’이라는 이미지가 가장...+ 더보기",5,2026-01-30
383258960,미래와 싸우는 벤처캐피털리스트,17039639,문덕이,"📍도서명 :
미래와
싸우는 벤처캐피털리스트  

📍저자 :
유인철

📍출판사 :
토크쇼 

📍장르 :
청소년

아직 증명되지 않은 아이디어에, 실패할 확률이 더 높은 스타트업에, 그럼에도 세상을 바꿀 수 있다는 가능성 하나만 보고 투자하는

사람들의 일이 벤처캐피털리스트입니다 

아직 오지 않은 미래를 믿어주는 숭고한 기다림

현장에서 길어 올린 치열한 기록들을 통해, 돈의 흐름 뒤에 숨겨진 사람의 열정과 신념을 이책에 고스란히 남겨 두었습니다 

현장에서 겪은 수많은 실패와 좌...+ 더보기",5,2026-01-23
383258960,미래와 싸우는 벤처캐피털리스트,17053789,leeyoujin486-1,"도서협찬청소년들의 진로와 직업 탐색을 위한 잡프러포즈 시리즈 3번째 책 <미래와 싸우는 벤처캐피털리스트> 책이 출간되었다.미래 가능성을 먼저 알아보고, 위험을 감수하며, 미래에 과감히 투자하는 직업인 벤처캐피털리스트라는 직업은 어떤 직업이고, 무슨 일을 하는 것인지 알아보자.🔖벤처캐피털은 유망한 산업 분야에서 성공할 만한 벤처기업을 잘 선별하여 성장시켜서 그 과실을 얻는 모험적인 농사꾼입니다.p.53🔖벤처캐피털리스트는 기업의 미래를 사는 직업이죠. 기업의 확정되지 않은 미래, 잠재 가치를 사는 금융가입니다.p.62벤처...+ 더보기",5,2026-01-28
358521280,요즘 청소년을 위한 수학의 결정적 순간,16286906,인디캣,"* 출판사로부터 도서를 제공받았습니다수학은 어려운 공식과 복잡한 계산으로 인식되곤 합니다. 하지만 수학이 단순히 문제를 푸는 기술이 아니라 인류의 역사와 함께 발전해 온 지적 도구라는 사실을 깨닫는다면, 그 흥미로움은 배가될 겁니다.박재용 작가의 <요즘 청소년을 위한 수학의 결정적 순간>은 역사 속에서 수학이 어떤 순간에 혁신을 이루었고, 그것이 어떻게 우리의 삶을 변화시켜왔는지를 알기 쉽게 풀어냅니다. 수학이 어떻게 문명의 발전과 맞물려 있는지 역사적 맥락 속에서 풀어내는 스토리텔링 덕분에 흥미진진하게 읽을 수 있습니다...+ 더보기",5,2025-03-08
358521280,요즘 청소년을 위한 수학의 결정적 순간,16321597,youjuhea,"“수학을 좋아하는 사람 손들어 보세요!!!“하면 몇 명이 손들까요?아마 저희 아이들은 “엄마요!!!”라고 할지도요..하지만 정작 진짜 수학을 좋아하는 사람은 생각보다 많지 않을 수도 있어요.그러나!!!숫자는 좋아하는 사람들이 있을 수도 있다는 사실!!!????????????????생각해 보세요.내 생일도 숫자에요, 크리스마스도 숫자에요.달력에는 내가 좋아하는 날의 숫자들이 정말 많이 있어요.아...시험 점수......그거 빼고?????????     수학을 그냥 숫자로만 보고, 숫자를 그냥 수학으로만 보면재미없고 어려울 수...+ 더보기",5,2025-03-22
358521280,요즘 청소년을 위한 수학의 결정적 순간,16323539,pokari0510,"#도서협찬더나은님(@__thenaeun_n) 💕 서평단에 선정되어 청어람미디어 출판사(@chungaram_media) 💕 로부터 도서를 제공받아 작성한 서평입니다. 📕 요즘 청소년을 위한 수학의 결정적 순간📗 박재용📙 청어람미디어  “수학을 배워서 도대체 어디에 쓰는 거지?”라는 질문은 아마 대부분의 학생들이 한 번쯤은 해봤을 것이다. 수학이 우리 삶과 연결되어 있다는 말은 교과서에서 수없이 들었지만, 막상 실감한 적은 드물다.&nbs...+ 더보기",5,2025-03-23
358521280,요즘 청소년을 위한 수학의 결정적 순간,16354218,이상순,"#요즘청소년을위한수학의결정적순간#수학의결정적순간#도서협찬📚출판사.  청어람미디어✍️글.         박재용무엇을 알아가는 일은 매우 흥미로운 일인 것 같아요!그런데 배움을 좀 더 재미있게 배울 수 있는 방법이 있다면 솔깃하지 않나요?영어단어를 외울 때,<어원>을 통해 익히게 된다면 기억에 오래 남죠!수학도 <개념>을 익힐 때,<역사>를 통해 배우게 된다면 어떨까요?이 책은숫자와 기하학의 탄생부터 현대 수학까지 재미있고 특별한 수학의 세계로 이끌어 줄 책이예요!✅️숫자와 기하학의 탄생✅️수학을 뒤흔...+ 더보기",5,2025-04-03
358521280,요즘 청소년을 위한 수학의 결정적 순간,16316149,유니^^,"<요즘 청소년을 위한 수학의 결정적 순간> #도서협찬 역사와 함께 해 온 수학의 발전!25.3.20(목)♡수학을 멀리해 온 삶이었는데,역사로 보는 수학이라는 문구에 딱! 호기심이 갔다.나도 수학을 이해할 수 있겠다 싶어서 보게 되었습니다.♡박재용 저자의 출판된 책 중에 [괴담으로 과학하기]를 본 적이 있어서 이번 책이 반가웠습니다.♡차례를 살펴보면1장 숫자와 기하학의 탄생.2장 수학을 뒤흔든 결정적 장면3장 현대 문명을 움직이는 수학 개념으로 나누어 졌습니다.이 순서대로 읽다보면 수의 탄생부터 지금, 앞으로의 수학의발전과...+ 더보기",5,2025-03-20
358521280,요즘 청소년을 위한 수학의 결정적 순간,16328535,flypink8543,"우리는 '수학' 하면 재미없고, 어려운 학문이라고 생각합니다. 이런 이유는 수학을 재미보다는 과도한 입시경쟁에서 입시의 등락을 좌우하는 학문이라 생각하기때문입니다. 그저 수학은 단순한 문제풀이의 도구로 전락하게 되었는데요.이 책은 청소년들에게 수학의 역사를 보여줌으로써 인류가 어떻게 수학을 발전시켰는지 생생하게 보여주고 있습니다.고대인들의 수를 세는 방법, 그리스 시대의 기하학, ㅇ이집트 피라미드를 쌓는 방법 등 인류가 생활하기 위해 필수적으로 수학을 발전시킨 역사를 읽을 수 있습니다.다음으로 수학에서 혁명적인 사건인 0의 탄생, ...+ 더보기",5,2025-03-25
358521280,요즘 청소년을 위한 수학의 결정적 순간,16354147,원연,"<수학의 결정적 순간>은 숫자와 기하학의 탄생부터 현대 수학까지, 수학이 인류 문명과 함께 발전해 온 역사를 풀어내는 책이다. 단순한 공식이나 문제 풀이가 아니라, 수학이 실제로 인간의 사고방식과 사회에 어떤 영향을 끼쳤는지를 보여주는 점이 정말 흥미로웠다.​고대 바빌로니아의 60진법부터 시작해, 피타고라스 학파의 무리수 발견, 아랍 세계에서 전파된 십진법과 0의 개념, 그리고 뉴턴과 라이프니츠의 미적분 경쟁까지 다룬다. 그 과정에서 수학이 단순한 숫자 놀이가 아니라 실생활의 필요에서 비롯되었음을 자연스럽게 깨닫게 된다....+ 더보기",5,2025-04-03
358521280,요즘 청소년을 위한 수학의 결정적 순간,16361946,투덜이,"요즘 아이들 수학에 대한 흥미나 관심보다는 성적 위주의 수학 공부를 하다보니 수학을 싫어하는 아이들이 많아졌지요?숫자와 기하학의 탄생부터 현대수학까지 재미있고 특별한 싸게 세계로 함께 가 볼까요우리의 일상은 수의 연속이에요.일상적으로 쓰는 다양한 수와 수학이 어떻게 만들어졌는지 숫자, 수의 체계, 기하, 대수, 로그와 지수 등 어떤 필요와 연구를 통해 인류의 역사에 수학이 함께 했는지 쉽고 재미있게 풀어 나간 이 책은 청소년뿐만 아니라 수학이 관심이 많은 성인들에게도 추천해요.다양한 그래픽과 쉬운 설명으로 초중고등에서 접해야하는 수...+ 더보기",5,2025-04-06
358521280,요즘 청소년을 위한 수학의 결정적 순간,16344187,bookdiaryim,#도서협찬#책추천#역사를바꾼수학이야기#수학의결정적순간#수학#역사#비문학#중등수학#고등수학#수학도서#수학역사#수학사#청소년도서#청소년교양#수학공부#요즘청소년을위한수학의결정적순간#박재용#청어람미디어중학교에 간 아들이 첫 수학시험을 보고 충격을 받았다!초등학교 때 꽤나 공부 잘한다는 소리를 들었고 모범생이었던 아들이라 나 또한 충격이었다.유난히 수학 점수만 낮게 나온 아들과 읽어보고 싶었던 <요즘 청소년을 위한 수학의 결정적 순간>수학 포기하면 안 돼!!!수학의 기초부터 다시 익혀보자~!!!--------------------...+ 더보기,5,2025-03-31
358521280,요즘 청소년을 위한 수학의 결정적 순간,16319215,황금거북이,"역사를 바꾼 수학 이야기“수학은 배워서 도대체 어디에 쓰는 거야?” 중학교 때 수학에 관심이 없던 친구가 한 말인데, <요즘 청소년을 위한 수학의 결정적 순간>은 수학의 역사를 간명하게 들려주어 흥미를 북돋는 책입니다. 수학을 발전시킨 위대한 학자들의 일화와 일러스트, 도표의 내용을 따라가다 보면 어느덧 수학의 발전 과정과 중요성을 습득하게 될 것입니다. 청소년을 위한 책이라지만 성인에게도 충분히 알찬 지식을 제공하는 탄탄한 교양서입니다.내용여는 글: 이 책은 우리가 일상적으로 쓰는 다양한 수와 수학이 어떻게 만들어졌는지...+ 더보기",5,2025-03-21
358521280,요즘 청소년을 위한 수학의 결정적 순간,16324542,리틀디노,#도서협찬로그를 배우면서 왜 이런 어려운걸 배우는지 납득이 안됐었어요이 책을 읽으니 납득이 갔어요 복잡한 계산을 좀더 쉽게하려고 그런 것이었어요수학사연표를 보는데 음 이런 일이 있었군 이러면서 보다가 점점 후대로 넘어오니 알아듣는 말이 적어졌어요 ㅋㅋㅋ수포자로서 왜 수학을 배워야하는지 이 책은 3가지 섹션으로 나누어서 알려줍니다첨엔 집을 짓고 획득물을 마을 사람들과 골고루 나누려고 시작된 수의 개념이 날씨를 예측하고 보험상품을 만들고 전쟁에서 상대국의 암호를 해독하는데 필요해졌어요 거리를 계산해야하는 무기를 만드는 것부터 생활용품을...+ 더보기,5,2025-03-24
83055690,아버지와 아들,8478326,두뽀사리,러시아의 현실을 담은 이반 투르게네프의 소설을 징검다리 클래식으로 만나본다~ 시골 지주인 니콜라이와 그의 아들 아르카디와 친구 허무주의자 바자로프~,5,2016-05-07
83055690,아버지와 아들,8561418,수수,<19세기의 러시아 사회의 갈등이 드러난 문제작> 정말 오랜만에 러시아 문학을 접하는 것 같다. 그것도 투르게네프의 작품 <아버지와 아들>로 말이다. 사실 학창시절에 투르게네프의  작품은 한작품 밖에 읽지 못했기에 중년이 된 지금에서야 그의 대표작인 <아버지와 아들>을 접하는 것이다. <아버지와 아들>의 원래 제목은 <아버지들과 아들들>이었단다. 제목에서도 알 수 있듯이 한 집안의 아버지와 아들이  아닌 당시의 아버지들과 아들들의 모습이 작품속에 드러난...+ 더보기,4,2016-06-14
83055690,아버지와 아들,8518992,ilovebooks,"처음 이 책을 읽었을 때에는 우리나라의 부모들과 다르지 않은 러시아의 부모들에 깜짝 놀랐던 기억이 있다. 그리고 아마도 처음엔 이 책을 
제대로 이해하지 못했던 것 같다. 직업상 본의 아니게 이 책을 1년에서 1년 반에 한 번씩 읽게 되는데 읽을 때마다 새로운 부분, 새로운 생각, 
새로운 느낌이 든다. 아마도 그런 책을 고전이라고 부르는 것이겠지. 
 
책은 한 아버지가 아들을 기다리는 장면에서부터 시작한다. 대학 공부를 하는 동안 멀리 도시에 나가있던 아들. 그 아들이 공부를 마치고 3년 
만에 돌아오는 것이다...+ 더보기",5,2016-05-26
83055690,아버지와 아들,8504324,동화세상,"몇 년 동안 고전 문학을 많이 읽어온 편이었음에도 불구하고 이반 투르게네프의 <<아버지와 아들>>은 실로 처음 접한 
듯 하다. 학창시절에는 비록 읽어본 적이 없지만, 이 고전을 읽으면서 한때 '아들(딸)'이었고 이제는 '아버지(어머니)'가 되어 읽게 된 것이 
오히려 이 고전이 주는 의미가 더욱 크게 다가올 수 있었던 것은 아니었을까, 라는 생각을 해보게 되었다. 자식이었을 때는 부모와의 세대 차이를 
느꼈고, 부모가 되어서는 자식과의 세대 차이를 느끼고 있기 때문이다. 그래서일까, 좋은 작품을, 마음에...+ 더보기",5,2016-05-19
344720093,외꺼풀,16841201,yusilva,"내가 늘 부러워하던 아이에 관한 이야기이다. 그걸 주인공 데브는 알까. 고학력자 부모에, 미국 뉴저지 거주에, 조부모는 강남에 살고. 그래도 아픔이 있다. 미국에서는 소수자 위치에 있기 때문에. 이 책을 읽으면서 한편으로는 마이너 필링스 즉 소수적 감성의 필요성을 느낌. 데브는 힘들었겠지만",3,2025-10-30
344720093,외꺼풀,15847665,소이야,"사춘기 시절 누구나 느끼는 소속되지 못한 느낌, 불안감, 무엇인가를 완벽히 이뤄내야 할것만 같은 압박감에서 오는 완벽주의와 그로 인한 무력감, 허탈감을 잘 표현해 냈다. 주인공의 상처와 마음에 공감할 수 있었다. 그리고 그런 공감대를 형성하게 되며 오히려 내 상처가 치유되는 기분이었다.",5,2024-09-13
344720093,외꺼풀,15884214,igulhayoman2,태어난 곳이 아닌 다른 나라에서 살고 있는 동안 누구나 느낄 수 있는 감정을 주인공을 통해 작가가 너무나도 잘 그렸던 것 같아요. 한국인인가 미국인인가라는 전체성 홀란을 겪은 주인공을 보면서 저도 공감했어요. 작가가 외국에 생활하면서 한 번쯤 누구나 겪을 수 있는 상황을  잘 보여줬어요.,5,2024-09-28
344720093,외꺼풀,15862963,1ndependence,성장통을 겪어본 사람이라면 누구나 공감할만한 이야기. 내밀한 감정까지 그림과 글로 잘 표현해냈다. 비슷한 시기의 학생들이 읽는다면 많은 공감과 위로가 될 것이라고 생각한다. 또한 성장시기를 지난 어른이 읽어도 과거를 추억할 수 있어서 좋았다. 자신과 화해하고싶은 이들에게 추천한다.,5,2024-09-20
344720093,외꺼풀,15862527,helena-1010,"청소년기에 누구나 할법한 고민들의 해결 방법을 찾아주기보다 옆에서 같이 고민하여 공감을 이끌어낸다. 친구들 그리고 가족과의 불화, 나의 장래,  사회적 차별 등등을 이겨냈다기보다 버텨내는 과정을 담은 책.출판사에서 제공받은 도서입니다.",4,2024-09-20
344720093,외꺼풀,15886945,머털도사,어떤 세상에서 철저하게 타자로 산다는 것은 어떤 느낌일까? 다른 나라에서 이방인으로 사는 사람들이 많다. 전세계가 일일 생활권이 되고 유학이나 이주 노동이 빈번해지면서 많은 사람들이 고향을 떠나 타국으로 간다. 우리 주변에서도 많은 외국인들을 심심치 않게 볼 수 있다. 한국인들도 마찬가지로 다른 나라로 떠난다. 미국을 비롯하여 전세계 곳곳에 한인 디아스포라가 있다.      그런데 낯선 환경에 놓인 그들의 삶이 어떨지 쉽사리 상상되지는 않는다. 오히려 한국에서는 그들에 대해 부정적인 시선을 가지고 있기도 하다. 특히 남성의...+ 더보기,5,2024-09-29
344720093,외꺼풀,15846480,방랑자,신예작가 데브 JJ리의 작품이다. 그리고 내용은 주인공이   오케스트라와 그림 작품으로 활동하며   사회에서 일어나는 불평등과 사회적 편견 차별 등을 극복하는 일종의 사회적 통찰이자 극복하는 게 주요 내용이다. 계속된 사회적 모순 상황에 닥쳐요 하고 상황을 도피하거나 헤쳐 나가는 주인공은 우리 사회의 많은 부분 많은 사람으로서의 지분을 차지하는게 아닌가 생각이 든다. 이 서평은 출판사로부터 도서를 제공받아 작성되었습니다.,5,2024-09-13
344720093,외꺼풀,15886819,길버트,"문제를 큰 문제 작은 문제로 나누는 건 작은 문제를 없는 문제로 만들기 위해서다. 각자에게는 자신만의 문제가 있고 사춘기에는 그 문제에 대한 반응의 진폭이 매우 크다. 어른들은 성장기의 문제들을 쉽게 작은 문제로 치부하고 곧 문제 없음으로 치환해 버리곤 한다. 그러한 대처는 외로운 아이를 더 외롭게 만들어 버린다.새 학교, 새 친구. 설레는 단어 같지만 실제로는 공포스러운 단어에 더 가깝다. 새 학교에서 적응을 잘 할 수 있을까? 새 친구를 사귈 수 있을까? 보편적이며 작은 고민 같지만 사실은 생존의 문제다.뭔가 잘 하는 거 한 가...+ 더보기",5,2024-09-29
344720093,외꺼풀,15850038,glitter,"창비만화도서관 10 “외꺼풀”데브 JJ 리 만화, 이주혜 옮김, 창비👁️ 나와 완전 다른 세상에 살면서 비슷한 생각을 하고 비슷한 슬픔을 느끼며 자라온 ‘데브’의 마음이 놀랍도록 섬세하고 아프게 표현된 그래픽 노블이다. 데브의 상황, 경험, 선택은 내가 그 시절 겪었던 혼란과 비슷했고 내가 만났던 여러 여고생들의 혼란과 비슷했다. 그저 처한 환경 때문에 조금 더 극단적으로 혹은 소극적으로 발현된 것뿐.👁️ 흑백의 그림과 등장인물들의 표정, 다양한 구도에서 볼 수 있는 역동적인 느낌이 세밀한 언어 표현과 어우러져 마음을 울린다.�...+ 더보기",5,2024-09-14
344720093,외꺼풀,15875218,사색의시간,이 책에 끌린 이유는 내가 외꺼풀이기 때문이었다. 제목을 보고 ‘과연 이 책의 주인공은 외꺼풀로 어떤 삶을 살았을지’ 궁금해졌다. 다채로운 컬러의 표지에 밝고 가벼운 이야기이지 않을까 예측했으나 책 속은 반전이었다. 가장 어렵고도 아름다운 여정 성장에 대한 진실한 그래픽 노블책을 소개하는 문구 중 ‘그래픽 노블’이 눈에 들어왔다. 그래픽 노블이란 뭘까. 만화랑 무슨 차이가 있을까. 책은 만화책인 것 같기도 했지만 만화책이 아닌 것 같기도 했다. 찾아보니 만화는 컷 단위 연출에 집중하지만 그래픽 노블은 페이지 단위 연출에 집중한다고 ...+ 더보기,4,2024-09-25
344720093,외꺼풀,15847235,s810204,🔖어느 순간 모든 것을 포기하고 물 속으로 잠기고 싶다.이곳에서도 이방인이고 그곳에서도 이방인인 나는 누구인가?✔이름조차 제대로 발음하지 못하는 사람들 속에서 정진은 모든 것을 잘해내야했다.공부는 기본이고 바이올린도 늘 연습해야만 한다.그러나 점점 그런것들에 흥미를 잃어가고 친하게 지내던 케이트와도 멀어지게 된다.외톨이가 되어가던 순간 퀸이 등장하지만 정진은 친구에게 집착하는 모습을 보인다.반면 엄마는 타이거맘인 것처럼 화만 내고 심한 욕을 하며 정진을 힘들게 하지만 필요한 것은 모두 지원해주는 전형적인 한국 엄마였다.정진은 그림...+ 더보기,5,2024-09-13
344720093,외꺼풀,15929199,프리지아,쌍꺼풀이 없는 홑겹 눈매를 지닌 외꺼풀의 소녀가 먼 곳을 응시하며 생각에 잠겨 있는 책 표지에서부터 의미있는 메세지가 느껴지는 책으로 첫 장에서부터 몰입하여 빠져들수 있었습니다. 온 가족이 미국으로 이민 간 한국계 미국인인 저자가 실제로 겪은 경험담과 소설적인 요소가 적절히 어우러진 그래픽 노블로 이민자로서 겪은 다사다난한 이야기들이 드라마틱하게 펼쳐집니다. 아시안 이민자 가정으로서 편견과 차별에 노출되어왔던 아픔을 감각적인 스토리텔링으로 담담하게 풀어내어 읽는 내내 측은지심이 생기면서도 공감하면서 읽을 수 있었습니다. 미국은 다...+ 더보기,5,2024-10-17
344720093,외꺼풀,15893311,사막의아이,"표지 색이 예뻐서 인상에 많이 남았던 <외꺼풀>.숀 탠님의 추천사가 있어 더욱 궁금했어요.왜 번역서 제목이 <외꺼풀>로 정했을까요?동양인 특유의 눈매를 바꿔줄 쌍꺼풀 수술.데브도 원하지만,,귀뚫는 것조차 반대하는 엄마가 먼저 권하는...한국에 가서 수술을 하고사촌언니 고등학교 졸업선물로 수술했다며누구나 하는 일이라는 인상을 주지요.데브가 어릴 적부터 느꼈던남다른 외모가 외꺼풀로 대표되는 것 같아요.한국인이든,, 아시안이든,,예쁜 얼굴은 있지만데브 스스로 예쁘다고 생각하지 않죠.하지만 원서 제목대로 <림보&...+ 더보기",4,2024-10-01
344720093,외꺼풀,15880075,hkonak,"#외꺼풀 #데브JJ리 #창비 #그래픽노블 #청소년 #청소년소설 #성장소설 #그림 #만화 #정체성 #도서제공 #창비스페셜서평단 #다름 #그안에서이번 도서는 창비에서 출간한 소설, <외꺼풀>을 가져왔다.창비의 #스페셜서평단 에서 제공되는 책으로 이 소설은 특이하게 #그래픽노블 이라는 이름을 가진 장르라고 한다. 여기서 그래픽 노블이란, '문학적 구성과 특성을 지닌 작가주의의 만화'라고 한다. 만화에 문학적 구성과 특성을 더했다고 보면 되지 싶다.우리가 생각하는 만화처럼 여러 권에 걸쳐 에피소드가 진행되는 것이 아니라 한 권으...+ 더보기",5,2024-09-26
344720093,외꺼풀,15890921,주니비맘,"한국계 미국인 작가인 데브 JJ 리의자전적 작품이자 그래픽노블 데뷔작이다.이민진 작가가 쓴 <파친코>를 재미있게 읽었기에 특별히 기대가 되었다.또 하나의 끌림은 장르였다.얼마 전 지인이 아름다운 그림책이라며 읽어보라고 빌려줬던 유티드 바니스텐달의 <당신의 목소리가 사라지기 전>이라는 책이 그래픽노블이었는데내게는 매우 생소한 느낌이었던지라이 책은 어떨까 궁금했다.📍그래픽 노블(graphic novel)이란만화책의 한 형태로,보통 소설만큼 길고 복잡한 스토리라인을 가지고 있다.하지만 단순히 단편 만화의 앤솔로지를...+ 더보기",5,2024-09-30
344720093,외꺼풀,15879622,저핌,"창비 스페셜 서평단 활동에 참여하여 출판사에서 제공받은 도서로 서평 활동을 진행했는데요. 서평 대상 도서는 데브 JJ 리 작가의 『외꺼풀』(2024, 이주혜 옮김)입니다. 찾아보니 창비에서는 '만화도서관' 시리즈를 줄곧 발행해 오고 있었더라고요. 해외 그래픽 노블을 제외하고 국내 그래픽 노블은 익숙하지 않았는데 이번 서평단 활동을 계기로 관심을 가질 수 있었습니다.​표지부터 동양풍이 스멀스멀 느껴졌습니다. 책의 만듦새가 좋더라고요 창비에서는 단순하면서도 몽글몽글한 감각의 표지 디자인을 선호하는 것 같아요. 다른 국내 문학 출판물에서...+ 더보기",5,2024-09-26
344720093,외꺼풀,15848909,커피 한 잔,이 글에는 스포일러가 포함되어 있습니다. 보시겠습니까?회색 영역을 클릭하면 내용을 확인할 수 있습니다.,5,2024-09-14
344720093,외꺼풀,15847672,소이야,"사춘기 시절 누구나 느끼는 소속되지 못한 느낌, 불안감, 무엇인가를 완벽히 이뤄내야 할것만 같은 압박감에서 오는 완벽주의와 그로 인한 무력감, 허탈감을 잘 표현해 냈다. 하나의 혹은 여러 무리에 소속되어 그 소속감을 통해 안정감을 갖고 싶은데 그게 마음처럼 잘 안되니까. 한국도 예외는 아닌데 심지어 해외에서, 문화도 생김새도 우리와 전혀 다른 곳에서 그 예민하고도 섬세한 시기를 보냈다면.. 주인공의 상처와 마음에 공감할 수 있었다. 그리고 그런 공감대를 형성하게 되며 오히려 내 상처가 치유되는 기분이었다. 이런 시기에는 불...+ 더보기",5,2024-09-13
344720093,외꺼풀,15870332,파란꿈,"아시아.태평양 미국문학상 우수상을 수상하고 스쿨라이브러리저널 최고의 책으로 선정된 데브JJ리의 자전적 그래픽노블이다. 외꺼플이라는 제목에서 느껴지듯이 타국에서 낯선 이방인으로 살아가는 주인공의 삶을 통해자신의 정체성을 찾아가는 여정을 그렸다.미국에서도 한국에서도 환영 받지 못하는 이방인으로 살아갈 수 밖에 없는 불안 속에서도 화가 나고 슬픈 일들을 극복하며 자신의 삶의 주체가 되어가는작가의 자전석 성장 이야기를 담고 있다. ""자란다는 건 때때로 슬프고 화가 나는 일이야. 넌 그냥 너 자신...+ 더보기",5,2024-09-23
344720093,외꺼풀,15881363,dana121dal,"한국계 미국인 데버라의 이야기이다.데버라는 미국에 살고 있지만 3살 때 한국에서 미국으로 이민 온 이민자이다. 하지만 데버라는 아시아인에도 그렇다고 미국인에도 속하지 못한다는 느낌을 받는 게 최근에 읽었던 '알레한드라 김의 가면 증후군과 솔직한 고백'이 생각난다.데버라는 친구들과도 지속적인 문제가 생기고, 가족들과의 관계도 원만하지 않다. 자신의 외적인 모습이 마음에 들지 않고, 질풍노도 의 청소년기를 보내고 있는 학생들에게도 자녀들과의 관계가 원만 하지 않은 것만 같은 학부모님들에게도 이 책을 적극적으로 권유하 고 싶다. 다들 자...+ 더보기",5,2024-09-27
344720093,외꺼풀,15867413,정명희,"컬러가 거의 없는데도 화면이 가득차게 느껴지는 그림체. 생동감 넘치는 배경과 잔잔하게 채워진 명암들.그 사이 여러가지 감정을 기막히게 풀어내는 인물들의 표정. 첫 장을 넘기는 순간, 나는 이미 이 책과 작가에게 반해버렸다. 외국에서 살아본 경험이 없는 나로서는 영원히 이방인으로 살아간다는 정체성의 혼돈을 완벽히 이해하지 못하겠지만,여전히 내가 어떤 사람인지를 고민하는 하나의 인간으로서그의 마음을 조금은 알 것도 같았다. 그래서 말해주고 싶다. 너만의 고민이 아니라는 것을.&nbs...+ 더보기",5,2024-09-22
344720093,외꺼풀,15849998,hollow11,"컬러가 아닌데도 색이 느껴지는 듯한 그림의 만화책이다.비한국인이자 비미국인이며, 한국인 부모의 딸인,나에대한 고민과 관계에 대한 어려움, 미래에 대한 불안 등무엇 하나 쉽지 않은 고등학생 소녀의 마음이 잘 느껴진다.스스로를 충분히 사랑하는 힘찬 어른으로 성장했길 바라게 된다.",4,2024-09-14
344720093,외꺼풀,15891443,빛방울,"‘비미국인이면서 비한국인’이라고, 그런 자신은 영원히 사이에 존재한다고 여기는 한국계 미국인 데브의 이야기. 불완전한 ‘나’와 불안정한 ‘세상’이 줄타기하며 아슬아슬하게 전개된다. 데브가 처한 상황을, 그 상황에서 맞닥뜨릴 세밀한 감정의 파고를 나는 영영 다 알 수 없겠지만, 십대였던 나를 떠올리며, 불러내며 읽었다. 그 시절엔 바꾸고 싶은 내가 있고, 변하고 있는 나도 있다. 데브도 마찬가지.남들과 달라서 맘에 들지 않고, 마음에 들지 않아 나를 바꾸고 싶어 하고(또는 그 정반대의 이유로-남들과 다르고 싶어서)욕구도 욕망도 관심도...+ 더보기",5,2024-09-30
344720093,외꺼풀,15865012,ssek1010,"출판사에서 제공받은 도서책을 읽고 한 줄로 내 감상평을 이야기하자면""이 책을 읽을 수 있어서 감사했다.""작가와 나 사이에 비슷한것이라곤한국태생이라는것뿐이지만,왠지 나 자신은 있는지조차 몰랐던그때의 상처들과어린시절, 사춘기시절의 위로받지 못했던감정들, 성장통들을위로받는 느낌이었다.글솜씨가없어서 잘 표현할 수 없지만<외꺼풀>을 향한 찬사들이이 책을 잘 표현해준다._""리의 놀라운 수묵화가 우리의 영혼을 달래 주는 동시에 그의 글은 우리의 마음을 아프게 한다.""_ 키쿠 휴즈제목이 의미하는것이 무엇일까?처음에 이 책의 서평단을 신...+ 더보기",5,2024-09-21
344720093,외꺼풀,15895026,박정우,"경계인이라는 표현이 있다.경계(border)에 서서 저쪽 집단에도, 이쪽 집단에도 드나들 수 있는 존재를 가리킨다.이 말은 고스란히 다른 어의를 가진다.경계에 있기에 저쪽 집단에도, 이쪽 집단에도 속할 수 없다.경계인이라는 또 다른 '타자'로 자리 잡을 뿐이다.​우리 사회의 경계인 뿐만 아니라해외에 사는 소위 한국계 경계인에 대해서는 그리 생각해 본 일이 많지 않다.얼마 안 되는 생각이나 상념조차도 주로 독립운동사에 대한 내러티브로 침윤된다.​그것이 바로 브레인워싱이 아니냐며 폄훼할 필요는 없지만,주로 유럽과 미국. 즉 구미에 사는...+ 더보기",5,2024-10-02
344720093,외꺼풀,15860576,jiyoon422,"🎆어른이 되면 무언가 바뀔거라는 기대를 하는 아이들에게는 미안하지만, 어른이 되어도 다른 아픔과 고난이 기다릴뿐이다. 그럼에도 불구하고 살아 내 어른이 되어보기를 바라는, 누구나 사랑했던 그 시절 청소년들에게 화해와 사랑을 전해줄 수 있는 책.🎆이 책의 오묘한 표지컬러 같은 그 때의 향기를 맡게 만들어주는 그래픽과 함께 하기에 가볍게 몰입해 읽을 수 있다.-이 리뷰는 출판사에서 제공받은 도서를 읽고 작성되었습니다-",4,2024-09-19
329648821,아무튼 남고,15147879,웃음의여왕,"'친절하고 다정함이 살아남는다' 이 책의 저자는 그렇게 믿고 있고 학생들에게 가르치시는 분임을 느낄 수 있었다. 다녀본 적 없고 근무한 적 없는 남고가 궁금해서 책을 읽게 되었다. ""요즘 애들 문제야"" 라는 편견이 쏙 사라질 만한 세계를 엿본 것 같다. 가본적 없는 미지의 세계말이다. 남고생들에 대한 편견이 나도 모르게 있었나보다.  축구를 향한 열정, 책을 읽고 토론하는 모습, 선생님이 상처받을까 배려하는 장면에서 나도 모르게 미소가 지어졌다. 그리고 스스로 정체성을 밝히던 그 아이 사연에서 눈물이 핑...+ 더보기",5,2023-12-18
329648821,아무튼 남고,15193173,s-number-1,#아무튼남고 #강영아 지음 #푸른칠판 #아찔하고다정한남학생들의세계여고를 졸업한 저는 여대를 피해서 대학을 진학했었지요. 자연의 섭리를 벗어나서 한 쪽 성만 모아 놓은 일은 왠지 자연스럽지가 않았어요. 궁금하기도 하고 오해와 신비로움으로 가득찬 남고의 이야기. 읽는 내내 유튜브로 제주 고등학교들의 응원전을 찾아보며 모르고 살아온 소년들의 열정을 알게 되었어요.출퇴근 길에 길을 건너는 교복 입은 남학생들을 보면 이제 빙그레 미소가 지어집니다. 그 시절의 불안과 열정을 응원합니다. 제주도 여행을 가게 되면 책 속에 나온 학교들을 가보고 ...+ 더보기,5,2024-01-02
329648821,아무튼 남고,15173614,시루,"남고하면 가지는 나만의 편견이 있다. 걸걸한 목소리에 거친 욕설을 뱉으며 축구나 농구를 즐기는 드센 남학생들이 있는 곳. <아무튼, 남고>는 그런 내 편견을 깨보고자 선택한 책인데 표지부터 핑크빛이 도는 것이 벌써 저자가 남고를 따뜻하게 바라보고 있는 시선이 느껴진다. 옴니버스식으로 진행되는 이 책은 저자가 첫 학교 발령날부터 마주한 반에 배정된 두 중학교 짱(?)들의 싸움으로 시작한다. 남학생들이 모인 곳에서 싸움은 필연적인 일인가 싶으면서도 중간중간의 에피소드에서 싸움을 겪으며 병원으로부터 전화도 받고 학생의 보호자가...+ 더보기",5,2023-12-27
329648821,아무튼 남고,15154578,goya0215,"아찔하고 다정한 남학생들의 세계라는 부재를 달고 있는 책.여중, 여고를 나온 입장에서 뭔가 아직도 궁금한 남고라는 세계.그리고 현재 아들이 생활하고 있는 그곳에 대한 궁금증으로 신청했다.초반에는 내가 생각했던 그런 내용이었다.짱들의 싸움, 병원과 경찰서를 오가는 선생님.체육대회에 진심인 아이들 등과 같은 이야기 말이다.그런데 후반으로 갈수록 저자의 교과인 사회에 관련된 내용이나동아리에서 책을 읽고 쓴 아이들의 글 위주로 펼쳐진다.나는 물론 가볍게 호기심을 충족하고 좀더 사제지간의 관계성에 대해 읽고 싶었지만 나같은 초등보다 같은 중...+ 더보기",4,2023-12-20
189558228,예람 언니가 알려주는 전교1등 비법노트 (스프링),10817286,tnwl3801,실제 옆에서 공부 잘하는 언니가 알려 주듯 설명이 되어있어 중학생부터 고등학생 까지 이해가 쉬울 것 같아요 !책에 나와있는 공부 비법이 담긴 수첩내용도 보기 좋고 바로 적용 가능 할 것 같아요 ! 사촌 동생 선물 전에 읽어 봤는데 대학졸업 한 저도 도움이 되었어요 강추!,5,2019-04-24
189558228,예람 언니가 알려주는 전교1등 비법노트 (스프링),10848747,지수니,고딩 딸이 노트정리를 못해서 내신성적도 안 나와 답답했어요.아는 엄마 소개로 이 책을 샀는데 내가 먼저 읽고 다 이해되었네요. 뻔한 내용이 아니라 특별하고 쉽고 핵심만 콕 짚어놓아서 따라하기 쉽고 내신 성적은 이 노트 정리 하나로 완성될 것 같네요. 노트정리를 활용한 공부법까지 있어서 굿!,5,2019-05-10
189558228,예람 언니가 알려주는 전교1등 비법노트 (스프링),10819086,dhyun73,"고2학년입니다.나름 노트정리  잘 한다고 생각했는데 부족했던 점이 보이고, 어떻게 하면 조금 더 눈과 머리에 잘 들어오게 정리하는지와 시험 전 날 활용하기 좋게 정리하는지 알려줘서 많은 도움이 되고 있어요.",5,2019-04-25
189558228,예람 언니가 알려주는 전교1등 비법노트 (스프링),10820819,peanara,공부하는데 많이 유용할것 같네~핵심을 콕콕 찍어 요점 정리가 잘되어있어요~,5,2019-04-25
189558228,예람 언니가 알려주는 전교1등 비법노트 (스프링),10822183,토끼댁,한눈에 보기 편하고 순식간에 휘리릭 파악하고 공부할때마다 가지고 다니며 수시로 보기가 좋네요.  복잡하게 설명된게 아니라 바로바로 알수있게 핵심을 간략하게 정리해줘 좋습니다. 실제 공부한 사람의 족보처럼 비법노트 잘 활용해서 도움되면 좋겠어요.,5,2019-04-26
189558228,예람 언니가 알려주는 전교1등 비법노트 (스프링),10822685,leekj0717,"정리가 너무도 잘되어 있네요..명확하고, 컬러플하고~~. 핵심노트정리비법, 앞으로 스스로 정리하는데 도움이 많이 될듯합니다.",5,2019-04-26
189558228,예람 언니가 알려주는 전교1등 비법노트 (스프링),10830134,미야,현재 중고등학교를 다니는 학생들뿐 아니라 시험준비하는 어른들에게도 도움되는 책입니다.단순히 요점만 정리하는 것이 아니고 과목별로 그 과목에 필요한 것들을 같이 알려주기때문에 제대로 공부하려는 학생들이 꼭 봤으면 좋겠어요!,5,2019-04-30
343626,천국의 열쇠 - 상,415599,foje,"삶의 진정한 가치, 아름다운 가치가 정녕 무엇인지를 알게 해준 책, 바로 A.J 크로닌의 <천국의 열쇠>이다. 이전에 몇주동안 병으로 몸저 누워 아무것도 못하고 있었을때 감사하게도 나는 책 한권을 만나게 되었고 그것이 바로 이 소설이였다. 어쩌면 그 아팠던 시간들이 오히려 나에게는 큰 행운이요 축복의 시간이였음을 고백할 수 있을 정도로 이 책을 통해 나는 잊지못할 깊은 감화를 얻게 되었다. 나는 책을 읽으면서 점차로 주인공 프랜시스 치셤의 파란만장하면서도 그 순수한 삶에 빠져들기 시작하였고, 이렇게도 아름다운 삶이 또 있을까라...+ 더보기",5,2003-11-11
343626,천국의 열쇠 - 상,3343455,알,"이 책을 처음 접한건 중학교 1학년 때. 
 책을 좋아하던 나는 툭하면 아버지 서재에 가서 이것저것 읽으며 시간을 보냈었는데 
그때  눈에 들어온 책이 바로 이 책. (표지는 이 디자인이 아니었다. 보라색에 금색 열쇠가 크게 박혀있는 표지)
 그 당시에는 '두껍고, 글씨는 깨알만한 이 책을 읽으면 뭔가 내 지식이 채워져 보이겠구나'하는 
말도 안되는 이유로 이 책을 집어들었고, 일단 읽기 시작한 책은 끝가지 읽자라는 마음 가짐으로 
...+ 더보기",5,2010-01-16
292888491,자연 낱말 수집,13626023,파란놀,"숲노래 숲책 2022.5.26.숲책 읽기 174《자연 낱말 수집》 노인향 자연과생태 2022.4.21.  《자연 낱말 수집》(노인향, 자연과생태, 2022)을 가만히 읽었습니다. 저는 영어 ‘내추럴’도 한자말 ‘자연’도 아닌, 우리말 ‘숲’을 말하고 노래합니다. 왜냐하면, 저는 영국이나 미국에서 안 태어났고, 중국이나 일본에서 안 태어났거든요. 그저 이 나라 조그마한 골목마을에서 조그맣게 태어나서 살았기에 조그마한 아이로서 둘레를 품을 풀빛이고 꽃빛이고 나무빛이 어우러진 숲빛인 말을 살핍...+ 더보기",3,2022-05-26
319177429,수행평가 글쓰기,14745081,은근공주,"초등 고학년을 키우고 있기에 다가올 중학교 생활이나 학습에 대한 것을 걱정하지 않을수 없다.특히나 수행평가는 어떻게 준비하고 어떻게 해야 하는지에 대해 걱정이 되기도 하고글씨 쓰는 것을 싫어하고 글쓰기를 잘 하지 않는 아이가 중요하다는 수행평가를 잘할수 있을지어떻게 도와줘야 할지에 대한 고민이 되는 중 만나게 된 책이다.아이가 수행평가를 잘 준비하고 전달할수 있도록 글쓰는 방법을 미리 알려주고 싶었다.책속에는 수행평가가 무엇이며 교과과정에서 얼마나 중요한지, 어떻게 구성이 되어 있는지,수행평가 선정 초등학교 목록, 수행평가 글쓰기를...+ 더보기",4,2023-07-15
319177429,수행평가 글쓰기,14754134,rlatjsgk7,'수행평가 글쓰기' 책을 읽어 보았습니다. 아이가 학교에 입학하게 되면서 수행평가라는 것이 있다는 것을 알게 되었습니다. 아직 저학년이라서 수행평가가 없는 것 같은데 고학년이 되면 과목별로 수행평가가 있다고 합니다. 수행평가는 어떤 것일까요? 학년이 올라&nb...+ 더보기,5,2023-07-18
319177429,수행평가 글쓰기,14750939,열정맘,"수행평가, 교육과정의 핵심이 되다초등부터 준비하는 수행평가 글쓰기 10대 전략수행평가란,,,교사가 학생들의 학습 과제 수행 및 결과를 직접 관찰하고 그 결과를 판단하는 평가,선택형문항에서 정답을 찾던 지필평가의 대안으로 제시된 평가, 한 번의 정기고사로 학생을 평가하는 문제점을 보완하고자 생겨난 것, 학습이나 수행을 하는 과정을 평가하면서 수업 과정에서 평가가 이뤄지는 점이 특징이다.수행평가는 단지 평가를 위한 도구로만 쓰이는 것이 아니라 수업에서 평가 또한 하나의 과정으로 작용하도록 설계 하는 것이다수행평가의 ...+ 더보기",5,2023-07-17
319177429,수행평가 글쓰기,14747515,해피신디,"학교 공부를 잘하기 위해서는 글을 잘 써야 한다는 이야기를 들어본 적이 있는데,이 책이 그 이유를 확실하게 보여주네요.​학교에서 치뤄지고 있는 수행평가 서술형, 논술형 문제들의 예시를 보여주고,답을 미리 생각하여 써 볼 수 있도록 돕는 책이랍니다.이 책은 북스타 출판사에서 출간해주셨어요.대곡초, 경기초, 충암초, 경복초, 홍대부초 등인기있는 초등학교들의 수행평가 문제들을 예로 보여주시면서어떤 문제들이 있고, 그 때에 답은 어떻게 쓰면 좋을지 생각해 보게 해 주네요.​2011 성취도 평가, 2012 사립초 성취도 평가, 2015 국영...+ 더보기",5,2023-07-16
319177429,수행평가 글쓰기,14764665,현이들맘,초등부터 준비하는 수행평가 글쓰기 10대 전략수행평가 글쓰기​교육과정이 변화하면서 수행평가의 비중이 늘었죠.처음 시작보다 점점 늘어나고 있는 수행평가인데요.수행평가의 대부분이 글쓰기가 중요하죠.그래서 수행평가 글쓰기가 궁금했어요.중학교 서술형 · 논술형 평가가 확대대고 미래형 대입제도 적용 시 글쓰기 변별력이 증대!!초등부터 확실하게 준비해야겠죠.​수행평가 글쓰기를 잘하는 10가지 전략이 소개되어 있는 수행평가 글쓰기전략의 핵심 포인트와 연습 문제도 수록되어 있어요.저한테 주고 쓰라고해도 한 줄이면 끝날 것 같은데요.아이들도 비슷하...+ 더보기,5,2023-07-21
319177429,수행평가 글쓰기,14737024,맥드리미83,"""초등부터 준비하는 수행평가 글쓰기 10대 전략""초등학교 1학년 입학한 딸 아이가 여름방학을 앞두고 수행평가? 결과지 같은 걸 가져왔다. 1학기 학습한 걸 평가하는 거였는데 1학기 동안 학교 적응하면서 그 정도 하면 됐다 싶은 괜찮은 결과였다. 아직 1학년이라 글자를 적어야 하는 문제보다는 숫자를 적어야 하는 문제가 더 많았지만 곧 딸도 자신의 생각을 줄줄 써야할거다. ​책을 다 읽고 든 생각은, 이거 쉽지 않겠는데? 였다. 내가 이런 수행평가지를 받았다면 내가 알고 있는 답을 잘 쓸 수 있을까? 하는 의구심이 들었다. 물론 수업 ...+ 더보기",4,2023-07-12
319177429,수행평가 글쓰기,14739217,missam,"매체가 발달한 시대의 오늘날, 글쓰기를 좋아하는 학생이 얼마나 될지 모르겠지만 글쓰기는 학생들에게 선택이 아닌 필수이다. 수행평가에서 핵심을 이루고 있는 것 또한 바로 글쓰기이다. 수행평가는 수업하는 과정에서 어떻게 배움이 일어나는지 그 과정을 평가하는 것으로, 수행평가는 종합적이고 전인적인 평가가 가능하고, 과정과 결과를 모두 중시하는 평가로 지속적인 평가가 가능하기에 굉장히 중요하다고 생각한다. 책에서는 수행평가의 10가지 전략을 제시해 주고 있어 글쓰기를 어려워하는 학생들에게 많은 도움이 될 것으로 보인다.  &nb...+ 더보기",5,2023-07-13
319177429,수행평가 글쓰기,14751063,라랄라,"글쓰기의 중요성이 가면 갈수록 커져 부담감이 늘고 있다​한우리를 3년하다가 얼마전에 그만뒀는데그래서인지 뭔가 더 걱정이 되기도 하고. . _뭐.. 한우리가 논술 프로그램은 아니지만심리적으로 압박감이 있달까​그래서 관심있게 읽어보게된 신간수행평가 글쓰기* 글쓴이 : 이현주,이현옥 공저* 출판사 : bookstar제목부터 확 끌리는 학부모님들이 많을듯하다글쓰기는 모든것의 기본인데원래 기본이 가장 어려운거.. 알지?​목차를 봅시다목차는 매우 간략하다그야말로 바로 본론& 실전편​*수행평가란 무엇인가교사가 학생들의 학습 화제 수행 및...+ 더보기",5,2023-07-17
387581747,아메리카 신대륙 발견은 맞는 말일까?,17236089,yjy202,"#도서협찬 📚 아메리카 신대륙 발견은 맞는 말일까? by룩샌던바 오티즈   🌱 세계 시민이 되기 위해 이제는 알아야 할 ‘원주민을 포함한 미국의 역사’!      ‘신대륙’에는 오래전부터 사람들과 문명이 있었고, ‘라스트 모히칸’은 사라지지 않았다   🌱  ~트럼프 2기 행정부가 들어 선 이후로 전 세계가 하루도 조용한 날이 없는 것 같다.  시작부터 관세문제로 수많은 나라들과  각을 세우더니 진짜 전쟁까지 일으키면서 자국의 이익만 추구하려는 모습을 너무 노골적으로 보이고 있다. 그러다보니 우리 입장에서도 미국을 바라보는 눈이...+ 더보기",5,2026-04-24
387581747,아메리카 신대륙 발견은 맞는 말일까?,17232499,mibgo,록샌 던바 오티즈 작가의 아메리카 신대륙 발견은 맞는 말일까는 우리가 학교에서 무비판적으로 배웠던 미국의 역사를 원주민의 시선에서 완전히 새롭게 다시 쓰게 만드는 책이다. 어릴 적 대항해시대라는 게임을 즐겨 하며 미지의 바다를 항해하고 교역하는 모험에 푹 빠졌던 기억이 있다. 무역을 하고 신대륙을 발견하는 게임 속 서구 열강과 주인공들의 모습은 늘 멋지고 낭만적으로 다가왔다. 하지만 이 책을 읽으며 내가 게임을 통해 은연중에 동경했던 그 화려한 탐험의 시대가 사실은 서구 문명들의 끔찍한 잔혹성과 탐욕스러운 정복자들의 핏빛 역사였다는...+ 더보기,5,2026-04-22
387581747,아메리카 신대륙 발견은 맞는 말일까?,17230627,e36,"(서평단으로 선정되어 출판사로부터 책을 제공받아 읽었습니다)학창 시절 배운 세계사도, 어린 시절 텔레비전으로 보았던 서부극 영화에서도 미국의 역사를 다룰 때는 원래부터 그 땅에서 살았던 원주민 인디언의 관점이 아니었습니다.​콜럼버스가 '발견'한 신대륙으로 시작한 미국의 역사. '발견'했다고 하는 땅에는 식물을 재배하고 육로와 수로를 만들고 공동체를 만들어 살고 있던 원주민들이 원래부터 살고 있었습니다.  ​이 책은 미국의 역사를 식민주의자(청교도 포함)들이 어떻게 원주민 인디언들을 대량 학살하고 약탈했으며, 학살과 침략을 어떤 식으...+ 더보기",5,2026-04-21
387581747,아메리카 신대륙 발견은 맞는 말일까?,17254476,Been,"[도서협찬]어떤 학문이든 개념 정의가 중요하다. 역사에서도 어떠한 집단이나 사건을 어떻게 이름짓냐에 따라 인식의 자세가 달라지기 때문에, 용어를 둘러싼 논의는 하나의 '세계관 전쟁터'가 된다. 이른바 '낯설게 보기'의 시작점이 개념 재정의에서 출발하는 경우가 많은 것은 이 때문이다.이 책도 우리에게 익숙한 미국 역사에 대한 낯설게 보기이며, 일종의 뒤틀기다. 최근 한 작가가 '나는 세상을 삐딱하게 바라봤는데, 그렇게 보니 비로소 세상이 바로 보이더라'는 말을 했다. 기존의 역사 인식을 뒤틀어서 바로잡아지는 부분이 있다면, 처음의 인...+ 더보기",5,2026-05-02
387581747,아메리카 신대륙 발견은 맞는 말일까?,17247866,허요섭,"-<아메리카 신대륙 발견은 맞는 말일까? - 청소년을 위한 미국 역사 바로 보기> 록센 던바-오티즈, 공명🌎이 책... 요즘처럼 미국이 국제적 빌런이 되어 세상 시끄럽게 구는 때에, 참 읽기 적절한 책이 아닌가 한다. 제목부터 독자의 호기심을 훅 끌어당기고 있는 책이라 매우 기대를 하며 책장을 넘겨갔다. 우리는 너무나도 자연스럽게 오랫동안 크리스토퍼 콜럼버스가 아메리카 대륙을 ‘발견’했다는 것을 사실로 배워왔고 아무런 의심을 하지 않았다. 그런데 가만히 생각해보면 이상한 점이 한두가지가 아니다. 이미 그곳에는 원주민들,...+ 더보기",4,2026-04-30
6748863,종을 훔치다,3918555,지아네스,"<종을 훔치다>
많이 알려지지 않았지만 읽고 싶어서 선택했다. 읽다보니 놀라웠고, 놀라다보니 현 교육세태가 적나라하니 들어있다. 지금까지 내가 알고있던 학교는 무엇이란 말인가..? 하긴...대학도 장삿속을 드러내는 판에 중고교라고 이득을 쫓지말란법은 없지만 진정한 교육은 무엇일까 심히 고민된다. 책장을 펴면 처음 마주치는  서문에 이시백 ’작가의 말’ 누가 학교 종을 훔치나 에 대한 글이 실려있다. 작가가 전하는 글들을 읽어가며 수많은 의문이 들었다. 본문을 시작하기도 전이었는데 벌써부터 ...+ 더보기",5,2010-07-15
193127882,학생부종합전형 학교생활기록부 핵심 사용설명서,10911607,현명한유키,"참 오래된 나쁜 습관이 있습니다. 남의 정보를 낼름 받아먹는...요즘 아이 핸드폰 교체를 하면서 부동산 정보를 얻으러 다니면서 새삼 느끼게 된 것은 다른 사람에게 의존하여 얻은 정보와 결론은 내게 선한 득이 되는 일은 아니라는 것이었습니다. 다른 사람의 정보에 의존하기 시작했던 것은 사실 게으름 때문이기도 하겠지만 무엇을 질문해야 하는지 모르는 경우가 대부분이었는데, 아이 교육에 열의를 품었던 것은 유아기때 반짝이고 그 다음부터는 어디서 부터 어떻게 다가가야 할지 모르겠는 막막함이 앞섰던 것 같습니다.때문에 선배맘들의 말...+ 더보기",5,2019-06-13
193127882,학생부종합전형 학교생활기록부 핵심 사용설명서,10908959,피자먹고냠냠,"말도 많고 탈도 많은 게 바로 이 학생부종합전형이라고 하지만,현 대입제도에서 가장 강세를 보이는 전형도 또한 이 학생부종합전형이다.정보가 없으면 정말 성공하기 어려운 전형이고,방향성을 분명히 정해서 잘 준비하기만 한다면부족한 내신 성적도 다 충분히 커버할 수 있는 전형도 이 전형이다.정보는 많으면 많을수록 좋다지만, 올바른 정보를 얻기가 생각보다 쉽지가 않은 상황이다.그 와중에 만나게 된 [학생부종합전형 학교생활기록부 핵심 사용설명서]는 긴 제목으로 사람을 한번 놀라게 한다.하지만 책을 펼쳐보면 더 놀라게 된다.학생부종합전형을 준비...+ 더보기",5,2019-06-12
193127882,학생부종합전형 학교생활기록부 핵심 사용설명서,10893446,ricemilks,"학생부종합전형이란 말은 많이 들었지만, 막상 어디서부터 시작해야 하는지 모르는 학생이나 학부모들이 생각보다 많다. 그래서인지 발품을 팔아야 한다며 여기저기 컨설팅 학원이나 설명회를 찾아다니는 것이 중요하다는 것이 정설일 정도이다. 하지만 대부분 우리가 궁금해하는 질문에 대한 답은 단지 관련 서적 몇 권만으로 충족할 수 있다.       이 책의 좋은 점은 학교생활기록부에 대해 일반적으로 궁금해하는 내용을 질문의 형식으로 part별로 차례에 모두 기록해 놓은 편집이다. 그래서 자신이 궁금한 내용만을 언제든지 쉽게 찾을 수 있...+ 더보기",5,2019-06-03
193127882,학생부종합전형 학교생활기록부 핵심 사용설명서,10913597,커피우유,"각 대학마다 수시전형을 확대하고 있는터라 학생들의 학생생활기록부가 무척 중요해졌습니다. 3년의 활동이 그대로 녹아나는 학생생활기록부인지라 
그 내용을 어떤식으로 채워나가야하는지에 대해서 학부모와 수험생들은 많은 고민을 하게 됩니다.
 
이 책을 읽기전에도 어느 정도는 필요하다라는 기본지식은 가지고 있었지만, 이 책은 정말 그 단계를 뛰어넘어 현실적이고 꼼꼼하며 정확하게 
학부모와 수험생들에게 어떤 생생활기록부를 채워나가야하는지를 알려주고 있습니다. 
 
학생부종합전형의 이해, 학교생활기록부의 이해, 학교...+ 더보기",5,2019-06-14
193127882,학생부종합전형 학교생활기록부 핵심 사용설명서,10902817,Vamily,"고등학생이라면 지겹도록 들었을 말이 바로 '생기부' '학종' 이다.나 또한 학교 다닐적에 (심지어는 중학교때도) '요즘 중학교 생기부도 중요하다. 너네 태도 안좋으면 다 거기 쓸거야' 라던가 고등학교때는 '너네 생기부 잘못 적히면 학종 못쓴다, 학종 안쓸거야?' 등등 학종과 생기부 관련해서 고생했던 기억이 많다.정시파이터라서 내신을 크게 신경쓰고 생기부 활동에 밤을 샌다거나 그러진 않았지만인터넷에서 기적같은 일반고 5등급의 한양대 합격! 이런 글들을 보게 되기도 했고어느정도 학교생활을 성실히 해서 활동이 꽤나 있는 걸 보고 '나도 ...+ 더보기",3,2019-06-09
193127882,학생부종합전형 학교생활기록부 핵심 사용설명서,10909361,dawnb0730,"예전에는 대학을 가기 위해서는 수능시험이 가장 중요했다. 하지만 요즘의 입시엔 많은 변수와 지원방법이 있다. 일단 대입의 큰 줄기는 수시와 정시로 나뉘어져 있고, 현재 수시지원의 비율이 70퍼센트 이상을 차지한다.수시 지원에서는 여러가지 전형이 있다. 예를 들면 학생부 종합 전형, 학생부 교과 전형, 논술 전형 등 이다. 수시 지원에서는 내신 성적과 학교 생활기록부나 동아리 활동, 수상 기록 같은 요인들이 큰 역할을 한다. 심지어 수능 성적을 반영하지 않는 경우...+ 더보기",4,2019-06-12
972420,시베리아 호랑이의 마지막 혈투,2467860,자작나무,"다니시던 광산이 폐광이 되어 먹고 살기가 힘들어진 유리의 아버지는 호랑이 사냥을 나가게 
된다. 변변한 일거리가 없는 이곳에서 호랑이를 잡아 팔면 몇 달은 거든히 생활할 수 있으므로. 
그러나 사냥을 나갔던 아버지가 호랑이에게 잡아먹히고 소년은 복수를 하기를 다짐한다.
동네 아저씨 블라디미르의 도움으로 그와 함께
시호테알린 산맥으로 호랑이를 찾아 떠난다.
처음엔 호랑이를 만나기만 하면 한번에 목숨을 끊어 아버지의 복수를 갚고  그 호랑이를 팔아
가족들의 생계비에 보태기로 생각하지만 그게 마음대...+ 더보기",5,2008-12-19
350688827,달력으로 의학하기,16055540,djkidol,"어려운 의학 분야에 대해 기념일을 통해 쉽게 배울 수 있는 의학 이야기 관련 책으로 청소년을 비롯한 다양한 세대가 함께 배우며 의학적 상식과 지식 등을 높일 수 있는 현실적인 조언서, 혹은 의학 관련 가이드북입니다.",5,2024-12-06
350688827,달력으로 의학하기,16029708,카일라스,기념일이라는 익숙한 주제를 통해 병과 몸에 대한 이야기를 들려주는 청소년필독서,5,2024-11-26
350688827,달력으로 의학하기,16019777,열정맘,"우리가 잘 모르는 의학 기념일이 만들어진 배경,역사적상황,감동들을 흥미롭고 재미나게 만난다",5,2024-11-22
350688827,달력으로 의학하기,16027285,책조아,우리가 알아두어야 할 의학 기념일,5,2024-11-25
350688827,달력으로 의학하기,16055632,책샘,"인류가 극복해 온 의학의 역사는 물론, 환자에 대한 편견을 일깨우기 위한 24가지 의학 이야기가 쉽고 재미있게 펼쳐진다.",5,2024-12-06
350688827,달력으로 의학하기,16054244,현이들맘,의학 기념일로 많은 이야기를 만나볼 수 있고 건강에 대해 생각해보는 시간을 가져볼 수 있어요.​,5,2024-12-06
350688827,달력으로 의학하기,16046519,요리도리,누구나 알아야 할 의학에 대해 쉽게 알려주는 10대 들을 위한 의학서적,5,2024-12-02
350688827,달력으로 의학하기,16046903,랑이야랑이야,"흥미진진하게 역사, 과학, 사회, 건강까지 함께 고려하며 알아보는 의학기념일",5,2024-12-02
350688827,달력으로 의학하기,16030880,풀떼기,의학에 관심있는 십대 청소년에게 읽힐 만한 친근한 어투의 의학 교양서,5,2024-11-27
350688827,달력으로 의학하기,16029313,단밍,"기념일로 배우는 24가지 의학 이야기. 우리가 잘 모르는 의학 기념일이 만들어진 배경, 역사적 상황, 그 속에 담긴 감동적인 이야기들이 담겨져있다. 이 책을 통해 각각의 의학 기념일에 대해 자세히 알 수 있는 기회가 되었고  질병에 대해 다시금 생각해보게되는 기회가 되었다.",5,2024-11-26
350688827,달력으로 의학하기,16055564,djkidol,"책의 구성이나 형태를 보더라도 어떤 의미와 내용을 전하고 있는지, 누구나 쉽게 접하며 판단해 볼 수 있을 것이다. 이 책은 의학 이야기를 주요 줄거리로 표현하고 있지만 우리 몸에 대한 가치 판단과 건강 관련 정보와 방식에 대한 조언, 그리고 다양한 분야로도 확대, 재생산, 평가 가능한 형태의 의학적 이야기가 무엇인지를 자세히 전하는 책으로 주로 청소년을 위한 맞춤형 가이드북으로 접할 수 있지만 어른들도 함께 배우며 의학적 상식과 기본기를 다질 수 있다는 점에서도 그 의미와 장점이 돋보이는 책일 것이다.​<달력으로 의학하기&gt...+ 더보기",5,2024-12-06
350688827,달력으로 의학하기,16029697,카일라스,"출판사로부터 도서를 제공받아 솔직하게 작성하였습니다 달력 속 숨겨진 이야기를 발견하는 재미, 그리고 그 이야기가 의학과 연결된다면 어떨까? ​​이 책은 청소년들이 기념일이라는 익숙한 주제를 통해 자연스럽게 의학과 사회적 이슈에 관심을 갖도록 돕는다.​​복잡한 내용도 흥미로운 에피소드로 풀어내어, 건강, 생명, 그리고 사회적 책임을 배우는 과정을 마치 한 편의 이야기를 읽는 것처럼 느끼게 해준다.​​​《달력으로 의학하기》는 의학이라는 다소 어렵게 느껴질 수 있는 주제를 우리 일상과 밀접하게 연결한다. ​​매년 반복되는 의학 ...+ 더보기",5,2024-11-26
350688827,달력으로 의학하기,16019770,열정맘,"십 대들이 꼭 알아야 할 내 몸과 의학 이야기 기념일로 배우는 24가지 의학이야기 우리의 몸구조부터 인류를 위협하는 바이러스까지 복잡한 의학,이제 기념일로 쉽게 만나보자 의학 기념일은 특정 질병이나 건강 문제에 대한 인식은 높이고 예방과 치료의 중요성을 알기기 위해 만들어졌다고 한다. 몇 개의 날은 알고 있었는데 1월부터 12월까지 매월 전 세계적으로 기념하는 날들은 모두의 건강을 위해서 서로가 함께 도와야 한다는 것을 여러 슬로건과 함께 캠페인으로 보여준다는 것을 알게 된다.의사이자 만화가인 저자는 이렇...+ 더보기",5,2024-11-22
350688827,달력으로 의학하기,15986208,류북,"달력으로 의학하기 / 기념일로 배우는 24가지 의학 이야기     역사, 사회, 과학, 건강까지 한 번에 다루는 1석 4조 의학 교양서          구강보건의 날, 뇌전증의날, 한센병의날, 척추의날, 당뇨병의 날 등 알아두면 도움이 되는 의학 기념일이 있다고 합니다. 이 책은 우리의 몸 구조부터 인류를 위협하는 바이러스까지. 복잡한 의학, 이제 기념일로 쉽게 알아보는 내용으로 역사, 사회, 과학, 건강까지 한 번에 다루는 1석 4조 의학 교양서입니다. 평균 수명은 늘어났지만 우리는 질병에서 자유로울 수...+ 더보기",5,2024-11-08
350688827,달력으로 의학하기,15993093,yjy202,"인류는 오랜 시간, 수많은 병 과 싸워왔다. 그 결과, 인간의 수명은 엄청나게 늘었고, 인간을 괴롭히던 많은 병들이 이제는 사라지기도 했다. 의학 기념일은 특정 질병이나 건강문제에 대한 인식을 높이고 예방과 치료의 중요성을 알리기 위해 만들어졌다.  저자는 이 책을 통해 매년 무심코 지나치는 의학기념일이 만들어진 배경, 역사적 상황, 그 속에 담긴 감동적인  이야기를 들려준다. 1월부터 12월까지 39개의 의학 기념일이 있다. 이 책에서는 24가지의 의학 기념일을 다루고 있는 데, 저자는 4가지 주제별로 각 6가지의 기념일을 선정했...+ 더보기",5,2024-11-11
350688827,달력으로 의학하기,15996645,ssong1314,"#도서협찬#달력으로의학하기 #김은중_지음#장미꽃향기 #라엘#생각정원고맙습니다♥☘️매일 달력을 보며 오늘의 역사를 궁금해하고 알고싶어 하는 어린이들과 기념일로 배우는 24가지 의학 이야기를 만났다.🔢역사,사회,과학,건강까지 한 권의 책으로!의학 교양서지만 우리 일상과 무관하지 않고,건강한 삶을 살기 위한 정보가  가득하다.1월부터 12월까지 한센병의 날부터 에이즈의 날까지.다양한 질병들과 역사이야기,건강이야기가 있어역사책 좋아하는 아이들 관심끌고요즘 건강식단으로 밥상차리려고 노력하는 엄마에게도동기부여가 된다.아이들은 처음 듣는 한센...+ 더보기",5,2024-11-13
350688827,달력으로 의학하기,16027274,책조아,"[출판사로부터 도서 협찬을 받았고 본인의 주관적인 견해에 의하여 작성함]십 대들이 꼭 알아야 할 내 몸과 의학 이야기우리의 몸 구조부터 인류를 위협하는 바이러스까지.기념일로 배우는 24가지 의학 이야기​이번에 역사, 사회, 과학, 건강까지 한 번에 다루는 1석 4조 의학 교양서를 만났습니다.[달력으로 의학하기] 책은 알아두면 도움 되는 의학 기념일들이만들어진 배경, 역사적 상황, 그 속에 담긴 감동적인 이야기를 한 장 한 장달력을 넘기듯 읽을 수 있도록 쉽게 풀어내고 있습니다.의학 이야기들을 통해서 그 안에 사람들의 생명과 삶을 지...+ 더보기",5,2024-11-25
350688827,달력으로 의학하기,16076117,nymph84,"🌈 오늘의 도서⠀⠀⠀⠀⠀⠀📘 달력으로 의학하기⠀⠀⠀⠀⠀✍️ 저자 - #김은중⠀📚 출판사 - #생각학교⠀⠀⠀⠀☘️ 이 책은 의학 기념일을 중심으로 ⠀다양한 의학 이야기를 풀어낸 교양서이다. ⠀이 책은 우리의 몸 구조부터 인류를 위협하는 ⠀바이러스까지, 복잡한 의학 지식을 기념일을 ⠀통해 쉽게 이해할 수 있도록 도와준다. ⠀⠀책은 총 4부로 나뉘어 있으며, 각 부는 다양한 ⠀의학 기념일과 관련된 주제를 다루고 있다.⠀⠀⠀구강보건의 날, 척추의 날, 시력의 날 등 ⠀일상에서 중요한 신체 부위와 관련된 기념일,⠀결핵의 날, 말라리아의...+ 더보기",5,2024-12-16
350688827,달력으로 의학하기,16024099,여니,"#도서협찬 #서평 #달력으로의학하기 #김은중 #생각학교 #과학 #청소년 #책추천 #책읽기 #독서 #독서후기 #책리뷰 #책스타그램 #북스타그램 #감사합니다★ 기념일로 배우는 24가지 의학 이야기 ★ 우리의 몸 구조부터 인류를 위협하는 바이러스까지.★ 복잡한 의학, 이제 기념일로 쉽게 보자!★ 역사, 사회, 과학, 건강까지 한 번에 다루는 1석 4조 의학 교양서편독이 심한 아이들은 특정 분야의 책 읽기를 싫어하는 경향이 있습니다. 읽어보지도 않고 무작정 어렵다고 생각하면서 거부감을 내비칩니다. 특히, 좋아하는 과목이 아니면 읽...+ 더보기",5,2024-11-24
350688827,달력으로 의학하기,16055627,책샘,"누구나 건강한 삶을 위해 질병을 예방하고 치료하는 것에 관심은 많지만,의학은 과학과 기술의 집합체라 생각해서 다소 어려워한다.그런데 의학은 생명과 삶을 지키기 위한 수많은 사람의 노력이 쌓인 결과이다.생명을 구하기 위해 일생을 바친 의학자들의 노력을 달력 속 의학 기념일을 통해 알고,모두의 건강은 서로에게 달려 있음을 인식하여 더 건강한 사회가 되었으면 하는 마음에'맑은세상 이비인후과' 김은중 원장님이 쓴 책이다.우리 몸의 구조부터 인류를 위협하는 바이러스에 이르기까지,인류가 극복해 온 의학의 역사는 물론, 환자에 대한 편견을 일깨...+ 더보기",5,2024-12-06
350688827,달력으로 의학하기,16054243,현이들맘,"도서를 제공받아 작성한 리뷰입니다.달력으로 의학하기기념일로 배우는 24가지 의학 이야기​역사, 사회, 과학, 건강까지 한 번에 다루는 1석 4조의 의학 교양서라고해서 관심이 간 책이에요.의대는 아니지만 우선은 메디컬계열 희망하는터라 만나보면 좋겠더라고요.우리의 몸 구조부터 인류를 위협하는 바이러스까지.복잡한 의학을 기념일로 쉽고 흥미롭게 만나봅니다.의학 기념일은 특정 질병이나 건강 문제에 대한 인식을 높이고, 예방과 치료의 중요성을 알리기 위해 만들어졌어요.국제보건기구나 유엔 혹은 기타 질병 단체들에서 제정한 기념일들은 우리에게 질...+ 더보기",5,2024-12-06
350688827,달력으로 의학하기,15970625,은양,"이 책을 통해 기념일이 만들어진 배경과 우리의 소중한 일상을 지키기 위해 헌신한 학자들을 알아보니오늘날 우리가 누리는 건강한 삶의 기초가 얼마나 소중하고 감사한지 새삼 깨닫게 된다.​또한,이 책의 주요 독자인십대의 이야기도 놓치지 않고 있어 좋았다.우리는 흔히 십 대인 청소년들은 모두 건강하다고 생각하지만,그렇기 때문에 건강에 소홀하기 쉽고 또 자신의 몸이 지닌 한계에 대해서 알지 못한다.의학 교양도 쌓고,청소년들이 자신의 몸을 더 아낄 수 있는 마음도 쌓고!물론의학을 공부하려는 학생들에겐 진로 탐색을 돕는 필독서가 될 것이고!​건...+ 더보기",5,2024-11-02
350688827,달력으로 의학하기,15976585,beresung,현대인에게 달력의 유용성은 특정한 날짜를 기념하는 데 있다.내가 태어날 날짜나 결혼기념일이 그렇다.어떤 주제를 기념하기에 날짜를 지정하는 것만큼 효과적인 일도 드물다.물론 일반적으로 사용하는 달력이 세상의 모든 기념일을 담을 수는 없는 노릇이지만세부주제를 범주화한 달력따라가기를 하다보면흥미진진하게 배우고 쉽게 기억할 수 있다는 장점이 있다.그림을 그리는 의사로 통하는 김은중씨가 새롭게 지은 <달력으로 의학하기>는 인간을 괴롭히는 병을 기념하는 날짜를 좇아가며관련 의학 지식을 쌓을 수 있는 책이다...+ 더보기,4,2024-11-04
350688827,달력으로 의학하기,16005965,라온혜윰,"🔖 매일 아침 듣는 라디오에서 청취자를 대상으로 진행되는 퀴즈 시간이 있다. 다양한 문제가 출제되는데, 주로 ""오늘은 ~ 날입니다""라며 그날의 기념일을 알려준다.이 책에는 약 40개의 기념일 중 24개의 기념일이 만들어진 배경과 역사적 상황, 그 안에 담긴 이야기가 쉽게 설명되어 있다. 관심 있는 질병부터 하나씩 읽어보는 것도 좋다. 저자는 의학의 발전이 과학자와 의사들의 노력만으로 이루어진 것이 아니라고 말하며, 잊혀서는 안 될 주인공 '환자'에게 초점을 맞췄다. 환자를 단순히 치료의 대상으로 보지 않고 의학적 연구의 중요한 참...+ 더보기",5,2024-11-16
350688827,달력으로 의학하기,15983844,좋은ee2,"""건강한 사회는 모든 구성원이 함께 만들어가야 해""감기 아닌이상 병원갈일이 없던 지난 날.아이와 몇년을 대학병원 오가며 각종 검사를하고올해 아이를 끌어안고 의료대란도 몸소 느끼고나니, 더욱 더 의학의 소중함을 절실히 깨닫고있어요. ㅠㅠ저는 주로 의학기념일 정보를인스타에서 팔로우하는 병원글 덕분에 알고있는데, 이제는 그냥 지나치지말고 한번 더 생각해 볼 수 있을것 같아요. 초등 고학년이면 충분히 읽을수있는 글이라 아이와 읽어보는것도 추천합니다. #어린이의학책 _________...☆☆ ""역사, 사회 과학, 건강까지한 번에 다루는 1석...+ 더보기",5,2024-11-07
350688827,달력으로 의학하기,16046528,요리도리,"이 서평은 출판사 - 네이버리뷰어스 클럽으로부터 서적을 제공받아 작성하는 것임을 밝힙니다.부쩍 몸이 약해진 것을 느끼게 되는 겨울이 왔습니다. 여러 가지로 건강에 관심을 가지게 되는 시기가 되면서 점점 먹을 것부터 해서 지식도 쌓아야겠다는 생각을 가지게 되었네요. 이 책을 보면서 건강 관련 상식+@를 쌓아볼까 싶었습니다.저자는 의사이자 만화가로 전문지식을 가지고 다양한 기념일과 관련된 의학이야기를 풀어냅니다. 일반적으로 의학 이야기는 참 어려운 것 같은데, 우리는 달력을 무심코 넘기곤 합니다. 그런 달력에 있는 ~~~의 날, oo의...+ 더보기",5,2024-12-02
350688827,달력으로 의학하기,16046896,랑이야랑이야,"의대를 희망하는 아이를 위해 좋은 책은 없을까 찾아보다가우연히 발견하게 된 #달력으로 의학하기 라는 책입니다. 기념일로 배우는 24가지 의학이야기가 담겨 있는 의학 교양서인데요. 역사, 사회, 과학, 건강까지 다루는 1석 4조의 효과가 있는 책이라 더 마음에 들었답니다.이 책은 김은중이라는 의사이자 만화가이신 분이 지으셨는데요.현재 이비인후과 원장이자, 고대 의료원 외래 교수로 활동하면서도 만화에 끈을 놓지 않고 지속적으로 만화를 그리고 있다고 하시네요.이 책은 총 4부로 이루어져 있구요.매일 쉬지 않고 일하는 내 몸/ 언제부터 병...+ 더보기",5,2024-12-02
350688827,달력으로 의학하기,16009216,ftts79,"•서평🏷•달력으로 의학하기: 기념일로 배우는 24가지의 의학 이야기지은이: 김은중출판사: 생각학교(생각정원)‘달력으로 의학하기’는 다소 어렵게 느껴질 수 있는 의학 이야기를 우리 일상과 맞닿아 있는 ‘기념일’이라는 흥미로운 주제로 풀어낸 의학 교양서입니다. 의사이자 만화가인 김은중 저자의 섬세한 시선과 친근한 일러스트로 꾸며진 이 책은, 질병과 건강에 얽힌 이야기들을 독자들이 쉽고 재미있게 이해할 수 있도록 도와줍니다.이 책은 단순히 의학적 지식만을 전달하는 데 그치지 않습니다. 총 4부로 구성된 이 책은 우리의 몸과 건강의 구조...+ 더보기",5,2024-11-18
350688827,달력으로 의학하기,16030879,풀떼기,"● 출판사로부터 도서를 제공받아 읽고 주관적인 관점에서 작성한 리뷰입니다 ●달력에 있는 기념일을 소개하면서 의학과 연관되는 내용을 소개해주는 책이 나왔다고 하여 호기심에 읽기 시작했다. 특히 십대 청소년에게 교양서로 읽힐만한 책으로 되어있어, 친근한 말투로 책은 시작한다.기념일은 총 24개가 소개가 되고 있고, 각 주제별로 짤막한 의학 상식이 소개되어있는 책이다. 우리가 잘 몰랐던 의학 기념일이 만들어진 배경, 역사적인 상황, 그 속에 담긴 감동적인 이야기까지 의학에 대한 내용이 어렵지 않게 풀어져나간다.저자는 이비인후과 원장님인데...+ 더보기",5,2024-11-27
350688827,달력으로 의학하기,15974167,younseo0401,"의학 기념일들이 만들어진 배경, 역사적 상황, 그 속에 담긴 감동적인 이야기를 달력을 한 장 한 장 넘기듯 읽을 수 있도록 쉽게 풀어냈다청소년들도 이해 하기 쉽게 그림이 자주 등장한다. 일상속에서 한번이라도 들어봤거나 궁금해 하는 것들을 재미있게 설명한다. 최신 트렌드를 맞는 지식이 독자에게 잘 와닿고 기억하기도 편하다😀고혈당과 저혈당 중 뭐가 더 위험할까라는 한 번도 생각지 못한 질문에 고민하게 된다주제 자체도 흥미롭다.단순히 고혈당으로 병원에 가니깐 위험하지만 저혈당은 쇼크로 이어질수 있어서 오히려  몸이 여러가지 방법으로 막...+ 더보기",5,2024-11-03
223308395,책장 뒤 비밀 공간에서 : 안네의 일기,11450974,은근공주,"안네의 일기를 알고는 있지만 끝까지 읽어본 기억이 없는것 같다.이번에 만나게 된 아르볼 N클래식 시리즈인 책장 뒤 비밀 공간에서가 안네의 일기라는 것을 알게 되고 아이와 읽을수 있도록 청소년 소설로 나온 책이라 읽어보기로 했다.     I 진정한 친구를 기다리며II 이야기 속에서 영원히 살고 싶어 두파트로 나눠서 이야기를 담고 있다.그속에는 다섯가지 핵심 주제인 성장, 사랑, 꿈, 자아정체성, 은신처 생활에서안네라는 인물에 대한 이야기를 담아두고 있다.     어린 안네는...+ 더보기",4,2020-01-21
223308395,책장 뒤 비밀 공간에서 : 안네의 일기,11423215,유미건우맘,"자기 자신으로 살고 싶었던 소녀, 안네 프랑크의 용기 있고 진솔한 고백!「책장 뒤 비밀 공간에서」성경 다음으로 가장 많이 읽혔으며, 2009년 유네스코 세계기록유산으로 등재된 안네의 일기! 나 역시 어린시절 책을 좋아하지 않았으면서도 어린이용 책과 어른용 책을 모두 읽었었다. 책장 뒤 비밀의 공간에서 8명이 함께 비정상적인 삶을 유지하며, 청소년기 성장통을 견뎌내야 했던 안네. 고작 십대의 나이에 전쟁을 겪고, 수용소에서 생을 마감해야했던 소녀. 그런 어린 소녀가 남긴 한권의 일기장은 세계에 이슈가 됐고, 많은 사람들은 독일이 저지...+ 더보기",5,2020-01-09
223308395,책장 뒤 비밀 공간에서 : 안네의 일기,11407511,승현엄마,책상 뒤 비밀 공간에서안네의 일기글 안네 프랑크그림 유보라옮김 고정아지학사 아르볼자기 자신으로 살고 싶었던 소녀 안네 프랑크안네의 용기있고 진솔한 고백단지 유대인 여자 어린아이라는 이유로 차별과 멸시를 받고 싶지 않은 안네안네는 인생에 용감하게 맞선다.용기와 믿음이 있는 사람은 불행 속에서 죽지않는 다는 믿음으로 산 안네훌륭한 글을 써서 기쁨과 행복을 가져오는 사람이 되겠다는 생각을 가지고 산다.전쟁이 끝나면 비밀별채라는 책을 내고 싶어 한다.해낼 수 있을지는 가봐야 알겠지만 이 안네의 일기가 토대가 되어 줄거라 믿는다.1942년부...+ 더보기,5,2020-01-02
223308395,책장 뒤 비밀 공간에서 : 안네의 일기,11413778,물딱제이,"책장 뒤 비밀공간에서  <안네의일기>""10대의 성장 이야기 담긴 청소년 문학도서로 성숙한 사고와 용기 있는 자기 성찰의 태도는 오늘을 살아가는 우리에게 많은 감동을 준다."" -책 속 글에서 발취글 안네프랭크Ⅰ 그림 유보라 Ⅰ옮김 고정아<책장 뒤 비밀 공간에서는> 다섯 가지 주제를 중심으로 새롭게 엮은 '안네의 일기' 입니다.생생한 묘사글뿐 아니라 전쟁, 차별, 사회 세태를 일기로 자신 만의 관점으로 솔직하게 표현된 안네의 일기읽으면서 우리와 닮아있는 전쟁속에서도 어떻게 저런 생각을 할 수 있을까?또 꿈을 꾸며 ...+ 더보기",5,2020-01-05
345913696,내 꿈의 플레이리스트,15839712,딥그린,이것 저것 하길 좋아하는 임고생 친구가 생각나서 선물하려고 샀는데 일단 표지가 예뻐서 좋았다,5,2024-09-10
345913696,내 꿈의 플레이리스트,15869751,s810204,🔖아이들에게 꿈에 대해 물어보면 쉽게 말하는 친구들도 있지만 그렇지 못한 친구들도 있다.꿈이요? '그냥 유투버? 뭐.... 에이 잘 모르겠어요.'그런가하면 '전 기타리스트가 되고 싶은데 엄마는 그냥 취미로 하래요.'라고 말하는 친구들도 있다.이렇게 꿈에 대해 아직 혼란스러운 우리 아이들이 읽으면 좋을 이야기다.✔이 책을 읽고 초6인 우리집 큰 아이의 꿈에 대해 이야기 하고 싶어졌다.그 아이는 애니메이터가 장래희망이다.애니메이터가 되려면 어찌 됐든 미대 진학을 목표로 해야한다는 것도 알고 그러려면 그림만 잘 그려서는 안된다는 것도 ...+ 더보기,5,2024-09-23
345913696,내 꿈의 플레이리스트,15877877,파인애플의애플,"십대를 위한 자존감 수업 09
[내 꿈의 플레이리스트 - 가장 보통의 나를 특별하게 기록하는 법]
홍이영 지음
자음과모음


꿈이 많아 걱정이라고요? 
이 책의 저자 홍이영 선생님은 고등학교 교사이자 유튜버, 글을 쓰는 작가이기도 해요. 꿈이 많다는&nbs...+ 더보기",5,2024-09-25
224600926,십 대를 위한 경제 사전,11483407,Ksjice,"✅ 경제를 알면 세상이 보인다.“경제학은 무엇 What 을 생산하고 , 어떻게  how 생산하고 ,누구를 위해 for from 생산하느냐의 문제를 탐색하는 분야이다. “🥕 미국의 경제학자 프랑크 나이트불평등, 소득 주도 성장, 자유 경제, 독과점, 사회적 비용, GDP와 같은 경제 관련 단어는 우리가 원하든 원하지 않던 간에 거의 날마다 미디어를 통해 접하게 된다. 그런데 많은 청소년들이 각 용어가 무엇을 의미하는지 알지 못하는 실정이다. (어른들도 마찬가지다)그러다 보니 기사 한 줄에 경제 용어가 두세 개만 들어가면 기사에서 무...+ 더보기",5,2020-02-05
2077812,존 벤이 들려주는 벤 다이어그램 이야기,6558902,다락방꼬마,수학을 못하는 아이들의 책에서도 눈에 띄는 부분들이 있습니다. 중학생이든 고등학생이든 1단원의 집합 부분은 누구보다 열심히 합니다. 다른 부분들은 깨끗한데 집합 부분만은 공부를 한 흔적 때문인지 기분 좋은 지저분함이 있습니다. 처음 마음먹고 공부를 하겠다며 펼치는 부분은 집합입니다. 하지만 재미있는 것은 항상 처음 만나는 단원이고 어떤 단원보다 열심히 하지만 그리 잘하지 못한다는 것입니다. 지금은 덜 하지만 늘 그렇듯 외우고 기계적으로 풀어나가고있기 때문은 아닐까합니다. 수학은 공식을 외우고 그공식에 맞춰 문제를 풀어나가는...+ 더보기,5,2013-08-31
2077812,존 벤이 들려주는 벤 다이어그램 이야기,13607694,소야둥이맘,요즘 둘째와 재미나게 읽고 있는 자음과모음 초등수학전집 읽으며수학의 문해력과 사고력을 키우고 있어요.햇살이 좋아서 놀이터 산책을 자주 즐기고 있는데요.오늘은 특별히 수학자가 들려주는 수학이야기 시리즈존 벤이 들려주는 벤다이어그램도들고 와서 야외독서를 즐겼답니다.  수학은 논리잖아요.초등수학전집 수학자가 들려주는 수학이야기는추상적인 수학의 개념을 실생활에서도 찾으며알아가니깐 아이가 수학에 흥미를 느끼고수학적 문해력을 키우기 참 좋다고 생각이 들었어요.존 벤이 들려주는 벤다이어그램은벤 다이어그램의 원리와 활용에 관한&...+ 더보기,5,2022-05-18
2077812,존 벤이 들려주는 벤 다이어그램 이야기,13234642,brontebeach,"초등 딸아이와 영어 라이팅 교재를 보다가 드래프트를 구조화하는 과정에서 아이가 벤 다이어그램의 개념을 모르는 것을 알게 되었스빈다.  당연히 아직 수학에서 배우지 않은 내용이라 모르는 것이 당연한데요, 라이팅 뿐만 아니라 개념을 도식적으로 구조화할 때 유용하게 활용되는 벤 다이어그램을 알고 있으면 좋겠다 싶어서 자음과 모음 출판사의 수학자가 들려주는 수학이야기 시리즈 중 16번 책 존 벤이 들려주는 벤 다이어그램 이야기를 아이와 함께 읽었어요.  벤 다이어그램은 수학 교과 과정 중 집합편에 나오는...+ 더보기",5,2022-01-05
2077812,존 벤이 들려주는 벤 다이어그램 이야기,12952501,수기,아이랑 책놀이 하는 시간에 오늘은 존벤이 들려주는 벤다이어그램이야기를 해보았어요자음과모음 수학자가 들려주는 수학이야기는교과연계 시기도 알려주고 학습목표를 정확하게 알려주어서 아이가 책을 조금더 가까이 할 수 있는것 같습니다아직초4 이지만 아이에게 맞는 설명으로 책을 가까이 할 수 있어요오늘도 집합이야기와 벤다이어그램을 연결지으며 재미있게 책읽는 시간을 잘 보냈습니다,5,2021-09-17
382427857,달콤쌉쌀 시간 한입,17023754,나나썬,"#달콤쌉쌀시간여행 #안녕로빈 #서평단여러 한국 요리를,너무 맛있게 적어주시고,그 내면에 할머니와 시간여행까지!각 챕터 끝에는 된장찌개, 미역구 레시피등아이들도 책을 읽고 요리를 하게끔!책 읽는 내내 군침이 돌았어요^^",5,2026-01-15
382427857,달콤쌉쌀 시간 한입,17088451,canbecando,"“그건 삶이야. 시간이고.” (p98)이 한 문장이내가 『달콤 쌉쌀 시간 한 입』을 읽으며 느낀 감정을 모두 정리해주었다.먹는다는 건 곧 사는 일이고,음식은 우리의 시간과 이어져 있다.그리고 그 시간을 가장 많이 책임지는 존재,‘엄마’와 ‘엄마의 엄마, 할머니’.이 소설은 우리나라 작가의 작품이 아니다.그럼에도 묘하게 익숙하다.아마도 할머니를 통해 이어지는‘맛의 혈연’ 때문이 아닐까.요즘은 음식을 통해 소원을 이루는 판타지도 많지만,이 이야기는 다르다.허황된 기적 대신우리가 음식을 먹을 때마다 스치듯 느끼는그 정체 모를 감정을‘추억...+ 더보기",5,2026-02-12
382427857,달콤쌉쌀 시간 한입,17043533,yjy202,"#도서협찬 📚 달콤쌉쌀 시간 한입 by플로라 안  🌱  재미 한국인 2세 작가 플로라 안!     한국인이자 미국인으로, 캘리포니아와 서울 사이에서 경계인으로 살아가며 품어 온  정체성과 가족의 비밀, 오해와 화해의 이야기!       한식 시간 여행 판타지!  🌱 ~작가가 재미 한국인 2세이다. 한번도 한국을 떠나보지 못한 나는 정체성에 대해 생각해 본 적이 없었던 것 같다. 적어도 난 그냥 한국인 부모 밑에서 태어난 토종 한국인이고 내 주변에 보이는 모든 이들도 한국인이기 때문이다. 그래서 고국을 떠나 타국에서 다른 나라의...+ 더보기",5,2026-01-24
382427857,달콤쌉쌀 시간 한입,17037909,jjo07,"#도서협찬 #달콤쌉쌀시간한입 #플로라안 #안녕로빈 #소설할머니가 차려주는 한식을 먹을 때마다 빠져드는 달콤하고 쌉싸름한 시간 여행 시간 여행 소재의 소설은 언제 읽어도 너무나도 재밌는 거 같다. 이번에 읽은 《달콤쌉쌀 시간 한입》 또 재밌어서 휘리릭 읽게 만든 힘이 있었다. 내가 시간 여행을 하게 된다면 어떨까 하는 생각을 해보는 것과 동시에, 단순히 과거나 미래로의 이동이 아니라 추억이 담긴 음식을 먹고 난 후 그 추억의 시간을 들여다보는 색다른 경험을 하게 되는 이야기를 담고 있다. 엄마와 단둘이 살고 있으면서 일에 치여 바쁜 ...+ 더보기",5,2026-01-22
382427857,달콤쌉쌀 시간 한입,17043542,쩡이,"#협찬 #서평>><<달콤쌉쌀 시간 한입>>은 시간 여행을 다루지만, 우리가 흔히 떠올리는 과거를 바꾸거나 미래를 미리 들여다보는 이야기는 아니다. 보통의 시간 여행이 ‘나의 과거’나 ‘나의 미래’를 향한다면, 이 소설은 방향부터 다르다. 할머니가 만들어 준 팥빙수 한 그릇, 된장찌개 한 숟갈, 미역국의 따뜻한 국물을 먹는 순간, 주인공 마야는 할머니의 기억 속으로 들어간다. 음식과 연결된 기억 속으로의 시간 여행이라는 설정은 낯설고, 그래서 더 큰 호기심을 불러일으킨다.마야는 미국에서 태어나 자라며 ...+ 더보기",5,2026-01-24
382427857,달콤쌉쌀 시간 한입,17044765,책읽는제니,"#도서협찬한국의 전통 음식과 시간 여행을 엮어 정체성과 가족의 상처를 풀어내는 따뜻한 성장소설. ✏️한국인 이민자 부모 밑에서 자란 변호사, 작가, 삽화가인 플로라 안이 쓴 이야기✏️재미 한국인 2세인 주인공 마야는 캘리포니아와 서울, 한국인과 미국인이라는 경계 위에서 흔들리며 살아간다. 그런 마야의 일상에 갑작스럽게 들어온 외할머니는, 말 대신 한식으로 마음을 건넨다.마야는 할머니가 차려 준 음식을 먹을 때마다 과거로 이동해, 할머니의 기억 속 장면들을 볼 수 있다. 팥빙수, 된장찌개, 미역국, 김밥 같은 음식들은 단순한 요리가 ...+ 더보기",5,2026-01-25
382427857,달콤쌉쌀 시간 한입,17048183,nyr114,"❤️도서협찬❤️《 달콤 쌉쌀 시간 한입 》ㅡ플로라 안● 할머니의 한식을 한입 먹는 순간, 과거로 빨려 들어가는 시간여행!➡️.과거에서 찾는 현재의 질문들, 회피하지 않고 마주하는 용기✡️. 한식의 맛처럼 겹겹이 우러나는 이야기ㅡ맛있는 음식을 먹는 순간, 시간여행을 떠난다! 아주 흥미로운 소재였다. 첫 장면부터 할머니는 ""팥빙수 날씨"" 를 이야기한다. 그런 날씨에 누군가가 만들어주는 팥빙수가 기대된다.  마야는 기분좋게 한 입 먹었는 데, 이상한 일이 일어난다. 1970년대 스타일의 젊은 할머니 김현숙, 마야엄마인 어린 유진의 엄마이...+ 더보기",5,2026-01-26
382427857,달콤쌉쌀 시간 한입,17020511,miseong.books,"미국에서 엄마와 단 둘이 살고 있는 '마야'.엄마는 일 하느라 바쁘다.어느 날 갑자기 할머니가 찾아왔다.치매 초기 증상인 할머니를잘 지켜봐야하는 '마야'.더운 여름날 대나무 돗자리에널부러져 있는데할머니가 팥빙수 기계를 들고 들어온다.팥빙수 날씨라며.얼음을 갈고, 팥을 얹고,바나나, 키위 그리고 딸기를 잘라 넣고자른 떡을 얹는다.마지막으로 연유를 뿌린다.더위를 잊게 해주는 팥빙수.한 입, 두 입 먹는 '마야'.그런 '마야'의 손을 갑자기꽉 잡는 할머니.순간 몸이 부르르 떨리고눈앞이 뿌옇게 흐려지더니세상이 사라져 버린다.눈 앞에 나타난...+ 더보기",5,2026-01-14
382427857,달콤쌉쌀 시간 한입,17045062,rainyday,"#도서제공 #안녕로빈저는 원래 청소년 소설을 참 좋아해요! <달콤쌉쌀 시간 한입> 역시 가볍게 펼쳤다가 결국 책을 손에서 놓지 못하고 끝까지 읽었네요. 한계 없는 상상력 그리고 흥미로운 이야기 전개, 게다가 술술 읽다보면 따라오는 숨겨진 교훈까지. 영어로 쓰였다가 번역된 작품이라는 게 믿기지 않을 만큼 문장도 자연스럽고 읽기 편했습니다.최근에 맛있게 먹었던 레인보우 크레이프 케이크가 떠오르는 소설이었어요. 크레이프 사이사이에 크림이 겹겹이 쌓인 모양처럼,, 다양한 색깔의 이야기와 레시피가 층층이 포개져 하나의 멋진 이야기...+ 더보기",5,2026-01-25
382427857,달콤쌉쌀 시간 한입,17014693,박효린,"사실 시간여행을 소재로 한 미디어들을 많이 접했는데 음식을 통해 시간여행을 하는 건 처음 보는 소재인 거 같아서 신박하다고 생각했다. 처음 이 책을 펼쳤을 때는 그저 할머니와 손녀가 음식에 대해 얘기하고 만드는 그런 책인줄 알았다. 앞서 말했지만 음식을 통해 시간여행이라니… 대박 👍🏻시간여행에 대해 과거와 미래를 설명해줄 때, 이게 무슨 소리지..? 싶었다. 내가 생각했던 과거, 미래의 시간여행과 이 책에서의 시간여행 설명에 뭔가 혼란이 있었다.이렇게 반전이 있을 줄은 차마 상상도 못했다. 마지막으로, 예쁜 표지에 속지 말자. ...+ 더보기",5,2026-01-11
294626641,경찰대학 사관학교 진로진학 특강,13634009,THEGREENOCEAN,경찰대학 사관학교 진로진학 과정을 자세하게 설명을 듣는다 수험생들의 궁금증을 이 책에서 설명하고 있다,5,2022-05-29
294626641,경찰대학 사관학교 진로진학 특강,13637335,블루레인,경착대학 사관학교 입시전략을 위한 정보들이 알차게 담겨있어 유익하게 볼 수 있어요,5,2022-05-30
294626641,경찰대학 사관학교 진로진학 특강,13638131,생각,"경찰대와 사관학교에 진학하려는 학생, 학부모, 선생님의 필독서",5,2022-05-30
294626641,경찰대학 사관학교 진로진학 특강,13634937,젊어서노세,"이 책 한 권으로 경찰, 장교 진로 탐색 제대로 해봅니다!",5,2022-05-29
294626641,경찰대학 사관학교 진로진학 특강,13637329,블루레인,경찰과 장교를 꿈꾸는 학생을 위한 최고의 안내서경찰대학과 사관학교에 대해 꿈꾸는 학생들과 진로 에 대한 정보를 알차게 만나볼 수 있어 부모들도 관심있게 볼 수 있을것 같아요. 경찰대에 진학과 관련해서 관심을 갖고 있는데 제대로 된 정보와 지식이 부족했는데 아이와 함께 보면서 입시에 대해 제대로 이해하고 준비해나가는데 도움이 되겠어요.막연하게 경찰대 사관학교를 꿈꾸기 보다는 우선 경찰대학 사관학교에 대해 제대로 이해하고 있어야 할 것 같아요.왜 경찰대학 사관학교를 선호하나?지원 경쟁률에 대해 비교해서 살펴볼 수 있고 사관학교의 전공 ...+ 더보기,5,2022-05-30
294626641,경찰대학 사관학교 진로진학 특강,13638127,생각,우리나라의 엘리트를 길러내는 학교가 여럿 있는데 그중 한곳이 경찰대다.경찰대는 경찰의 길에 꿈을 품은 학생들이 선호하는 곳이지만 그 입시 방법 등이 생소한 경우가 많다.이 책에서는 사관학교와 함께 경찰대에 대해서 소개한다.경찰로 진로를 정한 학생들 사이에서도 경찰대는 들어가기 어려운 편이다.경찰대의 입시 난이도에 대한 평가는 시점마다 다르지만 낮은 편은 분명히 아니다.그런 측면에서 이 책은 경찰대 입시에 꼭 필요한 안내서다.대충 준비해서는 들어갈 수 없기 때문이다.공무원들은 다른 직업군에 비해서 더 높은 윤리적 기준을 요구받지만 사...+ 더보기,5,2022-05-30
294626641,경찰대학 사관학교 진로진학 특강,13634947,젊어서노세,"<경찰대학 사관학교 진로진학 특강>저는 직업상담사로 근무하고 있습니다.상담을 하다보면 각자 토로하는 어려움들이 있습니다.다양한 이유들이 있지만 정보의 부족에 따른 진로 선택의 어려움은정말 안타까운 경우라고 볼 수 있습니다.아무리 정보가 넘쳐나고 손쉽게 확인할 수 있는 시대라도찾는 방법이나 정보가 존재하는 자체를 모르는 경우가 허다합니다.막연하게 몰라서 잘못된 진로선택을 하거나인생에 있어 중요한 기회를 놓치는 일은 없어야겠습니다.     <경찰대학 사관학교 진로진학 특강>은 제목 그대로경찰, 직업군인이 ...+ 더보기",5,2022-05-29
321841100,있는 그대로 인도,14880138,깐도리,"바로 약 6세기 졍 인도에서 유행했던 '차투랑가'라는 게임이 현대 체스의 원형이가. 차투랑가는 네 명의 경기자가 각각 한 개씩의 왕,비숍,기사 , 루크와 네개의 폰을 갖고 두 명씩 연합해 64개의 정사각형 위에서 싸우는 게임이다. 현대 체스와 매우 유사하다. 이후 차투랑가는 아라비아를 거쳐 페르시아와 유럽으로 퍼져 현재는 전 세계인의 사랑을 받는 게임이 되었다. (-29-)​​겉으로는 비동맹주의 외교를 추진한다고는 했으나 군사적 측면에서 인도는 구소련의 무기를 대량으로 구매하고 원자력 산업과 같은 국가 주요기간 산업에서는 구소련과 ...+ 더보기",5,2023-09-03
321841100,있는 그대로 인도,14858678,반가워요,"인도라는 나라를 떠올리면 생각나는 타지마할, 코끼리, 연꽃 등의 그림을 책표지에서 볼 수 있어서 반가웠어요. 있는 그대로의 인도 모습을 고스란히 전해줄 것 같은 초록색 바탕의 이 책의 첫인상은 저에게 친근하게 느껴졌어요.이 책의 저자는 한국의 유명 대학교뿐만 아니라 일리노이주립대에서도 공부했던 분이예요. 현재 인도와 관련된 업무를 하시면서 우리에게 잘 알려지지 않은 인도의 모습과 인도가 바라보는 미래의 청사진 등을 책에 담으려고 했다고 해요. 책을 읽어보니 이러한 저자의 열정이 고스란히 느껴졌고 인도에 대해 더 자세히 알게 되어 한...+ 더보기",5,2023-08-27
321841100,있는 그대로 인도,14817436,김민지,"이 책은 정말 “있는 그대로의 인도”를 이야기 한다. 요즘 티비 프로그램이나 sns와 같은 다양한 매체등에서 인도라는 나라가 조금 더 대중적인 여행지로 다가가고 있다. 이렇게 많은 이들이 인도를 마냥 ‘가난과 결핍, 여성 차별과 무질서한 모습’ 의 단면적인 면만 보고 최악의 여행지라고 칭하는 사람들을 많을 때, 나는 그 또 다른 면에서의 인도는 어떤 모습일까 궁금해했다. 그래서 그때부터 인도여행을 누구보다 간절하게 꿈꿨고, 내년에 인도에 갈 예정이다. 나처럼 인도 여행을 생각하는 여행자들이 아니더라도 평소 인도에 대해 부정적인 시선...+ 더보기",5,2023-08-10
321841100,있는 그대로 인도,14826716,대한제국,"📓『있는 그대로 인도』✒️김기상(지은이)연세대학교와 일리노이주립대에서 경영학과 경제학을 공부해 학사 및 석사 학위를 받았다. 기후변화와 공적 개발 원조(Official Development Assistance)와의 상관관계를 연구해 고려대학교에서 국제관계학 박사 학위를 받았다. 한국수출입은행에서 국제금융, 해외투자 및 공적 개발원조 등의 업무에 주로 종사했다. 2014년부터 3년간 한국수출입은행 파리사무소에서 근무했고, 2020년부터는 한국수출입은행 뉴델리사무소에서 근무 중이며, 우리나라의 공적 개발 원조를 인도에 지원하는 업무를...+ 더보기",5,2023-08-14
321841100,있는 그대로 인도,14829052,토마토스프,인도는 말도 많고 탈도 많은 나라로 알고 있습니다.오래된 카스트 제도에 여성의 인권은 보잘것없는 나라.피해 여성들의 소식은 뉴스에서 들립니다. 위생적이지 못하고 갠지스강은 더럽고.. 경찰도 믿을 수 없는 치안.수많은 이야기가 있음에도 불구하고인도를 다녀온 분들의 이야기는 또 가고 싶은 나라라고 합니다.왜일까요?  인도를 가고 싶어 하는 그 마음은 무엇일까? 궁금했습니다. 나는 다른 나라를 '여행자'로서 방문하지만인도는 '순례자'로서 방문한다-마틴 루터 킹 2세-있는 그대로 인도 ...+ 더보기,5,2023-08-15
321841100,있는 그대로 인도,14896498,pilsunheo,인도에 관한 책이다. 이 책은 청소년을 위한 인도 소개 책이다.하지만 내용이 너무 쉽거나 유치하거나 하지는 않다.청소년을 위한 책이지만 어른이 보기에도 상당히 괜찮은 책이다. 그리고 다른 어떤 인도 책보다 인도에 대한 상당히 많은 정보가 들어있다.그래서 마치 세계사 책 중 인도 부분만 떼어내어 만든 책 같다는 생각이 들기도 한다.​그리고 각 단원 마지막에 '함께 생각하고 토론하기' 코너가 있다.그래서 부모와 아이가 함께 읽고 각자의 생각을 나누어보는 시간을 가지는 것도 좋을 것으로 보인다.<목차>1부 나마스테! 인도2부 ...+ 더보기,5,2023-09-09
321841100,있는 그대로 인도,14820568,bookdiaryim,"#있는그대로인도#도서협찬#책추천'인도' 하면, 떠오르는 것들....'간디','요가','카스트제도','타지마할','히말라야', '수학', '흰두교', '뉴델리', '영국의 식민지','성폭력','인더스강' 등등 꾀나 많은 것들이 떠오른다.나는 이런 것들 이외에 아주 소름 끼치는 기억이 있다.가본 적도 없는 나라지만 나쁜 경험을 하고 온 것 마냥 가고 싶지 않은 나라! 나는 '인도'에 대해 조금은 무섭고 부정적인 이미지를 갖고 있다. 이유는 나의 지인이  '인도'로 봉사를 떠났던 시절의 이야기 때문이다. 나의 지인이 인도에서 대낮에 길을...+ 더보기",5,2023-08-11
321841100,있는 그대로 인도,14868976,lira,"있는 그대로 인도     내가 알고 있는 인도는 중·고등 시절에 짧게 배운 역사와 지리 중 일부 기억에 남은 것들, 뉴스 기사나 이런 저런 티비프로그램에서 들은 삼성이 인도에 큰 공장을 건설했다는 이야기, IT업계에서 인도가 막강하다는 이야기, 강간등 여성에 대한 범죄와 남녀차별이 심각하다는 등 지나치듯 들은 내용이 전부였다. 그러나 이런 한줄 뉴스기사 정도의 몇몇 정보만으로 인도를 안다고 할 수가 없다. 그런데도 나는 내가 인도에 대해서 어느정도 안다고 생각하고 있었던 것 같다. 왜 그랬는지는 모르지만.     ...+ 더보기",5,2023-08-30
321841100,있는 그대로 인도,15382104,제인의책읽기,"[서평] 있는 그대로 인도김기상 / 지음초록비책공방 / 출판사지금으로 부터 딱 10년전 나는 인도로 배낭여행을 떠났었다. 그때는 무엇이 끌렸는지 인도에 가보고 싶다는 마음으로 가득찼다. 인도에 대한 지식도 없이 떠난 여행, 부딪혀보고 경험해보는 것도 좋지만, 인도사람의 문화와 종교 그리고 지난 역사를 알고 떠난 여행이었다면 여행의 깊이가 달라지지 않았을까? 생각이 들었다. 블루시티라고 불리우는 조드뿌르라는 도시에 방문했을때 과거 브라만 계급이 신분의 차이를 나타내기 위해 집을 파란색으로 칠했다는 이야기를 들은적이 있었다. ...+ 더보기",5,2024-03-15
321841100,있는 그대로 인도,14852648,quddnrpark,"<<있는 그대로 인도>>는 청소년을 대상으로 글로벌 시대에 세계시민으로 살아가기 위한 문화 다양성을 알아보고 이해하는 <나의 첫 다문화 수업> 시리즈의 열한 번째 책이다. 이 시리즈는 모두 현지 체류 경험이 있는 저자가 그 나라의 실제 모습을 생생하게 담아냈고, 책을 읽고 활용할 수 있는 토론 주제와 논술 활동지가 수록되어 있다.​저자 김기상소장은  2020년부터 한국수출입은행 뉴델리사무소에서 근무중이며, 우리나라의 공적 개발 원조를 인도에 지원하는 업무를 담당하고 있다. 그는 이 책에서 인도 현지에...+ 더보기",5,2023-08-24
321841100,있는 그대로 인도,14821137,sj4u83,"인도하면 아직도 고등학교 때 친구들이랑 이야기하던 갠지스강 더럽다더라, 손으로 밥 먹는다 그런 것만 생각났었어요. 더욱이 뉴스에서는 여성 인권이 말살된 채로 죽었다 더라 같은 무서운 뉴스만 흘러나와 안 좋은 이미지만 가득했어요.하지만 인도가 워낙 큰 나라이고(책에 나오지만 우리나라 33배에요) 그런 만큼 인재도 많아서 앞으로 잘 알아 가야 하는 국가라는 것 정도는 알고 있었어요.있는 그대로의 인도는 청소년 책으로 출간되어 내용은 알차고 이해는 쉬워서 어른과 아이가 함께 읽기에 참 좋은 책이에요.우리가 잘 알고 있는 타지마할에 관한 ...+ 더보기",5,2023-08-11
11133651,청소년을 위한 꿈의 해석,9047045,강나루,"두리미디어의 '청소년을 위한'쓰리즈를 나는 좋아한다. 지적 허영심이 차서 어려운 고전을 읽기보다는 다소 쉽게 풀어쓴 이들 책들을 징검다리 삼아, 고전에 다가갈 수 있기 때문이다. 물론, 다큰 어른이 청소년을 위해서 쓰여진 이러한 책을 읽는다는 것이 다소 부끄러울수도 있다. 그러나 생각해보자, 자신의 전공분야가 아닌 다음에야, 청소년과 일반인이 특정분야에 대한 지적 수준이 얼마나 차이가 나는가! 겸손해지자, 나 자신이 잘모른다는 것을 인정하고 나의 마음을 비우고 이를 채워나가자!   쉽게 쓰여졌다는 생각을 하면서 쉽...+ 더보기",5,2017-01-12
11133651,청소년을 위한 꿈의 해석,4635333,행복단지,"심리학을 공부하는 사람이든, 아님 이런 학문에 관심이 있는 사람은 자연스럽게 프로이트의 꿈에 대해 접근하게 된다.
심리학은 내 안에 숨어있는 자신의 또 다른 나를 발견하는 기회를 가지곤 하는데 이상하게도 공부할수록 어렵다는 생각을 하게 된다. 그러나 자신을 객관적으로 보게 되는 기회인만큼 좀 더 나은 자신의 생활에 도움이 되기도 한다.
이런 경우 너무 어려운 책부터 접근하게 되면 오히려 더 어렵다는 생각으로 공부하게 되지만 청소년을 위한 책이나, 쉽게 풀어쓴 책부터 보게 되면 차근차근 알게 된다는 마음을 가질 수 있다.

프...+ 더보기",5,2011-03-15
11133651,청소년을 위한 꿈의 해석,4677920,서재필,"이 책은 <꿈의 해석>의 전모를 저자 개인의 소화된 언어로 충실하게 정리한다. 단지 요약 정리하는 책들과는 전혀 다르게, 저자 자신이 소화한 것을 명료한 언사를 사용해 밝힌다. 덕분에 독자는 거침없이 <꿈의 해석>의 세계로 풍덩 빠져 오묘한 세계를 한없이 누릴 수 있게 된다. 



이 책은 프로이트의 꿈 해석이 서양 지성사에서 어떤 위치에 있는지 살펴보는 것을 시작으로, 고대 해몽술과 프로이트의 꿈 분석의 근본적인 차이점, 꿈을 꾸게 만드는 동력, 꿈 왜곡, 꿈 출처, 꿈 작업을 거쳐 꿈을 해석하는 방...+ 더보기",5,2011-03-29
11133651,청소년을 위한 꿈의 해석,4647406,1you2you3,"두리미디어에서 나오는 청소년을 위한 동서양 고전 시리즈는 아이뿐만 아니라 저한 테도 읽기 어려운 고전을 만날 수 있는 기회이기에 매우 반가운 책입니다. 이 책의 장점이라고 한다면 바로 청소년의 눈높이에 맞춰 어려운 고전을 현시대에 맞는 다양한 해석으로 쉽게 풀어서 거부감 없이 만날 수 있게 한 점이라고 할 수 있습니다.

이번에 만난 정신분석학의 아버지라는 프로이트의 <꿈의 해석>은 ’ 카를 마르크스’의 책과 함게 20세기를 대표하는 사상서라고 하지만 정말  큰 결심을 하지 않는 한 여간해선 읽기 어려운 꿈의...+ 더보기",5,2011-03-19
11133651,청소년을 위한 꿈의 해석,4680674,랄랄라~,"청소년을 위한 꿈의 해석


 




     최근에 뇌와 관련된 책이 많이 출간되고 있어, 그동안 몇 권의 책을 읽으면서, 어렵다고 생각했던 뇌와 관련된 내용에 흥미로운 부분이 많음을 조금이나마 알게 되었다. 특히  뇌와 관련된 책이나 여러 책을 읽으면서 자주 거론되는 '프로이트'의 <꿈의 해석> 에 대한 부분적인 내용들을  접할 때마다 언젠가는 제대로 한 번 읽고 싶다 벼르고만 있었다. 그러면서 한 편으로는  예전에 한 번...+ 더보기",5,2011-03-30
11133651,청소년을 위한 꿈의 해석,4680745,비렴급제,정신분석학의 대가로 알려진 프로이트의 저서 중 가장 유명하다고 알려진 꿈의 해석은 무의식을 통한 심리적 행동을 해석한 것으로 우리가 흔히 접하는 심심풀이 해몽과는 뚜렷이 다른 양상의 모습을 보여준다. 꿈이라는 같은 주제를 다루고 있지만 해몽은 단순히 꿈을 통한 정해진 틀에 따라 일정한 해석을 통해 운수를 보는 것이라면 정신분석학에서의 꿈은 단순히 꿈을 통해 예측을 하는 것이 아니라 꿈에 담긴 사람의 심리를 파악하여 우리가 모르고 있던 무의식의 세계에서 그 사람의 성향이나 자신도 모르고 있던 자신의 모습을 파헤치고 있다. 꿈을 통...+ 더보기,4,2011-03-30
11133651,청소년을 위한 꿈의 해석,4680406,아담,"인간이 현실세계에서 이루고자 갈망하거나 염두에 두었던 일들이 자기 자신도 모르게 꿈속에서 나타나 실제상황처럼 일이 벌어지거나 희망사항들이 이루어지는 경험은 누구나 있기 마련이다.
이처럼 인간의 내면에 깊이 잠재하여 있는 사고, 감정, 본능, 충동, 갈등, 동기들로 채워져 있는 마음이 대부분 무의식에 자리잡고 있는데 무의식은 의식의 영역으로 쉽사리 바뀌지 않는다.
프로이트는 꿈을 통하여 무의식에 접근하기 용이롭다고 하여 삶을 지배하는 원인분석을 꿈의 해석에서 찾고자 했다.
이처럼 프로이트박사가 정신분석입문의 장으로 ""꿈의 해석""...+ 더보기",5,2011-03-30
11133651,청소년을 위한 꿈의 해석,4679972,레아,"고전이라고 불리는 책들에 대한 가치를 모르는 사람들은 없으리라. 그 중에서도 프로이트의 “꿈의 해석”이라고 하면 누구나 한번쯤은 들어보았을 것이며, 또 한번쯤은 읽어보기를 희망했던 책이라고 생각한다. 많은 추리소설이나 스릴러 같은 소설 드라마, 영화 같은 곳에서 인용하는 정신분석이라고 하는 분야를 최초로 창시한 프로이트의 대표적인 저서이기 때문이다. 

나 또한 추리소설도 좋아하고 그런 종류의 드라마나 영화도 좋아하기에 종종 등장하는 프로이트의 이론에 대해서 알아보고 싶다는 생각을 항상 하고 있기는 했었다. 하지만 생각보다 내용...+ 더보기",4,2011-03-30
11133651,청소년을 위한 꿈의 해석,8210146,쏘이책장,심리에 관심을 두자 프로이트를 모르고 지나갈 수가 없었다. 어떻게 보면 심리학 뿌리도 프로이트에서 나온다는 생각이 들었기 때문이다. 그래서 프로이트의 저서인 <꿈의 해석>을 읽어보려 했으나 읽어도 무슨 말인지 모르겠다는 평이 많았다. 그렇다면 프로이트의 <꿈의 해석>을 바로 읽기보다는 쉽게 풀어놓은 책을 먼저 읽어 보는 게 좋을 것 같아서 청소년을 대상으로 한 이 책<청소년을 위한 꿈의 해석>을 골랐다. 처음에는 조금 쉬워보였지만 뒤로 갈수록 읽기가 조금 힘겨웠다. 나는 그것이 이 책이 이야기를 어렵...+ 더보기,5,2016-02-04
11133651,청소년을 위한 꿈의 해석,4640801,ykj207,"두리미디어에서 나온 청소년을 위한 꿈의 해석!
프로이트의 꿈의 해석은 워낙 유명해서 몇 번 이름은 들어봤지만 
워낙 어려운 책이라 읽어볼 엄두를 내지 못했는데 이번에 청소년용으로 나온 이 책으로 꿈의 해석 읽기에 도전 중!!!
원전이 아닌 저자의 해설본이라 한결 가볍게 읽을 수 있는것 같다. 
아무쪼록 좋은 책을 내준 출판사와 저자분께 감사를! 
열심히 읽어봐야겠다! 책 한권을 다 읽고나면 프로이트를 이해할 수 있게 될까..?!!",5,2011-03-17
343710240,시간이 부족해 국어 시험 망친 십대에게,15746231,봄햇살,"인간 대상 연구를 통해 발견한 딜레마, 신드롬, 효과, 법칙을 망라하여 설명하는 책. 국어시험에 나오는 범위보다 살짝 넓다. 집에 소장하면 십대들에게는 상식이 확장되고, 보호자가 함께 읽으면 자각이 되는 책. 살짝 아쉬움은 출처가 없다. 하지만 근거를 찾는 재미를 줄 수 있을 것이다.",5,2024-08-04
343710240,시간이 부족해 국어 시험 망친 십대에게,16360485,함박꽃,제목과 내용이 달라요,1,2025-04-06
343710240,시간이 부족해 국어 시험 망친 십대에게,15824905,cherry,"[초봄책방]의 책은 이번이 세번째입니다.출판사의 이름이 너무 예쁜데다 읽는 책마다 만족도가 높아서 신뢰가 가는 출판사입니다.중학생인 아이가 비문학이 어렵다는 말을 한 적이 있는데 사실 대수롭지 않게 여겼습니다.학교에서는 교과서 위주의 수업을 받고 시험도 교과서 지문으로 보는데다 비문학이라고 해봐야 학원에서 고교생 대상의 교재로 수업한다는 말을 들었기 때문에 어렵다고 느끼는 것이 당연하다고 생각했거든요.하지만, 서평 코너에서 [초봄책방]의 [시간이 부족해 국어 시험 망친 십대에게]를 보는 순간 저희 아이도 어휘력이 문제일 수 있다는 ...+ 더보기",5,2024-09-03
343710240,시간이 부족해 국어 시험 망친 십대에게,15787588,hodgeandpodge,"비문학 지문을 읽고 문제를 풀이해 본 경험이 있는 학생이라면 모두 공감할 ‘시간 부족’ 문제를 책 제목에 거론하는 점이 흥미로워 관심이 생겼던 책입니다. 조금만 더 시간이 주어졌다면 주어진 비문학 지문 내용을 제대로 파악하여 문제를 오답 없이 풀었을 것이라고 생각하는 학생들이 정말 많을 것 같습니다. 일단 제가 과거에 그랬습니다. 이와 관련해서 국어 시험을 강의하는 강사들 중에서 일부는 배경지식의 중요성을 강조하기도 했던 기억이 있습니다. “시간이 부족해 국어 시험 망친 십대에게” 역시 비슷한 맥락에서 지금껏 국어, 독서, 언어 시...+ 더보기",5,2024-08-21
343710240,시간이 부족해 국어 시험 망친 십대에게,15824161,djkidol,"현실의 교육 과정에서나 일정한 시험 대비 공부를 하는 입장에서도 국어라는 과목과 의미는 서로 다른 관점에서 다가올 것이다. 아무래도 이를 잘하는 이들이 있는 반면, 상대적으로 부족한 어휘력이나 문해력 등으로 인해 매우 어렵게, 혹은 지루하게 느끼는 이들도 공존하고 있다는 점에서도 책에서 표현되는 의미가 현실적인 도움을 줄 것이며 우리가 단면적으로 알았던 국어 공부법이나 시험대비법 외에도 어떤 형태로 해당 과목을 접하며 더 나은 성장과 결과를 남기기 위한 공부를 해나가야 하는지, 책을 통해 접하며 충분히 알아 볼 수 있을 것이다.​&...+ 더보기",5,2024-09-03
343710240,시간이 부족해 국어 시험 망친 십대에게,15810557,안진옥,"#책서평 #책리뷰 #시간이부족해국어시험망친십대에게 #이윤옥 #알아두면좋을딜레마 #신드롬 #효과 #법칙 #초록책방 #컬처블룸서평단 문해력을 국어 교육학 사전에서 찾아보면 ""의사소통을 목적으로 하는 문자 언어의 사용 능력"" 이라고 정의한다. ""그게 무슨 뜻이에요? 요즈음 교사들이 수업 중 가장 많이 받는 질문이란다. 문장의 맥락을 이해하지 못하거나 문단과 문단의 관계도 파악하지 못한 책 읽어내김나 하는 경우도 많다. 문해력을 높이는 것은 꾸준한 독서만 한게 없지만 요즈음 중고생들의 학업성취도에 도움을 주는 데 목적을 가지고 독...+ 더보기",5,2024-08-30
343710240,시간이 부족해 국어 시험 망친 십대에게,15796884,읽고또읽어,<초봄책방>시간이 부족해 국어 시험 망친 십대에게알아두면 좋을 딜레마.신드롬.효과.법칙국어 시험 시간을부족하지 않게 해주는 마법어휘력의 중요성 귀에 따갑게 듣고 있어요.국어든 영어든 결국은 어휘력이 좋아야문제의 핵심을 이해하고 정답을 맞힐 수 있어요.​요즘 특히나 신조어 줄임말 등 MZ 용어로외계어들이 많아져서더욱더 어휘력에 신경 써야 합니다.​독서가 습관화되어 많이 읽고생각나누기하면 좋은데..우리 집 우주최강 아이들 스마트 기기와IP TV에 빠져 독서와 멀어졌어요. ㅠㅠ그래서 초승달이 먼저 독서하는 모습을많이 보여주려고...+ 더보기,5,2024-08-25
343710240,시간이 부족해 국어 시험 망친 십대에게,15789598,hihikji,"이 책을 읽고 싶었던 이유는 국어 모의고사를 볼때면, 시간이 부족해 쫓기듯이 지문을 읽고 그 속에서 답을 찾아내려고 했던 고등학교 시절 내가 떠올라서였다.왜 시험이 부족했을까? 돌이켜 생각해보면서 국어 지문에는 정말 어려운 단어들이 가득했던 거 같다. 일상에서 잘 쓰지 않는 단어들을 주어진 한 문장의 정의만으로 해석하는 건, 정말이지 고등학생이었던 나에게는 상당한 압박감을 주었다.고등학생 때 나에게 이런 좋은 책이 있었다면, 아는 어휘가 나왔다는 반가움뿐만 아니라 갖고 있는 지식으로 바탕으로 시간도 단축하고 지문의 이해도도 더 높아...+ 더보기",5,2024-08-22
343710240,시간이 부족해 국어 시험 망친 십대에게,15811096,dldkdud84,"학창시절, 항상 국어 시험이 어려워 점수가 낮게 나오고결국 수능도 등급이 낮게 나와 좌절감을 느낀 기억이 납니다.독서는 하긴 했지만 다양한 분야도 아니었고 어려운 개념들을 이해하려고 하기보단 그냥 글자를 읽은 수준에서 끝내버렸기 때문인것 같습니다.​오랫동안 국어와 독서 논술 교육 현장에서 일해오신 이윤옥 저자는아이들의 문해력이 점점 문제가 되는 이 시점에서 여러 교과목에서 다루는 개념어들을 알아둔다면 학업 성취도에 조금이나마 도움이 되지 않을까 싶어 이 책을 만드셨다고 합니다.차례를 보시면 딜레마, 효과, 신드롬 이렇게 세가지 파트...+ 더보기",5,2024-08-30
343710240,시간이 부족해 국어 시험 망친 십대에게,16360480,함박꽃,"맥거핀 효과를 설명한 꼭지는 이렇게 끝난다. ""흔히들 '제목에 맊인다''는 표현을 쓰는데, 이것도 맥거핀 효과를 노린 것이라 볼 수 있다. 포털사이트 뉴스 기사를 제목만 보고 클릭했더니 제목과 무관한 내용이거나,정보 제공 기사인 줄 알았는데 광고인 경우가 그 예이다."" 딱 이 책을 두고 한 말이다. 제목에 제대로 낚였다.진쩌 시간이 부족해 시험을 망친 학생들을 돕고 싶어 이 책을 학교 도서관에 수서한 걸 후회한다.",1,2025-04-06
343710240,시간이 부족해 국어 시험 망친 십대에게,15834934,프리지아,"시간 조절을 잘해야 유리한 수능 및 모의고사 시험에서는 지문을 빠르게 해석하고 문제 푸는 감각을 익히는게 중요한데 내용이 이해 안가서 여러번 읽다가 시간만 흘러가서 문제를 끝까지 못풀고 끝난 경험을 해본적 있을 거에요. 수능에서뿐만 아니라 뉴스, 시사 프로그램을 시청할때도 용어를 몰라서 콘텐츠를 정확하게 이해하지 못해 답답했던 적이 있을 것입니다. 평소에 배경지식이 풍부해야 시험 성적이 올라가고 일상 생활에서도 빠르게 콘텐츠 내용을 흡수 할 수 있는데 이 책은 긴가민가 했던 용어들을 체계적으로 정리해놓아...+ 더보기",5,2024-09-08
343710240,시간이 부족해 국어 시험 망친 십대에게,15802121,42zone,"다양한 분야의 용어나 개념어를 많이 익히면 상식과 교양을 넓히는 데엔 도움이 되겠지만, 국어시험 제시문을 독해하기 위해 이런 개념어를 알고 있을 필요는 전혀 없다. 이는 단순한 퀴즈 풀이에나 유용한 정보일 뿐이다. 이보다는 지식인들의 글을 다양한 글을 통해 문장과 문장, 단락과 단락을 유기적으로 조직하고 연결하는 맥락(텍스트를 바깥에서 둘러싸고 있는 콘텍스트)을 간파해내는 사유의 힘을 기르는 훈련이 훨씬 효과적이고 중요하다. 이를 위해 특정 주장과 논지를 담고 있는 다양한 분야의 글을 비평해보는 훈련을 지속적으로 반복하면 큰 도움이...+ 더보기",2,2024-08-27
272054,고교생이 알아야 할 고전 1,364271,미정,"저는 이책 고전 문학 파트를 공부하기 위해서 보고 있습니다. 꼭 알아야할 고전 문학작품이 수록되어 있어서요, 무엇보다 좋구요, 더욱이 수능을 준비하시는 고교생이나, 임용시험을 준비하시는 예비 국어 선생님들은 필히 읽어두셔야할 책인듯합니다. 역주도 잘 나와 있구요, 작품 해제도 있으니까 공부하시는데 큰 도움이 될 듯 합니다. 한 작품씩 정리하면서 읽고 있는데, 시간이 걸리더라도, 저에게 큰 도움이 되는 것 같아요, 우리들의 고전, 우리가 관심을 가지지 않으면 누가 관심을 가지겠어요. 내용은 우리에게 친숙한 것들도 참 많거든요, 그러니...+ 더보기",4,2003-07-01
298691516,WHY NOT? 유튜버,13852193,초록요정,"오래전 부터 유튜버에 대한 로망이 내게 있었지만 선듯 나서질 못하고 있다가우리집 꼬마가 관심이 있는지 이런 저런 질문을 던지는데 대략적으로 답해주기가 곤란하다는 걸 느끼게 되었다.청소년이 이해하기 쉽게 잘 설명된 유튜버 관련 서적이 필요했었는데,정말 이런 필요한 책이 적재적소에 짜잔! 하고 나타나 주어 얼마나 고마운지 모른다.​ TALk show출판사는 청소년들의 진로와 직업 탐색을 도모코저 잠프러포즈 시리즈중의 하나인<WHY NOT? 유튜버> 는 작가 김켈리7~8년 초등교사로 임하다가 현재는 전업 유튜버 작가이기도 하다...+ 더보기",5,2022-08-16
298691516,WHY NOT? 유튜버,13848853,단미그린비,"‘유튜브나 소셜 미디어에서 사람들의 마음을 사로잡기 위해서는 세 가지 요소를 항상 기억해야 해요. 그 세 가지 요소는 바로 ’재미, 공감, 정보‘입니다. 그 세 가지 중에 하나만 제대로 잡아도 많은 사람들의 마음을 사로잡을 수 있어요.’​‘일단 자기가 제일 관심 있고 잘 살릴 수 있는 분야나 주제를 찾는 것이 중요해요. 영상을 꾸준하게 만들어야 하는데 관심이 없는 분야의 영상을 계속해서 만들어내는 것은 쉽지 않으니까요. 나에게 여러 관심사가 있다면 그중에서도 대중의 관심이 높고, 영상으로 잘 살릴 수 있는 분야를 하면 더 ...+ 더보기",5,2022-08-15
5819585,이 놀라운 조선 천재 화가들,8887907,몽이엉덩이,아주 쉽게 설명이 되어 있어서 이해하기가 쉬웠다.근데 내가 원한건 좀더 상세한 설명과 그림들이었는데 학생들 보라고 만든거 같다.,4,2016-11-07
5819585,이 놀라운 조선 천재 화가들,3373419,소조,"그들이 없었다면 조상님들의 생활모습을 이해하기 힘들었을것이다 
예술가들은 현재를 위한 향기를 남기네 ~~ 
한곳에 괸심을 쏟는다면 당신도 천재가 될수있다 
가상의 자신을 만들지 말고 현재의 나를 멋지게 만들자~ 
미래를 향한 기쁨을 위해서~~",5,2010-01-27
5819585,이 놀라운 조선 천재 화가들,6507267,piggy1,"저자의 말대로 서양그림에 익숙한 우리에게 우리 그림을 보는 즐거움을 느낄수 있게 해주는 책이었습니다.따라 그려보고 싶네요. ^^
커다란 판형이라 그림을 감상하는 즐거움이 있었습니다.==================================================서문에서~< 우리 그림을 보는 방법>하나, 화가의 성장배경, 즉 어떤 집안, 어떤 분위기에서 자랐는지, 또 화가가 살던 당시의 나라 상황은 어떠했는지를 알아본다.둘, 어떤 일에 관심이 많았는지, 그림에서 숨은그림찾기 하듯 꼼꼼하게 살펴보며 화가의 재치는 ...+ 더보기",5,2013-08-05
346159186,불편한 질문들이 사회를 발전시킨다고? : 사회학,15846320,mint28,"들려주는 가장 쉽고, 친절한 사회학!사회학의 개념부터 주요 학자들의 이론까지 총정리!!!목차1부 사회학, 개인과 사회를 연결하다01 원래 그런 것은 없다어린이가 옛날에는 없었다고?초콜릿 하나로 밤새도록 이야기하기사회학적 상상력을 알려드립니다02 사람들의 삶을 변화시킨 결정적인 사건들옛날에는 등산을 하지 않았다스마트폰이 가져다준 행복과 불행6·25 전쟁과 IMF 구제금융 사태가 한국인들에게 끼친 영향03 한국 사회의 가장 큰 문제점 세 가지평생을 비교당하고, 비교하는 사람들불평등은 어쩔 수 없는 것이 아니다차별과 혐오가 사라지려면?0...+ 더보기",5,2024-09-13
346159186,불편한 질문들이 사회를 발전시킨다고? : 사회학,15852048,nan7070,"#불편한질문들이사회를발전시킨다고 #주니어대학 #사회학 #오찬호_글 #조원희_그림 #비룡소 #서평단 #서평 #책추천주니어대학 시리즈가 있는 줄 이번에 처음 알았다. 진작에 알았으면 아이들과 진로에 대해 이야기할 때 활용하는 건데. 지금이라도 각 학문에 대해 몇 가지는 갖추고 아이들과 이야기하면 좋을 것 같다는 생각을 했다.단순히 학과나 학문에 대해서만 설명하고 안내하는 책은 아니었다. 어쩌면 학문에서 진짜 다루어야 할 핵심적인 질문들을 책이 던져주고 있다는 생각이 들었다. 이번 편이 '사회학'이어서인지, 우리가 갖고 있는 사회적 편견...+ 더보기",5,2024-09-15
346159186,불편한 질문들이 사회를 발전시킨다고? : 사회학,15865650,라온혜윰,"청소년을 위한 전공 탐색 안내서 [주니어 대학]에서 신간이 나왔다. ‘사회학’으로 세상을 들여다보는 책으로 사회학의 개념부터 주요 학자들의 이론까지 사회학자인 저자가 친절히 설명해 준다.“사회학은 한마디로 말한다면 ‘관계’를 고민하는 것이에요. 어떤 역사와 문화가 얽히고설켜서 무엇이 존재하게 되었는지를 따지는 것이죠. -p.22”사회학의 정의와 연구 방법, 방법론에 대한 기초부터 사회학자들이 해석한 개념, 사회학에 관한 질문과 답변을 읽으며 궁금했던 사회학에 대해 알 수 있었다. 살아가며 당연하게 여기던 고정관념에 우리는 얼마나 많...+ 더보기",5,2024-09-21
346159186,불편한 질문들이 사회를 발전시킨다고? : 사회학,15865748,ftts79,"서평🏷•불편한 질문들이 사회를 발전시킨다고? - 사회학오찬호 글 / 비룡소 📘<어린이서평>P8사회학이 세상에 던지는 질문이 여러분의 주변을 돌아보게 하는 계기가 되었으면 좋겠어요 💬  '한국인들은 평생을 남과 비교하며 살아가요 외모, 성격, 대학 회사 연봉 등등 끝도 없지요 본인도 모자라 자녀의 인생까지도 비교하며 웃고 울지요 이는 경쟁에 너무나 익숙하기 때문이에요.' 위 글은 우리가 비교당하고 비교하는 것에 너무나도 익숙해져 있다는 것을  표현하는 주장이다. 나는 이글을 읽으면서 내 자신을 다시 한번 돌아보게 되었...+ 더보기",5,2024-09-21
346159186,불편한 질문들이 사회를 발전시킨다고? : 사회학,15860328,단빵,#불편한질문들이사회를발전시킨다고#비룡소#주니어대학 #사회학#오찬호글 #조원희그림#서평단사회 수업에서 인권 교육을 할 때마다 느끼는 점은어떤 주제는 인권에 대한 아이들의 발산적 사고가 가능한데..어떤 주제는 한없이 수렴하게 되며..결론조차 유튜브 알고리즘의 편협한 시선 그대로를 보는 듯하게 쏟아내는 아이들을 보게 된다.그때마다 한쪽 문을 열어주려고 노력하는데 쉽지는 않다.8p 사회학이 던지는 질문이 여러분의 주변을 돌아보게 하는 계기가 되었으면 좋겠어요22p 사회학은 한마디로 말하면 '관계'를 고민하는 거예요26p 지금의 내가 당연하...+ 더보기,5,2024-09-19
346159186,불편한 질문들이 사회를 발전시킨다고? : 사회학,15865699,꼬부기칩,"우리가 한 번쯤 생각해 봤지만 답을 명확하게 내릴 수 없던 불편한 질문들이 이곳에 있다. 세상을 바라보는 명쾌한 시선. 지금의 청년층의 불안의 기저에는 무엇이 깔려 있는지, 소속감은 자살률에 어떠한 영향을 끼치는지 알 수 있다.  청소년들의 인격 소양 사회학 학습서! 무겁기만 한 세상 이야기를 가볍게 다가갈 수 있어 좋았다.#불편한질문들이사회를발전시킨다고 #비룡소 #오찬호 #사회학 #주니어대학 #청소년 #도서협찬 #도서제공 #서평단",5,2024-09-21
346159186,불편한 질문들이 사회를 발전시킨다고? : 사회학,15857873,파인애플의애플,"주니어 대학
[불편한 질문들이 사회를 발전시킨다고? - 사회학]
오찬호 글 / 조원희 그림
비룡소


비룡소 주니어 대학 시리즈 신간인 사회학을 읽어보았어요.

사회학이라니 성인인 제게도 머리가 지끈, 마음이 불편하고 어렵게만 느껴지네요. 그럼에도 이 책을 아이와&nbsp...+ 더보기",5,2024-09-18
346159186,불편한 질문들이 사회를 발전시킨다고? : 사회학,15889336,공하,"이 책은 청소년들을 포함한 사회학 초심자들을 위한 ‘사회학’ 입문서이다. 1부, 2부, 3부로 나어져있으며 한 장씩 읽다 보면 사회학과 가까워지는 나를 발견하게 된다. 1부에서는 개인과 사회를 연결하는 사회학이 다양한 주제들을 통해 그려지고 있다. 1부의 이야기들은 우리 사회를 보다 능동적으로 바라볼 수 있도록 해준다.  2부에서는 사회학의 거장들을 소개하고 있다. 학생들도 쉽게 읽을 수 있도록 단순한 인물 소개가 아니라 현재의 사건에 거장들의 생각을 자연스럽게 녹여내는 형식으로 풀어내었다.&n...+ 더보기",5,2024-09-30
346159186,불편한 질문들이 사회를 발전시킨다고? : 사회학,15865747,꿈꾸는별,"비룡소의 '주니어 대학' 은 대학에서 배우는 학문을 재미나게 소개하는 청소년 인문 교양서 시리즈입니다. 사회학자가 사회학의 개념, 주요 학자들의 이론, 열 가지 질문과 답변으로 사회학에 대한 궁금증까지 청소년의 눈높이에 맞게 아주 쉽고 친절하게 설명해줍니다. 청소년을 위한 책이지만 어른인 저 역시 이 책을 읽으면서 사회학의 중요성과 현대 사회의 문제점에 대해 다시 생각해보게 되었어요. 책을 읽기 전에는 제목을 보고 진로를 결정하기 위한 청소년들을 위한 책이라고만 생각했는데 책을 다 읽고 나니 이 책은 사회학에 관심 있는 학생들만을 ...+ 더보기",5,2024-09-21
608070,세계의 지붕에 첫발을 딛다,785936,막힘없는세상,"전 초등교사입니다.
책을 좋아하고 특히 아이들이 읽어서 좋은 책에 대한 관심이 많은편입니다.
이 책은 저의 친동생이  쓴 최근의 책입니다.
내 동생이라서가 아니라 정해왕이 쓴 글은 살아 있습니다.
감동이 있고 바른 삶의 모습이 있습니다.
'오른발, 왼발' 이 그랬고 '장애를 이긴 사람들'이 그랬습니다.
 
이 책을 받은 날 저녁 간단히 축하 파티 ( 동네 호프집에서 치킨과 낙지 소면을 같이 먹음)를 연 뒤 
집으로 돌아 와 이 책을 읽었습니다.
우선 여러장의 멋진 에베레스트 사진을...+ 더보기",5,2005-12-17
375532863,고전툰 2,16910977,초고,"마이클 샌델의 ‘공정하다는 착각‘을 얼마전에 읽었었는데, 그와 비슷한 내용이 있어서 반가웠습니다. 중학생인 아이들도 쉽게 읽을 수 있고, 만화로 된 부분도 나와서 접근하기가 더 쉬웠습니다. 아이들과 꼭 함게 읽어보시길 추천드립니다.",5,2025-11-30
375532863,고전툰 2,16884352,인디캣,"고전툰 경제 편에서는 애덤 스미스 국부론, 마르크스 자본론, 헨리 조지의 진보와 빈곤, 소스타인 베블런의 유한계급론 그리고 조선 후기 실학자 박제가에 이르는 여정이 펼쳐집니다.『고전툰 2: 경제』는 경제를 단순히 돈의 문제가 아닌, 인간의 선택과 가치의 문제, 즉 사람이 더불어 잘 사는 법을 연구하는 인간 사회의 이야기로 풀어냅니다. 정치 편이 정의와 질서를 물었다면, 경제 편은 부의 기원과 분배, 그리고 불평등의 구조를 파헤칩니다.경제학의 두 거장, 애덤 스미스와 카를 마르크스의 사유는 현대 자본주의를 이해하는 데 필수적인 핵심 ...+ 더보기",5,2025-11-18
375532863,고전툰 2,16899162,하놀,"유튜브에서 재미와 정보를 주는 영상들을 떠올리며 책은 이야기를 시작한다. 겉으로 보기엔 이타적인 콘텐츠 같지만, 대부분의 유튜버들은 더 많은 구독자와 광고 수익, 인지도를 얻기 위해 영상을 만든다. 자기 이익을 좇아 움직이지만 결과적으로 많은 사람에게 웃음과 지식을 나눠 준다는 점에서, 이는 애덤 스미스가 말한 ‘보이지 않는 손’을 설명하는 좋은 비유다. 사람들은 각자 이익을 위해 행동하지만, 경쟁과 교환이 이루어지는 시장에서는 그 이기심이 전체의 부와 번영으로 이어질 수 있다는 것이 스미스의 핵심 주장이다.이 책은 이 추상적인 개...+ 더보기",5,2025-11-25
375532863,고전툰 2,16901015,csycsy3,"지식이 넘쳐나는 AI 시대, 생각하는 힘이 사라졌다.사람들은 각자 자신의 이익을 좇지만, 경쟁과 교환이이뤄지는 시장에서는 그 행동이 사회 전체의 이익으로연결될 수 있습니다. 스미스가 말한 '보이지 않는 손'은이런 자율적 조정의 힘을 가리키는 말입니다.정부가 인위적으로 산업을 보호하거나 보조금을 남발하면, 효율성이 떨어지고 오히려 사회 전체의 자원은낭비됩니다. 물론 단기적으로는 불황과 고통이 따를 수있습니다. 그러나 장기적으로 볼 때 자유로운 시장경쟁이야말로 가장 효율적이고 공정한 자원 배분을보장합니다.시장의 자율성만큼이나 ...+ 더보기",5,2025-11-25
375532863,고전툰 2,16882256,자오웨이,고전툰 두번째 이야기 경제아주 새로운 청소년 민주시민 교양 시리즈 답게아이들과 읽기에 좋았어요특히 무슨 철학이네 어쩌네 이런 접근으로 다가가면아이들이 질색팔색이었는데 만화삽화와 함께다양하게 생각할 수 있는 주제등이 나오면서대화로 물꼬를 트면서 서로의 생각을 교환하는시간을 가지기에 좋습니다왜 많은 교사분들이 추천하는 책인지 알수 있었어요,5,2025-11-17
375532863,고전툰 2,16869503,글로벌썬,"이 책은 채성모의 손에 잡히는 독서모임에서 제공받아 작성한 리뷰입니다.경제라 하면 숫자와 그래프, 냉정한 시장 논리의 언어가 먼저 떠오른다. 그러나 <고전툰 경제편> 은 그 단단한 문턱을 부드럽게 낮춘다. 고전 경제사상가들의 목소리를 만화로 불러내어, 복잡한 이론을 삶의 장면 속으로 자연스레 끌어들인다.한 컷 한 컷은 단순한 설명이 아니라 사람과 돈, 그리고 세상'의 관계를 되묻는 대화처럼 흘러간다.만화라는 형식 덕에 이해는 쉽지만, 여운은 깊다. 웃으며 넘긴 페이지 끝에서 우리는 문득 깨닫는다. 경제란 결국 숫자의 논리...+ 더보기",5,2025-11-11
375532863,고전툰 2,16926099,이상순,"ㅡ뉴스툰을 재미있게 읽었던 기억에고전툰이 나왔다고 알려주니 정말 기뻐했어요‼️ 하루가 빠르게 세상은 변화해가고 있어요.작년에 서평한 AI 관련 책의 내용이 예측에서 현실로 다가 왔다는 사실에 놀라움을 느낍니다.우리 아이들지식을 알아가는 것도 물론 중요하겠지만,변하지 않는 인간의 본성을 이해하는 힘과 세상의 흐름을 볼수 있는 통찰력은 이제는 지식보다 먼저 갖춰져야할 부분인것 같아요.이 책은 인간의 본성과 세상의 흐름을 함께 가지고 가고 있어요.다양한 관점들의 발자취를 따라가며 그 시대를 이해하고,자연스럽게 '나'와 '타인'을 바라볼 ...+ 더보기",5,2025-12-05
375532863,고전툰 2,16899717,넷이라좋아,"학창시절에 경제는 늘 어려운 과목이었었고 그 안에 등장하던 인물들의 사상이나 생각들도 너무 어려워했던 기억이 있는데 우리 아이들은 조금은 쉽게 경제를 접했으면 하는 바람으로 청소년기 아이들과 함께 읽어보고 싶었던 고전툰 시리즈네요. 쉽게 이해할 수 있게 해주는 것을 넘어서 이해하고 생각하는 지혜를 더 기르도록 기획되었다고 하니 어찌보면 더 필요한 책이 아닌가 싶더라구요.고전툰 2 경제 부분에서는 5편의 고전을 골라서 설명하고 생각해볼 기회를 주고 있어요. 애덤 스미스의 <국부론>, 카를 마르크스의 <자본론>, ...+ 더보기",5,2025-11-25
375532863,고전툰 2,16869290,이영두,"고전툰 2 : 경제  / 강일우•김경윤•송원석마크 트웨인은 이렇게 말했다. ""고전이란 누구나 읽어야 하는 책이라고 하면서도 아무도 읽지 않는 책이다.""라고.📍애덤 스미스 - 국부론📍카를 마르크스 - 자본론📍헨리 조지 - 진보와 빈곤📍소스타인 베블런 - 유한계급론📍박제가 - 북학의위의 책 읽어 보셨습니까?읽어 보고는 싶은데 엄두가 안 나서 감히 시도 못한 고전 아닌가요?오랜 세월이 지났어도 여전히 울림을 주는 고전책을 기성세대는 물론, 오늘을 살아가는 청소년들에게 읽기 쉽게 만들려는 시도로 고전툰 시리즈가 발간되었다.이 책은...+ 더보기",5,2025-11-11
375532863,고전툰 2,16888910,miseong.books,"애덤 스미스의 『국부론』마르크스의 『자본론』헨리 조지의 『진보와 빈곤』소스타인 베블런의 『유한계급론』박제가의 『북학의』경제는 단순한 돈의 문제를 넘어 인간의 본성과 사회 정의에서 바라보아야 하는 인간의 문제!*“시장은 정말 만능인가?”""자본주의는 정말 망할 운명인가?""""토지는 누구의 것인가?""""돈이 인간을 행복하게 만드는가?""""좋은 소비란 무엇인가?""*<채성모의 손에 잡히는 독서>를 통해서 출판사로부터 도서를 제공 받아 읽고 쓴 리뷰입니다. 앞서 읽은 1권 정치편보다 더 재미 있게 읽었습니다. 아마도 트럼프의 관세정책으로...+ 더보기",5,2025-11-20
375532863,고전툰 2,16886160,shyahak,"#도서제공 #서평단📚 정치에서 경제로, 고전의 문을 열다고전 읽기를 시작할 땐 조금 어렵지 않을까, 끝까지 읽을 수 있을까라는 부담감이 있다. 하지만 고전툰은 그 문턱을 살짜쿵 낮춰준다.가볍게 술술 넘어가지만 어느 순간 살짝 깊어지는, 친절함과 깊이가 잘 맞물린 고전 입문서다.고전툰 1권 정치와, 2권 경제의 전체 얼개는 같다.히스토리를 통해 사상가가 왜 그런 사유에 도달했는지 시대 배경으로 안내하고 다이제스트로 핵심 개념을 알려주며, 고전툰으로 철학의 난해한 부분을 시각화해준다. 마지막으로 북토크를 통해 고전이 지금의 나와 어떻...+ 더보기",5,2025-11-19
375532863,고전툰 2,16888729,북콜렉터,"이번 책 리뷰는 도서 인플루언서 인디캣 님과 펜타클 출판사의 책 제공을 받아 제가 재밌게 읽고 자유롭게 주관을 담아 쓰는 독후감입니다. '책 중의 책'이라는 고전만 해도 읽을 거리가 참으로 많은데, 뭔가 방향을 잡고 싶다는 생각이 오랜 시간 내 안에서 이어지고 있었다. 그러던 중 눈에 확 들어오는 책, <고전툰 1, 2> 두 권을 만나게 되었다. 위 사진은 이 책에 대한 감사한 마음을 담아, 책을 받자마자 내 테이블에 올려놓고 찍어 둔 것이다. 그럼 제가 열흘 조금 넘게 재밌게 읽었던 ...+ 더보기",5,2025-11-20
375532863,고전툰 2,16889395,미미공주,"<고전툰 2.경제>는 우리 사회의 필수불가결한 돈의 흐름에 대한 고전들을 소개하며, 청소년들이 바람직한 경제관을 갖도록 도와주는 책이다.​이 책의 강일우, 김경윤, 송원석 저자는 세계사에서 경제를 논한 5권의 대표적인 저서를 청소년들도 알기 쉽게 소개하여 청소년들이 경제의 여러 분야에 대해 깊이 있기 사고하고 자신만의 관점을 만들어갈 수 있도록 해준다.이 책의 구성은,  저자들이 살았던 시대 배경 등을 설명한 <히스토리>, 저서의 내용을 간결하게 정리한  <다이제스트>, 그중에서도 핵심 내용을 흥미롭...+ 더보기",5,2025-11-20
375532863,고전툰 2,16888515,바보꽃밭,"시대를 초월해 “울림을 주는” 고전을 다룬 『고전툰』 시리즈는 청소년만이 아닌 성인 독자에게도 유용한 책이라 생각합니다. 내용을 살펴보면 질문과 답변, 고전에 대한 이해에 있어 방대함과 깊이 그리고 저자들의 충실하고 열정에 찬 노력과 결실에 감탄을 금할 수 없습니다. 다뤘던 작은 주제 하나만으로도 학위 논문 등의 다수 작품을 쓸 수 있다는 생각 때문이기도 합니다. 표지 만화만으로 책을 우습게(?) 평가했던 제 자신이 부끄러웠습니다. 오랜 만에 주변에 추천하고, ...+ 더보기",5,2025-11-20
375532863,고전툰 2,16895862,사랑하랑,어렵고 무겁기만 한 고전을 새로운 방식으로 풀어 쓴다. 다양한 관점을 비교 논의하며 '생각하는 힘'을 스스로 쌓을 수 있도록 돕는다. 이렇게 쉽고 재밌는 교양도서가 또 있었나 의문이 든다. 강력 추천 민주시민 교양도서. 자녀와 함께 읽고 싶은 책이다.,5,2025-11-23
375532863,고전툰 2,16891665,이윤석,"경제사상이라 하면 삶과 괴리된 숫자의 나열이라 생각하기 쉽지만,사실 경제야 말로 현대 사회의 필수 교양이 아닐까 싶다.그럼에도 경제와 유리된 생활을 이어나가는 우리에게 이 책은 반드시 필요하다.자본주의의 기초부터 자본주의의 폐해까지 서슴없이 알려주고,조선시대 문제의식을 보여주는 박제가의 서사까지 보여주니서양과 한국을 균형감 있게 조망해 볼 수 있다.",5,2025-11-21
23413065,좁은 문,13610528,zazaie96,"앙드레 지드(André Gide), 이성복 옮김, 『좁은 문』, 문학과지성사, 2013은 소설입니다. 저는 지금까지 살면서 소설을 많이 읽은 적이 없습니다. 언제인지... 정확히 기억이 안 나지만... 앙드레 지드, 홍난지 그림, 고수산나 옮김, 『좁은 문』, 삼성출판사, 2012(http://aladin.kr/p/WGaxi)를 통해 처음 『좁은 문』을 접하였습니다(특히 알리사 그림은 10년이 지나도 제 눈에 선명하게 기억하고 있습니다...). 그 때는 사랑을 잘 모르던 때라도 안타까운 이야기라는 것은 알고 있었습니다. 하지만 한창...+ 더보기",5,2022-05-20
303309286,북극에 야자수가 자란다고?,14075508,dgun0307,"기후위기, 지구시계가 얼마 남지 않았다. 라는 소리를 어느 곳에서나 자주 접할 수 있다.지구시계를 찾아보면 앞뒤로 조금씩 변동은 있지만 뒤로 회복되는 시간보다 망가지누 시간이 휙휙 지나가는것을 볼수 있다.세계적인 이슈가 된 탄소중립, 화석연료문제, 빙하모든 것이 지구의 기후변화와 맞대어져 있다.지구의 역사를 전반적으로 볼 수 있고어떻게 변화해오고 발전해 왔는지인간의 편리에 의한 발전이 자연을 얼마나 회손시켰는지지금이라도 경각심을 가지고 내 주변에서부터 바꿔나가보자.지구의 자원은 무한하지 않다는 점, 자연에너지인 태양에너지도태양의 수...+ 더보기",5,2022-11-07
303309286,북극에 야자수가 자란다고?,14076665,최현숙,"기후 위기를 믿지 않는 너에게...책을 다 읽고나니 박물관을 다녀온 기분이다.간단한 기후 위기에 대한 이야기와 앞으로 어떻게 살아가야할지 알려주는 책이라고가볍게 생각했었다.제목의 심각성으로...학생들에게 추천하면 좋을 책으로 생각했다.내가 책을 읽는 자세를 보고 가족들은 리포트를 제출하는 줄 알았다한다.지구의 생성부터...공룡의 멸종을 지나...인간이 출현하여 시작 된 문명의 모든 것.자세하고 친절한 설명에 빠져들었다.처음 20억 년 전지구는 2000도가 넘는 용암 덩어리였는데...지구를 둘러싼 공기층에는 산소가 거의 없었고,질소와...+ 더보기",5,2022-11-08
303309286,북극에 야자수가 자란다고?,14092505,azsxdc1,북극에 야자수가 자란다고?기후 위기를 믿지 않는 너에게 (마크 테어 호어스트 글/웬디 판더스 그림/여섯번째봄)북극에 야자수가 자란다고?책 제목부터 궁금증을 일으켰던 그림책을 만났어요.그림책이라고 하기에는 꽤 두꺼운 페이지에 지구의 탄생부터 지금 우리가 살고있는 시대까지환경의 변화와 기후 변화를 이야기하는 그림책제목은 궁금하지만내용이 너무 어려울것 같았는데책을 받아보고 하나 하나 읽어 보니궁금했던 부분들 그리고 알지 못했던 부분들을 읽기 쉽게 정리해 놓은 보물 같은 책이네요.본문으로 들어가기 전 작가님이 쓰신<이 부분을 먼저 읽...+ 더보기,5,2022-11-14
271662919,열여섯의 타이밍,12708277,쎄인트,청소년 자녀를 둔 부모들은 자녀들에 대해 얼마나 알고 있을까? 단지 그들 부모들이 원하는 모양으로 성장해나가는 그 모습들만 마음에 담고 있지 않은가?  이 소설에 등장하는 다섯 청소년들의 일상을 통해 그들 (청소년들)의 내면 세계를 들여다보는 계기가 된다.,4,2021-06-20
271662919,열여섯의 타이밍,12709283,쎄인트,"【 열여섯의 타이밍 】 _이선주 / 주니어김영사          열여섯의 나이. 중3 청소년들의 이야기가 담겨 있다. 청소년 자녀를 둔 부모들은 자신들의 자녀에 대해 얼마나 알고 있을까? 부모 또는 양육자들은 단지 그들이 학교생활 잘 하고 바라는 대학에 합격하고, 원하는 직장에 취직하는 것에만 관심을 두고 있지 않을까? 그들의 내면에서 하루에도 수 없이 일어나는 고민과 갈등은 애써 외면하고 있지는 않은가?     좋은 이야기는 세상을 좀 더 나은 곳으로 만든다고 믿고 있는 이 책의 저자 이선주는 『열여섯의...+ 더보기",4,2021-06-21
271662919,열여섯의 타이밍,12648429,poiesis,나의 성취보다 너의 상처에 닿는 일이 더 아름답다. 무루 작가의 추천사에서 만난 문장에 청소년 시절에 가진 마음이 화석이 녹듯 꿈틀거렸다. 당시에는 진실하고 당연했던 말이었다. 막 세상의 경계가 넓어지고 현실의 모습들이 보이고 아름답거나 밝지 않은 것들도 직시할 힘이 붙고 용감한 생각도 해보고 함께 하는 친구들이 무척 중요한 시절이다. 열여섯 살. 다섯 명. 표지를 보고 그래픽노블인가 했는데 장편 소설이다. 자주 경험하듯 청소년 문학은 때로 몹시 깊고 날카롭고 ...+ 더보기,5,2021-05-27
271662919,열여섯의 타이밍,12689338,ggussy,"열여섯의 타이밍우리 사회에 여러가지 담론들을 멋지게 녹여낸 청소년소설이다. 특히 다섯명의 소녀들이 각자의 시선으로 다섯가지 이야기를 풀어내는 옴니버스 방식부터가 신선했고 진지한 주제들임에도 불구하고 스토리 자체만으로도 아이들이 즐겁게 읽을 수 있는 소설이다. 또한 서로의 고민과 상처를 보듬어 가는 소녀들간의 이야기는 공감과 위로의 핵심요소다. 같은 반 친구지만 ‘절친한 우정’이라고 하기엔 왠지 낯간지러운 남주, 지아, 선화, 경희, 정윤은 단톡방, 몰카, 차별과 혐오, 탈학교에 대한 각자의 이야기와 메시지들 전하고 그 이야...+ 더보기",5,2021-06-13
271662919,열여섯의 타이밍,12728628,김다운,"#열여섯의타이밍 #이선주⠀친구의 말과 행동이 전부이던 시절⠀⠀🏷 친구들처럼 줄맞춰 서는 게 어렵니?!⠀지금 우리나라에 시급한 건 아이들 교육이 아니라 어른 교육이다.꼰대짓 안 하기, 어른 대우 바라지 않기, 요즘 애들이라는 말 쓰지 않기, 사회 구조의 문제는 외면한 채 ‘노오력’만 강조하지 않기, 착취하지 않기, 사회는 점점 나빠지는데 나만 살아남으면 된다는 생각으로 방치하지 않기 등등 일일이 말하기도 숨차다. (182쪽)⠀너는 어려서 아직 몰라. 라는 말이 서운했던 그 때.친구들과 어울려다니면 그저 행복하고 편했다.⠀친구들이 입...+ 더보기",5,2021-06-29
271662919,열여섯의 타이밍,12709647,yjyj0702,"문학동네 청소년문학상을 수상한 이선주 작가의 장편소설.우연히 연결된 타이밍을 통해 서로의 고민과 상처들을 꺼내고 보듬으며 이해하고 성장해나가는 다섯 소녀들의 이야기가 옴니버스 형식으로 펼쳐진다.남주, 지아, 경희, 선화, 정윤은 수업시간 조별 과제를 해결하는 과정에서 '카톡'이 문제가 되고 그동안 쌓였던 불신의 감정들을 표출하게 되고, 그렇게 이어진 소녀들은 사실 저마다 서로 말하지 못했던, 아니 말할 수 없었던 고민들을 털어놓게 된다. 성추행 몰카, 가족의 비밀, 탈학교 선언 등 그 시대 청소년들의 고민들이 소재로 이어지면서 다섯...+ 더보기",5,2021-06-21
271662919,열여섯의 타이밍,12728723,민정,"<열여섯의 타이밍_이선주 지음/주니어 김영사> “원래라는 말이 싫어요”  16살 다섯 명의 소녀들 각자의 시선에서 바라본 인생이야기. 나도 지나왔던 10대시절 친구들 사이에서 느껴왔던 감정들이 스쳐 지나가기도 했으며, 요즘 아이들은 환경에서는 이런 서사가 흐른다는 사실을 알게 됐다. 공감도 되기도 하지만 어른으로서 마음도 아팠다.  <열여섯의 타이밍> 이선주 작가는 등장인물 5명의 소녀들의 인생스토리는 모두 다르지만, 모두 사회에서 이슈가 되고 있는 부분을 반영했다. 외국인 엄마를 둔...+ 더보기",5,2021-06-29
271662919,열여섯의 타이밍,12712690,rarara4979,"🔍 열여섯살, 중3. 지아, 경희, 선화, 정윤, 남주는 같은반이다. 국어시간 조별과제를 위해 같은 조가 된 다섯 명의 아이들은 회의를 위해 카톡 단체방을 만들기로 한다. 하지만 남주는 카톡을 하지 않는다는 이유로 대화에 참여할 수 없다. 결국 남주 없이 회의와 발표를 하고 조원 모두 참여하지 않았다는 걸 알게 된 선생님은 모두에게 최하점을 준다.🪑 다섯 명의 친구들은 저마다 고민이 있다.가족이나 친구, 이성문제부터 몰카, 내신 등 사소한 것에서 시작해 용기와 신념이 필요한 심각한 문제까지 언제나 의지와 선택의 순간은 괴롭다. ...+ 더보기",5,2021-06-22
12837462,MT 경영학,11918735,혜윰,내용 요약경영학은 새롭게 등장한 신도기이지만 역사가 매우 깊다. 그 이유는 경영학은 모든 학문과 연결되어 있기 때문이고 경영학이라는 단어만 없었을 분 과거 고려 시대 때에도 존재하였기 때문이다.  먼저 경영학이라는 학문이 등장한 시기는 1960년 대 독일에서 등장하였지만 드 당시에는 학사들이 주로 논하는 학문적인 성격이 강하였다. 그 후 미국에서 실질적으로 등장하게 되어 지금의 경영학이 되었다. 그리고 우리나라에서는 미국보다 2세기나 더 이른 시기에 고려에서 '사 개 송도치부법'이 있었던 것을 알 수 있다. 이는 ...+ 더보기,5,2020-08-12
298284419,101 세계,13838458,ilovebooks,"세계사를 이해하는 건 우리나라와 지금 이 현대를 살아가는 우리를 이해하는 데에 무척 중요한 지표이다. 이미 우리끼리만 잘 살아가면 되었던 시대가 지나고 지금은 그 어느 때에도 세계 속에 존재하고 세계의 여러 일들이 우리에게 영향을 미치기 때문이다. 하지만 매일 뉴스를 챙겨본다고 세계에서 동시에 일어나는 모든 일을 이해하고 알 수 있는 건 아니다.나이가 들수록 지나간 역사가 지금 우리에게 아직까지 영향을 미치고 있음을 이해하게 된다. 4학년 엄마를 따라가 제대로 이해하지도 못하면서 보았던 ""킬링 필드""라는 영화가, 20대 뭣도 모르고...+ 더보기",5,2022-08-10
298284419,101 세계,13836946,분홍쟁이,"제가 받는 이런 저런 질문 중 하나가 '세계사는 왜 공부해야 하느냐' 였어요. 우리나라 역사 아는 것만으로도 벅차고 충분한 것 같은데 우리가 왜 세계의 역사까지 다 알아야 하냐는 질문. 여러분은 어떻게 생각하세요?  저도 모 프로그램을 보고 안 사실인데요, 2차 세계대전을 종식시키기 위해 미국이 나가사키와 히로시마에 핵폭탄을 발사했잖아요. 핵폭탄을 맞은 지역의 모든 것은 말 그대로 흔적도 없이 사라지거나, 사람이나 동물은 여전히 그 후유증으로 고생하고 있다고 들었습니다. 하지만 아무리 핵폭탄을 맞아 초토...+ 더보기",5,2022-08-10
298284419,101 세계,13852917,djkidol,"다양한 정보와 지식을 비교적 쉽게 구하며 배울 수 있는 시대, 하지만 생각보다 많은 분들이 글이나 말의 본질적인 부분을 간과하거나 사람들과의 의사소통에 있어서도 중요한 문해력에 대해 가볍게 여기는 모습이 만연한 요즘이다. 이에 책에서는 역사와 세계사를 바탕으로 한 주요 키워드들을 소개하며 어떤 형태의 접근과 배움의 가치를 통해 더 나은 이해와 이를 현실적인 관점에서 활용해 나가야 하는지, 그 의미에 대해 자세히 서술하고 있다. <101 세계> 물론 책에서 다루는 내용의 경우 동서양의 역사를 막론한 의미로 소개하며 기본적인...+ 더보기",5,2022-08-16
298284419,101 세계,13838243,은근공주,"초등 고학년이 된 아이가 한국사나 세계사에 관심을 보이기 시작해서 만나게 된 책이다.101개의 단어로 배울수 있는 세계라니, 어떤 단어로 어떤 세계 이야기를 만나게 될지,새로운 것들을 만날수 있다는 것이 기대도 되고 설레이기도 했던 것 같다.     이 책은 진짜 핵심 진짜 재미 진짜 이해 짜짜짜 시리즈의 책으로 신문기자로 일하면서 국제뉴스를 오랫동안 다룬 기자들이 쓴 책이라고 한다.101개의 키워드로 인류의 역사의 시작부터 지금에 이르기까지 책을 읽다보면 자연 스럽게 과거와 현재까지 공부할수 있고 논술을 준비할수도 있는 ...+ 더보기",4,2022-08-10
298284419,101 세계,13836911,별해무,"+101 세계사는 방대한 세계 역사 중 '그래도 이 정도는 알면 좋겠다'하는 101가지 키워드를 중심으로 간략하게 풀어낸 세계사 책입니다. 보통 세계사를 읽을 때 우리는 스토리텔링 즉, 이야기 및 사건 중심으로 역사를 보기 전 외워야 할 연도, 인물 등에 부담부터 느낍니다. 그런데 101 세계사는 꼭 필요한 정도로만 인물이나 연도를 넣었고 대부분은 '사건의 의미'를 소개하는데 집중되어 있습니다. 사건이 발생한 배경 및 후대에 미친 영향 등등으로 말이죠. 때문에 부담 없이 쉽게, 재미있게 읽히는 것이 이 책의 특징이...+ 더보기",5,2022-08-10
298284419,101 세계,13869826,jjo07,"한눈에 꿰고 빠르게 이해하는 세계의 핵심 101 세계 로 내신, 수능, 논술까지 완벽준비! 한국사 못지 않게 세계사를 좋아하는 아들. 한국사, 세계사보다 과학이 좋은 엄마. 엄마는 이번에도 아들과 대화를 나누기 위해서 세계사 관련 책을 읽었네요. 101한국사와 마찬가지로 101개 키워드로 익히는 세계. 101한국사 처럼 쉽게 이해하고 다가갈수 있기를 바라며 차근 차근 읽어보았답니다.101 세계는 두명의 저자님이 쓰신 책으로 되어 있네요.통일신라 시대에 골품제도가 있었다면, 인도에는 카스트제도가 있엇지요. 직업에 따라 다섯개의 계급으...+ 더보기",5,2022-08-23
298284419,101 세계,13858019,안진옥,#책서평 #책리뷰#101세계#컬처블룸서평단하루에도 세계 각국에서는 온갖 사건이 일어나고 있고..딸아이가 역사를 배우면서 궁금한 게 있으면 물어보는데..흐름상 정확하게 맞는지 고민스러울 때가 있었어요이 책은 역사의 깊이있는 해석보다는 과거 흐름상 사건의 의미를 소개하는 책으로 너무 좋은 거 같아요70억 명이 살아가는 지구에서는 날마다 온갖 일들이 일어납니다.이 책에서는 인류 문명의 초창기에서부터 지금까지 벌어진 수많은 일들 중에'그래도 이 정도는 알면 좋겠다'하는 것들을 골라 기본적인 내용을 정리해 놓은 책입니다.과거의 일들은 몇가지...+ 더보기,5,2022-08-18
298284419,101 세계,13838330,kmjmice,"지금까지 살아오며 요즘처럼 세계 각국에 무슨 일이 생겼는지, 뭐가 문제인지 관심을 가져 본 적이 있었나 싶다. 그도 그럴 수밖에 없는 것이 내게 일어나는 일은 이미 세계적인 흐름의 일부가 되어 있기 때문이지 않나 싶다. 세상의 흐름은 점점 복잡하고 다양해지는 데다 전문화되어 가고 있어 학생 때 배웠던 세계사적인 지식 만으로는 현재의 시간의 흐름을 도저히 따라갈 수가 없고, 새로운 역사와 밝혀지는 사실들의 양은 순간에도 어마 무시하다.  티브이와 신문을 보며 모르는 것을 찾아가고 알아가며 쫓아가기엔 터무니없이 바쁘고 그 와중에 소식들...+ 더보기",4,2022-08-10
298284419,101 세계,13838210,지혜로운,단어로~ 논술까지~ 짜짜짜~!!​아이들이 학년이 올라갈수록 세계에 대한 알아야 할 것들이 많아지네요.함께 이야기를 나누면서 용어의 의미를 설명해주어야할 때가 있는데...알고 있는 것과 이해하기 쉽게 설명하는 건 달라서 어려울 때가 종종 있어요.​<101 세계>에는 101개의 생생한 키워드로 세계를 이해할 수 있어요.국제뉴스 전문가인 기자 두 분이 사건이 일어난 배경과 후대에 미친 영향을 중점으로 '사건의 의미'를 설명해주고 있어요.세계에 대한 일들도 관심있는 것들에만 집중했는데~101 세계를 통해 관심영역이 더 넓어지고 ...+ 더보기,5,2022-08-10
298284419,101 세계,13834061,pianomoon,"101가지 키워드를 중심으로 세계사를 꿰뚫어 이해할 수 있는 충분한 책을 만났습니다. 아이가 커감에 따라 아이의 책을 함께 읽고 함께 새로운 것을 배워가고, 경이를 느낍니다. 정말 말 그대로 달달달 외우기만 했던 고교 시절이 떠오릅니다. 시험을 보기 위해 이해가 되지 않는 부분도 머릿속에 욱여넣곤 했지요. ​이 책은 초등학교 고학년 정도면 충분히 이해할 수 있는 쉬운 말, 그러나 충분한 깊이를 담고 있습니다. 아래 목차를 보시면 고대 문명의 발상에서부터 산업혁명, 세계대전 등 굵직굵직한 인류사의 사건들, 그리고 기후변화, 유전공학,...+ 더보기",5,2022-08-09
298284419,101 세계,13842356,느릿,"한 사람에게는 하나의 역사가 있습니다. 그리고 각자를 저마다 하나의 별이라고 생각한다면, 이 세상은 70억 개, 70억 가지의 빛과 삶으로 채워지겠지요. … 모두 들여다보기는 힘들겠지만, 큰 흐름을 따라가면서 세계의 고민과 해법들에 관심을 더 가져봤으면 합니다.101 세계 中​​​ 세계는 넓다. 그리고 넓은 땅 위에서는 하루가 멀다 하고 크고 작은 사건들이 발생한다. 나이를 먹어서일까. 내 세상이 전부였기에 피부로 와 닿는 일 이외에는 관심조차 없었는데, 어느 순간부터 뉴스를 보기 시작했고 보도되는 내용들에 의문점이 들기 시작했다....+ 더보기",5,2022-08-12
261869,중학생이 보는 로미오와 줄리엣,8268665,rabbitlove,아이들이 꼭 읽어야 할 필수 명작책들이 아닌가 싶습니다. 기대됩니다.,5,2016-02-27
261869,중학생이 보는 로미오와 줄리엣,10284201,yowon,이 책을 초등학교 때 만화로 한번 읽어본 적이 있었는데 중학생이 돼서 소설로 다시 읽어보니까 그때와 조금 다른 느낌이 있었다 초등학교 때는 그저 이 이야기가 슬픈 사랑 이야기라고 만 생각했던 것 같았는데 그런데 중학생이 돼서 다시 읽어본 로미오와 줄리엣은 뭐랄까..? 티볼트와 큐시오에 싸움을 말리다가 티볼트에 칼에 그가 찔려죽고 로미오는 티볼트와 끝을 보기 위해 검을 들고 싸우다 끝내 머큐리오에 원수를 갚아준다 티볼트를 죽인 죄로 로미오는 베로나로 떠나게 되어버리는데 로미오는 유배를 떠나기 전 줄리엣을 한 번 더 만나고 로미오는 떠...+ 더보기,5,2018-08-17
242220734,삼총사,12618400,beatrice1007,"'문학작품'의 '사실주의'적 '생산'과 '재생산'
- [삼총사](1844), 알렉상드르 뒤마, 조정훈 편역, <구름서재>, 2020.


내가 초등(국민)학생 때 우리 식구가 살던 집은 큰 길가에 있는 건물 1층 가게터를 개조한 곳이었는데 아버지가 자재들을 깔고 장판을 덮어 울퉁불퉁 만든 임시 '거실'의 한 켠에는 노란색 표지의 100권 짜리 <세계문학전집>과 <세계위인전집>이 있었다. '거실' 군데군데가 움푹 들어가던 그 상가터는 초등학교 1학년이었던 1981년도에 서울로 올라와 사글세방과 ...+ 더보기",3,2021-05-15
242220734,삼총사,11830486,빨간머리앤,삼총사는 어릴적 만화부터 해서 영화로도 자주 나온다 참 좋아하는 영화중의 하나인데 모든 패러디에 3개 이상이면 삼총사 사총사 오총사까지 참 많이 쓰이기도 한다삼총사의 작가 이름은 생소한편이지만 내용은 전혀 생소하지가 않다 너무 재미있게 봤기 때문에 아직도 기억이 생생하다우리나라의 월드컵 열기가 가득하던 2002년에서야 탄생 200주년으로 프랑스의 위대한 인물들이 묻히는 팡테옹에 안치되었다고 하니 대단하다고 알려진 작가도 당시는 운이 안따라줬나보다 죽어서도 마냥 쉽지만은 않은 소설가인걸보니 팡테옹에 묻히기까지 100년이 넘는 세월이 ...+ 더보기,5,2020-07-05
242220734,삼총사,11820817,귀염둥이,"어렸을 적 삼총사가 무엇인지도 모르고 셋이 모이면 삼총사라는 이름을 짓곤 했었다. 하지만 그당시 삼총사에 대한 내용은 모른채 말이다. 우리가 알고있는 <삼총사>의 주인공은 아토스, 프로토스, 아라미스로 항상 붙어다니는 3인방을 말한다. 그리고 이들과 일이 엮이면서 같이 다니게 되는 다르타냥의 이야기가 이번 책에서 펼쳐진다.     이 책의 시작은 다르타냥으로 시작된다. 귀족가문의 자손이지만 지금은 몰락한 집안이다. 아들인 다르타냥이 아버지에게 받은 것이라고는 검술, 무쇠 같은 다리와 강철같은 주먹뿐이다. 그리고 ...+ 더보기",5,2020-07-01
242220734,삼총사,11811500,책끌,"알렉상드르 뒤마(Alexandre Dumas)의 〈삼총사〉는 지금까지 세계 170개국에서 70여 개 언어로 번역되어 1억 5천만 부가 팔렸다. 소설의 큰 인기를 바탕으로 만화, 애니메이션, 영화, 연극, 뮤지컬 등 다양한 장르에서 재해석되고 창작되고 있다. ​많은 출판사에서 아동용으로, 청소년용, 성인용으로 펴냈을 만큼 스토리도 잘 알려져 있다. 어렸을 때 읽었던 <삼총사>의 느낌은 세월이 지남에 따라 많이 달라졌지만 궁전 기사를 꿈꾸는 다르타냥과 삼총사(포르토스, 아라미스, 아토스)가 펼치는 멋진 스토리는 여전...+ 더보기",5,2020-06-28
242220734,삼총사,11814977,루가녕이,이 글에는 스포일러가 포함되어 있습니다. 보시겠습니까?회색 영역을 클릭하면 내용을 확인할 수 있습니다.,5,2020-06-29
242220734,삼총사,11824179,chickbook,"알렉상드르 뒤마의 삼총사를 읽어보지 않은 사람이 있을까요? 제가 처음 접한 삼총사는 어린 시절 문고 서적으로 봤던 20페이지 남짓의 요약된 책이었어요.짧은 분량에도 삼총사는 저를 흥분시키기에 충분한 스토리여서... 읽고 또 읽었던 기억이 있네요.​다르타냥이 삼총사와 함께 리슐리외 추기경의 음모에 대적하는 흥미진진한 이야기는 평생 잊지 못할 흥분을 안겨줬었어요.단언컨대 그 당시 제 인생 최고의 책이었죠.나중에 영화로 삼총사를 다시 접해보긴 했지만, 오리지널 스토리를 다시 읽어볼 기회는 없었어요. 사실 다시 봐야 할 필요성도 느끼지 못...+ 더보기",5,2020-07-03
242220734,삼총사,11832010,문희,"삼총사는 영화와 연극, 만화와 뮤지컬로도 각색되어 무척 인기있는 작품이지요.~ 저는 엄기준표 다르타냥이 연기하는 삼총사가 재미 있을 것 같아 아직 못보아서 무척이나 보고 싶은 마음을 품고있는데요~  뮤지컬을 관람하기 전에 미리 이렇게 소설로 작품을 접한후에 관람을 한다면 더 재미있게 읽으수 있어서~ 미리 이렇게 삼총사를 접하니 기쁘네요~ 삼총사의 저자인 알렉상드로 뒤마는 어려운 가정형편탓에 제대로 교육을 받지못했지만 어려서부터 많은 문학작품을 읽었다고 합니다. 파리 오를레망 공 밑에서 일하며 희곡을 집필하여 대성공...+ 더보기",5,2020-07-06
6337370,김만덕,3470697,코지입니다,"김만덕, 이런 여인이었구나. 나눔의 실천..",5,2010-03-04
205339218,소녀를 위한 페미니즘,11089651,글꽃바람,"소녀를 위한 페미니즘, 이제 소녀 같은 건 때려치우기로 했다  다섯 작가가 ""소녀를 위한 페미니즘""이라는 소설로 뭉쳤다.김진나, 박하령, 이꽃님, 이진, 탁경은.이 쟁쟁한 이름들 속에 내 딸아이의 별명이 있어그녀의 작품 먼저 읽기로 했다.이걸로 충분했다.이 단편 ""이제 소녀 같은 건 때려치우기로 했다""가페미니즘과 관련한 얼마나 많은 이야기를 담고 있는지 놀라울 따름이다.      남학생은 채팅방을 착각해 반 채팅방에 같은 반 여학생과 동침한 사실을 자랑한다.한순간에 남자...+ 더보기",5,2019-09-12
205339218,소녀를 위한 페미니즘,11064974,공중제비,"페미니즘을 주제로 했지만, 결국 보편적 권리에 대한 내용이다.총 5개의 단편 소설로 이루어져 있다.가장 기억에 남은 소설은 <이제 소녀 같은 건 때려치우기로 했다> (이꽃님)다.아무래도 가장 직접적이고 많이 접하는 내용이기 때문일 것이다.언니가 공중화장실에서 몰카가 찍히고, 가족들은 성동영상이라 오해하고, 주인공 솔지는 반 아이가 '걸레'라는 소문 때문에 양가감정을 느끼며, 결국 자신이 할 수 있는 범위 내에서 세상과 편견을 바꾸기 위해 노력하기로 결정한다. 다만 조금 눈에 거슬린 부분은 작가 후기에서 작가가 굳...+ 더보기",5,2019-08-30
205339218,소녀를 위한 페미니즘,11100200,지지맘,"<페미니즘이 주는 부담감에서 벗어나고파>청소년 시절을 훌쩍 지난 이 나이에 청소년 소설에 끌리는 이유가 뭘까? 곰곰 생각해 본다. 정신없이 지나가 버린 내 열일곱, 열여덟 그 시절을 단지 추억하고 싶어서일까? 순식간에 지나가 버린 그 시절이 안타까워서일까? 다시 그 시절로 돌아간다면 더 열심히 살아서 지금 돈 걱정없이 잘 살았을지도 모른다는 욕심 때문일까? 이유가 뭐가 되었든 청소년 소설 읽기는 세상살이에 무뎌지는 나의 감각을 예민하게 되살리는 일이기에 멈출 수가 없다. 청소년 소설 읽기는 적어도 꼰대가 되지 않...+ 더보기",5,2019-09-17
205339218,소녀를 위한 페미니즘,11076416,고양이페스티벌,이 글에는 스포일러가 포함되어 있습니다. 보시겠습니까?회색 영역을 클릭하면 내용을 확인할 수 있습니다.,5,2019-09-05
205339218,소녀를 위한 페미니즘,11079534,명랑걸우네,"82년생 김지영 이후 
페미니즘 관련 소설들을 쉽게 접할 수 있다.
어디서부터 
페미니즘이라고 이야기해야 할까 사실 늘 고민스럽기도 하다.
대놓고 제목에 
페미니즘이라는 단어가 들어가니 이 책에서 이야기하는 전부가 페미니즘인가 싶기도 하다.
사실 그 영역에 
대해서는 개인적으로 판단하기 참 어려웠는데, 나 역시 생각하고 고민하는 부분을 만날 수 있어서 
페미니즘 영역에 대한 
환기가 되었다고 해야 할까?
​
이 책에는 다섯 작가의 
단편소설 5편이 들어있다.
각자의 색이 다양하고, 
이...+ 더보기",4,2019-09-07
205339218,소녀를 위한 페미니즘,11080016,이경용,오늘소개할책은 제목부터 조금 색다른 책이다. 그리고 한명의 작가가 아니고 5명의 여성 작가가 쓴 책이다. 그래서 제목처럼 무슨내용일까 궁금증을 갖게 만들어준 또한권의 책을 소개해본다.책의 하단부에 있는 글귀가 눈에 띈다.​내일의 소녀를 위한 오늘의 소설..​이책은 지금 현재를 살아가고 있는 10녀 소녀 5명의 이야기가 옴니버스 형식으로 실려져 있는 책..과연 우리가 사는 세상은 평등할까? 이 질문을 시작으로 학교에서는 성별에 관계없이 우리 모두는 평등하다고 배우지만 진짜 우리가 사는 현실은 그렇지 못한것일까? ...+ 더보기,5,2019-09-08
272801806,십대를 위한 미래사회 이야기,12713611,소녀시대,십대들이 빠르게 변화하는 미래사회를 준비하는데 도움이 되는 책이다,5,2021-06-23
272801806,십대를 위한 미래사회 이야기,12713885,행복가득,빠르게 변화하는 사회 다양한 미래기술에 대해 알게 되었다.,5,2021-06-23
272801806,십대를 위한 미래사회 이야기,12693175,gkfid,과거의 기술과 비교하여 어떤 미래기술이 나오고 있고 상용화 되고 있는지 알려줍니다.이런 기술들을 보는 것만으로도 얼마나 편해질지 기대가 됩니다. 그리고 각 기술에 맞춰 나올 미래직업 예시도 있습니다.,5,2021-06-14
272801806,십대를 위한 미래사회 이야기,12693537,지인,"우리 생활 속에 함께하고 있는 기술에서부터 직접 경험하기는 힘들지만 현재 사용되고 있는 수많은 첨단 기술들, 그리고 다가올 미래에 우리가 경험하게 될 새로운 세상의 모습들까지 다양한 예시를 통해 만나볼 수 있었습니다.",5,2021-06-14
272801806,십대를 위한 미래사회 이야기,12702465,henry.seo,"10대를 위한 미래이야기 이지만, 과거를 이미 지나온 어른들이 봐도 좋은 책입니다.",4,2021-06-18
272801806,십대를 위한 미래사회 이야기,12772855,더클링,메타버스시대를 살아가는 우리가 어디를 향해 가고있는지 보여주는 개념서! 쉽고 재미있다!,5,2021-07-14
272801806,십대를 위한 미래사회 이야기,12711961,녹차,현재를 알고 미래를 준비할 수 있는 책이다. 세상의 흐름을 알려면 필독인 책,4,2021-06-22
272801806,십대를 위한 미래사회 이야기,12713862,카랑,"10년후 성인이되는 10대들이 보면 좋을 것 같고, 직업을 찾기보다직업을 창조하는 방법을 찾아보는 기회가 될 것 같습니다.",4,2021-06-23
272801806,십대를 위한 미래사회 이야기,12735160,야미마마,"지식이 중요한 시대를 살아온 부모가 상상력이 중요하고, 그 상상력이 실현되기 쉬운 시대에 사는 아이들에게 지금 세상에서 일어나는 변화를 알려주고, 어떻게 세상을 바라보면 좋은지 알려주는 책이다",5,2021-07-01
272801806,십대를 위한 미래사회 이야기,12726979,빙혈,"어른들도 마찬가지겠지만 특히 지금의 십대들은 앞으로 4차 산업혁명을 맞이하여 급변하게 될 미래를 위해 확실한 준비를 해 두어야 합니다. 4차 산업혁명은 기존의 직업 체계, 산업 구조, 소득원, 생활 패턴을 송두리째 바꿔 놓을 것이며, 아마도 지금의 십대들이 그렇게 변화한 사회에 진입하는 첫번째 세대가 될 것이기 때문이죠.p33에는 ""지금 우리는 데이터 경제 사회에서 살고 있습니다.""라는 말이 있습니다. 데이터의 가공, 정리, 활용으로부터 나오는, 전에는 알 수 없었던 새로운 정보가 이제 부의 원천 중 하나로 바뀐 그런 세상이죠. 오...+ 더보기",5,2021-06-28
272801806,십대를 위한 미래사회 이야기,12730092,깐도리,"이 회사는 가축의 귀에 센서를 심어 가축의 건강을 체크할 수 있게 했습니다. 목장주는 건강과 관련된 정보를 실시간으로 센서를 통해 받고 자신의 스마트폰으로 확인할 수 있습니다. 가축의 건강에 문제가 생겼는지를 굳이 직접 가보지 않아도 바로 알 수 있게 된 것이죠. (-37-)에어로팜의 공동설립자인 로젠버그 대표는 ""채소류를 토양에서 기르는데 평균 45일이 거리지만 우리는 15일이면 충분하다. 물은 95% 적게 사용한다. 비료도 절반 정도만 사용한다. 일반 농장과 비교해 동일 면적당 생산성이 무려 390배에 달한다""고 ...+ 더보기",5,2021-06-29
272801806,십대를 위한 미래사회 이야기,12699474,ggussy,십대를 위한 미래사회 이야기10대 청소년들을 위한 IT교양서의 결정판이라 할 수 있는 책이다. 특히 최신 IT트렌드들을 모두 반영한 미래 기술의 모든 것을 읽어 볼 수 있는 책이었다. 청소년들이 미 래 꿈을 키울 수 있게 도와주고 어려운 IT기술 지식들을 쉽고 친절하게 설명해서 솔직히 어른이 읽어도 도움이 되는 IT교양 지식들이 가득했다. 실제 교과과정에서는 이런 IT교과서라는게 없을텐데 이 책이 그런 역할을 대신 해줄 수 있을 것 같았고 ‘3D프린팅으로 집을 만들 수 있을까?’ ‘미래에는 인공지능 애인을 만들 수 있다고?...+ 더보기,5,2021-06-17
272801806,십대를 위한 미래사회 이야기,12722520,애서가,"""쇼핑을 마친뒤 매장을 나갈 때 아마존고 앱에 등록된 카드로 자동결재가 되는 것이죠. 미국에는 2016년 기준 350만명 이상의 계산원이 있는데, 아마존고가 확산될수록 계산원은 줄어들 가능성이 급격히 높아지고 있습니다.(73쪽)""나는 박경수님께서 저술하시고 <(주)원앤원콘텐츠그룹>에서 출간하신 이책  <십대를 위한 미래사회 이야기>를 읽다가 윗글에 신선한 충격을 받았다.아 윗글이 이제 우리의 미래사회에서 현실적으로 가장 가까이 다가올 시스템이 아닌가 생각된다.근데, 윗글내용을 사실 몇년전에 영상으로 본적이 있다...+ 더보기",5,2021-06-27
272801806,십대를 위한 미래사회 이야기,12707128,seyoh,"십대를 위한 미래사회 이야기 이 책을 읽어야 하는 이유 “한국 학생들은 하루 10시간 이상을 학교와 학원에서 자신들이 살아갈 미래에 필요하지 않을 지식을 배우고, 존재하지 않을 직업을 위해 아까운 시간을 허비하고 있다.” 미래학자 엘빈 토플러의 발언이다.그가 우리나라 한국을 콕 짚어서 말한 데에는 분명 이유가 있을 것이다.그런 지적에 대해, 우리나라 학생들이 살아갈 미래에 대해 생각해 볼 필요가, 많이 있다. 이 책은? 이 책 『십대를 위한 미...+ 더보기",5,2021-06-20
272801806,십대를 위한 미래사회 이야기,12720662,별이셋,이 글에는 스포일러가 포함되어 있습니다. 보시겠습니까?회색 영역을 클릭하면 내용을 확인할 수 있습니다.,5,2021-06-26
272801806,십대를 위한 미래사회 이야기,12750632,바이올렛,십대를 위한 미래 사회 이야기 박경수 메이트북스난 모든 매스미디어의 변천사를 몸으로 느낀 세대이다 흑백 텔레비젼과 칼라텔레비젼의 커다란 변화와 함께 과학관에서의 화상통화를 보면서 와 언젠가 저렇게 화상통화를 하는 시대가 올것이란 막연한 기대감 ? 어릴때 친구들 꿈중에 과학자나 의사 판사 변호사등이 많았던 그 시절 아날로그의 감성을 가지고요즈음 오늘과 내일이 팍팍 변화하는 이시대에 살면서 아이의 미래에 대한 생각을 많이 하게 되었다.우리 아이는 감성적인 아이어서 어떤 직업을 택해야 할지 그리고 아이가 커가면서 없어지는 직업...+ 더보기,5,2021-07-06
272801806,십대를 위한 미래사회 이야기,12731215,djkidol,"다양한 형태의 기술 발전상, 그리고 새로운 트렌드와 디지털 사회의 유입, 이를 추종하는 사람들과 새로운 기회적 요소를 잡으려는 사람들까지, 우리가 경험하고 있는 이 사회는 전혀 다른 차원의 초경쟁, 초격차 사회로 빠르게 진입하고 있는 모습이다. 지금도 예전의 관습이나 기존 질서를 유지하려는 움직임도 강하지만 이와 반대되는 흐름으로 새로운 것을 발견하기 위한 노력이나 기존의 자본주의적 질서나 개념을 초월한 새로운 형태의 부가가치나 신기술 등을 바탕으로 높은 수준의 미래사회를 그리는 사람들도 늘어나고 있다. 이에 직업이나 진로...+ 더보기",5,2021-06-30
272801806,십대를 위한 미래사회 이야기,12686414,열정맘,"청소년이 꼭 알아야 할 미래 기술의 모든 것창의력과 상상력을 키워주는 청소년 IT 교과서""미래기술은 세상을 어떻게 바꿀 것인가?""꿈꾸는 모든 것이 현실이 되는 시대지금 10대에게 필요한 건 지식보다는 상상력이다 왜?,,,10대가 지금 미래 기술을 알아야 할까?이 트윗 한 줄 가격이 1630.5825601 이더리움에 팔렸다고 한다 이더리움이란 가상화폐로 판매당시가격은으로 환산해보면 대략 33억원정도 저 트윗 한 줄이 33억원이나 될 수 있을까?우리는 디지털 사회에 살고 있는데 디지털사회라고 하며 인터넷,스마...+ 더보기",5,2021-06-11
272801806,십대를 위한 미래사회 이야기,12725788,리나,미래사회라고는 하지만 미래사회라는 것은 우리가 생각하는 것보다 빠르게 우리에게 다가오고 있다. 미래사회에서나 볼 것 같았던 것들이 지금은 우리의 생활을 차지하는 것들도 많다. 스마프폰이 나올 때만 해도 지금처럼 스마트폰으로 무엇이든 할 수 있을 것이라고 상상하지 않았을 것이다. 그러나 현재 스마트폰으로 일상 생활 대부분이 가능하고 이런 것들이 사람들의 생활을 바꾸기도 한다. 그래서 우리는 미래사회에 사용될 미래기술에 대해 알아야 한다. 미래기술을 알아야 하는 이유로는 우리의 일상을 더 편하게 하기 위해서다. 오프라인에서만 ...+ 더보기,5,2021-06-28
272801806,십대를 위한 미래사회 이야기,12744448,행복한 콩순이,얼마전 한 텔레비전의 교양 프로그램을 보다가 ‘메타 버스’라는 이야기를 접하게 되었습니다. 너무나 궁금해서 눈을 떼지 못하고 보고 있었는데 제가 용어만 잘 몰랐다 뿐이지 이미 우리가 살고 있는 세계에 ‘메타 버스’가 깊숙히 들어와 있다는 사실을 알고는 놀라지 않을 수 없었습니다.  한때 비트코인 열풍이 불어 남들을 따라서 비트코인을 샀다가 어디론가 사라져버린 가상화폐로 인해 돈을 잃었다는 사람들의 후회 섞인 목소리를 적지 않게 들을 수 있었던 것 같습니다. 저는 눈에 보이지 않는 이 화폐를 아직은 돈이라는 인식이 ...+ 더보기,5,2021-07-04
272801806,십대를 위한 미래사회 이야기,12740276,해피신디,"""미래에는 물을 사서 마시게 된대!""몇 년 전 한 드라마에서 과거와 현재를 비교하며 재미있게 구성한 장면이 있었어요. 정말 저 어렸을 때는 물을 사서 마신다는 일은 상상도 못할 일이었는데, 지금은 우리가 물을 사서 마시는데 익숙합니다. 마트에 생수를 파는 코너가 딱 있잖아요. 미래사회에는 전화기를 들고 다닐 거라면서 우리가 웃곤 했죠. 긴 전화기 줄을 어떻게 들고 다니냐며 믿지 않았죠. 그렇지만 지금은 1인 1전화 휴대폰을 사용하고 있네요.우리 아이가 살아가야 하는 미래사회는 지금보다&n...+ 더보기",5,2021-07-03
272801806,십대를 위한 미래사회 이야기,12713647,소녀시대,"# 청소년인문  # 십대를위한미래사회이야기박경수 (지은이)메이트북스 (2021-06-15)우리가 미래 기술을 알아야 하는 이유는일상을 더 편하게 하기 위해서, 상상력을 키우기 위해서, 새로운 직업을 찾기 위해서라고저자는 서론에서 말하고 있다세상은 무서운 속도로 변해가는데그런 사회를 살아가는 우리가 현재의 기술에만 만족하며 미래 기술을 알려고 노력하지 않는다면머지 않아 우리의 삶은 불편한 삶이 될 것이다지금도 집 근처 상점들에는 주문을 받는 점원 대신 키오스크가 마련되어 있고별다방의 사이렌 오더나 드라이브 스루는 이미 일반...+ 더보기",5,2021-06-23
272801806,십대를 위한 미래사회 이야기,12726504,thanksir,"여러분은 혹시 ""지식의 반감기(The Half-Life of Knowledge)""라는 표현을 들어보신 적이 있나요? 이 말은 미국의 경제학자 '프리츠 마흐럽(Fritz Machlu)'이 소개한 개념으로 '특정 분야의 지시의 절반이 쓸모없는 것으로 간주되는데 걸리는 시간'을 말합니다. 즉, 진실로 여겨졌던 지식에 허점이나 오류가 발견되거나 새로운 지식의 탄생으로 기존 지식의 유용성이 절반으로 감소되는 기간이라 할 수 있습니다.​뒤이어 물리학자인 '새뮤얼 아브스만'은 그의 저서에서 다양한 학문의 지식반감기를 정량적으로 측정하기에 이릅니...+ 더보기",5,2021-06-28
272801806,십대를 위한 미래사회 이야기,12727681,jnc4ever,청소년들이 꼭 알아야 할 미래 기술의 모든 것!창의력과 상상력을 키워주는 청소년 IT교과서!   ​                                            &nb...+ 더보기,5,2021-06-29
272801806,십대를 위한 미래사회 이야기,12718250,라희씨,"청소년이 꼭 알아야 할 미래 기술의 모든 것창의력과 상상력을 키워주는 청소년 IT 교과서​십대를 위한 미래사회 이야기우리가 상상하는 미래의 모습을 눈으로 바로 볼 수 있는 것은 SF 영화랍니다. SF 영화에는 우리가 지금 책으로 배우는 것보다 더 많은 미래의 모습이 담겨져 있어요.마이너리티 리포트, 아이로봇, 아일랜드, 투모로우랜드 등의 SF 영화는 미래사회를 잘 보여주는 대표적인 영화 중의 하나랍니다. 지금 우리가 누리고 있는 일부 기술은 이미 영화 속에서 나오기도 했어요. 지금은 너무나 당연시하고 있었지만 사실 10년 전으로만 ...+ 더보기",5,2021-06-25
272801806,십대를 위한 미래사회 이야기,12701463,cartier012,다가올 미래사회에는 무엇을 준비해야 할까요?메타머스 시대의 청소년이 꼭 알아야할 IT교양 서적 [ 십대를 위한 미래사회 이야기]입니다.우리의 아이들은 디지털 사회에 살고 있습니다. 하루 하루 빠르게 변화고 있는 세상속에서 어떤 것을 중점적으로 알아야하고 관심을 가져야 하는지 또 어떤 새로운 일들이 일어나고있는지를 설명해줍니다. 과거에는 상상으로만 가능했던 모든것들이 지금은 점점 현실이 되고 있습니다. 그렇기 때문에 책이 알려주는 것은 우리 아이들이 살아갈 현재와 미래는 과거 우리가 상상했던 모든것들입니다. 앞으로 아이들이 상상하는것...+ 더보기,5,2021-06-18
272801806,십대를 위한 미래사회 이야기,12713894,행복가득,"청소년 인문도서 십대를 위한 미래사회 이야기빠르게 변화하는 사회, 앞으로 다가올 미래에 무엇을 준비해야 하는게 좋을까 생각하게 된다.특히나 미래 사회에 활발한 사회생활을 할 십대들이라면 더욱 궁금하고 고민되는게 많을 것 같은데현재의 미래기술에 대해 알아보고 자신의 상상력을 더해 미래사회를 이끌어 나가면 좋을것 같다.이 책에서는 메타버스 시대의 청소년이 꼭 알아야 할 미래기술을 다양한 시각으로 담고 있다.왜 청소년들이 미래를 알아야 하는가?미래기술을 알아야 하는 이유를 이야기하고 있는데우리의 일상을 더 편하게 하기 위해서, ...+ 더보기",5,2021-06-23
272801806,십대를 위한 미래사회 이야기,12693170,gkfid,"십대를 위한 미래사회 이야기
청소년들을 위한 메타버스 시대의 청소년이 꼭 알아야할 IT 교양도서 입니다


인공지능로봇은 먼 미래의 이야기일거라고 생각했는데 생활곳곳에서 인공지능의 편리함을 느낄 수 있습니다.
웨어러블 디바이스, 무인매장, AR 기술, 사물인터넷 등 이...+ 더보기",5,2021-06-14
272801806,십대를 위한 미래사회 이야기,12717807,귀염둥이,"지금 과학기술의 발달은 정말 하루가 다르게 변화되고 있는 듯하다. 인공지능이 인간보다 더 빠른 습득력을 통해 딥러닝하고 있기에 앞으로 인간에게 이런 변화가 도움이 될까라는 생각을 했던 적이 있었다. 그러면서 우리 인간에게 장밋빛 전망만을 주지는 않을 것이라고 걱정을 했다. 하지만 현실은 빨리 변화하고 있고, 인간은 변화에 맞추어 가고 있는 듯하다. 메타버스라는 나에게는 매우 생소한 것을 이 책에는 소개하고 있다. 메타버스란 3차원 가상세계를 통해 사회 ·&nbs...+ 더보기",5,2021-06-24
272801806,십대를 위한 미래사회 이야기,12726057,서현맘,"어릴 때 장래 희망이 무엇이었습니까? 저는 부끄럽지만 사실 장래 희망이 없었습니다. 그래서 학교에서 장래희망을 적으라고 할 때마다 난감해하면서 옆의 친구를 따라 과학자, 선생님 등을 적었습니다. 자기가 무엇을 좋아하고 무엇을 하고 싶어 하는지 명확히 알고 그것을 직업으로 갖기 위해서 노력하는 친구들이 그렇게 부러울 수 없었습니다. 제가 그래서 그런지 우리 집 아이 역시 장래희망이 딱히 없습니다. 고등학교 가기 전에 진로를 결정해놓아야지 생활기록부 작성 등에 유리하다고 하던데 아이는 엄마를 닮아서인지 하고 싶은 일이 없다...+ 더보기",5,2021-06-28
272801806,십대를 위한 미래사회 이야기,12724507,7dirthr7,"#책세상, #맘수다, #책세상맘수다카페, #메이트북스, #십대를위한미래사회이야기",5,2021-06-27
272801806,십대를 위한 미래사회 이야기,12693536,지인,"청소년이 꼭 알아야 할 미래 기술의 모든 것창의력과 상상력을 키워주는 청소년 IT 교과서<십대를 위한 미래사회 이야기>​사람, 사물, 공간 등모든 것이 연결되어 있는 사회를'센싱Sensing사회'라고 합니다.지금은 아주 당연하게 여기는 것들,아파트를 나설 때 공동현관문이 자동으로 열리고주차장에 들어서면 차단기가 올라가고스마트 폰으로 주문하면 집으로 물건이 배달되는 것,이 모든 것들이 서로 연결되어 소통하고 있다는 증거입니다.더 나아가 스마트 워치로 내 건강정보를 파악해알맞은 기상시간과 복약정보를 제공하고냉장고에 남은 식재...+ 더보기",5,2021-06-14
272801806,십대를 위한 미래사회 이야기,12718869,-,"박경수 작가는 이 책의 프롤로그에서,​우리가 미래기술을 알아야 하는 이유를 세 가지로 정리했다.​첫째 : 우리의 일상을 더 편하게 하기 위해둘째 : 상상력을 키워줄 수 있기 때문에셋째 : 새로운 직업을 찾을 수 있기 때문에​이 책은 10대를 위한 책이고, 지금 10대에게 중요한 건 지식보다 상상력임을 강조하며, 미래는 창의적인 인재가 필요한 시대이므로 우리는 상상할 수 있는 능력을 키워나가야 함을 이야기한다.​본론은 총 5가지의 장으로 225page로 구성되어 있다.​각각의 장마다 지금 우리의 기술이 어디까지 왔는지, 어떤 곳에서 ...+ 더보기",2,2021-06-25
272801806,십대를 위한 미래사회 이야기,12713563,hhk0809,"다가올 미래사회, 무멋을 준비해야 할까?디지털 사회, 또 다른 세상을 만들어야 할것 같다.초연결 시대, 사람-사물-공간이 서로 연결되어있는 시대인공지능과 로봇, 인간을 넘어섨 있을까?​​울 아이가 앞으로 살아갈 미래 사회, 메타버스 시대의 꼭 알아야할 IT 교양이 담겨져 있는 이책!​아이도 읽고, 나도 읽으면서..미래 사회가 그리 멀지 않았고, 이제는 울 아이가 살아갈 미래는  지금과는 많이 다른 세상이 될것이다.​박경수 작가님​카이스트 미래전략 대학원과 중앙대 인적자원개발 대학원에서 '미래'와 '사람'에...+ 더보기",5,2021-06-23
272801806,십대를 위한 미래사회 이야기,12702474,henry.seo,"제목과 표지(후면 표지에도)10대 청소년을 위한 서적이라고 적혀있다. 10대라고 하면 10살부터 19살까지인데, 10살 초등생의 경우는 내용이 좀 어려울수도 있겠으나 초등 고학년부터 중/고등생까지는 그렇게 어렵지 않게 읽을수 있는 내용으로 구성되어 있다.​특히 전반적으로 우리가 쉽게 생확속에서 접할수 있는 쉬운 예시를 들어서 설명하고있다. H자동차, A스마트폰이 아닌 현대자동차 아이폰 등으로 명확하게 설명한다..ㅋㅋ1장 ‘초연결 시대, 사람-사물-공간이 서로 연결돼요사람, 사물, 공간이 연결된 ‘초...+ 더보기",4,2021-06-18
272801806,십대를 위한 미래사회 이야기,12716792,희망나무,지금 우리는 날로 발전하고 있는 디지털 사회에 살고 있다.하루가 빠르게 발전하고 있는 지금 청소년이 꼭 알아야할  IT고양서가 나왔다고 해서읽어보았다.이 책에는 청소년이 반드시 알아야할 미래기술에 대한 이야기들이 빼곡하다다가올 미래사회에 우리 청소년들이 무엇을 준비해야할지그리고 어떤 세상을 만들어야할지 막막하고 낯선 청소년들에게길잡이가 되어줄 책이다.인공지능과 로봇이 빠르게 발전하고 있는 이 시대에어떻게 대처하고 어떤 지식들을 알고 있어야하는지IT교과서같은 책이다.청소년 자녀를 두고 있는 학부몰서 이 책은 아이들과 꼭 읽어봐야할 교...+ 더보기,5,2021-06-24
272801806,십대를 위한 미래사회 이야기,12720623,--moon__,"첫 번째 책장에서부터 꽤 관심을 끄는 주제가 나왔다. 어릴때 정말 재미나게 봤던SF영화들이 정말로 20~30년 뒤에는 현실이 되는걸 내 눈으로 봤는데, 지금 나오는말도 안되는 이야기들이 10년 뒤에는 어떻게 바뀔지... 설마 이런게 생기겠어?라는 말은차마 나오지 않는다. 정말 몇 년 뒤에는 저런 세상이 오겠구나 라는 믿음이 생겼다.이렇게 급변하는 사회에서 지금 태어나는 아이들이나 자라고 있는 아이들은 어떻게변화된 세상을 받아들여야 할까? 어떤 부모가 되어 아이가 좋은 선택을 할수 있도록도와줄 수 있을까? 계속된 고민을 하던 차에 좋...+ 더보기",5,2021-06-26
272801806,십대를 위한 미래사회 이야기,12711750,후천성책중독,"이제는 미래기술을 알아야 하는 이유가생존과도 연결된다.단순히 젊은 사람들만의 문화가 아니라생존을 위해서 꼭 알아야 되는 필수가 되었다.​요즘에는 가게에 들어가면 매장 입구에키오스크에서 음식을 주문하고 결제한다.계산을 담당하는 별도의 종업원에게급여를 주는 게 아니라, 기계에게 주문을 맡기고종업원은 현재 기계가 대체할 수 없는음식 조리 등에 참가한다.내가 나이가 많아서 키오스크 주문방법을모른다는 핑계는 이제 더이상 통하지 않는다.배워야 한다.​스타벅스에서 커피 하나를 시키는 것도 그렇다.사이렌 오더를 사용하면 미리 주문할 수 있고시간에...+ 더보기",4,2021-06-22
272801806,십대를 위한 미래사회 이야기,12711959,녹차,이 글에는 스포일러가 포함되어 있습니다. 보시겠습니까?회색 영역을 클릭하면 내용을 확인할 수 있습니다.,4,2021-06-22
272801806,십대를 위한 미래사회 이야기,12713856,카랑,"아이가 초등학생 고학년이다 보니 미래사회, 미래직업 이런 종류의 책에 관심을 가지게 됩니다.분명 나의 초등시절과 다르고, 우리의 20대와 다른 세상이 될 텐데미리 준비하고 대비할 수 있는 것이 무엇일까?라는 생각을 어느 순간하게 되었어요.아마 지금의 청소년기 자녀를 둔 부모님들이라면 비슷할 것 같습니다.왜 청소년들이 미래를 알아야 할까요?2030년.우리 아이가 22세가 되는 해입니다.상상조차 되지 않지만, 뭐 3살 꼬맹이가 12살이 되어 여드름 날 거라고도 상상 못한 일이라.. 금방 올 것 같은 불안감이 듭니다.차례/프롤로...+ 더보기",5,2021-06-23
272801806,십대를 위한 미래사회 이야기,12715127,우주생명체,"나는 지금 미래 사회에 살고 있다.어렸을 적에 별 생각없이 보던 SF 영화에 나오던 삶을 매일 누리고 있다.아침에 알람과 함게 구글이 해주는 브리핑을 들으면서 일어나고, 조깅을 할 때면 어플이 나의 운동 속도와 거리를 자동으로 기록해준다. 새벽배송을 통해 밀키트를 배송받아 쉽게 식사를 할 수 있고, 스마트 TV로 인터넷이 연결되어 다양한 문화권의 프로그램을 자유롭게 볼 수 있다. 이동을 할 때도 내가 원하는 위치까지 택시 경로를 미리 설정할 수 있고, 쇼핑을 할 때도 정말로 필요하지 않은 이상 오프라인 매장을 방문하지 않으며, 현장...+ 더보기",5,2021-06-23
272801806,십대를 위한 미래사회 이야기,12773438,주니맘,"메이트 북스에서 출간된 십대를 위한 미래사회 이야기​지은이 박경수님은 카이스트 미래전략대학원과 중앙대 인적자원개발대학원에서 미래와 사람에 대한 공부를 했고다양한 기업과 기관을 대상으로 컨설팅 강의 코칭을 진행하고 있다고 해요​미래기술을 알아야 하는 3가지 이유첫 번째로 우리의 일상을 더 편하게 하기 위해서입니다두 번째로 상상력을 키워줄 수 있기 때문입니다세 번째로 새로운 직업을 찾을 수 있기 때문입니다​​이제는 내 몸까지도 연결되는 세상 , 웨어러블 디바이스내 몸을 컴퓨터처럼,요즘 세상이 정말 좋아지긴 했더라구요안경부터 반지까지 다...+ 더보기",5,2021-07-14
272801806,십대를 위한 미래사회 이야기,12707135,keai1206,이 글에는 스포일러가 포함되어 있습니다. 보시겠습니까?회색 영역을 클릭하면 내용을 확인할 수 있습니다.,5,2021-06-20
272801806,십대를 위한 미래사회 이야기,12789831,삐롱이,우리 아이들이 앞으로 살아가야 할 세상이 바로메타버스 시대인것 같아요.청소년이 꼭 알아야 할 IT 교양을 담은 십대를 위한 미래사회 이야기 책이랍니다. 우리 아이들이 앞으로 살아가야 할 세상이 바로메타버스 시대인것 같아요.청소년이 꼭 알아야 할 IT 교양을 담은 십대를 위한 미래사회 이야기 책이랍니다. 우리 아이들이 앞으로 살아가야 할 세상이 바로메타버스 시대인것 같아요.청소년이 꼭 알아야 할 IT 교양을 담은 십대를 위한 미래사회 이야기 책이랍니다. 책의 서두는 몽테스키외의 명...+ 더보기,5,2021-07-19
272801806,십대를 위한 미래사회 이야기,12831848,디노다나,"요즘 들어 ""미래기술"", ""메타버스"". ""인공지능"" 등 관심을 많이 갖고 다양한 책들을 읽고 있어요..얼마전에 김상균 저서의 ""메타버스""를 읽으면서 아이도 한번 같이 읽고 싶다고 생각했는데..""십대를 위한 미래사회 이야기""를 읽다보니 딱 아이에게 들려주고 싶은 이야기들이 담겨 있었네요...왜 청소년들이 지금 미래 기술을 알아야 할까요?아이들에게는 미래가 아닌 곧 다가올 현실이에요.. 그리고 그 현실은 정말 빠르게 다가오는것 같습니다.미래기술은 새로운 것을 익히게 하기도 하지만 아이들에게 상상력을 키울 수 있도록 도와주는데, 미래기술...+ 더보기",5,2021-08-03
272801806,십대를 위한 미래사회 이야기,12717666,스윗투데이,"십대를 위한 미래사회 이야기





시대가 변화하면서 

많은 지식을 머릿속에 넣는 공부는 더이상 

중요하지 않은 시대가 되어갑니다. 

이 책은 미래사회가 어떻게 될 지를 청소년들에게 

보여줌으로써 어떤 지식을 배워야 하는지, 

그리고 어떤 미래를 위해 어떤 꿈을 꾸어야 하는지 

방향을 잡게 해주는 책입니다. 



빠른 속도로 변해가는 세상의 모습을 

구체적으로 보여주고, 현재 얼마나 발전해있는지를 

제시해줍니다. 



1장. 초연결 시대, 사람-사물-공간이 서...+ 더보기",5,2021-06-24
272801806,십대를 위한 미래사회 이야기,12721678,일년만,청소년을 위한 IT교양서왜 십대가 지금 미래기술에 대해 알아야 할까요?미래를 알아야 진로준비를 하고 앞으로 어떻게 살아야 할지 생각해볼수 있어요  올해 초6부터 고등학교에 가면 고교학점제 시행으로 진로교육의 중요성이 더욱 커졌어요 직업이 사라져 가는 시대 무슨대학 무슨과를 가야 취직이 잘 될지 뭘 전공해야 할지가 모든 학부모의 고민이죠 저 역시 그런 고민을 하면서 이 책을 읽었어요   지은이는 카이스트 대학원에서 미래와 사람에 대해 공부했어요   저자는 미래기술을 알아야 하는 이유에 대해1. 우리의 일상을 더 편하게 해준다2. 상상...+ 더보기,5,2021-06-26
272801806,십대를 위한 미래사회 이야기,12714803,-,"십대를 위한 미래사회 이야기- 서평후기     (메이트북스 출판사로부터 도서를 제공받은 리뷰입니다.)  지은이 박경수- 카이스트 미래전략대학원과 중앙대 인적자원개발대학원에서 공부를 하고 다양한 기업과 기관을 대상으로 컨설팅, 강의, 코칭을 진행하고 있다.프롤로그- 왜 10대가 지금 미래기술을 알아야 할까요?​ 왜 청소년들이 미래를 알아야 하는가? 다가올 미래사회, 무엇을 준비해야 하는가?다지털, 사회, 또 다른 세상을 만들기 위해 이 책은 십대가 꼭 알아야 하는 미래기술의 ...+ 더보기",5,2021-06-23
272801806,십대를 위한 미래사회 이야기,12717018,유니후맘,"네이버에서 메타버스로 직원들 오리엔테이션을 했었다는데이제는 가상의 세계가 바로 코앞까지 다가온 것 같네요예전에 보았던 영화 중에'레디 플레이어 원'을 보고서재미도 있고 정말 앞으로 저런 현실세계가 오겠구나 했었거든요그런데 샤넬도 메타버스로 광고를 내고이제는 쉽게 이야기를 들을 수가 있더라구요부모세대도 중요하지만앞으로 현시대를 살아갈 우리 아이들은더더욱 어떻게 변해갈지에대해 좋은 정보들을 접해야 하겠어요메이트북스에서 나온 십대를 위한 미래사회 이야기를 쓰신 박경수님은카이스트 미래전략대학원과 중앙대 인적자원개발대학원에서'미래', '사람...+ 더보기",5,2021-06-24
274680,데미안,547673,EmeG,데미안을읽고나니좋앗따,5,2004-10-08
370132835,반 고흐도 유튜브를 했을까?,16703314,petergo,박제정 선생님은 미술 전반에 관한 활동을 하시면서 다양한 종류의 직업을 가지셨다. 그 축적된 경험들을 우리 청소년들에게 쉽게 풀어 설명해 주신 멋진 책이 바로 ‘반 고흐도 유튜브를 했을까? “이다. 예술 분야에도 엄청나게 다양한 직업군이 있고 이 시대에 찾고자 하는 다양한 분야를 우리 청소년들에게 잘 풀어 설명해 준 참 좋은 예술 책이다. 예술은 일반적으로 우리 삶에서 중요한 역할을 하며 특히 그림은 사람들에게 자신을 표현하고 마음을 드러내는 특별한 방법이 된다. 말로는 다 표현하기 어려운 감정이나 생각도 그림으로 나...+ 더보기,5,2025-08-29
370132835,반 고흐도 유튜브를 했을까?,16734965,azirael40,"제목부터 심상치 않다.반 고흐와 유튜브라니...평소 고전을 좋아하나 유튜브, 인스타그램 등에는 너그럽지 못한 나이기에이 둘의 조합으로 어떤 이야기를 풀어낼지 궁금하여 읽어보았다.이 책을 통해 바라는 점이 있다면고흐조차도 이 시대에 살았다면 유튜브를 거부하진 못했을 것이다. 라는 결론?그래서 내 고집 아닌 고집을 흔들어 놓기를 바라는 마음으로 첫 장을 넘겨 보았다.또한 색다른 미술 교육에 관심이 있던 터라 새로운 수업 아이디어를 얻을 수 있지 않을까 하는 기대감도 있었다.책을 처음 봤을 때 작고 귀여움, 앙증맞다 라는 생각이 들었다....+ 더보기",5,2025-09-11
370132835,반 고흐도 유튜브를 했을까?,16734211,chichiboo,"‘반 고흐도 유튜브를 했을까?’는 교실에서 예술 수업을 고민하는 교사로서 깊이 공감하며 읽을 수 있었던 책이다. 나는 학생들과 함께 클래식과 고전 명화를 감상하고, 매일 시를 쓰며, 때로는 뮤지컬을 창작해 무대에 올린다. 또한 현 시대의 흐름을 반영한 콘텐츠를 제작하고 공유하는 활동도 진행한다. 이러한 교육과정을 설계하는 과정의 중심에는 늘 철학적 질문이 자리한다. 나는 누구인가, 세상은 무엇으로 이루어져 있는가, 우리는 무엇을 추구하며 살아가야 하는가와 같은 물음을 기반으로 예술을 만나고, 창작하고, 나누는 시간을 만...+ 더보기",5,2025-09-11
113284212,이사,11887597,색연필,소설의 첫 만남 시리즈 중 처음 읽은 책이에요. 작가의 작품집 중 일부를 수록한 것 같은데 작품집을 읽지 않아도 독립적인 소설로 잘 읽히네요. 표제작인 이사는 지구가 아닌 공간에서 벌어지는 일이지만 청소년의 꿈과 좌절이 찌릿찌릿하게 느껴져서 좋았어요.,5,2020-07-30
2322072,하버마스가 들려주는 의사소통 이야기,6378303,해피해피,"하버마스가 들려주는 의사소통 이야기 - 내가 말을 안하면 상대방은 어떻게 내 맘을 알까?* 저 : 문성훈* 출판사 : 자음과모음가끔은 말을 하기 무지무지 귀찮을때가 있습니다.그냥 내 얼굴과 행동만 보고 지금 내 맘을 알아주고 내 상태를 알아서 대응을 해줬으면 하는...그런 순간이 있죠.하지만 이건 정말 친밀한 관계에 있는 사람만 대응이 가능합니다.100% 는 아니지만 일부는요.사람과 사람 사이의 관계에서 대부분은 대화가 필요합니다.내가 원하는 뭔가를 말하거나 표현하지 않으면, 상대방은 전혀 이해할 수 없습니다.친구, 동료는 물론 사...+ 더보기",5,2013-05-22
5839539,나는 나의 꿈이다,4232800,글샘,"성공한 사람들의 어린 시절, 이란 부제로 나온 책이다. 
누구에게나 주어진
소중하고 1회뿐인 삶,
그 삶에 '성공'이란 이름을 붙이는 건 모욕적인 일이다. 
그렇지만,
남들에게 널리 알려진 이름과 재능은 분명히 존재한다.
그렇지만 그 명성은 물거품일 수도 있다.
금강경에서 그랬잖은가.
여로역여전 /  이슬 같고 또 번개 같고
여몽환포영 / 꿈, 허상, 물거품, 그림자 같은 것이라고... 그게 삶이라고... 
MC 몽이나 신정환을 보면 알 수 있잖은가. 
멀리 박정희까지 가지 않...+ 더보기",4,2010-11-01
5839539,나는 나의 꿈이다,3279438,오즐,"무척 기대했던 책이다. 


성공한 사람들의 어린 시절은 어떠했을까? 어떤 특별함이 그들을 성공의 길로 이끈 것일까?


될 성 부른 나무는 떡잎부터 알아본다는 말을 확인하고 싶었던 것 같다. 그러나 본론부터 말하자면 기대했던 내용이 아니다. 


이 책은 성공 비법을 알려주지 않는다. 성급한 기대였지만 나름의 교훈을 준다.


책에 소개된 25명의 어린 시절을 담다 보니 왠지 아쉬움이 남는다. 뭔가 이야기가 막 시작되려는 찰나에 ""다음 편에 계속""이란 문구를 만난 것처럼 각 이야기의 마지막은 이렇다....+ 더보기",4,2009-12-20
5839539,나는 나의 꿈이다,3284756,멀리가는향기,"나는 나의 꿈이다. 
 

그것은 또 다른 이야기의 시작이었다.

 

우리 어린 시절은 정말 논두렁 밭두렁을 뛰어다니고 뒷산에 밤따러 갔다 밤가시에 찔리고,

우물가 빨래하던 엄마 옆에서 나뭇잎 따다 돌 솥에 소꿉장난했었는데

요즘 아이들은 그런 추억을 별로 만들지 못하는 것 같아 안타깝다.

 

이름만 대도 유명한 이들의 어린 시절은 어땠을까?

궁금하고 그들은 어린 시절마저 특별했을 것 같은데 책 속 이야기는 상당히 놀라웠다.

처음부터 훌륭한 혈통에 부유...+ 더보기",5,2009-12-22
5839539,나는 나의 꿈이다,3281232,김하늘,"태어나자마자 성공한 사람은 없다. 의사로 태어나는 사람도 없고 대통령으로 태어나는 사람도 없다라는 이야기는 많이 들었다. 그러나 환경이 완벽에 가까울 만큼 좋을 줄 알았다. 실제 성공한 사람들 가운데 이런 사람도 많다. 다만 이런 사람들에 대해서 다루기보다 우리와 같은 입장에 놓여있는 사람들에 대한 이야기를 들려주어 우리도 성공할 수 있다는 꿈을 갖게 만들어 가는 것인지도 모른다. 물론 처음부터 성공할 수 없어라고 단정 지으며 체념하는 것보다야 성공할 수 있다란 자신감을 갖고 살아가는 것이 훨씬 더 좋으니까 말이다. 

...+ 더보기",4,2009-12-21
5839539,나는 나의 꿈이다,3281202,소지개,"어렸을 적...나의 어린시절엔 꿈이라는 것이 밤에만 꾸는 꿈과 다른 어떤것이라는 막연한 생각만 했었던적이 있었다. 그러다가 학교에서 선생님이 꿈에 대해서 써오라고 하면 나의 꿈이 무엇일까? 나는 커서 무엇이 되고 싶은거지? 나의 마음에게 그 물음을 던지면서 참 많이도 꿈에 대해서 생각을 했었던 기억이 난다. 꿈이라는 것이 말처럼 쉽게 그림이 그려지지도 않았고, 금방 이룰 수 있는 그런 꿈이 더더욱 아닌 어렵고 멀게만 느껴지는것이 꿈이라는 생각이라는 고정관념이 많았을 때라 그 꿈을 구체적으로 이야기하는 사람들이 오히려 더 대단해 보였...+ 더보기",5,2009-12-20
5839539,나는 나의 꿈이다,3273044,릴리,"학창시절 시험이 막 끝나면 어김없이 가는 곳이 있었다. 평소와는 달리 시험기간이 끝난 후 홀가분한 기분에 찾은 조용한 곳으로 딱인 곳, 바로 도서관이었다.  
 
  시험이란 게 잘 봤든 못봤든 끝나고 늘 허전하긴 마련이고 채워지지 않는 그 허전함을 달래기 위해 내가 찾는 코너는 다름아닌 위인들의 이야기, 특히 어렵고 힘든 과정을 거쳐 위인이 된 경우였다. 나만 힘든게 아니기에 할 수 있다는 용기가 아마도 좌절된 내 마음을 달래 주었기 때문이리라.

&...+ 더보기",4,2009-12-16
5839539,나는 나의 꿈이다,3279245,예닮예나맘,"이 책은 유명한 사람들의 꿈을 가지고 이룬 내용을 이야기 하는 책이다. 나 같은 경우 이런 책을 관심 가지고 읽어보는 책인것 같다. 꿈을 가지고 있다고 해서 이루어지는게 아니고, 이 꿈을 이루기 위해서 많은 사람들이 노력한 내용을 다루고 있어서 그런지 나 같은 경우 이 책을 읽어볼수 있어서 너무 다행이라고 생각이든다. 읽을때마다 느겼지만, 너무 사람들의 성격이랑 생김새가 서로 틀리기 때문에 서로의 상황이 틀리고, 그리고 환경이 틀리기 때문에 서로 다른 이야기를 해서 그런지 나 같은 경우 너무 재미있게 읽었다. 그리고 또한 아이들 키...+ 더보기",4,2009-12-19
5839539,나는 나의 꿈이다,3277760,relax420,"어릴적 위인전을 많이 읽었다. 그런데 언젠가부터 읽기가 싫어지더라.왜? 위인들은 어릴때부터 어쩜 그리 하나같이 특출하고 모범적인지.... 읽다보면 이래저래 모자라고 실수많이 하는 내가 더 평범하게 느껴지는 그 기분... 그러다가 대학생때였나.신문에서 읽은 얘기...이순신 장군은 어릴적 말을 타고 남의 수박밭을 밟는 못된 짓을 한적이 있다는 것..사실인지 아닌지는 모르겠으나 그 이야기는 상당히 새로운 충격이었다. 위인들도 그런실수를 할수가 있구나...

 

오히려 그런면에서 자신의 부족한점..젊은날의 객기등을 세월과...+ 더보기",4,2009-12-19
5839539,나는 나의 꿈이다,3268885,수리,"유명한 사람들의 어린시절은 어땠을까 하는 궁금증은 뭔가 특별했을 거 같은

그들의 어린시절에 대한 궁금증과 함께 유명하기 이전의 삶에서 유명해지기까지

기간에 어떠한 변화가 있었을까 하는 궁금증을 동시에 가지게 한다.

대부분 유명해진 이후의 삶에 대해 알고 있던 자들도 그들의 부모와 가문에

대하여 그리고 탄생과 어린시절에 대하여는 잘 알지 못하고 있었던 바

이책을 통하여 평소 궁금했던 유명인들의 감춰진 어린시절 프라이버시를

자세히 들여다보고 이해하며 그들의 놀라운 능력이나 캐릭터가 어떠한 인과...+ 더보기",4,2009-12-15
5839539,나는 나의 꿈이다,3266013,hya8880,"QUAND LES GRANDS ETAIENT PETITS

                     성공한 사람들의 어린시절

 

  

 



 

 


세계적으로 유명한 인물이나 위인들은 어떤 어린시절을 보냈을까?라는 질문에 답하려면 그...+ 더보기",4,2009-12-14
5839539,나는 나의 꿈이다,3276005,오리,"어렸을적 내 꿈은 간호사에서 시작해 교사에 이르기까지 퍽 다양했었다.  유치원을 다닐 무렵에는 상냥하고 예쁜 간호사가 되고 싶었고, 초등학교에 진학한 이후에는  교사 그리고 고등학교에 진학하며 문학교사로 꿈을 구체화시켰던 기억이 난다. 그러나 대학에서 문학을 조금 더 깊이있게 공부하고는 '작가'가 되기로 내 최종 꿈을 수정했다. 물론 지금 난 작가가 아닌 평범한 직장인이지만 반드시 꿈을 이루겠다는 생각은 항상 가지고있다. 
  지인들이나 동료들에게 간혹 꿈을 물어보는데 열에 여덟, 아홉은 꿈...+ 더보기",4,2009-12-18
5839539,나는 나의 꿈이다,3246216,곰돌이푸우,"책 표지에 발레복을 입은 사람, 춤을 추는 사람, 그림을 그리는 사람 등등...있었는데 이 그림을 보았을 때는 마치 한 장면 같았다

제목이 참 좋은 것 같다 그리고 누구나 학교에서 어릴 적 꿈들을 이야기해보라는 경험들이 한 번씩 있을 것 같은데 그중에서  제일 많이 나오는 것이 대통령, 의사, 변호사, 조련사 등등 이었다  

난 그 때는 유치원 교사나, 간호사, 글을 잘쓰는 사람, 피아노 선생님이 너무나 되고 싶었다 

그래서 그것들을 이루기 위해 난 무엇을 할 수 있을...+ 더보기",4,2009-12-05
5839539,나는 나의 꿈이다,3250071,루니안,"책 표지의 그림은 그 분야의 성공한 사람들을 이미지를 캐릭터화해서 특색있게 그려놨다. 책을 다 읽고 나니 표지의 그림만 봐도 어떤 사람인지 알 수 있게 되었다. 나는 성공한 사람들은 다른 사람보다 몇 배는 더 노력해서 얻어진 모습이라 생각한다. 그렇기 때문에 그들의 어린시절이나 그들의 살아온 과정을 볼 수 있는 스토리를 좋아한다. 혹독한 어린시절을 지나온 사람이라면 그들을 동정하는 것이 아니라, 그들이 성공할 수 있었던 기회와 그들이 꿈꾸던 꿈이 무엇이었을지 먼저 생각하게 된다. 그들이 그랬듯이 나도 그렇게 할 수 있다는 용기를 얻...+ 더보기",5,2009-12-07
4690636,소설로 만나는 중세 이야기,3175591,아나르코,"“역사란 무엇인가?” ㅡ. 우리가 학교에서 배운 역사라는 과목은 항상 “역사란 무엇인가?” 라는 질문에 대해 상반되는 답을 하는 랑케와 E.H.카와의 만남으로 시작되었다. (아마도 나의 기억이 정확하다면.. ^^) 이미 잘 알고 있겠지만, 랑케는 실증주의 역사관으로 역사는 역사적으로 정확히 확인된 사실 그 자체만으로 이해해야한다는 입장이고, 카는 해석주의 역사관으로 역사는 사회와 맥락에 따라서 다르게 해석된다는 입장이다. 그렇다면 다시 처음으로 돌아가 “역사란 무엇인가?” 라는 질문을 다시 던져보자. 사실 자체로 역사를...+ 더보기",5,2009-10-27
4690636,소설로 만나는 중세 이야기,3179451,봄햇살,"우리 역사동화를 읽으면서 아이들에게 딱딱하고 억지로 외워야 하는 역사가 아니라 말랑하고 자연스럽게 연결고리를 찾는 역사라는 생각에 긍정적인 평가를 했었다. 사실 역사란 연속된 이야기인데도 불구하고 우리는 지식처럼 외우려고만 하는 것이 안타까웠던 참이었다. 원칙을 지켜야하는 것(사건중심의 역사)도 있어야겠지만 때로는 이렇게 약간 변형해서 아이들에게 쉽게 다가갈 수 있는 것도 필요하다고 본다. 
그렇다면 세계사는 어떨까. 생각해 보니 세계사 관련 책은 하나 같이 지식으로 접근하는 게 대부분이다. 물론 단편적...+ 더보기",4,2009-10-29
4690636,소설로 만나는 중세 이야기,3174014,예르미아빠,"소설로 만나는 중세 이야기






공부는 지루 할 수도 있지만 이야기는 지루하지 않다. 중고교 시절 역사라는 과목. 그 중에서도 가장 어려워했던 것이 서양사 중 중세사였다. 국사는 나름 좋아 했던 과목이었지만 세계사 중 서양사는 왠지 모르게 어렵게 느껴졌었다. 머릿속에 그림도 잘 그려지지 않았고, 생소한 말들과 외국어들이 남감하게만 느껴졌었던 것이다. 사실 무슨 과목이든 학문이든지 첫 느낌이 중요한데 무조건 암기식으로 교육하는 정부의 교육 정책이 문제가 있었지 않았나 하고 생각한다. 당시 이러한 책을 만났더라면 오히...+ 더보기",5,2009-10-26
4690636,소설로 만나는 중세 이야기,3175440,연두,"[소설로 만나는 중세 이야기] 는 역사에 관한 내용이라 반색하며 책을 펼쳐들었다. 학창시절 시험기간이면 제일먼저 공부했던 역사과목...교과서 내용 한글자도 빠트리지 않겠다는 마음가짐으로 중무장하고 요령없이 달달 외우기만해 꽤나 힘들었던 과목이었다. 역사에 관심이 많았지만 숲을 보지 못하고 나무만 보았기에 시험기간이 지나면 지우개로 내머릿 속이 다 지워진듯 정.말 깨.끗.하.게 아무것도 기억이 나지 않았다. 

""역사란, 인간의 축적된 경험을 기록한 것이다.""

책을 펼치면 선명한 컬러로 숲을 볼 수 있게 도...+ 더보기",5,2009-10-27
4690636,소설로 만나는 중세 이야기,3178044,나야나,"학교다닐때 재밌는 수업시간으로 기억되는 것은 역사, 세계사 등의 과목이다. 

그 '재밌다'의 기준은 '와 이런 내용을 알게되서 너무 기쁘다' '이런 일들이 있었구나' 등등의 의미를 찾기보다는

그 과목을 담당하는 선생들의 이야기 실력에 좌우된것이기에 과목을 가르치는 입장에서 봤을때는 조금 김이 새는 

학생이었을지도 모르겠다.

하지만 교과서에 연대순으로 줄줄이 나온 굵직굵직한 사건들 보다는

잠시 이야기가 새서 그와 얽힌 비화들이나 교과서에는 나오지 않는 그 시대를 살았던 사람들의...+ 더보기",4,2009-10-29
4690636,소설로 만나는 중세 이야기,3207759,행인01,"소설로 중세 이야기를 만난다고? 재미있는 기획이자 시도다. 흔히 암흑 시대로 분류하던 중세이다 보니 그 관심은 더 높았다. 어떤 방식으로 역사를 보여줄까, 기대도 되었다. 하지만 이야기들을 읽으면서 먼저 느낀 것은 나의 무지다. 유럽 중세사에 대한 지식 부족과 기존에 가지고 있던 인명이나 지명의 차이가 정확한 실체를 파악하는데 어려움으로 다가왔다. 다행이라면 열다섯 꼭지 하나하나가 다양한 등장인물을 통해 말해지면서 그 시대의 단면을 볼 수 있게 만든 것이다. 그 중 몇몇은 재미까지 가득하다.

저자는 서문에서 말한다. 역사는 진...+ 더보기",4,2009-11-15
4690636,소설로 만나는 중세 이야기,3182309,stella.K,사람의 편견이 무섭긴 무섭다. 내가 책에 갖는 편견은 뭘까? 이 책을 읽으면서 나는 그런 생각을 했더랬다. 세계사에서 '중세'하면 뭔가 신비롭지 않은가? 고딕 양식을 떠올리게 되고 정치적으로는 암흑기라고 하고.  그런데 가만히 생각해 보면 세계사 공부를 한지가 워낙 오래 되어서 그런지 나는 중세에 대해서 정말 아는 것이 없다는 생각을 했다. 그래서도 난 이 책을 읽을 생각을 했는지도 모르겠다. 그런데 나는 그렇게 나는 이 책을 알게된다면 중세의 역사적 배경에 대해서 알게 될 줄 알았다. ...+ 더보기,3,2009-10-31
4690636,소설로 만나는 중세 이야기,3195983,칸타타,"소설로 만나는 역사이야기라...

책을 읽기 전 이런저런 예상을 해보았지만
그 긴 이야기를 어떻게 한권의 책에
그것도 역사교과서 형식같은 단답식 구술도 아닐텐데
어찌 그 많은 이야기를 담아낼 수 있을런지
내 입장에선 할 필요도 없을 걱정을 해보며 궁금해 했었다.

책을 몇장 읽으니 괜한 걱정이었다 싶어졌다.
모든 중세사를 빠짐없이 소설로 엮은게 아니라
중요인물과 소설로 꾸미면 좋았을만한 이야기를 중심으로
기차의 각 객차를 연결하듯 이어진 구성이었다.

그런 와중에 책의 큰 특징이자 장점이었다면
처음보...+ 더보기",4,2009-11-08
4690636,소설로 만나는 중세 이야기,3181953,red7177,"중세하면 떠오르는 것이 무엇이 있을까...낭만적이고 멋진 기사단과 아름다운 여인들의 이야기 또는 종교라는 명분아래 처참하게 치뤄졌던 십자군 전쟁과 마녀 사냥, 중세 인구 수를 급격하게 하락시켰던 흑사병이야기들이 생각이 난다. 하지만 수업시간에 수많은 연대표와 사건과 인물들을 연결시켜 외웠음에도 불구하고 구체적으로 떠오르는 인물과 사건들은 극히 적다. 나의 경우에만 해당되는 것인지도 모르겠지만 말이다.  
'소설로 만나는 중세이야기'는 역사적 사실을 다른 시각에서 바라본다. 승자가 기록한 역사서의 기록을 참조하여 ...+ 더보기",4,2009-10-31
4690636,소설로 만나는 중세 이야기,3405323,Luv,"우리나라나 다른 나라의 역사를 볼 때 왜곡된 부분과 어디부터가 진실이며 어디부터가 거짓인지 판별하기란 쉬운 일이 아니다. 과거의 자료나 근거를 토대로 옳고 그름을 판단하거나 혹은 역사적 기록을 중심으로 과거의 일은 그 나름대로 기준이나 잣대가 정해져 버린다. 거짓은 진실로 포장하기도 하고 진실을 거짓으로 만들어버리기도 하기 때문이다. 

　역사적 사실을 토대로 과거의 사실만을 받아들이고 이해하며 인정하기란 쉬우면서도 어렵다는 생각이 든다. 과거에 태어나지도 않았거니와 단지 자료나 문서만을 통해서 단정 지어 버리기 때문...+ 더보기",5,2010-02-09
4690636,소설로 만나는 중세 이야기,3175410,지젤,"학창시절 내게 역사는 연대순으로 사건과 배경, 인물등을 외워야 하는 지루하고, 따분한 과목이었던 것 같다. 하지만 시간이 지날수록 역사야말로 인류가 이루어놓은 문화와 경험이 축적되어 전해져 내려오는 신비스러운 이야기라는 생각이 든다. 지나간 역사를 경험한다는 것은 인간의 감정과 이성을 제대로 바라볼 수 있는 눈을 가지게 되는 것이며, 가치있는 유산을 전해받는 것이란 의미에서 역사에 관한 책들은 시대와 지역을 막론하고 끊임없이 더욱 궁금해지는 것은 아닐까 싶다. 역사에 관심을 갖고 책을 즐겨 읽기 시작한 것은 얼마 되지 않았지만 세계...+ 더보기",4,2009-10-27
4690636,소설로 만나는 중세 이야기,4822457,달팽이엄마,"역사책을 읽으면서 장면을 상상해 본 사람이라면 한번쯤 이렇게 써 보고 싶지 않을까 싶은 책이다. 게다가 중세의 사건들은 실제라고 생각하기에 과장된 부분이 없지않아 있기 때문에 더더욱 소설로 써 보고 싶은 매력적인 과거이다. 추리 소설에 등장하는 배경에 중세가 많은 것도 어쩌면 그런 이유가 아닐까.  
 물론 이 소설은 중세의 이야기를 바탕으로 한 픽션이기 때문에 전혀 없는 이야기라고는 할 수 없다. 어떤 것은 실제의 이야기를 조금 구체화 한 것이기도 하고, 어떤 것은 그랬으면 좋겠다는 식의 희망적 상상이...+ 더보기",4,2011-05-30
4690636,소설로 만나는 중세 이야기,3245365,수양버들,"중세라는 시대는 특별한 매력을 지닌다. 하층민에서부터 왕에 이르기까지 신을 믿으며 보이지도 않는 영혼의 세계가 지배한 시대이기 때문이다. 모든 것을 까발리고 드러내는, 그래서 보이지 않는 것, 증명되지 않는 것은 믿을 수 없으며 인정할 수 있다는 경박한 현대에 비해 얼마나 낭만적이고 깊이 있는가 말이다. 
중세는 근대와 현대에 비해 긴 역사를 지녔다. 근대와 현대라는 짧은 역사가 얼마나 인간의 삶을 변화 시켰는지, 이해하기 위해서는 중세를 알아야한다. 그런데 이런 앎이라는 것이 교과서나 역사책을 통해 알아지기 어렵다. 안다는 것을...+ 더보기",5,2009-12-04
4690636,소설로 만나는 중세 이야기,3214825,tiktok798,"학창시절에는 교과과정중에 국사와 함께 세계사라는 과목이 따로 있었다. 겨우 몇년, 일주일에 몇시간을 보장받는 세계사만으로 말 그대로 세계의 역사인 세계사를 전부 안다는 것은 불가능에 가까운 일이었지만 그래도 세계의 역사를 단편적으로나마, 혹은 중요한 사건을 중심으로 배운다는점에서 그 시간만큼은 꽤 즐거웠던 것으로 기억된다. 물론 시험은 싫었지만 말이다. 학교를 졸업하고 더 이상 세계사라는 과목이 보장되지 않으면서 나의 세계사 지식은 말 그대로 희미해지기 시작했는데 그 시절 잘도 외우던 외국 왕들의 이름이나 전쟁을 승리로 이끈 장군들...+ 더보기",,2009-11-18
4690636,소설로 만나는 중세 이야기,3204014,란포,"중세 시대 특히 신성 로마 제국에 대해서 우리는 얼마만큼 알고 있는가.

로마시로부터 흥륭하여 이탈리아 반도 및 지중해 전체를 지배하였던 고대 서양 최대의 제국

로마 제국은 수많은 세월이 흐른 지금까지도 많은 사람들에게 가르침을 주고 있다.

로마가 이룩한 지중해 세계의 통일은 여전히 세계사상 불멸의 의의를 가지고 있다.

그렇다면 신성 로마 제국이란 무엇인가.

신성로마제국은 고대 로마제국의 부활, 연장이라고 여겨졌기 때문에 로마제국이라 불렸고, 

또 고대 로마의 전통 보존자인 그리스도교회와...+ 더보기",4,2009-11-12
341804422,최애가 되고 싶어,15743141,gazahbs,"소소하게 덕질까지는 아니더라도 좋아하는 배우가 인터뷰한 잡지를 사던 때가 있었지만 그것도 이제는 학창시절 이야기라 까마득하게 느껴진다. 오래 지속되었던 것도 아니고 지금까지 이어지는 것도 아니기에 덕질 수준이라고 말하기도 뭣한데 그래도 누군가를 좋아하고 무언가에 빠졌던 그 순간이 돌이켜 보면 삶의 활력이 되었던것 같긴 하다. 그렇기에 과연 청소년기의 덕질, 흔히 말하는 최애에 대한 추억 등을 담아낸 책, 『최애가 되고 싶어』에는 어떤 이야기가 담겨져 있을지 궁금했던것 같다.뭐든 지나치면 문제가 되겠지만 그럼에도 불구하고 인...+ 더보기",5,2024-08-02
341804422,최애가 되고 싶어,15740682,행인01,"청소년기의 덕질에 대한 이야기다.단순히 덕질만 파고들지 않고, 그들의 열정과 사랑과 문제점을 하나씩 연결시켰다.많지 않은 분량이라 생각보다 빠르게 읽을 수 있었다.개인적으로 좋아하는 작가들과 관심을 둔 작가들이 함께 참여한 단편집이다.처음 제목에 끌린 이유 중 하나가 ‘최애’인데 왜 이렇게 낯익은 지 서점에서 알게 되었다.바로 최근 유명한 <최애의 아이> 때문이다. 한 번도 읽은 적 없는 만화다.그리고 단편 네 편은 모두 예상한 것과 다른 결말로 이어졌다.읽고 난 후 그 시절 내가 가장 사랑했던 것들이 지금도 가장 사랑하...+ 더보기",4,2024-08-01
341804422,최애가 되고 싶어,15717043,jjo07,"덕질하는 10대의 네 가지 이야기 좋아하는 것이 있다는 것, 좋아하는 열정이 있다는 것이 얼마나 행복한 일일까. 이렇게 좋아하는 책을 읽을 수 있다는 것, 좋아하는 작가님이 계시다는 것 하나가 행복을 더욱 크게 해준다. 그런 나의 열렬함처럼 최애가 되고 싶어에는 10대들의 열렬한 마음이 그대로 담겨 있으면서도 그 마음과 방향은 조금씩 다르다. <최애가 되고 싶어>제목만 보고 자신이 닮고 싶은 우상에 대한 마음이라고 생각했지만, 그 우상이 의외의 인물이라 놀라웠다. 친구들과 어울리면서도 존재감이 없이 소외됨을 느끼던 가희는...+ 더보기",5,2024-07-24
341804422,최애가 되고 싶어,15741803,커피프린세스,"소중하니까 열렬하게 덕질하는 10대의 네가지 이야기. 범유진, 정재희, 최형심, 임하곤 네 작가가 청소년기의 덕질에 관한 이야기를 펼친다. 사실 덕질이라는게, 청소년만의 전유물은 아니다. 나이 불문하고 덕질을 하게 된다. 많은 이들이 덕질을 통해서 열정을 불태우며 행복지수를 급상승시키지 않는가. 자신의 삶에 플러스가 된다면야 덕질을 좋은거지만 너무 과한 것은 금물. 게다가 청소년기에 덕질은 자신이 좋아하는 것을 찾아 미래도 결정할 수 있는 것이기 때문에 좋을 것 같지만, 과한 것은 금물.​이 책에는 네명의 작가가 쓴 「최애가 되고 ...+ 더보기",4,2024-08-02
341804422,최애가 되고 싶어,15742031,은근공주,"덕질,,, 좋아하는 것에 빠져 그것을 하기 위해 노력하는 모습은 좋은것 같다.학창시절에 아이돌을 좋아해서 덕질을 하고 지금까지도 하고 있으니 말이다.무엇에 빠져서 그것을 위한 노력을 한다는 것도 좋은게 아닐까?최애가 되고 싶어라는 제목을 보고는 어떨지 궁금해진 이유이기도 하다.10대들의 덕질이야기라니 어떨지,,,     책속에는 최애가 되고 싶어, 흑마법인 줄 몰랐어, 그림자의 집, 시네필 능력 대결이라는 제목의 네명의 작가님이 쓴 이야기를 담고 있다.저마다의 덕질에 대한 이야기를 담고 있는데 그 덕질이 우리가 쉽게 생각하...+ 더보기",4,2024-08-02
341804422,최애가 되고 싶어,15729358,팬이야,헤드폰을 쓰고서 무표정한 얼굴로 어딘가를 응시하는 소녀의 모습이 그려진 이책은 무언가 한가지에 깊이 파고든다는 의미를 가진 덕질을 주제로하여 네 명의 작가가 쓴 앤솔러지입니다그들은 무엇에 빠져있으며 그 덕질을 통해 어떤 성장을 하게 될지 궁금해집니다친구들과의 부당한 관계에서도 제대로 의견을 말하지못하는 소심한 가희가 일부러 친구들과 다른 학교를 지망하게 되고 좋아하는 만화속 캐릭터처럼 행동하며 달라져보고자 하는 이야기인 '최애가 되고 싶어'오컬트를 좋아하는 내가 길고양이를 괴롭힌 일진에게 제대로 된 복수와 교육을 하려는 이야기인 '...+ 더보기,5,2024-07-29
341804422,최애가 되고 싶어,15743903,행복나무하나,"책 표지의 '덕질'이라는 단어를 보니 자연스레 나의 40대가 떠오른다. 엄청난 덕후는 아니었지만 90년대를 주름잡았던 H.O.T와 S.E.S, 박정현의 앨범 전 곡을 외워서 따라부르며 홀릭했던 그 시절이 마냥 나쁘지 않았던 것 같다. 바라고, 꿈꾸는 ...+ 더보기",5,2024-08-02
341804422,최애가 되고 싶어,15743896,수기짱,"""덕질하는 청소년들의 열정과  사랑의 이야기들""범유진, 정재희, 최형심, 임하곤의 <최애가 되고 싶어>  를 읽고""한 번 덕질한 사람은 영원히 덕질한다"" -네 명의 작가가 들려주는 덕질하는 청소년들의 이야기-누구나 어렸을 때, 무언가에 빠져서 덕질해 본 경험이 있을 것이다. 흔히 우리는 이런 사람들을 '오타쿠'라고 부르는데, 당신은 무엇에 빠져 덕질을 했나요?"" 당신의 최애는 무엇이었나요? 나 또한 어렸을 때 추리 소설 읽기 재미에 흠뻑 빠져...+ 더보기",5,2024-08-02
341804422,최애가 되고 싶어,15744086,top0613,"청소년기의 덕질은 누구나 한 번씩 해보지 않았을까 싶다.
나 역시 중학교 시절 가수를 좋아해서 엽서에 못 쓰는 글씨지만 이틀에 한 번씩 주 3회 3년간 편지를 보냈던 적이 있다. 그것도 가수의 사무실이라 아니라. 가수의 부모님 댁에 말이다. 이 미친 짓을 3년을 했다니…. 지금 생각해 보면…. 참….이렇듯 누구나 한 번씩 덕질은 해봤을 것이다.이 책은 4명의 청소년의 각자의 덕질의 이야기다.“최애가 되고 싶어”에서 소심한 성격의 주가희는 장하리가 되고 싶어 한다. 만화 속 장하리 주인공처럼 멋지게 살고 싶어 한다.
“흑마법인줄 ...+ 더보기",5,2024-08-03
120485353,지구 멸망 보고서,10806848,341un,“우리는 지구를 조상에게서 물려받은 게 아니라 후손에게서 잠시 빌려온 것이다.” 지구환경과 인류의 운명을 돌아보게 하는 책.,5,2019-04-19
255668681,숙제 파업,12167078,카프카카,"초등을 졸업하고 중학생이 된다는 기쁨도 잠시,해야 할 공부가 너무 많은데, 숙제까지 많다면 아이들에게 자유가 너무 없어진다는 점에서중학생이 된 아이들이 숙제 때문에 정말 하고 싶은 일을 못해요라고 말하고 있네요. ​ 중학교 입학 후 진로를 찾기 위해서 자유 학기제를 도입한 현재에 아이들이자신이 선택하지 못하는 숙제를 거부하는 파업을 한다면, 너무나 황당하지만가능성이 전혀 없지는 않아서인지 더 재미있게 소년 이야기에 빠져들어가게 되네요.학교 교육에서 숙제가 갖는 의미에 대해서도 알아보고,현재 우리 아이들에게 숙제가 ...+ 더보기",5,2020-11-25
255668681,숙제 파업,12212457,남늘,"지금 우리 아이들에게 당면한 과제를 그대로 보여주는 숙제 파업!​숙제의 영어 단어는 HOMEWORK이다.말 그대로 집에서 하는 일.집에서 하는 공부다.​그럼 공부는 누가 시켜서 하면 안된다. 결국 공부는 스스로 해야만 하는 것!!!​이 책의 저자는 미국사람이다.미국은 우리와 다르게 시험만으로 성적을 메기는 것이 아니라 수업참여도, 시험성적, 숙제 결과 등등 다양한 관점에서 아이들을 분석하고, 판단하여 그 결과값으로 성적을 부여한다.이 방법이 지금 우리나라에 들여온 학종인데... 말이 많다.​아니나 다를까...이 책에서도 이야기한다....+ 더보기",5,2020-12-11
255668681,숙제 파업,12203475,halfpie,"청소년을 위한 미래인의 걸작선 신간인 ""숙제파업""은 청소년이 스스로 자신이 원하는 것을 얻기 위해 기존의 틀을 깨면서 성취해가는 과정을 그린 좋은 소설입니다. 제목 그대로 주인공인 그레고리가 숙제를 안 하겠다고 파업을 하고 그 파업을&nbsp...+ 더보기",5,2020-12-08
255668681,숙제 파업,12794823,저스틴,이 글에는 스포일러가 포함되어 있습니다. 보시겠습니까?회색 영역을 클릭하면 내용을 확인할 수 있습니다.,5,2021-07-21
321080767,"디어, 썸머",14954018,wildbee,"특히 숲과 해변가에 대한 섬세한 묘사와 섬세하지만 강하게 손을 잡는 것 같은 문장의 힘, 당신에게 딸이 있다면 꼭 읽어주고 싶을 소설이라 생각한다. 청소년 소설에 대한 선입견을 깬 작품이었다. 다른 소설들이 좋지 않았던 것이 아니다. 그저  마이리뷰의 칸이 너무 좁다.",5,2023-10-02
244294431,"리수려, 평양에서 온 패션 디자이너",12021110,darterjoo,인문학과 소설길찾기와 마음찾기가 함께 한 이야기다.첫째 이야기부터 빨려들었다.내가 모르거나 애써 외면했던 북한 이야기다.평양에서 온 사람. 북한에서 선생님이었던 엄마가 나오면서다.상상할 수 있는 이야기가,5,2020-09-23
173215059,"밥 딜런, 똑같은 노래는 부르지 않아",10495465,키치,"2016년 노벨문학상 수상자로 밥 딜런이 호명되자 전 세계가 크게 놀랐다. 나도 그랬다. 노벨문학상은 헤르만 헤세나 어니스트 헤밍웨이 같은 작가들이 받는 상이라고 생각했기에, 뮤지션인 밥 딜런이 수상자로 선정되었다는 사실이 낯설기도 하고 당황스럽기도 했다. 한편으로는 세계적인 뮤지션인 밥 딜런의 음악은 물론 그의 생애에 대해서도 제대로 아는 것이 없다는 사실이 부끄러웠다. 밥 딜런이 그동안 해온 음악 활동과 사회 운동에 대해 알았다면 그가 노벨문학상 수상자로 호명되었을 때 아무 거리낌 없이 박수를 보낼 수 있었을까? 청소년의 시각에...+ 더보기",4,2018-11-27
173215059,"밥 딜런, 똑같은 노래는 부르지 않아",10513811,깐도리,"청소년기 이후의 밥 딜런은 늘 자신의 마음이 이끄는 대로 따라갔어요. 시키면 하고, 말린다고 안 하지 않았어요. 떠나야겠다 생각하면 떠났고, 머물러야겠다 생각하면 머물렀어요.돈을 벌고, 인기를 얻고,상을 받기 위해 행동하지 않았어요. 그렇다고 돈과 인기와 상을 회피하지도 않았어요. 돈과 인기와 상을 얻고 싶으면 또  그 마음 그대로 드러냈어요. 밥 딜런은 자신의 인생을 자신의 뜻대로 자유롭게 사는 게 가장 중요했어요. 오히려 그래서 돈을 벌고, 인기를 얻고, 상을 받을 수 있었는지 몰라요.(p62)밥 딜런은 2016년 10...+ 더보기",5,2018-12-05
173215059,"밥 딜런, 똑같은 노래는 부르지 않아",10513697,김동훈,"2016년 노벨문학상을 밥 딜런이 수상하며 큰 이슈가 된 적이 있다. 사실상 보수적인 의미로의 '문학'을 창작하는 사람만이 노벨 문학상을 탈 수 있었기 때문이다.(개인적으로 노벨문학상의 가치는 별로 대단치 않다고 생각하지만, 그 영향력은 인정할 수밖에&nbsp...+ 더보기",5,2018-12-05
173215059,"밥 딜런, 똑같은 노래는 부르지 않아",10491758,giddlgiddl,"나는 몇 달전 마틴 루터 킹 목사님에 대한 책을 읽은 적 있다.그 책에서는 나는 밥 딜런을 만나게 되었고, 2016년 음악가로서 최초로 노벨문학상 수상자로 우리에게 다시금 그 이름을 알리게 했다.책 "" 밥 딜런, 똑같은 노래는 부르지 않아 ""를 읽으면서 밥 딜런에 대해, 인생, 꿈, 그의 생각을 접할 수 있어 좋았다. 사실 나는 밥 딜런을 몰랐다. 그저 인터넷이나 티비에서 그의 이름이 나왔기에, 접했을 뿐이였다.그런데 저자 서정민갑은 우리에게 밥 딜런의 인생을 차근차근 자세히, 어렵지 않게 설명해주며 그를 만나게 ...+ 더보기",5,2018-11-25
173215059,"밥 딜런, 똑같은 노래는 부르지 않아",10499212,Beth2홍주형,2016년 노벨 문학상 수상이 딜런이었다는 것이 놀라웠다. 왜냐하면 아티스트가 받았으니까. 하지만 딜런의 그 동안의 커리어라면 충분히 받을만하고도 남았다. 왜냐하면 딜런이니까. 스티브 잡스가 제일 좋아하던 아티스트 2개 중 하나였으니까 (남은 하나는 비틀즈). 어릴때부터 음악을 달고 살았다. 그리고 그게 결실을 맺어서 1960년대에 데뷔를 했다. 자기 만의 기준점으로 커리어를 쌓았다. 하긴 그의 커리어가 굵다고는 말할 수 있을 거 같다. 36장의 정규 앨범을 낸다는 게 결코 쉬운 건 아니다. 5번이나 빌보드 앨범 차트 1위에 올라간...+ 더보기,4,2018-11-28
8183335,카라마조프 집안의 형제들 3,4498132,동화세상,"[카라마조프 집안의 형제들}은 도스토옙스키의 생애 마지막 작품이자 최고의 걸작으로 꼽히는 작품이다. 이 작품은 돈과 애욕에 얽힌 비운의 가족을 통해서 인간의 본성을 파헤치는 작품인데, 19세기 문학의 정점이라는 평가를 받고 있다고 한다. [카라마조프 집안의 형제들]은 평생을 탐욕에 사로잡혀 살다가 죽음을 당하는 표도르 파블로비치 카라마조프와 그의 세 아들의 삶을 보여주고 있는데, 1권에서는 표도르 파블로비치 카라마조프의 탐욕과 이기심, 애욕에 의해 크고 작은 갈등이 시작되는 과정을 담았고, 2권에서는 표도르 파블로비치와 큰 아들 드...+ 더보기",5,2011-02-07
8183335,카라마조프 집안의 형제들 3,4483119,최상철,"카라마조프 집안의 이야기를 이 책으로써 드디어 끝맺음하게 되었다. 지금 회상해보더라도 이들은 참으로 끔찍한 삶을 살고 있었다. 부도덕한 아버지로 인해 태어난 세 명의 아들. 아니, 네 명이라 해야 옳을 것이다. 백치를 겁탈하고 낳은 자식 스메르쟈코프를, 마치 선심쓰듯이 데려와 하인으로 부리고 요리사 교육을 시켜 요리를 하도록 했으니 말이다. 이 카라마조프식 사고는 정말 이해할수가 없다. 아니, 인간으로서는 해선 안될 짓이라 생각된다. 
디미트리는 2권에서 아버지에 대한 살의 혐의를 받았고, 결국 모든 정황상 그의 유죄를 ...+ 더보기",5,2011-01-30
2585221,존 롤즈가 들려주는 정의 이야기,8930488,닉닉,"존 롤스가 들려주는 정의 이야기

자음과 모음


""정의""

하버드대학 마이크 샌델 교수님의 '정의란 무엇인가' 강의가 한 때 
여러 사람들의 입에 오르내리고
뭔가 가슴이 뜨거워지는 것을 느끼던 적이 있었지요.

하지만 인문학, 철학이라는 것이 말처럼 쉬운 것도 아니고
곰곰히 생각하며 더 깊은 속에 있는 나를 돌아 봐야하는 어렵고 
시간을 요하는 학문이다보니
쉽사리 접근하지는 못했어요.

철학자가 들려주는 철학이야기는 우연히 자주 가는 도서관에 
갔다가
처음 보게 되었는데요.
오호!!...+ 더보기",5,2016-11-26
361728209,중학생의 유전학은 다르다,16410778,-,"초고학년 예비중등,중학생에게는 무조건 추천!그림으로 쉽게 설명이 되어있어 아이들의 이해를 도왔답니다! 과학시간에 유전학 파트나와도 당황하지 않을거에요!어른들이 보기에도 ‘질병 극복‘에 대한 유전학의 연관성 부분들유익한 내용이 많더라구요! 유전학이 어려운 모든 사람에게 추천드려요!",5,2025-04-27
361728209,중학생의 유전학은 다르다,16385628,제이니,"과학을 어려워하던 초등 6학년 아이와 함께 읽었습니다.‘멘델의 법칙’, ‘DNA 실험’ 같은 개념들이귀여운 그림과 실험 스토리로 풀어져 있어자연스럽게 이해하고 공감할 수 있었어요.책을 덮은 아이가“뭔가 쉬운 것 같은데, 단어가 낯설어.그래도 유전학이라는 게 어떤 건지는 알겠어.”“다른 과학 법칙도 이렇게 나오면 좋겠다!”라고 말했을 정도예요.과학 개념을 단순 암기가 아닌이해와 맥락 중심으로 접근하고 싶은 아이,중학교 과학을 부담 없이 시작하고 싶은 아이에게정말 추천하고 싶은 책입니다.이 서평은 출판사로부터 도서를 지원받아 작성한 리...+ 더보기",5,2025-04-16
246211866,시가 나에게 툭툭 말을 건넨다,11898873,오즐,"레몬을 떠올리면 입 안에 침이 고이듯이.고등학교 시절의 문학 수업을 떠올리면 머리가 지끈거려요.교과서 옆에 두꺼운 참고서를 함께 두고 시대별 문학 작품에 대해 달달 외웠거든요.작품의 이해와 감상은 건너뛰고 작품 해설을 암기했으니...<시가 나에게 툭툭 말을 건넨다>라는 재미난 제목 때문에 시집인 줄 알았어요.그런데 웬걸, 고딩을 위한 발칙하고 유쾌한 문학 수업이라네요.저자는 27년간 고등학교에서 문학을 가르치는 국어 교사였고, 시를 쓰는 시인으로서 20년 동안 시동인 '빈터문학회' 대표를 맡아 활동했다고 해요.교사 시인으...+ 더보기",5,2020-08-04
246211866,시가 나에게 툭툭 말을 건넨다,11900654,정혜미,ㅡ와닿는 내용ㅡㅇ선생님을 곤혹하게 만드는 대단히 현명한(?) 학생의 답안이었다.ㅇ26P제 원래 성격이 남다르게 하는 성격이기도 하고 선생님의 생각을 뛰어넘으면 웃기든 대단하든 눈에 띌 수도 있고 칭찬을 받을 수도 있고 가산점을 받을 수도 있기때문에 그저 기존 틀에 따르는 것도 좋지만 그 틀을 깨는 것도 참 재밌고 나쁠 것도 없으니까 옛날에 많이 나댔었던 기억이 납니다!​ㅇ온 세상이 온통 불통 사회다.ㅇ84P솔직히 생각해보면 자신의 생각이나 욕심의 10%라도 표현하고있을까? 거의 다 숨기면서 살고 있기때문에 불통 사회가 될 수 밖에 ...+ 더보기,4,2020-08-04
246211866,시가 나에게 툭툭 말을 건넨다,11918653,책끌,"<시가 나에게 툭툭 말을 건넨다>. 책 제목만 읽어도 재밌을 것 같았다. 직접 읽어보니 더 재밌는 내용이 많았다. 학창 시절 문학 시간에 시를 배울 때면 시를 읽고 분석해서 시험을 봐야 했다. 특히 시는 읽을 때의 감정이나 장소에 따라 다른 느낌으로 다가왔다. 하지만 어떤 작품이 시험 문제로 나올 때면 정답을 맞히기 위해 문제의 의미를 파악하는데 더 신경을 쓰곤 했다.​<시가 나에게 툭툭 말을 건넨다>를 쓴 장인수 시인은 현직 교사다. 그는 ‘문학 수업, 그 발칙하고 엉뚱함’에 대한 탐구와 실천을 지속해 왔다고...+ 더보기",5,2020-08-12
246211866,시가 나에게 툭툭 말을 건넨다,11923419,무파스,"시를 가까이.학생시절에는 감수성과 상상력이 풍부하지만 입시에 시달려 문학을 즐길 시간이 거의 없어요. [시가 나에게 툭툭 말을 건넨다]는 재밌는 문학 수업으로 학생들이 던진 질문에 대한 탐색 활동만을 모은 내용이라니 기대되었습니다.가수 밥 딜런이 노벨 문학상을 수상한 예를 들며 음유시와 같은 노래가사들도 알려줘요. '내 꺼인 듯 내 꺼 아닌 내 꺼 같은 너', '시간은 조금씩 우리를 갈라놓는데' 등 좋은 가사가 많네요. 저자가 뽑은 음유시인은 가수 조용필입니다. '꿈은 하늘에서 잠자고 추억은 구름 따라 흐르고'라는 가사가 좋아요.벼...+ 더보기",5,2020-08-15
246211866,시가 나에게 툭툭 말을 건넨다,11923156,흙사람,"30여년이 지났지만, 고등학교 때 배운  공무도화가나 황조가를 아직 기억하고 있다..주입식 교육의 맹점이라고 해야하나.책 ˝시가 나에게 툭툭 말을 건넨다˝를 읽으면서, 지금 학생들은 정말 행복하지 않을까 하는 꼰대스러운 생각도 든다.지난세대, 우리세대가 받은 교육은 오로지 시험을 위한 암기식 교육, 예전 우리시대 유행하던 아저씨 유머로 하자면, 한샘(?) 선생님의 ˝이부분은 밑줄짝 긋고 ... ˝ ....우리때는 왜 이런 스승이 없었을까 하는..그래서 장인수 시인하는 수업이  부럽다.한편으로 요즘 아이들은 너무 많은 걸 배우는건 아...+ 더보기",4,2020-08-14
246211866,시가 나에게 툭툭 말을 건넨다,11914296,go20622go,고딩을 위한 발칙하고 유쾌한 문학 수업시가 나에게 툭툭 말을 건넨다.책 표지만을 봤을때는 시와 관련된 이야긴 줄로만 알았는데읽다 보니 시인들의 인적 사항과 각각의 시인들의 연관성을 지어 문학적으로 이야기를 엮어 나갔다.장인수 작가 시인은 27년간 고등학교에서 국어를 가르치고 있습니다.그래서인지 책 제목에서도 고등학생을 위한 문학 수업이라는 글귀는 수업 시간에 교실을 춤추게 하고 인생을 춤추게 하는 가장 중요한 학생 시절을 위해 써 주시지 않았을까 싶습니다.나에게 북한 지역의 문학 기행을 묻는다면?두말할 필...+ 더보기,5,2020-08-11
246211866,시가 나에게 툭툭 말을 건넨다,11917356,이지영,학창 시절 국어는 나에게 참 어렵고 지겨운 과목이었다. 나름 책을 많이 읽는 아이였지만 교과서 속 문학은 나의 생각이 중요하지 않았고 참고서에 나오는 작품의 해설과 작가의 의도를 암기해야 했다. 힘들게 공부했던 기억에 곧 중학생이 되는 아이에게 한국 문학을 읽게 하려고 책 선택 문제로 고민을 하고 있다. 교과서에 수록되어 있고 친절히 작품 해설까지 소개되어 있는 책과 축약본이나 발췌본이 아닌 전문 그대로의 책 사이에서 깊은 고민 중이다. 그러던 중 읽게 된 책이 '시가 나에게 툭툭 말을 건넨다'이다.시인과...+ 더보기,5,2020-08-12
246211866,시가 나에게 툭툭 말을 건넨다,11929879,frenchofkiss,"내 머릿속에 '시' 라는 개념은 수학능력평가 시험을 위해 언어영역의 문학 갈래에 한 장르라는 생각. 그 이상도 그 이하도 아니다. 정해져 있는 시인의 의도와 주제 그리고 시구들을 반복적으로 외우고 학습한다. 얼마나 많은 문학작품을 '사전에', '미리' 공부했느냐가 시험의 주된 핵심이었다.시험문제를 풀기위해 공부했던 '시 문학'은 수능을 준비하는 수험생들에게는 문학으로서의 역할을 잃어갔다. 생각만 떠올리더라도 지겹고 귀찮은 '일' 중에 하나가 되어버렸다. 이 책은 고등학교 교실에서 '시 문학'을 학생들에게 가르치는 교수법을 ...+ 더보기",4,2020-08-18
381931059,불광동 세무사는 오늘도 성장 중,17154758,잡동사니박사,세무사를 준비해보려는 분들에게어려운 세무상식을 쉽게 알고싶은 직장인에게그리고 오늘 하루도 고생한 모든 독서인에게 작은희망과 힘을 보태주는 책,5,2026-03-16
381931059,불광동 세무사는 오늘도 성장 중,17286860,JYOH,"#김우영 #불광동세무사는오늘도성장중의사 변호사 간호사 교사 등 유명 직업이 아니어도 각종 직업에 종사하는 사람들의 애환을 어렵지 않게 접할 수 있는 세상이 됐다. 세무사의 애환이 담긴 책. 세무 관련 법조항이나 사례도 더불어 알 수 있다. 책날개에 관제사, 기장, 회생법원 파산과장 들의 이야기가 담긴 책을 광고하고 있었다. 재밌겠군~~ 세상에는 관련 종사자들이 아니고서는 잘 알 수 없는 직업이 너무나 많은데 이제는 한결 쉽게 그들의 이야기를 접할 수 있게 되어 매우 흥미진진하다. 세상은 넓고 읽을 책은 많다!!",5,2026-05-20
273503761,내 이름은 쿠쿠,12702634,수수꽃다리,"보통 어른의 손바닥만큼 작고 공책처럼 얇은 <내 이름은 쿠쿠>를 읽고 난 뒤 가만히 밀려드는 감정이 꽤나 묵직하다. 위로와 감동으로 꽉 채워진 감정이었다. 이 작품은 박살 직전에 처한 한 가족의 삶이 무사히 제 궤도에 들어서는 과정을 그리고 있었다. 안락사(일종의 처리) 지경에 처한 유기견 쿠쿠(가족이 된 뒤 얻은 이름)를 한여름 네 가족이 구했고, 해체 지경에 몰린 한여름 네 가족을 쿠쿠가 구하고 비로소 ‘안락하게 죽음’에 드는 일련의 과정은 내내 쿠쿠를 통해 말해진다. 문학에서 비인간을 화자로 쓰는 일의 유용함을 이 ...+ 더보기",5,2021-06-18
273503761,내 이름은 쿠쿠,14841301,syn7208,"안락사 직전에 입양된 쿠쿠의 시선으로 본 한 가족의 성장기는 짧지만 깊은 감동을 준 책이었습니다. 그 속에서 가족의 소중함과 아이의 성장이 어우러지는 이야기로 하루 종일 귀찮게 쿠쿠를 따라다니던 쪼그만 아이는 어느새 커서 아이도 어른도 아닌 제3의 존재가 되어 가고, 위기에 빠졌던 가족은 다행히 모든 게 제자리로 돌아가는 이야기 입니다.부모로서 아이의 성장과 함께하는 순간들을 놓치지 않고 사소한 일들을 함께 하고 아이의 고민을 들어주는 것만으로도 아이와의 사이가 좋아지는 걸 알 수 있어요. 아이가 다 크고 난 후 아무리 후회해 봤자...+ 더보기",5,2023-08-19
376763414,의대 갈 결심,16913073,nyr114,"❤️도서협찬❤️《 의대 갈 결심 》 ㅡ정재훈, 최아란, 황보율● 예비 의대생이라면 알아야 할 것들➡️. 의사를 꿈꾸는 수험생과 학부모가 함께 읽어야 하는 책✡️.  “왜 의대를 가야 하는가에 대한 가장 확실한 대답”~의대 열풍이 거세다. 공부 좀 한다는 고등학생들이라면 거의 대부분이 의대를 희망할 정도다. 그러다보니 초등학생일 때부터 의대준비반이 있을 정도로 전국이 들썩인다.  왜 의대를 가려는 걸까?  의대에는 어떤 매력이 있는걸까? 이 책을 보면 의대를 가고 싶은 마음이 더 거세질 지도 모른다. 의대교수, 현직 의사, 의사 창업...+ 더보기",5,2025-11-30
376763414,의대 갈 결심,16908480,은양,"의대를 꿈꾸는 이들에게 다른 무엇보다 가슴 뛸 이야기들이다.  현장에서 가장 발 빠르게 뛰어다니는 전공의의 숨 가쁜 24시에  도전 정신을 더 확고히 다지게 할 것이다.​ 입시생들이 의사라는 목표를 향해 완주할 수 있다고 ...결심을 현실로 만드는 힘이 이것이라고 ...​의대 입학기와 학부생의 6년부터, 졸업 후 다양한 진로와 AI 시대 비전까지,SKY 의대 부모가 10대 자녀에게 들려주는 꿈에 대한 이야기 ...​공부하라는 백 마디 말보다 확실한 동기부여 맛집 확실",5,2025-11-28
376763414,의대 갈 결심,16885271,beresung,"부동산을 통해 가만히 앉아 불로소득을 창출할 수 있는 건물주 정도를 제외하면지금 한국에서 최고 수준의 경제적 이득을 취할 수 있는 직업은의사를 포함하여 덴티스트, 한의사, 수의사 등이다.실제 안정적으로 높은 생애 소득을 올릴 수 있는 위와 관련한 학과들이최상위 대입 점수를 형성하고 있다.돈을 얼마나 벌 수 있느냐에 따라 학과 선호 순위가철저하게 줄세워진 현실이 서글프긴 하지만 의대 진학에 대한 관심이 지대한건 현실이다.고려대 예방의학교실 교수, 내과 개원의, 국립암센터 내분비내과 전문의같은 의사라도 성격과 소속이 ...+ 더보기",5,2025-11-19
376763414,의대 갈 결심,16914346,Edmund,"나의 아이가 의대를 지망하기에 또는 의대 지망을 권하기에 이 책을 선택한 것은 아니다.의사라는 한 분야만에 해당되는 것은 아니겠지만, 모든 직업들이 빛과 그림자가 모두 있을 것이다. 그런 부분에서 각자 어떠한 노력을 얼만큼 해야 내가 원하는 직업을 가질 수 있는지의 정도를 읽고 싶었다.나의 아들에게는 진로에 대한 생각을 조금 더 깊이 있게 할 수 있는 조언을 해주고 싶은데, 앞으로의 직업의 변화가 어떻게 흘러갈지 막연한 예상뿐이라 명확하게 전달해줄 방법이 없었다.그런 혼란 중에서 이 책을 만났다.진로에 대한 조언과 더불어 인공지능 ...+ 더보기",5,2025-11-30
651478,서양의 고전을 읽는다 2,12696966,싱클레어,도대체 뭔 도움이 되라고 이렇게 책을 내는지 이해가 안간다.. 고전 하나당 몇페이지씩 써놓은거 보고나서 고전이 읽혀지면 뭔 걱정을 하겠나.. 역시 휴머니스트다운 발상이다..,1,2021-06-16
651478,서양의 고전을 읽는다 2,5492341,서령(書嶺),"지식을 읊조리는 사람들. 과학이 예술을 낳고, 자연이 역사를 탄생시키듯, 주기적인 순환과정을 거치면서 지식과 세상은 중첩되기에 이른다. 지식인은 결말에 이르러서야 제 본분을 다하여 세상을 표명한다. 불규칙적으로 만행되는 사회의 악을 뽑기 위해서 양손에 칼과 방패를 쥐고 나아가는 사람들. 진리를 위해 또 다른 진리를 이용하기도 하는데… 타락한 정치 공동체를 개혁하고 그 구성원을 도덕적으로 개선코자 했던 플라톤의 『국가』, 그의 철인 통치론은 현세에도 정당화될 수 있을까? 인간의 본성에 근거하여 ""모든 자연물은 존재의 목적을 갖는다.""...+ 더보기",5,2012-03-12
939790,슐리만의 트로이 발굴기,1576661,순오기,"내가 초등학교 6학년이던 1972년이던가~  '자유교양도서'라는 문고판보다 조금 큰 연하늘색과 살구색 표지의 시리즈 책이 있었다. 늘 읽을 것에 굶주렸던 난, '그리스 로마신화'를 발견하고 한동안 끼고 살았다. 이런 좋은 기억에도 불구하고 신화의 세계를 역사의 세계로 성큼 끌어 올린 '슐리만의 트로이 발굴기'를 읽는데는 망설였다. 바쁘다는 핑계로, 집중할 수 없다는 이유로 톡톡 끊어서 읽게 될까봐 겁이 났기 때문이다. 그러다 며칠 전 만사 제쳐두고 책을 펼쳤는데 너무 재미있어서, 정말이지 손에서 놓기가 아쉬워 학교...+ 더보기",5,2007-09-17
939790,슐리만의 트로이 발굴기,1495510,뽀송이,"이번에 ‘역사보물창고’에서 펴낸 ‘마저리 브라이머’의 <슐리만의 트로이 발굴기>는 
전설의 고대 도시 ‘트로이’를 발굴한 독일의 고고학자 ‘하인리히 슐리만’(1822~1890)의 
일생을 담은 평전이다. 그는 평생에 걸쳐 엄청난 업적을 이루었지만, 그와 동시에 크고 작은 실수도 많이 저지른 사람이기도 해서 이 책의 저자는 그런 그의 여러 면을 이 책에서 다루고 있기 때문에 ‘하인리히 슐리만’에 대한 다른 전기문들...+ 더보기",5,2007-08-14
388316328,공정의 저울과 정의의 칼로 국민을 수호하는 판사,17199172,pinkpcl,"⚖️ 판사의 세계, 궁금증 가득한 시작​선아가 이번에 읽은 책은 〈공정의 저울과 정의의 칼로 국민을 수호하는 판사〉예요. 평소 장래 직업으로는 생각하지 않아도, 판사라는 직업에 관심이 많던 선아에게 딱 맞는 책이었어요. 책은 판사가 하는 일, 판사가 되려면 필요한 자질과 과정, 직무에서 마주하는 고민까지 알기 쉽게 풀어주더라고요.​읽으면서 선아는 자연스럽게 “판사는 한쪽을 편들기보다는 서로 다른 이해관계 사이에서 균형을 잡는 직업이구나”라고 느낄 수 있었어요. 책 속에서 소개되는 다양한 재판 절차, 민사와 형사 사건 처리 과정, 국...+ 더보기",5,2026-04-06
388316328,공정의 저울과 정의의 칼로 국민을 수호하는 판사,17200141,conan72,"판사라는 직업을 아주 자세히 설명해주고 있어요. 아마도 대부분 저
같은 학생들은 모르던 내용들이 대부분 일거예요. 좋은 직업 중 하나로 어른들이 우리 아들 판검사 되면
좋겠다는 바람을 통해서 듣던 직업이거든요. 판관 포청천이 유명한 판사시죠.



검사와 변호사, 판사가 사법부를 구성하는 주요 인사들이예요. 법정 드라마를 통해서 어느 정도 명칭은 익숙해요. 판사는 판결을
내려주고 검사는 원고가 되어 피고인의 범죄 유무와 양형을 청구하는 일을 하는 사람이고 변호사는 피고가 범죄가 없다는 걸 증거로 입증하거나 범죄
사실을...+ 더보기",5,2026-04-06
388316328,공정의 저울과 정의의 칼로 국민을 수호하는 판사,17193657,문덕이,"📍도서명 :
공정의 저울과 정의의 칼로 국민을 수호하는 판사

📍저자 :
장용범

📍출판사 :
토크쇼

📍장르 :
청소년
자기계발

법정이라는 딱딱한 공간을 넘어, 정의와 인간다움이 어떻게 공존할 수 있는지, 그곳에서 판사라는 직업은 어떤 일을 하는 지 다정하게  보여주는
책이다

수많은 재판의 현장에서, 인간의 고통과 삶의 다양한 모순을 마주하며 ‘진짜 정의’가
무엇인지를 끈질기게 탐구하는 모습을 보여줍니다 

법원은 높은 천장, 긴 복도, 묵직한 문. 그 안에 들어서는 순간 공기...+ 더보기",5,2026-04-03
7835335,"페르미가 들려주는 핵분열, 핵융합 이야기",8478950,Claret,어린이 용이라 읽기에는 쉽다.,3,2016-05-08
7835335,"페르미가 들려주는 핵분열, 핵융합 이야기",17223269,벤투의스케치북,"핵(核)에 대해 관심을 갖게 된 것은 과학 원리에 대한 호기심 때문이었다. 고중숙 교수의 [내 머리로 이해하는 E=mc²]을 읽은 것으로부터 시작된 관심이다. 이 책을 읽은 것은 25년전인 2001년이었다. 당시는 E=mc²를 이해하고자 읽다가 관련이 큰 핵에 대해서까지 관심이 이어진 것이다. 며칠 전 읽은 서균열 교수의 [인문핵]을 통해 많은 부분을 이해했다. 그러나 그 책에서 다루어지지 않은 내용을 찾아 송은영 저자의 [페르미가 들려주는 핵분열, 핵융합 이야기]를 읽게 되었다.      핵반응은 화학반응보다 평균적으로 ...+ 더보기",5,2026-04-17
7835335,"페르미가 들려주는 핵분열, 핵융합 이야기",13627716,커피,"​ ​
 자음과모음 학습시리즈 읽으면서 꾸준히 독서를 챙기고 있어요.오늘은 과학자가 들려주는 과학 이야기초등과학전집 중에서 한 권을 소개해 드리려고 합니다.  각 권마다 과학자가 독자에게 수업을 해주는 내용으로 구성되어 있어요.페르미가 들려주는 핵분열 핵융합 이야기는 에너지에 대한 책입니다.핵반응과 에너지 방출에 대한 원리를 알 수 있어요.물리학자 페르미가 전하는 과학 이야기입니다.수업을 하면서 설명해 주는 방식이라 흥미롭게 읽기 좋아요.  첫 번째 수업부터 마지막 아홉 번째 ...+ 더보기",5,2022-05-26
2446362,900만 네티즌이 퍼간 소유흑향의 영어공부법,8338300,^♡^,영어 공부를 시작하고 싶어서 이 책을 읽게 되었다. 본인의 영어 공부 방법을 일상 생활과 더불어 적어서 부담없이 읽을 수 있다. 어쩌다보니 저자가 쓴 책을 다 읽게 되었다. 특징이 이 책 저 책 내용이 많이 겹친다. 그래도 힘든 환경 속에서 열심히 살아가는 저자의 경험담을 읽다보면 자연스레 동기부여가 된다.,4,2016-03-18
2446362,900만 네티즌이 퍼간 소유흑향의 영어공부법,4809891,mcatcher,"영어만 못하고 다른 과목은 90점 이상이니... 
한동안 영어만 파서 14점에서 91점이 될 수 있었지. 
열정적이고 열심히 사는 건 알겠는데.. 
책은 좀 오버같다.",3,2011-05-24
358949638,코끼리 무덤 케이크,16263769,hidemi48,기대되는 작가의 첫 청소년 소설입니다. 시작이 좋네요!,5,2025-02-28
358949638,코끼리 무덤 케이크,16465229,와우사기,"누군가 민형에게 그 이상함이 오래 갔으면 좋겠다 말했고, 그 말에 동감한다. 일반적인 것이 있다 해서 모두가 일반적인 삶을 살아가진 않아도 된다. 민형의 이상함은 민형을 사랑하는 만큼 이해하려 노력하여 존중해 준 엄마와 주변 사람들의 사랑을 바탕으로 나온 것임을. 사랑스러운 이상함임을.",5,2025-05-21
358949638,코끼리 무덤 케이크,16467397,yjy202,"#도서협찬. 코끼리 무덤 케이크 by서윤빈~어느 날 갑자기, 감당하기 어려운 슬픔이 닥치면 사람들은 본능적으로 현실을 부정하고 회피하고 싶어진다.  이미 성인이 된 이들도 그럴진대, 이제 겨우 14살 사춘기 중학생 소년에게 아버지의 죽음은 너무나 비현실적이다. 14번째 생일 날, 민형의 생일 케이크는 원래의 역할을 하지 못한 채 냉장고 속에 썩어갔다.  바로 그날, 아빠가 죽음이라는 판정을 받았기 때문이다. 민형은 아빠의 죽음을 '수리불가' 라고 표현하는 소년이다. 민형에게 진짜 세상은 현실이 아니다. <원더러스 판타지>...+ 더보기",5,2025-05-22
358949638,코끼리 무덤 케이크,16475803,아리엣,"<출판사로부터 도서를 제공받아 주관적으로 작성한 리뷰입니다>❝시간이 멸종해 버린 것처럼, 멸종 뒤로도 세계가 망하지 않는 것처럼❞코끼리가 멸종된 세상.코끼리를 사랑하는 소년, 민형이 있다.모두에게 존댓말을 쓰고 도무지 감정을 읽어낼 수 없는 민형은 인간 AI 같다.기억하는 한 민형의 아버지는 줄곧 코마상태였다. 그런 아버지가 돌아가신 날은 민형의 생일이 되고 만다.베개에 파묻은 채 어머니의 울음소리가 방 밖으로 새어 나온다. 아버지의 기억이 거의 없는 민형은 어머니를 통해 슬픔...+ 더보기",5,2025-05-26
108198887,남녀차별은 왜 생겨났나?,11799012,쎄인트,"청소년과 교사, 부모들이 함께 고민해볼 중요한 문제. 남녀차별에 대한 다양하고 깊은 사례가 담겨있다.",4,2020-06-22
108198887,남녀차별은 왜 생겨났나?,11705863,우민(愚民)ngs01,저자 프랑수아즈 에리티에 할머니는 프랑스의  인류학자이시다...인류의 남녀차별의 역사를 이야기 해준다.남자와 여자의 다름이 어떻게 차별로 이어졌는지 역사적인 근원을 따져보고 다름에대하여 우리가 어떤 인식과 태도를 가져야하는지를 묻고 토론하는 시간을 가져 본다.여전히 우리 사회는 남녀간의 차별이 존재하고 많이 나아졌다고는 하지만 육아문제는여성들 조차 스스로를 옭아메는 현실이다.책을 읽으면서 몇년 전 베스트셀러이자 영화로도 만들어진 82년생 김지영이 자꾸생각난다...코로나19로 인해 저출산은 더 가속화 될 것이라는 전망도 있다.미래의 ...+ 더보기,3,2020-05-09
253282118,나의 별에도 봄이 오면,13618740,진교왕,"˝시인인줄 슬픈 천명 인줄 알면서도 / 한 줄 시를 적어 볼까˝<쉽게 씌어진 시, 윤동주>고운기 교수의  <나의 별에도 봄이 오면> 책을 보면,시인 릴케가 외친 ‘시인은 신의 저주받은 인간‘이란 말이 있습니다. 시인은 신만이 아는 인생의 비밀을 시적 감수성으로, 찾아내 신의 영역을 침범하는 존재라고 합니다. (발췌)그리스 신화의 프로메테우스가 인간에게 불을 🔥 전달 해 준 것처럼, 시인은  인생에 대해 시를 읽을 때마다, 생각하게 하고, 느끼게 합니다. 나를 생각하고, 가족, 친구, 자연, 나라와 죽음까지도 ...+ 더보기",4,2022-05-23
332099168,1일 1단어 1분으로 끝내는 클래식공부,15301261,책으로여는길,어려운 클래식과 친해지는 가장 쉬운 방법​한 때 청소년 대상 도서를 열심히 읽었었다. 독서지도사 자격증을 준비하면서자주 접하게 되었었는데 웬만한 성인의 책보다 깊이있는내용을 다루면서도 기초부터 흥미롭고 재미있게풀어내는 것이 매력적이었다. 그러다 책 읽을 시간을 내기 어려운데읽고 싶은 책은 많다보니 한동안은 잊고 지냈었다.그러다 최근에 이 <1·1·1 시리즈>를 보면서 다시 읽어보고 싶다는 생각이 들었었다. 청소년 책을 많이 읽었을 때 글담출판 책을 즐겨 읽었었는데철학과 문학 등 어려운 내용도깔끔하고 이해하기 쉽게 잘 전달...+ 더보기,5,2024-02-13
332099168,1일 1단어 1분으로 끝내는 클래식공부,15281339,happyyoonchae,"클래식 음악을 좋아한다. 좋은 것과 별개로 어렵고 멀게만 느껴지기도 하지만. 이상하게 거리감이 드는 클래식이지만 여전히 친해지고 싶다. <1일 1단어 1분으로 끝내는 클래식 공부>를 펼쳐들었다. '111 시리즈'는 이미 여러 분야에서 그 가치를 인정받은 시리즈다. 나 역시 심리와 IT 분야의 책을 읽으며 많은 것을 배웠다.20대 후반, 베토벤은 청천벽력 같은 상황에 처합니다. 바로 청력을 잃어가고 있다는 것이었습니다. (p128)이 책에는 베토벤처럼 극복의 아이콘으로 회자되는 작곡가의 이야기가 담겨 있다. 청력을 잃어가는...+ 더보기",5,2024-02-05
332099168,1일 1단어 1분으로 끝내는 클래식공부,15278906,pokari0510,"​ ​
 클래식 음악에 대해 이야기를 꺼내면 종종 어렵고 접근하기 어려운 분야라는 인식이 떠오른다. 이런 생각은 특히 음악에 익숙하지 않은 이들에게는 더욱 강하게 느껴질 수 있다. 고전 음악이라 하면, 보통은 고상하고 어려운 것으로 인식되기 마련이다. 하지만, 그렇다고 해서 우리가 클래식 음악의 아름다움을 누리지 못해야 할 이유는 없다.  이상인 선생님의 『1일 1단어 1분으로 끝내는 클래식공부』는 바로 이런 고민에 답한다. 클래식 음악을 어렵게만 느끼던 청소년뿐만 아니라 모든 연령대의 독자들에게 클래식...+ 더보기",5,2024-02-04
332099168,1일 1단어 1분으로 끝내는 클래식공부,15300813,리나다,"1일1단어 1분으로 끝내는 클래식공부 안녕하세요캐리입니다.​1일1단어 1분으로 끝내는 클래식공부 가볍게 클래식을 교양이나 지식으로 배울 수 있다면정말 삶의 활력소가 되지 않을까? 하는 마음으로 읽게 된 책인데요.유익하게 잘 읽어서 소개해 드려볼게요뮤직 큐레이터 이상인 선생님이 들려주는 클래식 이야기로 떠나볼게요머리말에서 챌리스트 장한나님이""아이들에게 무슨 음악 들을래? 라고 했을 때 가요, 팝, 재즈와 함께 클래식도 선택지 중 하나가 되었으면 좋겠어요.""한 번도 생각해 보지 않았던 장르가 아이들의 애호음악에 들어갈 수 있다면 참 좋...+ 더보기",5,2024-02-13
332099168,1일 1단어 1분으로 끝내는 클래식공부,15290895,kssy0803,"1일 1단어 1분으로 끝내는 클래식공부""어렵고 멀게만 느껴지던 클래식과 친해지는 가장 쉬운 방법""저와 남편은 신기할 정도로 잘 맞아요. 음식, 옷 스타일, 독서습관 등등 정말 잘 맞는데... 두둥! 즐겨듣는 음악이 달랐습니다. 저는 음악 플랫폼 최신음악 위주로 노래를 드는 사람이었는데 저희 남편은 클래식을 찾아 드는 사람이었죠. 그래서 종종 음악회에 가자고 하거나, 피아노를 배우겠다며 학원을 다니는 모습을 보며 놀랐어요. 저는 태교에 좋다고 해도 클래식을 외면했...었...ㅇ....그런 저에게 <1일 1단어 1분으로 끝내는 클...+ 더보기",5,2024-02-08
332099168,1일 1단어 1분으로 끝내는 클래식공부,15286431,-,어느 날부터 음악을 들을 때마다특히 공연장 갈 때마다벽에 가로막히는 걸 느꼈다.돌고 돌아 클래식에 안착해나름 클덕으라고 생각하고음악도 많이 듣고연주회도 많이 다녔는데언젠가부터 한숨이 늘었다.그러다 깨달은 게“나는 분석도 하고 싶은데그러기엔 아는 게부족해도 너~~무 부족하다”이거였다.더 잘 듣고 더 잘 느끼고더 많이 배우고 싶은데상식은 물론이고이론은 아는 게 더 없으니당연히 한계에 부딪혔다.이런 고민 속에서 헤매다알게 된 게 바로 이 책<1단어 1분 클래식 공부>다.솔직히 1분으론 안 끝난다.뭐가 부족한지 메모도 하고모르는...+ 더보기,5,2024-02-07
332099168,1일 1단어 1분으로 끝내는 클래식공부,15283447,grace,"‘클래식’ 하면 가장 먼저 무엇이 떠오르나요?



첫인상은 왠지 좀 어렵고 따분한 장르라 생각되기 쉽지요. 그런데 생각해보면
우리 생활 속에서 클래식은 꽤 많이 접할 수 있는 것 같아요. 



커피음료 중 하나인 칸타타나 차종 중 하나인 소나타처럼 클래식 용어가 쓰이기도 하고,
블랙핑크의 <Shut down>, 신승훈의
<보이지 않는 사랑> 등의 대중가요 샘플링이나 유튜브 채널, 영화 속 배경음악으로도 많이 사용됩니다. 



또 소녀의 기도, 엘리제를 위하여, 6개의
독일 무곡...+ 더보기",5,2024-02-06
332099168,1일 1단어 1분으로 끝내는 클래식공부,15293203,zizigirl,"쉽고 재밌는 클래식 책을 만났어요!저는 뭐든 쉬운 게 좋거든요!이 책이 읽고 싶었던 이유 중 또 하나는 ‘교과서’였어요!아이가 클수록, 저도 어쩔 수 없이 교과서라는 단어에는눈이 휘둥그레 귀가 쫑긋 합니다.이 책은중.고등 음악 교과서 속 필수 개념을 포함하고 있습니다.‘같은 멜로디를 이리저리 바꾸는 요술 같은 음악이 있대!’이렇게 흥미로운 이야기로 시작해서아이는 [변주곡]이라는 의미를 엄마와 즐겁게이야기 나눴던 기억 안에서 자연스럽게 알게 되는 거지요!!그렇게1일 1단어를 1분만 투자해서 아이와 즐겁게 음악을 들으며쌓아간다면나중에 ...+ 더보기",5,2024-02-10
491333,나비 따라 나선 아이 나비가 되고,857412,하늘바람,"사실 나는 벌레를 징그럽게 생각한다. 애벌레나 그 알들은 더하다. 
그러나 이 책을 읽으며 얼마나 그 작은 알들이 소중한 것인지 바람에 빗물에 혹은 사람에 의해 태어나지도못하게 된 애벌레들의 안타까움도 묻어난다. 
곳곳에 보이는 아이들이 그린 그림은 한참 바라볼수록 따뜻하다. 
생태학교란 그저 단지 생태만 배울 수있는 곳이라 생각했다. 
그러나 그곳은 자연이고 사람 또한 자연이기에 인성과 참 아름다움가지 배우게 된다. 
무엇보다 중요한 자연의소중함까지. 
읽을 수록 궁금한 홀로세 생태학교 
...+ 더보기",5,2006-04-13
491333,나비 따라 나선 아이 나비가 되고,8779403,jazz,"초등학생 나영이의 곤충 관찰 일기라고나 할까? 1990년대 초반 생태학교를 설립하기 위해 강원도로 내려간 가족들이 겪었던 힘겨운 과정이 1부 
겪으로 잠깐 나온다. 생태라는 단어조차 알지 못했던 당시에, 미친놈 취급 받으면서 어떻게 지금의 홀로세 생태학교를 만들게 
되었는지.....
 
초등학생의 필력이 아주 놀랍다. 손그림으로 그린 나비의 생활 환경/특징도 잡아내어서 싣고 있는데, 그림 솜씨도 예사롭지 않다. 곤충에 
관심있거나 생태에 흥미가 있는 사람들이라면, 재미나게 읽을 수 있을만한 책이다. 그 중에 한 귀...+ 더보기",5,2016-09-21
287326032,"거인의 땅에서, 우리",13346423,conan72,"거인의 땅은 어디인가? 불을
피우던 거인의 옷에 구멍이 생기고 불빛이 그 구멍을 통해 보인다.고비 사막의 밤 하늘. 마치 직접 보는 듯한 느낌을 준다. 깜깜한 밤하늘에 무수히 많은
별이 보였던 것을 참 멋진 말로 표현해주고 있다. 시골에선 별이 더 많이 보이는데 고비 사막에선 어떨지
상상이 된다. 엄마 친구들과 고비사막을 여행을 가게된 다인이 1부의 이야기를, 다인이 엄마의 시선에서 2부의 이야기가 진행된다. 다인이는 15살
중학생. 슈퍼울트라 아들 바보인 엄마와 여행을 가게되는데… 다인이
친구가 해외 여행 다녀와...+ 더보기",4,2022-02-16
287326032,"거인의 땅에서, 우리",13358128,커피프린세스,"열다섯 다인이, 난생 첫 해외여행이 엄마친구들 틈 사이에서라니..더군다나 몽골 사막으로 여행이라니... 하지만 몽골에 도착해서 만난 가이드 바타르는 다인이가 좋아하는 아이돌 그룹의 지노오빠를 너무나도 닮아있었다. 이번 여행에서 어떤 바타르와 운명이 되고 싶었지만 적극적인 아줌마들 때문에 뭐가 제대로 되지 않는다. ​""하늘 저 위에 고비보다 더 넓은 땅 있어요. 그곳에 양치는 거인 사는데 밤마다, 밤마다 불 피워요. 불똥이 튀어서 거인 옷에 구멍이 아주 많이 나는데 그 구멍으로 불 보여요. 그게 저 별들이예요""(p.78)​바타르가 할...+ 더보기",4,2022-02-20
287326032,"거인의 땅에서, 우리",13358491,귀요미소나,"♡거인의 땅에서, 우리♡                             거인의 땅,몽골에서 만난여행의 이유들 이금이 작가님의 소설은..독서모임에서 <유진과 유진>, <알로하, 나의 엄마들>을 읽고 너무 좋았었어서~ 워낙 좋아하는 작가예요. 그 이후에도 최근 <금단현상>이나 <숨은 길 찾기>등  작가님 소설들을 많이 만나 보아서~ <거인의 땅에서, 우리>도 무지 기대가 되더라고요. 표지부터 별가득~ 뭔가 설레는 여행스토리가 기다리고 있을 것 같았어요♡ 하루만에...+ 더보기",5,2022-02-20
287326032,"거인의 땅에서, 우리",13358901,행복나무하나,"저자 이금이“내가 어린이문학을 선택한 게 아니라 어린이문학이 나를 선택했다.”라고 말할 만큼 아이들의 이야기를 쓸 때 가장 행복하다는 작가는 1984년에 단편동화 「영구랑 흑구랑」으로 새벗문학상에 당선하면서 작품 활동을 시작했다.​​사막, 별, 밤... 표지에서부터 느껴지는 설렘이 있다. 남편과 결혼 25주년이 되는 해에 '우유니'라고 하는 소금 사막을 다녀오자 약속했더랬다. 우유니'는 볼리비아에 위치한 세계 최대의 소금 사막으로 정확하게는 호수인데, 소금들이 호수 표면에 결정화 되어 사막처럼 보여서 붙여진 이름이라고 한다. 그곳...+ 더보기",5,2022-02-20
287326032,"거인의 땅에서, 우리",13363440,dkfudzzang,이 글에는 스포일러가 포함되어 있습니다. 보시겠습니까?회색 영역을 클릭하면 내용을 확인할 수 있습니다.,5,2022-02-22
287326032,"거인의 땅에서, 우리",13360238,전혜정,"거인의 땅에서, 우리1,2부로 나뉘는 이 책은 1부는 다인의 시점으로, 2부는 엄마 양숙희의 시점으로 진행된다.15살 딸 다인이는 엄마가 친구들과 해외여행을 간다는 이야기에 따라가겠다고 나선다. 자진해서 꽃보다 할배의 이서진, 즉 프로수발러가 되겠다는 건가 싶었지만 그저 해외경험이 없어서 따라가겟다고 우기는 거였다. 아무리 해외여행이 좋아도 엄마, 그리고 엄마친구들과의 여행을 따라가겠다니. 엄마랑 단 둘이 여행도 잘 안맞을 수 있는데 엄마의 친구들까지. 철이 없어도 영 없다 싶었다. 하지만 몽골에서 만난 가이드 바...+ 더보기",5,2022-02-21
287326032,"거인의 땅에서, 우리",13315170,EK,"내가 40대 엄마이기 때문일 것이다. 2부, 47세 양숙희씨의 이야기에 더 공감하고 빠져든 것은.열다섯 살 다인이가 7명의 아주머니(엄마&엄마의 친구) 들과 몽골 여행을 함께하고 돌아오는 여정을 그린 이 소설은 1부는 다인이의 시점으로, 2부는 엄마 숙희의 시점으로 쓰여있다.처음엔 다인이가 따라간대도 싫다던 엄마가 웬일인지 마음을 바꿔 아이돌 그룹의 앨범과 팬미팅 회비에 화보집까지 얹어 주며 다인에게 여행을 함께 가자고 한다. 나쁠 것 없는 제안이라 받아들이긴 했다만, 중년 아줌마들 틈에 끼어 특별한 것 없(어 보이)는 몽골...+ 더보기",5,2022-02-04
287326032,"거인의 땅에서, 우리",13358663,matilda,"거인의 땅에서, 우리(이금이 청소년문학)이금이 지음밤티2022년1월24일248쪽13,000원분류-청소년문학표지를 살핀다. 어느 사막의 평원즈음에 게르 3개가 보인다. 북극도 아닌 것 같은데, 환상의 오로라까지 보이는 듯하다. 맑은 밤하늘, 아직도 해가 지는 중인 듯한 노을. 그리고 두명이 이 길을 걸어갔을 것 같은 네개의 연속된 발자국들. 초보독서가인 나에게는 아는 작가, 좋아하는 작가는 드문 드문이고, 유명하신 분도 잘 몰라서 참 속상하고 부끄럽다. 청소년 문학에서 아주 유명하신 분이신데, 아직 이금이 작가님의 작품을 한 편도 읽...+ 더보기",5,2022-02-20
287326032,"거인의 땅에서, 우리",13348384,수기짱,"""거인의 땅에서 찾은 여행의 이유"" 이금이의 <거인의 땅에서, 우리>를 읽고 ""하늘 저 위에 고비보다 더 넓은 땅 있어요.그곳에 양 치는 거인 사는데 밤마다, 밤마다 불 피워요.불똥이 튀어서 거인 옷에 구멍이 아주 많이 났는데 그 구멍으로 불 보여요.그게 저 별들이에요.""-p. 78 뜨겁고 투명한 햇살, 가도 가도 끝없이 이어진 모래 언덕, 작열하는 태양, 동서남북으로 보이는 건 지평선, 등대처럼 빛나는 게르, 절망뿐인 상황에서 만난 한 줄기 희망 신기루, 이...+ 더보기",5,2022-02-17
287326032,"거인의 땅에서, 우리",13346325,이상한나라폴,"거인의 땅, 몽골에서 만난 여행의 이유들열다섯살 딸 다인과 마흔일곱 된 엄마 그리고 엄마의 친구들과함께 떠나는 몽골사막여행!다인의 시점과 엄마의 시점으로 전개되는 책속의 이야기들이어느 하나 한줄 놓치고 싶지 않은 이야기들이 많다.엄마와 엄마친구들 사이에 끼어서 여행의 재미를 느끼지 못하고있던다인은 가이드 바타르를 만나면서 여행의 이유를 찾게된다.하지만 낙마 사고를 당한 바타르가 떠나고 또다시 몽골사막에서 외로움을 느끼는 다인!엄마 숙희는 친구들과 여행을 가서도 아들 형인을 신경쓰느라고아둥바둥이다.같이 간 딸 다인이 계속 신경쓰이지만...+ 더보기",5,2022-02-16
287326032,"거인의 땅에서, 우리",13368815,달려라캔디야,"책을 펼치면 눈 앞에 몽골이 나타나고, 덮으면 사라지는 신기한 소설을 읽었다. 이금이 작가의 <거인의 땅에서, 우리>다. 이미 익숙한 제목의 청소년 소설을 썼지만 한번도 읽어보지 못 해서 이번 소설이 더 기대되기도 했다. 이 책은 2012년 <신기루>로 출간 되었다가 2022년 <거인의 땅에서, 우리>로 제목을 바꿔 다시 출간되었다. 그래서 에필로그가 두개다. 초판버전, 그리고 지금 버전. 내용도 조금 수정하고, 순화한 부분도 있다고 했다. 내 생각에는 <신기루>를 읽었어도 지금 느낀 이 ...+ 더보기",5,2022-02-24
287326032,"거인의 땅에서, 우리",13341511,unauna,엄마가 고등학교 친구들과 몽골로 해외여행을 떠난다는 소식에 해외여행의 경험이 없는 다인은 여행에 따라가겠다 우긴다. 그리고 우여곡절 끝에 엄마의 여행에 합류하게 된 다인. 멋드러진 유럽도 아니고 햇빛 쩅쩅 쉬기 좋은 동남아 휴양지도 아닌 몽골이라니. 막상 가기로 하니 사막만 가득하 그곳에서의 시간이 막막한 다인이다. 도착한 몽골에서 자신이 좋아하는 그룹 야누스의 멤버와 똑같이 생긴 가이드 바타르를 만난 다인은 지루했던 여행이 즐거워지는 것을 느끼고. 여행지에서 그와의 로맨스를 꿈꾼다. 그러나 바타르에게 호감이 있는 것은 다인뿐만이 ...+ 더보기,5,2022-02-14
287326032,"거인의 땅에서, 우리",13373809,새콤달콤,"몽골 여행을 가고 싶어서 진지하게 알아본 적이 있었다. 씻는 것도 붎편하고, 화장실 한 번 가려면 대형 우산으로 간이 화장실을 만들어서 해야 한다는 무시무시한 (?) 소리를 들어도 이상하게 가고 싶었다. 별이 떨어질 것 같은 하늘을 ...+ 더보기",5,2022-02-26
287326032,"거인의 땅에서, 우리",13351368,wonderwoman,"이금이 작가님 신간인 줄 알았더니, 10년 전 <신기루>라는 제목으로 출간되었던 소설이다. 정확히 10년 만에 개정판으로, 새로운 제목으로 다시 출간되었다. 아동, 청소년 소설이 주를 이루는 그녀의 작품에서 본격 어른이 화자가 되어 자신의 이야기를 한 건 이 소설이 처음이었다고 한다. 그만큼 분명 의미가 있는 작품일 거다. 이 책은 1, 2부로 나누어져 있다. 1부는 딸 다인의 시선으로, 2부는 엄마 숙희의 시선으로 몽골 여행이 그려진다.​15살 다인이는 난생처음 비행기를 타고 해외여행을 간다. 첫 해외여행이라 따라는 왔...+ 더보기",5,2022-02-18
287326032,"거인의 땅에서, 우리",13328589,반디,"열다섯 살 딸 다인이 마흔일곱 살의 엄마와 엄마 친구들과 함께 떠난 몽골 여행. <거인의 땅에서, 우리>를 읽고 아이들이 그 정도 나이가 되었을 때 함께 떠나는 여행을 상상했다. 그 때쯤 되면 엄마랑 같이 여행가자고 하면 가기 싫다고 하려나. 그냥은 안되고 야누스의 화보집 처럼 무언가 가는 게(?) 있어야 마지못해라서라도 엄마를 따라 나설까. 아이가 10대가 된 뒤에도 자주 이야기 나누고 '엄마의 바람'보다는 '아이의 관심'에 더 집중하면 아이와 편하게 여행하고 대화하는 사이가 되지 않을까 희망도 가져보고. (이 또한 신...+ 더보기",5,2022-02-09
287326032,"거인의 땅에서, 우리",13328633,연두램프,이 글에는 스포일러가 포함되어 있습니다. 보시겠습니까?회색 영역을 클릭하면 내용을 확인할 수 있습니다.,5,2022-02-09
287326032,"거인의 땅에서, 우리",13365889,jjongmi81,학창시절 나는 엄마와의 추억이 없기에 다인이의 글에서는 공감하지 못했다. 그저 그 삶에 대해 투정 부리는 모습으로 밖에 안보였기에..나는 한번도 경험해 보지 못한 일들이었기에.다인이는 여느 아이들과 비슷하게 공부도 적당히 했고좋아하는 남자 그룹이 있고 오빠에게 시기를 느끼지만 엄마의 기대 속에 포함되지 않음을안도하는 철없는 아이였다. 그저 내가 필요한것만 주면 되는 그럼 만사오케이~!그러던 어느날 엄마가 친구들과 가는 여행에 합류하게 되었다.다른집 아이들도 없이 오롯이 혼자! 다른집 아이들과 비교당할 일은 없을테니까.. 고...+ 더보기,5,2022-02-23
287326032,"거인의 땅에서, 우리",13360048,이은영,딸과 엄마의 여행.나는 딸을 낳는 순간부터 딸과 떠나는 둘만의 여행을 꿈꾸었다.아이가 어느 정도 자라 대화가 통하기 시작하면서로 상의하여 여행지와 숙소를 정하고 떠나는 여행.여행지의 맛있는 음식.여행지의 볼거리.여행지 숙소에서 각자의 시간을 즐기다 그날 찍은 사진을 같이 보기도 하는.상상만으로도 정말 행복했다.나는 그 시간을 간절히 바라고 있었기에 주인공이 딸과 함께 떠나는 몽골의 이야기가 기대되었다. 하지만 이것이 현실인가!책 속의 딸과 엄마의 여행은 내가 상상한 것과 너무 달랐다.둘의 사이는 여행 시작 전부터 어긋나기 ...+ 더보기,5,2022-02-21
287326032,"거인의 땅에서, 우리",13372791,chocosongi,"이금이 작가님의 책은 가끔 헷갈린다.분명 픽션인데 내 옆에서 당장 일어나고 있는 일을 겪고 있는 것 같다.<거인의 땅에서, 우리> 이 책도 그렇다. 읽는 내내 두 주인공과 함께 사막을 여행했고, 그들과 마음을 나눴다.​엄마 숙희와 딸 다인은 몽골로 여행을 떠난다.이 두 명이 책의 화자가 되어 몽골로 나를 데려갔다.다인이가 말할 땐 딸의 이야기에 공감하고, 숙희가 말할 땐 엄마의 이야기에 공감했다.나는 딸(자식)이기도 하고 엄마(부모)이기도 하기 때문이다.​15살 청소년 다인이.아이돌가수를 좋아하고, 자신과 오빠를 차별하는...+ 더보기",5,2022-02-26
287326032,"거인의 땅에서, 우리",13299044,보랭이,이 글에는 스포일러가 포함되어 있습니다. 보시겠습니까?회색 영역을 클릭하면 내용을 확인할 수 있습니다.,5,2022-01-29
287326032,"거인의 땅에서, 우리",13359046,icarus0216,"“하늘 저 위에 고비보다 더 넓은 땅 있어요. 그곳에 양 치는 거인 사는데 밤마다, 밤마다 불 피워요. 불똥이 튀어서 거인 옷에 구멍이 아주 많이 났는데 그 구멍으로 불 보여요. 그게
저 별들이에요.”P78





10년만에 ‘신기루’에서 ‘거인의 땅에서, 우리’란 제목으로 개정판을 내신 이금이 작가님.

거인의 땅이란 말에 한치의 이질감이 들지 않을 정도로 찰떡 같은 제목으로 바꾸셨다.

1부와 2부로 나뉘어 1부는 15살 딸 다인이의 시선으로,
2부는 47살 엄마인 숙희의 시선으로 글이 진행이 된다.
나...+ 더보기",5,2022-02-21
287326032,"거인의 땅에서, 우리",13374577,노란잠수함,"흔한 딸 맘들이 그러하듯이 나에게도 로망이 있다. 딸과 둘이서 떠나는 모녀여행에 대한 로망.

언젠가 이 지긋지긋한 바이러스 세상이 끝나고 다시 자유롭게 비행기가 뜰 수 있을 때. 아직은 어리고 귀여움이 더 많은 10세 내 딸이 내 키만큼 자라고(그런 날은 빨리 올 것 같지만_-_), 자기 짐 정도는 충분히 혼자서 감당할 수 있을 때. 둘이 떠나서 알콩달콩 추억을 만들고 돌아올 수 있는 모녀여행을 꿈꾼다.

이번에 읽게 된 이금이 작가님의 소설 <거인의 땅에서, 우리>에는 이렇게 모녀가 함께 떠나는 여행에 대한 이...+ 더보기",5,2022-02-26
287326032,"거인의 땅에서, 우리",13374261,나뱌:),"고비사막을 가서 어둡고 푸른 밤하늘을 하염없이 바라보고 싶어졌다. 다인이처럼 엄마와 함께 여행을 가고싶기도 하고, 숙희처럼 자식과 함께 여행을 가고싶기도 했다. 아무 것도 하지 않아도 마음이 편한 사막처럼, 읽는 내내 알 수 없는 편안함을 주는 소설이었다. 딸의 이야기보다 엄마의 시선이 더 재미있게 읽혔던 것은 내가 다인이 나이보다 숙희의 나이에 가깝기 때문이겠지? 딸이 더 크면 함께 읽고 여행계획을 같이 세워보고 싶어졌다. -해당도서는 출판사로부터 무료제공 받았습니다.-",5,2022-02-26
287326032,"거인의 땅에서, 우리",13356010,이주연,"몽골. 백일을 맞은 딸아이를 안고,  교회 아이들과 함께 갔던 신비의 나라.누린내 나는 양고기, 부드러운 아이스크림, 그리고 추! 추! 소리를 내며 사극의 한 장면처럼 다그닥 다그닥 말 달리는 모습에 놀랐던 광활한 초원, 길 한 가운데 불쑥 나타난 어린 아이 키만한 독수리...그때의 추억이 새록새록 떠오르며, 이제는 열다섯 살이 된 딸아이와 꼭 한 번 다시 가 보리라 마음먹게 한 책이었다. ""거인의 땅에서, 우리""연예인 좋아하고, 연예인 닮은 몽골 가이드 오빠 바타르에게도 금방 빠져버리는 영락없는 사춘기 소녀 다인이를 보며, 무뚝뚝...+ 더보기",5,2022-02-20
590634,"우리가 꼭 알아야 할, 그러나 잘 알지 못했던 세상의 몇 가지 사실들",984382,랑랑,"지구상에 존재하는 심각한 문제들..
빈곤,폭력,비만,평균수명,석유 같은 이런 문제들은 많이 들어왔고..그닥 낯선 단어들은 아니다.
근데 이책을 읽고 나서는 이 단어들이 낯설고 뭔가 새롭게 놀랍게 다가왔다.
소년병, 여성할례같은 쉬쉬했던 인권문제도 접할수있다.
무엇이 문제인가..왜 그렇게 되었는가..나는 무엇을 할수있는가를 알게해준다.
너무 발전해버린 문명을 돌아볼수 있는 계기가 되었다.
우습지만 나의 삶도 소중하게 생각하게 된 계기또한 되었다.",4,2006-10-27
284191257,소름 돋는 수학의 재미 : 상편,13224134,하양물감,"이 책은 시대의 흐름을 잘 결합하고, 수학이야기들을 재현하여 독자들이 흥미롭게 읽을 수 있도록 구성한 수학대중서이다. 유리수, 무리수, 식과 방정식, 수열과 극한으로 이어진다. 수학을 재미있게 소개하기 위한 노력이 돋보이는 책이다.​유리수에서 놀라운 QR코드를 소개한다. 최근 어떤 장소에 출입할 때 우리가 반드시 해야 하는 것 중에 하나가 큐알코드로 방문 인증을 하거나 안심콜로 통화를 하는 것이다. 예전엔 큐알코드가 생소했지만, 요즘은 광범위하게 사용되고 있다. 물건을 산 후 셀프계산을 할 때, 그리고 먼저 말한 것처럼 방문 인증을...+ 더보기",3,2022-01-02
284191257,소름 돋는 수학의 재미 : 상편,13197387,한스푼의시간,수학은 역시나 어렵다.개념과 원리의 이해가 되면 수학이 좀 더 쉽다고 하는데 개념과 원리를 이해하는 것부터가 어려우니 수학이 재미도 없고 수학 시간에 선생님이 나와서 풀어보라는 말이 제일 무서웠던 기억이 난다.수학자들의 뇌구조가 어떠하기에 이러한 어려운 문제들을 척척 풀어나가는지 신기하기만 했다.     그럼 지금은 어떠한가?역시 나에게 있어 수학은 어려운 과목이다. 하지만 시험을 칠 일이 없어진 지금은 수학의 문제를 풀기보다는 수학과 실생활이 관련된 서적들을 읽으면서 우리의 생활 속 곳곳에 수학이 빠지지 않고 산재되어 있...+ 더보기,4,2021-12-24
284191257,소름 돋는 수학의 재미 : 상편,13342573,djkidol,"어른들도 어려워 하는 분야, 그리고 학창시절로 돌아간다면 가장 후회되지만, 현실적으로 포기할 과목이 있다면 선택하는 과목, 바로 수학이 그것이다. 이 책도 수학에 대해 최대한 쉽게 표현하며, 수학이야기를 통해 인문학적 가치를 표현하고 있다. 어떤 의미에서는 청소년 수학, 수학 공부 가이드북으로 볼 수도 있고 수학이 갖는 사회적 기여나 역사적 과정, 또는 인물사에서 활용되거나 응용된 수학기법이나 사례 등을 통해 우리들의 이해를 돕고 있는 책이다. 청소년 수학 가이드북으로 볼 수도 있지만, 누구나 읽으며 수학에 대해 새롭게 배울 수 있...+ 더보기",5,2022-02-14
284191257,소름 돋는 수학의 재미 : 상편,13180822,Micca.Kim,"“소름 돋는 수학의 재미 상편 (천융밍 著, 리우스위엔 畵, 김지혜 譯, 미디어숲, 원제 : 写给青少年的数学故事（上）：代数奇思)”를 읽었습니다. 저자인 천융밍 (陈永明)은 50여 년 간 수학을 가르쳐온 교육자이자 많은 수학 관련 서적을 집필한 작가로도 유명하다고 합니다.“소름 돋는 수학의 재미”는 총 2편으로 나누어져 있으며 상편은 ‘대수(代數, algebra)’에 대한 이야기를 들려주고 있습니다. 아직 우리나라에 출간되지 않은 하편은 ‘기하(幾何, geometry)’을 다룬다고 하네요.책에서는 많은 아티클들을 흥미롭게 소...+ 더보기",5,2021-12-18
284191257,소름 돋는 수학의 재미 : 상편,13191726,왕눈이,지금까지도 가장 싫어하는 과목을 꼽으라면 단연코 수학이다.공부를 못한 편은 아니었는데 산수시절은 그럭저럭 해볼만 했었는데 '수학'이 되면서성적은 늘 바닥권이었던 것 같다. 오죽하면 대학입시에 수학은 아예 제껴놓고 찍었을까.지금은 어쩐지 모르겠지만 당시에는 사지선다형의 예시에서 고르면 되던 시절이라 그나마 가능했던 일이다. 그만큼 수학은 내게 참 어려운 학문으로 느껴진다.  최근 인기를 끌고 있는 드라마 '멜랑꼬리아'에는 수학을 좋아하고 인정받는 사람들이 등장한다.대단한 수학자이며 교수였던 남자가 수학은 천...+ 더보기,5,2021-12-22
284191257,소름 돋는 수학의 재미 : 상편,13195070,행복한 콩순이,아이가 수학을 좀 더 재미있게 생각하고 즐겼으면 하는 마음이 있습니다. 요즘에는 초등학생 때부터도 수포자가 생긴다고 많이들 이야기해서 더욱 더 수학을 즐겼으면 하는 마음이 많이 생기더라고요. 일단 책 제목부터 수학의 재미를 느낄 수 있었으면 하는 저의 바람에 부합되더라고요. 소름 돋는 재미라고 하니 궁금증도 자아내고요.  그냥 편안한 마음으로 책장을 넘겨 보았습니다. 수학이라는 것이 답이 명확하다고 알고 있지만 그동안 풀리지 않았던 문제를 보니 어렵게라도 그 해답을 찾아내는 것이 수학의 재미가 아닌가 하는 생각이 ...+ 더보기,5,2021-12-23
284191257,소름 돋는 수학의 재미 : 상편,13223410,노박사,"천융밍 저의 『소름 돋는 수학의 재미』 를 읽고공부에 관심이 많았고, 고등학교 때는 친구들이 아는 것이 많다고‘박사’라는 별명으로 불러주기도 했던 나 자신이 초중고학교 다닐 때의 교과목 중에서 가장 소심하고 재미없어하는 과목이 바로 수학이었다.그 이유는 잘 모르겠다.그냥 어렵다는 인식이었고, 그러다보니 재미가 없다 보니 자연적으로 관심을 갖지 않게 되다 보니 성적도 거의 하위권에 머물 수밖에 없었던 것 같다.반면 문과 계통 과목들에 대해서는 관심과 함께 많이 좋아하게 되었다.특히 사회 관련 교과 쪽이었다.자연 이 분야는 광범위하여 ...+ 더보기",5,2022-01-02
284191257,소름 돋는 수학의 재미 : 상편,13298866,라스티,둘째가 2학기 중간고사를 폭망하고 다행히 기말고사에 리커버리를 했다. 여러 과목중 특히 중간고사때 수학시험을 못 봤는데 한 번도 1등급을 놓치지 않았던 아이가 그렇게 성적이 큰폭으로 떨어질 수 있는지 궁금했다. 물론 공부를 안해서 그런거겠지만 수학이라는 학문은 등락의 진폭이 작은걸로 알고 있었는데 알아보니 꼭 그런건 아니더라는....사실 학창시절에 수학이라는 과목을 그닥 잘하지 못했다. 이른바 문과형 인생을 살아왔던지라 수학도 수학의 정석을 외우다시피해서 학력고사를 준비했던 기억이 떠오른다. 결코 외워서 되는 과목이 아닌걸 알고 있...+ 더보기,3,2022-01-29
284191257,소름 돋는 수학의 재미 : 상편,13174654,리나,수학은 매력은 언제나 답이 정확하게 나온다는 것이다. 수학에 있어 답이 없다는 것이 가능할까? 2-1=1이라는 답이 있듯 수학에는 항상 답이 있다고 생각했다. 그런데 이상한 숫자게임이 있다고 한다. 콜라츠 추측은 우박수 문제라고도 하는데 임의로 주어진 자연수를 곱하고 더라고 나눈 후 임의 자연수에 반복해서 시행하면 결과가 나와야 한다. 콜라츠 추측은 초등학생도 시도할 수 있을 정도로 계산 과정은 단순하지만 그 증명은 어렵다. 또 이상한 숫자 게임이 있는데 숫자 블랙홀이라고 한다. 아무 숫자나 세 자릿수를 말할 때 각 자릿수의 값이 ...+ 더보기,5,2021-12-15
284191257,소름 돋는 수학의 재미 : 상편,13173959,현동이아빠,"[출판사로부터 도서 협찬을 받았고 본인의 주관적인 견해에 의하여 작성함] 공부 욕심이 절로 생기는 기발한 수학 이야기이 책은 동서양을 넘나드는 수학 이야기와 유명 에피소드를 소개 하고 역추론, 증명, 패리티 검사(PARITY CHECKING), 시소법 등 수학적 사고법을 알려준다. 책은 총 4장으로 구성 되어 있다. 1장은 유리수, 2장은 무리수, 3장은 식과 방정식, 4장은 수열과 극한이다. 저자는 다가올 4차 산업혁명 시대에 꼭 필요한 능력인 수학이 얼마나 흥미로울 수 있는 지 알려준다. 현재 많은 학생들이 학습 과정에...+ 더보기",5,2021-12-15
284191257,소름 돋는 수학의 재미 : 상편,13208756,포니,"청소년들 마음속에 수학의 씨앗을 심기 위해 많은 노력을 해왔다는 저자는 중국에서 유명한 분이라고 합니다.우리나라에는 생소하지만 50년간 수학을 가르쳐왔다고 해요. 1997년 교육부로부터 '증헌재 교육상'을 수상하기도 하고 많은 존경을 받는 분이라고 하시는군요.​수학이 아무리 재미있다고 하더라도 소름이 돋을 정도일까 궁금해하면서 이 책을 열어보았습니다.청소년을 위한 도서라고 하니까 저도 읽을 수 있을 거라고 생각했었던 거죠.​자, 결론부터 말씀드리자면① 저에게는 어려웠습니다 - 이과 수포자② 제 딸에게는 쉬웠습니다 - 이과 수학 선호...+ 더보기",4,2021-12-28
284191257,소름 돋는 수학의 재미 : 상편,13181681,Oxford,학창 시절 배웠던 과목 중에 가장 난이도가 높은 과목을 꼽으라면 단연코 수학일 것이다. 물론 국어와 영어도 그에 못지않게 중요한 역할을 하였는데 졸업 후에는 그토록 지겨웠던 수학을 왜 배웠나 하는 생각이 들 때가 많다. 어렵게 머리 싸매가면서 공식에 따라 문제를 풀어왔는데 도대체 내가 어디에 활용할 수 있을지 모르겠다. 심지어 내가 살아가는 데 도움이 되긴 하는 것인지 의문이 들기도 하고 차라리 부동산이나 세법 관련 공부를 하는 게 더 도움이 되지 않았을까 하는 생각이 들 때가 많다.  그런데 언제부터인가 수학과 관련된 책들이 많이...+ 더보기,5,2021-12-18
284191257,소름 돋는 수학의 재미 : 상편,13208874,moo32,수학은 입시에서 비중이 매우 큰 주요과목이여서 어릴때부터 많은 시간을 쏟아 공부하는 과목입니다. 그만큼 경쟁이 치열해서 우리나라 수학 능력 시험의 수학 문제를 외국의 명문대 학생이 풀지 못하는 동영상을 본 적이 있을 정도로 세계적으로 높은 수...+ 더보기,5,2021-12-28
284191257,소름 돋는 수학의 재미 : 상편,13226327,열정맘,"갈수록 중요해지는 수학, 일단 재미있게 접근해보자 숫자라는 안경으로 들여다보는 신통방통 세상사호기심이 발동해 수학의 신비로운 세계로 빠져든다 이책에서는 수,식,방정식,함수,수열과 극한에 이르는 고전 대수뿐만 아니라 확률,집합,논리,조합,알고리즘, 암호학,카오스 이론등 근현대 수학적 요소들을 탐구한다 이 책은 중고등학생들에게 적합하며 수학을 사랑하는 일반 대중 독자에게도 수학하는 즐거움을 줄 것이다 조,경까지는 알겠지만 와,,,엄청난 큰 수들이 나열됨을 알 수 있다 최근 QR코드가 광범위하...+ 더보기",5,2022-01-03
284191257,소름 돋는 수학의 재미 : 상편,13173245,류북,"수학 공부는 긴 시간을 필요로 하고 재미있게 즐기면서 하지 않으면 좋아할 수 없는 과목 임에는 틀림없습니다. 미디어숲에서는 수학 관련하여 책이 출간되고 있습니다. 원자폭탄에서 비트코인까지 세상을 바꾼 절대 공식 <공식의 아름다움>, 학교에서 가르쳐주지 않는 매혹적인 숫자이야기 <이토록 재미있는 수학이라니>, 수학을 잘하고 싶다면 먼저 생각을 움직여라 <생각을 깨우는 수학> 등 다체로운 수학 시리즈가 출간 되어 있습니다. 저도 몇권은 읽어 보았습니다.      “청소년들...+ 더보기",5,2021-12-15
284191257,소름 돋는 수학의 재미 : 상편,13197637,Ksjice,"‘수학’ 하면 당신은 무슨 생각이 먼저 드는가? 알 수 없는 기호와 복잡한 숫자로 채워진 시험지를 앞에 두고 어쩔 줄 모르던 학창 시절이 떠오르는가? 아니면 벌써 ‘수포자’라는 거대한 무리의 일원이 된 자녀가 떠올라 가슴이 답답해지는가? 우리 사회에서는 특정 소수를 제외하고는 ‘수학’이라는 단어를 재미있고 즐거운 마음으로 마주할 수 있는 사람이 극히 드물다. 이는 우리의 교육제도가 수학을 호기심이나 재미, 놀이 차원이 아니라 입시 경쟁을 뚫기 위해 힘들게 공부해야만 하는 의무로 일찍부터 인식시키는 것이 여러 원인 중 하나다.이 책은...+ 더보기",5,2021-12-24
284191257,소름 돋는 수학의 재미 : 상편,13254381,freemangun,"수포생들이 난무한다는 한국 교실의 현재 상태에서 수학의 재미를 이야기하는 책?의문점을 가지고 읽게 된 책인데, 느낌표를 거쳐 재미를 더하는 건 뭐지?저자가 우리나라 사람이 아닌 것을 책 날개를 통해서 알고 읽으면서 든 아쉬움.그런데, 이 책을 번역하신 김지혜의 이력을 보니, 정말 수학을 사랑하시는 분 같다는 생각이 드네요. 이 책을 이렇게 잘 이해하기 쉽게 번역하신 이유가 있었네요.그럼 우선 이 책의 목차부터 살펴 보겠습니다.​1장. 유리수2장. 무리수3장. 식과 방정식4장. 수열과 극한​이렇게 목차만 보면, 수학 교과서나 참고서로...+ 더보기",5,2022-01-12
284191257,소름 돋는 수학의 재미 : 상편,13179010,해피신디,수학에 대한 재미있는 이야기들을 가득 모아놓은 책이 출간되었습니다.이 책은 청소년 수학 분야 강력 추천도서로읽어보니 정말 신기하고 재미있는 이야기가 가득하네요.소름 돋는 수학의 재미 상편(천융밍 지음 / 리우스위엔 그림 / 김지혜 옮김 / 미디어숲)이 책은 상하이 수학과 졸업 후 교육대학에서 50년간 수학을 가르친 분께서 만드셨어요.옛날 역사 속에서부터 지금까지 우리 생활 속 깊숙하게 자리잡은 재미있는 수학 이야기들을 간단하면서 쉽게 풀이해서 설명해 주십니다.이 책은 총 4장으로 이루어져...+ 더보기,5,2021-12-17
284191257,소름 돋는 수학의 재미 : 상편,13258149,sophia80,"수학의 세계는 참으로 오묘하다. 금방 친해질 것 같으면서도 어느새 저 멀리 달아나 있다. 학창 시절 이과생이었지만 수학은 늘 멀게만 느껴졌고 친해지기 위해 무척이나 애를 썼다. 아무리 노력해도 결코 친해질 수 없었던 수학이 인생에 딱 하루, 수능시험 날에는 기적처럼 가까워졌다. 덕분에 원하는 점수를 얻을 수 있었지만 여전히 수학은 어렵고 미묘하고 복잡하고 난해한 학문이라는 인식이 머릿속에 박혀 있다.이 책에서는 동서양의 수학과 관련한 에피소드를 소개하고 수학적 사고방식을 할 수 있는 팁을 알려 준다. 피타고라스 정의나 피보나치수열처...+ 더보기",5,2022-01-14
284191257,소름 돋는 수학의 재미 : 상편,13222685,gadugi,"이 책의 저자 천융밍은 1962년 상하이 사범대학교 수학과를 졸업한 후 상하이쉬후이구 교육대학에서 교편을 잡기 시작해 50년간 수학을 가르쳤다. 수학 분야의 저명한 저자로서 집필활동을 활발히 하여 1997년 교육부로부터 ‘증헌재 교육상‘을수상하였고, 2015년 ‘상하이시 우수 과학보급 작가‘라는칭호를 받았다. 수포자’라는 단어는 이제 모르는 사람이 없을 정도로 대다수의 학생들에게, 또 학창 시절을 거쳐 온 많은 사람들에게 어느새 너무도 익숙한 용어가 되어버렸다. 왜 우리는 수포자가 되어야만 했을까? 이대로 수포자가 된 채 살아가도 ...+ 더보기",5,2022-01-02
284191257,소름 돋는 수학의 재미 : 상편,13195547,김튼튼,수학속으로 빠져보자 : 소름 돋는 수학의 재미 (상편) - 청융민     *본 도서는 출판사로 부터 제공받았습니다.*     개인적으로는 수학을 잘하지 못하는 이과생이라 뒤늦게라도 수학의 재미를 느껴보고 싶었다. 지금까지 <소름 돋는 정도의 수학의 재미>는 알지 못했기에. 책을 읽으면서는 의외로 고전부터 내려오는 수학의 대명제나 정리들을 통해 이런 거 한번쯤은 들어봤지? 라는 친근함으로 다가왔다. 물론 수학의 재미를 알려줘야 하기 때문에 풀이 방법은 어쩔 수 없이 등장한다. 혹시라도 잘 모르겠더라도 저...+ 더보기,5,2021-12-23
284191257,소름 돋는 수학의 재미 : 상편,13169860,희망메시지,"예전에도 수학은 중요한 교과였다. 그런데 요즘은 점점 더 수학이 중요해진다.이유는 수학적 사고력 때문이다. 수학 성취도는 높지만 자신감과 흥미도는 하위권인 우리나라 학생들에게는 수학이 부담으로 다가온다. ‘수포자’와 ‘수학 클리닉’은 한국에만 있다는 이야기를 들으면서 정말 중요한 교과를 재미있게 배우게 하는데 관심을 가지고 있다. 이 책은 그러한 의미에서 중고등학생에게 호기심을 일으키는데 도움이 된다. 중국에서 50년간 수학을 가르친 경험에서 뽑아낸 수학이야기로 수학에 대한 흥미를 가지게 하고 역추론, 패리티 검사 등 수학적 사고법...+ 더보기",5,2021-12-13
284191257,소름 돋는 수학의 재미 : 상편,13191932,투콤마,"수학에 관한 여러 호기심에 접근하다보면 어느 새 수학이 친근해진다!수학사를 들여다보면 숫자와 인류의 위대함에 감탄하게 된다!     수학을 좋아하는 첫째 아이를 키우다보니 나 역시 수학에 점차 관심을 기울이게 된다. 하지만 관심과 재미가 반드시 비례하는 것은 아닌가보다. 철저히 문과형인 나로서는 좀처럼 수학에 흥미를 느끼지 못할뿐더러, 아이에게 수학을 재미있게 가르쳐줄 수 있는 방법을 찾기가 어려웠기 때문이다. 그래서 ...+ 더보기",4,2021-12-22
284191257,소름 돋는 수학의 재미 : 상편,13192472,젊어서노세,뼛속까지 문과인 저에게 수학은 그다지 흥미롭지 않았습니다.그래도 공식만 알면 답이 딱딱! 떨어져 나오는 과목이라아주 싫어하진 않았습니다.문제는 응용수학인데 공식만 달달 외워서시험 보는 저에겐 정말 취약한 부분이었습니다.뭐든 그렇지만 공부는 특히 동기가 중요한 것 같습니다.<소름 돋는 수학의 재미>를 진작 알았더라면좀 더 재미있게 수학 공부를 할 수 있었을텐데요.     수학은 골치 아픈 학문이라고 생각했는데수학과 얽힌 재미있는 이야기도 무척 많네요.파이ℼ이야기만 해도 이렇게 많은 이슈가 있는 줄 몰랐습니다.아직까...+ 더보기,5,2021-12-22
284191257,소름 돋는 수학의 재미 : 상편,13194851,네스라인,사람들은 보통 수학을 싫어하는 경향이 있습니다. 그런데 우리들이 살아가고 있는 많은 부분들이 수학과 연관되어 있습니다.그래서 수학을 싫어도 배워야하고 알아야 살아가는데 편해지게 됩니다. 최근 QR코드가 광범위하게 사용되고 있습니다. 위챗 사용자는 약 10억명으로 많은 사용자가 매일 위챗을 통해 많은 QR코드를 생성하고 있습니다.간단히 생각하면 10억명이 하루에 몇번만 하면 금방 QR코드가 바닥나지 않을까 생각하게 됩니다.QR코드 원리를 알게 되면 그렇지 않다는 것을 알수 있습니다.QR코드는 정보 저장방식이 2진법으...+ 더보기,5,2021-12-23
284191257,소름 돋는 수학의 재미 : 상편,13193760,하들네 도서관,퀴즈 ; 닭과 토끼가 같은 울타리 안에 있다. 모두 74마리이고 발은 모두 234개이다. 이 때 닭과 토끼는 각각 몇 마리인지 구하여라. 풀어보자. 다리는 74마리 x 2 = 148개그런데 총 234개로 차이는 86 (234-148=86)남는 86개는 토끼의 앞발의 수니까 86/2=43토끼는 43마리. 닭은 (74-43=31) 31마리. 여기까진 초등생의 풀이법이라면 닭을 x마리로 두고 방정식을 만들어 풀 수도 있다. 또 다른 풀이가 궁금하다면 110쪽을 보시길. 😉이 문제는 (내 기준) <소름 돋는 수학의 재미>에서 ...+ 더보기,5,2021-12-23
284191257,소름 돋는 수학의 재미 : 상편,13194627,강한팔,"수학이 재미있을 수 있을까? 과학의 경우는 흥미로운 여러 내용들이 있어서 어린 친구들에게 과학에 대한 흥미를 갖게하고 쉽게 과학을 접할 수 있는 다양한 책들이 나와있는 반면, 수학의 재미에 관해서는 눈에 잘 띄지 않았던거 같다 저자 역시도 그런 의미에서 재미있는 수학적 지식들과 수학에 얽힌 이야기들을 풀어냄으로서 조금이나마 수학에 재미를 느낄 수 있게 하려고 한거 같다. 요즘 아이들에게 수학은 정말 어려운 과목이라 생각하고, 지레 포기하는 사람들이 많다. 지긋이 앉아서 문제를 풀기위해 골목하는 훈련이 안되어 있기 때문이라 생각된다....+ 더보기",5,2021-12-23
284191257,소름 돋는 수학의 재미 : 상편,13152218,포카리,"<본 서평은 출판사로부터 도서를 지원 받았습니다> 수학적 사고는 비단 사회인이 된 지금도 유효하다. 문제를 이해하고, 해결하려는 자세에서 출발하는 수학. 직장생활에서도 마찬가지다.주어진 과제를 어떻게 해결할 것인가?인문학적 소양도 중요하지만, 접근은 일단 수학적 사고에서 시작하지 않을까? 공부 욕심이 절로 생기는 기발한 수학 이야기라는 부제가 재미있다. 소름 돋는 수학의 재미_상편이 출간됐다.천융밍 지음으로 김지혜 옮김, 리우스위엔 그림이다.미디어숲에서 펴냈다. 수학이...+ 더보기",5,2021-12-06
284191257,소름 돋는 수학의 재미 : 상편,13214175,캐스퍼,"우리에게 수학이 시험을 위한, 수능을 위해 공식을 외워서 풀어야 하는 교과목이 아니었다면 어땠을까?​수학을 계산 공식으로 만 배우지 않고 우리 삶에 다양하게 쓰이는 수학 이야기들로배웠다면 수학을 좋아하는 사람이 훨씬 많아졌을 거라는 생각을 한다.다행히도(?) 나는 수학을 좋아하기에이 책 속의 수학 이야기들이 정말 재미있었다.​책의 챕터를 보면유리수, 무리수, 식과 방정식, 수열과 극한이 모두 우리가 수학 교과서에서 시험을 위해 외웠던 수학들이지만책 속에서는 이런 것들이 우리의 삶에 그리고 역사나 다른 분야에 어떻게 숨어있는지에 대해...+ 더보기",5,2021-12-30
284191257,소름 돋는 수학의 재미 : 상편,13201545,balmin,올 한 해는 이상하게도 수학 교육과 관련된 책을 많이 읽게 된다.아이가 벌써부터 수학을 멀리하고 있는 것 같아 걱정이 돼서다. 수학을 잘했으면 좋겠다는 생각보다는 아빠처럼 수포자의 길을 가지는 말았으면 하는 바람이다. 수학이 우리 일상생활과 동떨어져 있는 것이 아니고 어릴 때부터 수학적 사고를 가지고 있다면 이후 인생에 닥칠 여러 가지 문제를 보다 쉽게 해결할 수 있을 거라는 생각 때문이다.​무언가를 잘 하기 위해서는 무언가를 좋아해야만 한다. 무언가를 좋아하기 위해서는 무언가가 쉽고 재미있다는 생각을 가져야 한다. 수학도 마찬가지...+ 더보기,5,2021-12-26
284191257,소름 돋는 수학의 재미 : 상편,13190197,인생은한번!,"수학이 소름돋게 재미있다면 얼마나 좋을까요?수학이 소름돋게 재미있다니!제목부터 호기심을 불러온 미디어숲 출판 청융밍지음'소름 돋는 수학의 재미 _상편' 유리수, 무리수, 방정식, 수열과 극한크게 4장으로 나뉘어있어요시험과 입시를 위해서 억지로 공부했고 억지로 풀어서 정답을 내야만 했던 수학이다시 수학을 싫어하게 만드는 악순환을 가져왔던 학창시절을 보낸 저로서는 도무지 이해할수 없었던수.학.의. 재.미.라니 믿을수가 없었어요~QR코드에 담을 수 있는 수에 깜짝 놀라고정의마저 희미해진 수학용어쯤이었던'무리수'가 어떻게 발견되고 수학이론...+ 더보기",5,2021-12-21
284191257,소름 돋는 수학의 재미 : 상편,13176059,J,"이 책은 중국 상하이에서 50년간 수학을 가르친 천융밍 선생님이 지은 책입니다. 저도 어릴 때 수학을 참 좋아했고, 지금도 좋아하는 편입니다. 큰아이도 수학을 아주 좋아하고 잘해요. 그런데 작은 아이는 수학을 싫어하네요. ​소제목들을 보면 정말 흥미를 끄는 것들이 많아요. 놀라운 큐알코드. 항공권이 가짜라니. 제갈량의 거위털 부채. 중국인의 나머지 정리. 천왕성 세레스와 수열... ​목차만 봐도 당장 읽고 싶은 제목들이 수두룩하답니다. ​화라경의 생일 문제라는 챕터를 보면 중국 화라경이라는 수학자에 대해서 나옵니다. 뜬금없고 흥미롭...+ 더보기",5,2021-12-16
284191257,소름 돋는 수학의 재미 : 상편,13177858,꿈쓰다,"고등수학정도 실력을 갖춘 친구들이 재미나게 볼 수 있는 책입니다. 수학의 흥미를 재미와 호기심이라는 부분으로 끌어와서 이야기를 하고 있기에, 특히나 수학에 흥미가 있는 친구들에게 있어서 재미를 돋구어주는 역할을 할 것 같습니다. 또는 이 수학적인 풀이에 너무 연연해하지 않고 그냥 재미삼아 있는 걸 좋아하는 친구들이라면 수학적인 실력에 상관없이 읽을 수 있습니다.  이 책의 장점이라고 보자면, 수학에 초점을 맞추기보다는 호기심과 흥미에 좀 더 초점을 맞춘 책이라는 점입니다. 그리고 하나의...+ 더보기",5,2021-12-16
284191257,소름 돋는 수학의 재미 : 상편,13187384,이동훈,"수학문제를 풀고 시험치는 것은 크게 좋아하진 않았지만 어릴때부터 수학 관련 상식은 무척 많은 흥미를 가지고 있는 편이었다. 수학의 역사나 수학자들이 한 업적들 하나하나가 신기했고, 일상 생활속에 숨겨진 수학 이야기가 있다면 무척 관심을 가지고 보는 사람이었다. 그렇기에 독서를 막 시작하던 시절부터 지금까지 수학과 관련된 책은 계속해서 읽고 했는데, 이번에 읽은 책도 그런 관심의 일환이라고 생각한다.​이 책의 큰 구조는 다른 수학책과 큰 차이는 없다. 수학에 대한 신기한 비밀이나 상식들을 소개하면서 수학에 대한 흥미를 키워주는 책. ...+ 더보기",5,2021-12-20
284191257,소름 돋는 수학의 재미 : 상편,13211946,북마마,"소름돋는 수학의 재미(상) ㅣ 천융밍 지음 ㅣ 리우스위엔 그림 ㅣ 김지혜 옮김 ㅣ 미디어숲요즘 학생들에게 수학은 선행을 생각하지 않을 수없는 중요한 과목이다. 그만큼 많은 공부시간을 요구하기 때문이다. 고등 올라가서 수학을 하기에는 시간이 턱없이 부족하다. 이번 2022년 수능에서는 문이과 통합 첫 수능으로 자연계열 학생들이 인문계열로 교차지원 가능성이 매우 높아 문과 학생들에게 수학은 더욱 시간이 필요한 과목이 되었다. 물론 공통, 선택과목 지정으로 조금 더 시간적 여유가 생겼을지도 모르지만.수학이 젬병이고 졸업한 지 30년이 훌...+ 더보기",5,2021-12-29
284191257,소름 돋는 수학의 재미 : 상편,13186749,사랑누리,"학의 세계는 참으로 경이로운 것들이 많다고 생각합니다.하지만 수학이라는 두 글자를 떠 올렸을때 어렵다. 골치아프다. 나는 수포자니까!라는 생각을 하는 사람도 많은 것 같아요.사실 저도 수학 좀 했다고 생각했는데...요즈음 아들들 책을 보면 머리가 빙빙~ 이렇게 어려웠나? 하는 생각을 하곤한답니다.이번에 만나책 소름 돋는 수학의 재미는 일상생활 속 수학을 조금 더 쉽게 찾을 수 있는 책이랍니다.일단 제가 만난 책는 상편이예요~ 하편도 너무너무 기대된답니다.상편에서는 유리수, 무리수, 식과 방정식, 수열과 극한이라는 4개의 장으로 구성...+ 더보기",5,2021-12-20
284191257,소름 돋는 수학의 재미 : 상편,13195723,엘라루시맘,"이 책을 읽고 있으니, 중학교 때 수학 선생님이 생각이 났다. 꼭 특기 적성 시간에 <탐구수학>을 주제로, 실생활에서의 수학문제를 가져와서 심오한 방법으로 해결하라며 미션을 주시곤 하셨다. 그 당시는 너무 어렵고, 한시간 동안 낑낑대며 해결해도 답이 나오지 않아 힘들었던 기억이 있었다. 하지만, 이런 사고력을 요하는 수학 문제에 대한 진짜 재미와 묘미를 알게 된 때가 첫 아이를 임신했을 때 태교를 하면서였다. 그 당시 영재교육원 기출문제라던지, 수학의 정석을 여유시간에 그렇게 풀었고, 어려운 문제를 끙끙대며 풀었을 때의 ...+ 더보기",5,2021-12-24
284191257,소름 돋는 수학의 재미 : 상편,13313611,진화심리학,"수학은 참 어려운 학문이다. 최근 빅데이터와 인공지능 열풍으로 배열, 미분 등을 다시 공부해 보긴 했지만 여전히 어려운 학문임에는 틀림없다.책은 QR 코드 이야기로 처음을 연다.중국의 카카오톡으로 불리는 위챗 사용자는 약 10억 명으로 매일 위챗을 통해 많은 QR코드를 생성한다. QR코드가 바닥나지 않을까?우선 QR코드의 기본 원리를 알아보자. QR코드의 정보 저장 방식은 2진번으로 0과 1을 흑과 백으로 구분하여 표시하는 2차원 코드인 것이다.보통 1개의 QR코드에는 1000개의 격자가 있다. 1000개의 격자무늬를 흑백색으로 임...+ 더보기",5,2022-02-03
284191257,소름 돋는 수학의 재미 : 상편,13218544,June YI,"수학에 대한 전문적인 지식과 수학분야 각 영역에 대한 이해를 제공하는 다양한 책을 보면서 공통적으로 느꼈던 것은 난이도가 상당히 높다는 것이었다. 수학 전공자가 아니거나 수학과목의 한 챕터(예를 들면 함수, 미분, 적분, 집합 등)를 학습하지 않은 상태에서는 모두 이해하기가 어렵거나 책 내용의 절반만 이해할 수 밖에 없는 경우도 많았다. 흥미로운 공식이나 학문적 영향력을 크게 끼친 수학자의 이야기를 최대한 쉽게 서술한 내용들도 있지만 대체로 특정 공식들을 이해하지 못한 사람이 받아들이기에 어려운 단원들이 많이 ...+ 더보기",4,2021-12-31
284191257,소름 돋는 수학의 재미 : 상편,13184134,다락방,이 책의 저자 천융밍 교수는 수학 교수로서 50년 이상 수학을 가르쳐왔고여러 권의 책을 펴낸 베스트셀러 저자이기도 하다그동안 막연하게 수학을 어렵다고만 생각했던 일반 독자들에게도 수학 천재들이 남긴흥미로운 일화나 그들의 발견이 우리 생활에 미치는 영향을 알게 됨으로써더욱 친숙하게 수학을 접할 수 있도록 해주는 책이다.수학에 대한 두려움에 사로잡힌 나머지 수포자가 된다면 단지 입시에서의 낮은 성적을 떠나세상을 바라볼 기회를 얻지 못할 수도 있다.그래서 저자는 얼마나 수학이 흥미로울 수 있는지를 호기심을 자극하는 질문을 통해 보여준다....+ 더보기,5,2021-12-19
286369970,나는 파괴되지 않아,13283141,느리게걷자,"피해를 입은 아이들이 원하는 도움을 줄 수 있는 어른이 필요하다. 책에서 주인공은 결심한다. 자기 자신을 지켜주기로. 자신을 돕겠다는 선생님에게 연락한다. 그 결심, 용기에 박수쳐주고 싶다. 응원한다. 피해자들이 자신을 잃지 않고 세상을 살아가길.",5,2022-01-24
286369970,나는 파괴되지 않아,13294738,냥냥이,"좋은 작품이다. 청소년 소설의 필요성과 기능에 대해 다시 한번 생각하게 되었다. 모든 십대 아이들과 그 부모들이 읽었으면 좋겠다. 그 어떤 성교육보다 의미있다.‘그럼에도 불구하고’ 지켜야 하는 가치가 무엇인지, 어떤 태도로 이 왜곡되고 혼돈된 세상을 살아가야 하는지 생각하게 한다",5,2022-01-28
286369970,나는 파괴되지 않아,13981020,skynjy0128,읽고난 후의 느낌이 매우 강렬하다. 소설 시작부터 흡입력 있었고 감정에 휘둘리지 않는 담담한 고백체로 쓰여진 소설이라 더 와닿았다. 나연과 시아같은 소녀들의 파수꾼은 누가 되어주어야만할까? 그런 소녀들을 위해 우리는 앞으로 무엇을 어찌 해야만할까...,5,2022-10-02
286369970,나는 파괴되지 않아,13284073,f5253,글루밍성폭력이란 명칭을 이 책을 통해서 알았다는 사실이 부끄러우면서. 이렇게라도 알았다는 것이 다행이라 생각했어요.불편해서 모른척하고 싶었던 사실을 18살 나연이라는 주인공이 담담하게 읊어 내려가는 독백을 통해 어른으로써 부끄럽고.이 세상의 어른이란 범주 안에있는 나는 나연에게 나는 무엇을 해줘야할지 진지하게 고민하게 되는 책이였어요.나연과 같은 청소년들과 부모가 함께 읽길 꼭 추천드립니다~,5,2022-01-24
286369970,나는 파괴되지 않아,13291135,jhddong1127,"가족이라는 이유로 언어폭력을 일삼는 엄마,아빠친구라는 핑계로 따돌림을 일삼는 또래들,자신과 비슷한 처지라고 믿었던 사람의 그루밍성범죄까지~이 모든것을 헤쳐나가는18살 나연이 이야기..이 모든일들을 자기탓이라며 여기며 적응하려고 애를 쓰며 출구를 찾지못하고 지나다가 주홍선생님의 도움으로 이제부터라도 나를 보호하기 위해 목소릴 내려하는 이야기이책을 읽고나서 이런일을 겪고 있는 아이들이 있을걸 생각하니 기분이 영..좋지 않았다.다양한 이유로 상처받은 사람들이 내가 부족해서..내가 못나서라고 자책하지 말고 자신의 목소리를 내길..",4,2022-01-27
286369970,나는 파괴되지 않아,13980979,skynjy0128,"주인공 이름이 나와 비슷해서였을까.속삭이듯 차분한 독백체의 글이라서였을까.자신의 비밀이야기를 하듯 조용조용 담백하게 들려주어서더 마음 깊이 와서 박혀버리고 말았다.마치 나에게만 알려주고 있는듯한 고등 소녀 나연 이야기.무능력한데 허세는 있는 아빠 나영진과투명 테이프를 들고 단칸방의 먼지들을 떼어내는 결벽증 엄마그 사이에서 살아내야하는 외동 딸 나연.어느 날, 친척이라는 분의 으리으리한 집 한켠에서 살게 되면서노크가 있는 삶이 시작되었고 안락함에 감격하기도 하면서친척 오빠 루카스를 만나게 되었다.손을 내밀어준 은인일거라 믿고 싶었는데...+ 더보기",5,2022-10-02
33603200,EBS 톡톡 보니하니 발명이 팡팡 : 역사가 보이는 발명 이야기,6743837,까칠준이맘,너무 재미있게 아이가 보던 프로그램이라 책으로 나오니 좋네요 ^^,5,2013-12-11
33603200,EBS 톡톡 보니하니 발명이 팡팡 : 역사가 보이는 발명 이야기,7566292,sahara,아들 때문에 이런 종류의 학습책들을 많이 봤는데.. 보다가 깜짝 놀랐음... 쉽고 재미있고 내용도 너무 좋아서.. 문득 이런책은 많은 사람들이 보면 좋겠다 싶어서 댓글담.. 과학 재미있게 접근하기 너무 좋은 책!!! 강추입니다.,5,2015-05-27
33603200,EBS 톡톡 보니하니 발명이 팡팡 : 역사가 보이는 발명 이야기,6797800,꿀호떡,"2013년 제 40회 한국방송 대상 어린이 청소년 부문 작품상을 수상한 EBS 어린이 tv프로그램 '발명이 팡팡'을
책으로 만날수 있게 되었네요.
엄마 어릴적에 학교에서 발명숙제를 내주면 뭘 해가야할지 갈피가 안잡히고
왜 이런 숙제를 내주는지 불평만 했는데..
지금 생각해 보면 발명은 아이들의 창의력을 키워주고,
교육과 인류의 발전을 위해서 정말 필요한 분야가 아닌가 하는 생각이 드네요.
과학하면 따분하고 어렵게 생각하는 친구들도 있는데
이책은 재밌게 잘 구성되었더라구요.
 

&...+ 더보기",5,2014-01-05
33603200,EBS 톡톡 보니하니 발명이 팡팡 : 역사가 보이는 발명 이야기,6765197,1you2you3,"세상을 놀라게 한 발명품들은 어떻게 만들어 진건지, 궁금해 하지 않는 아이들은 없을 거예요.아이 역시 궁금해 하지만 그들은 평범한 일반 사람과는 다른 아이큐가 높은 천재들이이기에 그러한 발명품을 만들었을거라고 하는 아이.
 
하지만 세상을 놀라게 한 발명품을 만든 발명가들도 사실 알고보면 평범한 사람들 입니다. 평범했던 그들이 놀라운 발명을 하게 된건 남들과 많이 달라서가 아닌, 조금 아주 조금 다름이 있었을 뿐입니다. 그 다름이 무엇이였을까요? 책은 그에 대한 해답을 '발명노트...+ 더보기",5,2013-12-21
33603200,EBS 톡톡 보니하니 발명이 팡팡 : 역사가 보이는 발명 이야기,6749883,서뽕지뽕,"발명이 팡팡 / 역사가 보이는 발명이야기 / 보니하니 / EBS 방송대상 작품상 수상 / 어린이 청소년부문 작품상
 



 
 
 
아이들이 너무 좋아하는 EBS 톡!톡! 생방송 보니하니~ 
보니하니 프로그램 내의 <발명이 팡팡>을 정말 좋아해서 꼭 보니하니를 챙겨보고 있어요.
그렇게 좋아하고 재미있어 하던 <발명이 팡팡>을 책을 통해서 볼 수 있다니~~
정말 너무 좋아서 아이들은 팔짝팔짝 뛰었답니다.
 
<발명이 팡팡-역사가 보이는 발...+ 더보기",5,2013-12-14
33603200,EBS 톡톡 보니하니 발명이 팡팡 : 역사가 보이는 발명 이야기,6834886,열린생각,"역사와 발명을 한꺼번에 만나 볼 수 있는 멋진 책 
발명이 팡팡
 역사가 보이는 발명이야기 
 
 
 
 
 
발명과 함께 성장하고 이어온 역사를 봅니다.
역사 속에서 발명을 만날 수 있는 발명이 팡팡은 
TV 프로그램으로 방송 되었었대요..
EBS가 발명 교육에 대한 인식 제고와 대중화를 위해 특허청과 함께 
제작한 어린이 TV 방송 <발명이 팡팡>이 2013년
제 40회 한...+ 더보기",5,2014-01-20
33603200,EBS 톡톡 보니하니 발명이 팡팡 : 역사가 보이는 발명 이야기,6744252,벨라,"아이들 영어책으로 더욱 친숙한 블루앤트리!!
블루앤트리가 영어 교재만 잘 만드는 회사가 아니네요.  ^ ^
이 책은 통합사고형 초등과학 시리즈의 첫 번째 책입니다.
표지의 사람들이 낯설지 않은데요, 
EBS 탐구생활에서도 봤고 보니하니에서도 가끔 봤던 기억이 납니다. ^ ^
<역사가 보이는 발명 이야기> 에서는 총 10가지의 주제를 다루고 있어요.
 
1. 우리나라 최초의 자동 물시계 - 자격루
2. 조국을 사랑한 청년의 모...+ 더보기",5,2013-12-11
33603200,EBS 톡톡 보니하니 발명이 팡팡 : 역사가 보이는 발명 이야기,6746575,올드북,"요즘 교육계의 대세는 융합교육과 통합사고인 듯 보입니다.  
이제는 교육의 모든 분야에서 한 주제만 알아서는 안되고, 주제간의 융합을 통해 통합적 사고력을 기르기 위함이지요. 
그런 의미에서 통합사고형 초등 과학 시리즈를 펴내고 있는 블루앤트리의 <발명이 팡팡: 역사가 보이는 발명이야기>는 정말 솔깃한 책이더라구요. 
발명이라는 커다란 과학의 틀 안에 역사, 인물, 인류, 세계문화 등 등이 모...+ 더보기",5,2013-12-12
33603200,EBS 톡톡 보니하니 발명이 팡팡 : 역사가 보이는 발명 이야기,6751901,여리의꿈,"요즘 영어교재로 활용중인 ~ 마메모, 디즈니 잉글리쉬 리딩클럽의 <블루앤트리>에서
'통합사고형 초등과학 시리즈 01 ▶보니하니 발명이 팡팡' 이 출시되었답니다.
 
통합사고형 초등과학 시리즈??? 그 첫번째 이야기 '역사가 보이는 발명 이야기'  궁금~ 살펴보았어요.
 
  


 
보니하니 톡톡 생방송 /  EBS 방송대상 작품상 수상!!
 
우와~ 한때 울두아이 '보니하니'를 챙겨보았는데... 밥먹는 시간.. 그거 보느라고 그렇잖아도 편...+ 더보기",5,2013-12-15
33603200,EBS 톡톡 보니하니 발명이 팡팡 : 역사가 보이는 발명 이야기,6808019,뽈로기,"통합사고형 초등과학 시리즈 01 
한국방송대상 어린이 청소년부문 작품상을 받은 책이라서 더 눈에 띄는 책이다. 
우리 집에선 TV를 보지 않아서 이런 프로가 있는지도 모르고 있었는데 이 책을 통해서 아이들에게 
프로그램을 보여줘도 좋겠구나 하는 생각을 해보았다. 
교육 프로그램은 역시 EBS가 잘 나온다는 걸 새삼 깨달았다. 
이 책을 통해서 발명에 대해서도 알았지만 발명을 통해 역사도 알게 되었다. 
전 세계를 다 돌아다닌 느낌까지..
차례를 보면 자격루, 잠수함, 통조림, 다이너마이트, 볼펜, 자동...+ 더보기",5,2014-01-09
33603200,EBS 톡톡 보니하니 발명이 팡팡 : 역사가 보이는 발명 이야기,6777719,toto720,"발명이팡팡정서연 지음 / 문성환 감수/ EBS 미디어 기획
블루앤트리
 
 
 
 EBS 방송을 통해 한번쯤 만나보았을 법한 이야기들이 한 곳에 모였네요 
역사가 보이는 발명이야기는 통합사고형 초등...+ 더보기",5,2013-12-28
33603200,EBS 톡톡 보니하니 발명이 팡팡 : 역사가 보이는 발명 이야기,6750870,귀참이연경맘,"울 연경양 발명이 팡팡 이 프로 엄청 즐겨봤었는뎅...책으로 나오니까
느낌이 참 많이 다르네여 ㅎㅎ 책이 오자마자 좋다고
다른 일 하던 것 멈추고 책을 끝까지 다 읽어 내려가더라궁여
 

 
한국방송대상 어린이청소년버문 작품상 받은 책이라 그런지
더 력셔리 하게 느껴지네여 ㅎㅎ
 

 
세종대왕이 자격루부터 훈민정음까지 밤낮없이 발명에 몰두한 이유는 무엇일까?
미국의 독립전쟁에서 처음 등장한 잠수함은 어떤 영향을 미쳤을까?
나폴레옹의 유럽 원...+ 더보기",5,2013-12-15
33603200,EBS 톡톡 보니하니 발명이 팡팡 : 역사가 보이는 발명 이야기,6753683,벼리마암,"울 아이가 좋아하는 마메모랑 디즈니 잉글리쉬리딩클럽을 만든 회사.  
블루앤트리...
책도 만들지만 EBS에 방송되는 많은 유아영상들을 제작하기도 하지요.
전에 보니 생방송 톡톡 보니하니 중에 '발명왕 팡팡'이 2013년 제 40회 한국방송대상 어린이·청소년 부문 작품상 을 받았다고 들었는데
아쉽게 종영되었다 싶었는데 책으로 나왔네요.
 
 
정보같은 내용이다 싶으면 메모하기도 하고 사진으로 찍어보관하기도 했는데
<발명왕 팡팡>
메모 할 필요 없이 책 한권으로 만나 볼 수 있...+ 더보기",5,2013-12-16
33603200,EBS 톡톡 보니하니 발명이 팡팡 : 역사가 보이는 발명 이야기,6813046,해피천사맘,"초등교과서가통합교과서로 바뀌면서배경지식이 많아야지만
학교 수업도 잘 따라갈수있어요

그래서 우리 아이들이 좋아하는
EBS방송 생방송 보니하니 프로그램중
발명이 팡팡 책을 아이들이게 읽어주었어요

방송대상 작품상 수상한 발명이 팡팡
그만큼 내용도 알차답니다. 









목차를 보면
초등 1학년 교과서에 나오는
우리나라를 빛낸 위인들 중
포트폴리오 만들기에 장영실 위인이 나오는데...+ 더보기",5,2014-01-11
33603200,EBS 톡톡 보니하니 발명이 팡팡 : 역사가 보이는 발명 이야기,6753025,러브엔젤,"EBS에서 방영하는 프로그램~ 보니하니를 아시나요?
EBS 방송을 주로 보여주는 저희집에서는 엘리가 좋아하는 프로그램 중 하나가 바로
요~ 보니하니랍니다.
아이들에게 필요한 여러가지 활동들이 골고루 나와서 저도 참 좋아하는 프로그램인데요~
지금은 끝난 코너이지만 보니하니 중 ""발명이 팡팡""이라는 코너가 있었어요~!
어른인 제가 보기에도 아주 재미있고, 모르던 사실을 알게 된 것들이 많아서 참 좋아했었죠~!
그런데 그 코너가 끝나서 많이 아쉬웠는데,
이번에 블루앤트리 출판사에서 그 내용들을 모...+ 더보기",5,2013-12-16
33603200,EBS 톡톡 보니하니 발명이 팡팡 : 역사가 보이는 발명 이야기,6766962,후야사랑댕댕,"발명이팡팡, 통합사고형 초등과학 시리즈 - 나도 발명가가 
되어볼랍니다!
 
 
 
 
 
 

 
 
 
 
 
발명이 
팡팡은 통합사고형 초등과학 
시리즈로 한국방송대상 어린이청소년부문 작품상을 수상한 책이에요.
 신기한 발명 
이야기와함께 발명과 세계의 역사를 쉽고 빠르게 배울 수 있어서 초등학생들에게 추천하고픈 책이랍니다.
 
EBS ...+ 더보기",5,2013-12-22
105392331,10대들의 토닥토닥,9317443,띠리띠리,어찌보면 바람에도 흔들릴 10대 ....이에대해 생각해보자,5,2017-05-03
105392331,10대들의 토닥토닥,9306126,scott,"고민과 방황 따돌림으로 고민하고 고통받고 있는 10대들에게 이책은 꿈, 미래, 가족, 행복, 성공, 친구를 향한 위로의 속삭임이 담겨 있습니다.긴터널의 시간같은 고민과 고통을 이책을 통해 치유받고 벗어나보세요",5,2017-04-27
105392331,10대들의 토닥토닥,9306760,obse,감성충만한 일러스트와 따뜻한 글귀들이 지친 마음을 위로하기에 충분합니다. 선물용으로도 좋을 것 같습니다.,5,2017-04-28
105392331,10대들의 토닥토닥,9333022,Jemma,"한참 공부와 현실, 그리고 억지로 해야 하는 시험준비로 힘들 아이들에게 힘이 되어 줬으면 좋겠습니다. 사춘기시절은 그 시절을 걷고 있는 사람이 아니면 이해하기 힘든 만큼 도움이 됐으면 좋겠어요",5,2017-05-12
105392331,10대들의 토닥토닥,9364077,lilycoffee,감각적이고 상징적인 구성이 마음에 들어요,5,2017-05-28
105392331,10대들의 토닥토닥,9324558,콩콩,"10대들이 고민하는 꿈, 미래, 가족, 친구 등의 다양한 이야기들을 일러스트와 짧은 글로 표현하여 위로를 전해주는 것 같아요.",4,2017-05-08
105392331,10대들의 토닥토닥,9363955,포도,그림이 주를 이루고 있어서 학업에 바쁜 청소년들도 잠깐씩 시간내서 읽기 좋은 책이네요. 10대들의 삶을 응원하고 격려하는 내용이라 마음에 위로를 받을 수 있을 것 같아요.,5,2017-05-28
105392331,10대들의 토닥토닥,9358777,rabbitlove,공부와 교우관계등 다양한 문제로 고민하는 아이들에게 큰 용기를 줄 것 같습니다.,5,2017-05-25
105392331,10대들의 토닥토닥,9320184,eppffy,아기자기하고 편안한 일러스트와 함께 지친 마음을 위로할수 있는 특별한 책이네요,5,2017-05-05
105392331,10대들의 토닥토닥,9309554,기르아,10대를 위한 책이네요 :),5,2017-04-29
105392331,10대들의 토닥토닥,9364623,ikb0407,미래에 대한 고민이 많은 10대들에게 격려와 위로를 주는 것 같습니다. 책에서 글과 그림삽화가 잘어울려저 있어서 좋은 것 같습니다.,5,2017-05-28
105392331,10대들의 토닥토닥,9313478,자,무한한 가능성을 이야기하지만 깊이 있는 성찰이 앞서 이루어져야 한다는 것을 깨닫게 되는 책입니다.,5,2017-05-01
105392331,10대들의 토닥토닥,9362785,lynne.com,청소년들의 마음을 위로해주는 편안하고 따뜻한 그림들이 힐링이되는 좋은시간을 가져다줄거 같아요.,5,2017-05-27
105392331,10대들의 토닥토닥,9362208,스위스,10대 청소년을 이해하고 응원하고 싶습니다. 그들의 열정을 높이 평가합니다. 이 책을 읽고 청소년들이 힘을 내었으면 좋겠습니다.,5,2017-05-27
105392331,10대들의 토닥토닥,9364208,rainy22,읽고나서도 여운이 많이 남는 책이에요.,5,2017-05-28
105392331,10대들의 토닥토닥,9364142,paperdo,스스로 생각하게 만드는 문구가 자연스레 다가오네요,5,2017-05-28
105392331,10대들의 토닥토닥,9356297,최춘욱,청소년들을 위한 위로와 응원의 메시지를 담고 있는 책이라 청소년들에게 힐링이 되어줄 책이네요.,5,2017-05-24
105392331,10대들의 토닥토닥,9315263,끄앙,10대들의 고민을 조금은 덜어줄 책인 것 같습니다.,4,2017-05-02
105392331,10대들의 토닥토닥,9306566,happylove,청소년들에게 전하는 위로와 치유의 마음 힐링서..궁금하고 기대됩니다~~,5,2017-04-27
105392331,10대들의 토닥토닥,9316483,djqjd,그림과 함께 마음의 위안을 가져다주는 책이겠어요,4,2017-05-03
105392331,10대들의 토닥토닥,9364580,kelon,"삶에 힘든 10대, 그리고 어른에게 격려를 주는 책이네요.",5,2017-05-28
105392331,10대들의 토닥토닥,9319346,gksmfqor12,그림과 함께 마음의 위안을 가져다주는 책이겠어요,4,2017-05-04
105392331,10대들의 토닥토닥,9363047,bwrs,"우리가 미처 몰랐거나 또는 외면했던 10대들의 마음속 이야기를 책으로 엮은 것으로, 어른들과 10대와의 관계 증진에 초점을 맞추었다. 같은 고민을 하는 친구들에게 위로와 함께 어른들이 아이들을 더욱 이해하고 올바르게 지도할 수 있도록 하는 길을 열어 준다.",5,2017-05-27
105392331,10대들의 토닥토닥,9358507,불량콩,1권이 너무 좋아 기대하긴 했지만 2권 역시 너무 좋았습니다아이에게 위로가 될수 있는 글과 따스한 그림이 고민이 많은 아이에게 무척이나 도움이 될듯 합니다,5,2017-05-25
105392331,10대들의 토닥토닥,9312839,peterdrk,지친 청소년에게 위로가 될 책.,5,2017-05-01
105392331,10대들의 토닥토닥,9316803,koco,조금만 자세히 나를 들여다보기,4,2017-05-03
105392331,10대들의 토닥토닥,9363729,yam1224,두번째 이야기도 첫번째 이야기 처럼 힘들고 지친 마음을 어루만져주는 좋은 이야기들로 가득 차 있는 것 같아요.,5,2017-05-28
105392331,10대들의 토닥토닥,9342334,dlwogml1030,고민이 많은 청소년들에게는 차가운 충고보다는 따뜻한 위로나 말이 더 필요할 수도 있을겁니다. 그런 십대들의 마음을 어루만져주고 위로해주는 좋은 말들이 많이 있네요.,5,2017-05-16
105392331,10대들의 토닥토닥,9335408,새책임,감성적인 글과 일러스트가 어우러져서 아이들이 읽기에 좋을것 같네요,5,2017-05-13
105392331,10대들의 토닥토닥,9305396,hwanginhye,따뜻하고 의미있는 문장과 정성이 깃든 삽화가 10대의 긴장과 고민을 녹여줄 것 같아요.,5,2017-04-27
105392331,10대들의 토닥토닥,9309519,spookee,10대를 위한 청소년 에세이입니다,5,2017-04-29
105392331,10대들의 토닥토닥,9305630,색종이,10대들의 방황과 고민을 이해하고 진심으로 응원해주는 책이네요.,5,2017-04-27
105392331,10대들의 토닥토닥,9306028,라디오,사춘기 딸과 함께 일고 싶은 책입니다. 따뜻한 위로와 용기를 전해줄 수 있는 책입니다.,5,2017-04-27
105392331,10대들의 토닥토닥,9314328,Chloe,많은 위로가 될 것 같아요,5,2017-05-01
105392331,10대들의 토닥토닥,9306584,도서관장,어른이 되기위한 성장통을 심하게 앓고 있는 많은 10대들에게 위로해 주고싶은 나의 마음과도 같은 저자의 마음이 느껴져서 좋았던 <10대들의 토닥토닥>. 그 두번째 책이 나왔군요. 전 작과 마찬가지로 이 책 역시 방황하는 청소년들과 그들을 이해하고 싶은 여러 어른들에게 권하고 싶은 책입니다.,5,2017-04-27
105392331,10대들의 토닥토닥,9363513,aenig,10대들의 토닥토닥 두번째 이야기는 첫번째 이야기처럼 청소년의 감성에 멋진 그림과 글이로 위로 해주는 느낌이네요.,5,2017-05-28
105392331,10대들의 토닥토닥,9327714,jungmin0714,도서관 희망비치신청으로 본책이다~~일러스트와 더불어 잔잔한 감동을 준다,5,2017-05-09
105392331,10대들의 토닥토닥,9362992,하루하루,글도 예쁘지만 그림도 너무 예쁘다. 힘든 하루를 보내고 돌아온 저녁에 가만히 넘겨보면 지친 마음이 편안해진다.,5,2017-05-27
105392331,10대들의 토닥토닥,9306422,솔빛,공부에 지치고 불확실한 미래에 대해 걱정이 큰 10대들에게 위안과 힐링이 되는 내용이네요.,5,2017-04-27
105392331,10대들의 토닥토닥,9364576,dkiz,아기자기 한 그림으로 10대의 마음을 위로해주고 글귀로 마음을 보듬어 줄 수 있을 것 같아요.,5,2017-05-28
105392331,10대들의 토닥토닥,9324582,냥냥이,짧은 글속에 담긴 이야기는 10대에게 용기를 주고 일러스트는 마음을 다독여주어 희망을.,5,2017-05-08
105392331,10대들의 토닥토닥,9308760,요술램프,감성적인 일러스트와 함께 상처받은 아이들의 마음을 어루만지며 희망과 용기를 심어주는 감동적인 글귀들이 가슴을 뭉클하게 하네요. 여린 마음을 가진 아이들이 위로와 응원의 글을 통해 세상에서 가장 소중한 존재로 자랄 수 있으면 좋겠네요.,5,2017-04-29
105392331,10대들의 토닥토닥,9335909,tkarkrrns,10대들이 읽으면 많은 도움이 될 것 같네요~책 기대됩니다^^,5,2017-05-13
105392331,10대들의 토닥토닥,9336859,아르히,힘든 시기를 겪은 10대들에게 도움이 되었으면 좋겠네요,5,2017-05-14
105392331,10대들의 토닥토닥,9363065,다시보기,"밝은 에너지가 충만하다. 살면서 잊어서는 안되는, 부정적인 기운을 긍정적인 에너지로 바꾸어줄 이야기가 가득하다.",5,2017-05-27
105392331,10대들의 토닥토닥,9328322,ghdgh,마음이 따뜻해질 것 같아요,4,2017-05-10
105392331,10대들의 토닥토닥,9306424,SHKIM0516,상처받기 쉬운 10대들의 마음을 어루만질 수 있는 내용이 좋네요. 위안과 힐링의 책이네요.,5,2017-04-27
105392331,10대들의 토닥토닥,9305637,어니언,10대 청소년들에게 스스로가 얼마나 중요한 존재인지를 깨닫게 해주는 따뜻한 내용입니다.,5,2017-04-27
105392331,10대들의 토닥토닥,9306120,하늘연달,혼란스러운 10대들에게 추천하고싶은 책입니다 읽고나면 자존감 회복 및 희망이 생길거 같아요,5,2017-04-27
105392331,10대들의 토닥토닥,9323923,hyoung425,마음 다치지 않게 성장하고 이해와 위로를 토닥토닥 해주는 내용이 저도 힐링 되는거 같아요..,5,2017-05-07
105392331,10대들의 토닥토닥,9340931,아스나,아이들이 자기 자신을 사랑하게 될 수 있는 계기가 되는 책입니다.,5,2017-05-16
105392331,10대들의 토닥토닥,9324622,디룩이,고민과 마음의 상처를 숨기고 있는 10대들에게 이 책은 그것으로부터 벗어날 수 있는 계기를 주어 힘찬 내일을 열 수 있게 한다.,5,2017-05-08
105392331,10대들의 토닥토닥,9316802,ㄱㅈㅇ,청소년들에게 많은 위로와 용기를 주는 책이네요~,5,2017-05-03
105392331,10대들의 토닥토닥,9364278,카나리아,10대들에게 권해주고 싶은 책입니다.,5,2017-05-28
105392331,10대들의 토닥토닥,9309521,kakiro,지친 10대의 마음을 위로해주는 힐링북입니다,5,2017-04-29
105392331,10대들의 토닥토닥,9321207,잡초사탕,"첫번째 책도 그랬는데 이번 권도 역시 참 따뜻한 책이었어요. 동화같은 그림과 마음을 어루만지는 글귀가 정말 잘 어울리더라고요. 저는 1장에서 유명한 사람들, 혹은 위인들(스티비 윈더나 스티븐 호킹, 헬렌 켈러 등등)을 모아놓은 장면이 인상적이었어요. 책을 읽으며 남몰래 눈물 흘리기도 했네요.",5,2017-05-06
105392331,10대들의 토닥토닥,9353764,레몬트리,상처받기 쉬운 10대들을 토닥여주고 응원해주는 따뜻한 말과 그림들,5,2017-05-22
105392331,10대들의 토닥토닥,9350779,박회옥,정신적으로 여린 시기인 10대 아이들을 이해하는 데 도움이 되었으면 좋겠네요,5,2017-05-21
105392331,10대들의 토닥토닥,9308445,바닐라,따뜻하게 지지해주고 용기를 복돋아주는 책 기대됩니다!,5,2017-04-28
105392331,10대들의 토닥토닥,9306653,하로하로,"말은 안해도 네 맘을 알고 있다고 아이들에게 선물해주고 싶은 책이네요. 권하는 사람, 읽는 사람 모두의 마음에 토닥토닥 힘이 날 것 같아요.",5,2017-04-27
105392331,10대들의 토닥토닥,9314512,달코미,10대들에게 위로가 되었으면,5,2017-05-02
105392331,10대들의 토닥토닥,9343001,곤짱,"십대들의 상처받은 마음,닫힌 마음을 따스하게 어루만져 줄 수 있는 그런 책이다.",5,2017-05-17
105392331,10대들의 토닥토닥,9357858,수루루수루,청소년들의 마음을 위로해 주는 책이네요,5,2017-05-24
105392331,10대들의 토닥토닥,9312898,악화일로,따뜻한 메시지가 다양한 고민을 아우르며 지혜로운 해결책을 발견하게 도와주는군요. 미래가 두렵고 불안하기만 한 십대들에게 꿈과 희망의 메시지가 큰 힘이 될 것 같습니다.,5,2017-05-01
105392331,10대들의 토닥토닥,9307802,seoni,전작을 조카에게 선물해주고 같이 읽어서 의미 있고 좋았는데 이번 두 번째 이야기도 함께 해야겠네요.,5,2017-04-28
105392331,10대들의 토닥토닥,9354914,tjdfudcndaks,따뜻한 그림과 함께하는 위로의 한마디가 가슴을 울린다!위태로운 10대들에게 안내자 역할을 톡톡히 하는 책~,5,2017-05-23
105392331,10대들의 토닥토닥,9358750,qksemtl,최고로 예민하고 민감한 10대의 시절을 응원하는 책!한문장 한문장이 눈물나게 따뜻하다.,5,2017-05-25
105392331,10대들의 토닥토닥,9343275,프네스,삽화들에게서 포근한 느낌을 받고 토닥여주는 말에서 따스함이 느껴지네요,5,2017-05-17
105392331,10대들의 토닥토닥,9357492,노아,한창 감수성이 예민할 시기에 입시와 성적에 시달리면서 시간을 보내는 대한민국의 학생들을 볼 때면 안타까운 마음이 듭니다. 청소년들의 고민을 다양한 키워드를 주제로 공감하고 위로할 수 있는 힐링의 시간을 이 책을 통해서 가져볼 수 있을 것 같아요.,5,2017-05-24
105392331,10대들의 토닥토닥,9332569,올리비아덕선,책을 보고 나니 아이들의 실수를 비난하기 보다 토닥토닥 위로해주고 싶네요. 실수에 실수를 거듭하면서 자라왔는데도 올챙이 시절을 생각 못하고 늘 개구리였던듯 했던 제자신을 반성도 해봅니다.,5,2017-05-12
105392331,10대들의 토닥토닥,9363484,ppio,"상처받고 때로는 절망하더라도 절대 포기하지 말라고, 언제나 응원하고 사랑한다는 메시지를 담고 있습니다.",5,2017-05-28
105392331,10대들의 토닥토닥,9341424,샤를,"그림 하나에 글 2~3줄로 되어 있어서 깔끔하고 보기 좋습니다. 글 하나하나가 참 예쁘고 사랑스럽기까지 해요. 꿈을 이야기하는 내 말을 귀 기울여 들어주고 다독여주는 느낌을 받았어요. 답답한 현실 속에서 위로를 받고 싶은 모든 10대들에게, 꿈을 찾기 위해 노력하는 모든 10대들에게 용기를 줘요~",5,2017-05-16
105392331,10대들의 토닥토닥,9364632,lucy,일러스트와 희망을 담은 따뜻한 메시지를 통해 위로와 응원을 보내줍니다. 10대 뿐만 아니라  삶이 힘들고 답답한 어른들에게도 힐링이 되는 책입니다.,5,2017-05-28
105392331,10대들의 토닥토닥,9359306,단풍,사춘기 심한 10대위한 책. 많은 문제와 고민들 해결함에 좋을 것 같아요.,5,2017-05-25
105392331,10대들의 토닥토닥,9335498,하나둘점프,힘들고 지친 10대들을 위한 좋은 책일것같습니다 힐링되고 위로도 받아야 공부도 열심히 할수있죠,5,2017-05-13
105392331,10대들의 토닥토닥,9335690,SkyKey,10대들을 위한 힐링책으로 힘들고 지칠때 읽고 더 힘낼수있을 책입니다,5,2017-05-13
105392331,10대들의 토닥토닥,9272559,젼이,"청소년추천도서/힐링에세이
10대들의 
토닥토닥 두번째이야기
이지영 
글 그림
문예춘추사

따스한 그림과 짧은 글귀들이 사춘기 10대 아들의 
맘을 살포시 
어루만져 주는거 같아요 
이맘때가 되면 아이들은 혼란의 시기가 오죠 그래서 
10대시절을 
사춘기 혹은 질풍노도의 시기라 말하는거 같아요 

전 좀 10대를 얌전하게 큰 사고없이 지나간 경우라 
아들의 방황과 
걱정과 불같이 오르락 내리락 하는 성격를 처음엔 
이해하고 받아들이기가 
참 힘들었어요 제게 사춘기는 엄마의 착한딸로 기억되어서 ...+ 더보기",5,2017-04-11
105392331,10대들의 토닥토닥,9275487,세상을빛내라,"며칠전,
""현아, 이건 좀 빨리하지그랬어~""라고 조금 화난 목소리로 말을 하자
이녀석 저를 꼭 안더니 ""십대들의 토닥토닥""이라는 거에요.
이 모습을 본 아빠가 놀래며 ""뭐야? 그거?""
""하하, 이녀석이 요즘 읽는 책 제목이야.""
또, 엄마와 아들만 통했습니다. 
세아들중 책을 유독 좋아하는 아이. 엄마랑 함께 책을 읽고 이야기를 나누는 아이.
세아이중 첫아이기에 유독 정이가는데 이런 부분이 날 닮아 절 더 기쁘게 해줍니다. 
 
""엄마, 오늘 반친구들이 다투길래 제가 <십대들의 토닥토닥>이라고 해...+ 더보기",5,2017-04-12
105392331,10대들의 토닥토닥,9252718,새봄처럼,"10대들의 마음을 위로하는 책, <10대들의 토닥토닥 2>입니다. 좋은 글귀와 아기자기한 그림이 가득해 예쁜 엽서집을 보는 것 같습니다. 꿈, 기회, 희망, 가정, 행복, 성공 등의 주제를 친한 언니가 재미있는 이야기를 하듯이 들려주고 있어 즐겁게 읽었습니다. 가족, 친구와의 관계 속에서 쉽게 상처받고 넘어지지만 따뜻한 위로 속에서 다시 우뚝 서는 청소년들. 이 책은 그들의 마음을 어루만져주는 힐링에세이라는 생각이 듭니다. 한창 예쁘게 피어나는 청소년기. 그 시절을 어떻게 보냈는지 까...+ 더보기",5,2017-04-02
105392331,10대들의 토닥토닥,9278363,둥이맘,"10대들의 토닥토닥 두번째이야기 / 오늘도 수고한 내 마을을 위한 힐링 책~     책 제목이 '10대들의 토닥토닥'이라 아이들을 읽힐 생각이었는데...보자마자 넘 이뻐서...나 먼저... ㅎㅎㅎ휘리릭 한번에 술술 잘 읽히는 책인데...읽으면서 중간중간 맘에 드는 구절 찾고, 맘에 드는 구절에 포스트잇 붙히고 한번 읽고 ...이런다고 중간중간 끊어읽다보니 조금 시간이 걸리는 듯 ... 다 읽고나면 ...우리아이들 이름 써서 주렵니다~!!! 표지만 이쁜 책 아니구요.내용도 이쁘고, 책 내지...+ 더보기",5,2017-04-14
105392331,10대들의 토닥토닥,9274044,쩡란,"문예춘춘사 <<10대들의 토닥토닥 - 두번째 이야기>> -오늘도 수고한 내 마음을 위한 힐링에세이, 청소년 추천도서를 소개합니다 청소년기 나는 어땠었지?이제는 두아이의 엄마가 된 나육아를 하면서, 일과 육아를 병행하면서, 남의편님을 보살피고 같이 걸어가면서,결혼 후 나름 철들었다고 생각하며 부모님 생각을 아주 가끔 끔찍히 해가면서아이의 울음과 짜증에는 나도 모르게 갑자기 폭발했다가급 반성하고 도인의 자세로 돌아가기도 하면서,,,나라는 존재가 아픔과 고통을 겪으며 나름 잘~~~성장하고 있는 불완전한 인격...+ 더보기",5,2017-04-12
105392331,10대들의 토닥토닥,9276601,푸른나무,어느 시대든 청춘은 아름답고 빛이 나죠?하지만 요즘 청춘이 마냥 빛나고 아름답지만은 않은거같아 마음이 아픕니다.어른들이 제 자리를 제대로 지켜내지 못하니 어디 청춘이 청춘일수가 있겠습니까?빛나는 청춘을 향해 달려가는 저희 집 청소년에게 힘을 주고 싶어 선택한 책이 한 권 있어 소개합니다.일러스트레이터이자 카투니스트인 이지영작가의 10대들의 토닥토닥 시리즈 중 두번째 이야기입니다. 일러스트레이터 이지영 작가의 그림이 따듯하게 표지를 장식해서 절로손길이 갑니다.오늘도수고한 내 마음의 힐링이라는 표지글이 마음...+ 더보기,5,2017-04-13
105392331,10대들의 토닥토닥,9270784,정진,"예전에 인터넷에서 조니타로 카툰을 본 적이 있었다. 이미지가 아기자기하고 귀여웠고, 한 컷의 카툰을 보고 많은 것을 생각할 수 있어서 눈 여겨 보았었다. 좋은 책 신사고 홈페이지 '나를 바꾸는 힘' 카테고리에서도 조니타로 이지영 작가님의 카툰을 본 적이 있다.이번에 이렇게 책으로 만나게 되어서 반가운 마음이 들었다. 이 책은 청소년에게 전하는 격려와 응원의 메시지를 일러스트와 간단한 글로 따뜻하게 전달하고 있다. 어른이 보기에도 공감이 가는 이야기가 많이 있다.전하는 힐링의 메시지가 ...+ 더보기",5,2017-04-10
105392331,10대들의 토닥토닥,9276241,안네발렌틴,10대들의 토닥토닥2육아와 다른 스트레스로 힘들어할때 이렇게 힐링되는 책을 만나 얼마나 힘이 되었는지 !!!너무좋아용내가 10대였을때 고민했던 부분들 ..지금도 나에게 희망을 주는 메세지가 많이 담겨있어 너무 좋았습니다그림이 많이 이쁘죠?^^*이런 일러스트를 많이 좋아하는데 책이 전반적으로 이런아기자기한 그림들이라 책읽기에 부담이 없었습니다 그래서 그자리에서 다읽어버렸죠^^*유명한 명언이나 글들이 많이 적혀있고 고민이많은 10대나 20대!! 그리고 삶에 지치고 힘든시기에 이책을 읽으면 정말 많은 도움이될것같습니다!!지금 시대가 10...+ 더보기,5,2017-04-13
333447408,생각이 많은 10대를 위한 뜻깊은 세계사,15798646,tina3592,세계사에 관심 많은 아이가 무척이나 재미있게 읽었습니다. 특히 초 6부터는 세계사가 사회에 포함되어 본격적으로 시작되는데 아이들의 흥미를 유발하는 이야기로 내용이 다양하게 구성되어 있습니다~! 특히 집이나 논술학원에서 함께 읽고 토론해볼 주제도 많은것 같습니다.,5,2024-08-25
333447408,생각이 많은 10대를 위한 뜻깊은 세계사,15366991,허유나,"역사는 왜 공부할까? 이 책의 시작은 그 물음에 답을 던져주면서 출발한다.좁아진 세계의 관계속에서 좋은 관계를유지하기 위해서는 그 나라를 알아야하고,알고 이해하기 위해서는 역사를 알아야 한다는 것이다.본문으로 들어가면 총 15개의 챕터에서 인류의 등장부터 여러나라에서 있었던사건들과 함께 민주국가가 생기고,냉전을 거치는 과정들이 담겨 있다.정규교육과정을 거치면서 한번쯤은 들어보았을단어들. (실크로드,대항해시대,십다군원등 등등)몇십년, 몇백년에 걸쳐 일어난 사건들을A4용지보다 작은 종이 몇장에 다 써내려 가는 것이 쉽지 않았을텐데,사건...+ 더보기",5,2024-03-09
333447408,생각이 많은 10대를 위한 뜻깊은 세계사,15375148,lovemyself,"역사든 세계사든 그 흐름을 파악하지 못하면아무리 개별 사건들을 달달 외워도성적향상에는 일절 도움이 되지 않아요설령 성적향상에 도움이 되더라도아주 단편적인것이라서 나중에 기억에 남는건단 하나도 없다는.....어떻게 아냐구요? 제가 그랬거든요..특출난 암기능력으로 학창시절 암기과목은 진짜 빼놓지 않고 만점 릴레이를 이어갔는데..성인이 된 지금.. 아이가 역사적인 사건에 대해서 물어보면..분명 들어보긴 했는데.. 설명이 안되는 상황암기가 제일 어렵다는 아이는당연히 시험도 어려워하고 나중에 기억남는건더더욱 없는 상황이 되겠죠?이제 중1, ...+ 더보기",5,2024-03-12
333447408,생각이 많은 10대를 위한 뜻깊은 세계사,15375979,썬원맘,"10대들에게 추천하고 싶은 세계사 책이 나와서 바로 소개합니다.

나무생각에서 출판된 《생각이 많은 10대를 위한 뜻깊은 세계사》입니다.

​

차례를 보면 15가지의 주제를 만날 수가 있습니다.

세계사 속에서도 생각해 보면 좋을것 같은 굵직굵직한 주제들만을 뽑아&nbs...+ 더보기",5,2024-03-12
333447408,생각이 많은 10대를 위한 뜻깊은 세계사,15324977,김정아,"'생각이 많은 10대를 위한 뜻깊은 세계사'​​10대의 눈높이에 맞춰 우리가 살아가는 세계에 대한 이해와 궁금증, 점점 좁아지는 세계에 대해 알아갈 수 있는'생각이 많은 10대를 위한 뜻깊은 세계사를 만나보았네요.세계사를 공부하며 우리랑 멀리 떨어진 세계의 역사까지 왜 공부해야되는지를한번쯤 의문을 가져보게 되는데 우리가 살아가는 현재를 이해하기 위해서는역사지식이 우리가 살아가는 현재를 이해하는 배경이 되고,또, 우리는 과거보다 점점더 가까워진 세계 속에 살아가고 있으며이제는 먼 나라 역사가 아닌 함께 살아가야할 세계이기 때문인것 같...+ 더보기",5,2024-02-23
333447408,생각이 많은 10대를 위한 뜻깊은 세계사,15351414,해피먼데이,고등학생이 되는 아이에게 역사과목에 대한 흥미가어느 정도인지 물었습니다. 아이에게 역사는 암기할 것이 많은 과목 중 하나였고 흥미 보단 성적에 관심이 갈 수 밖에 없는 과목이었습니다. 안타까운 마음이 드는 게 사실입니다. 교과서에서 배웠어도 스쳐 지나가는 정도로 알았거나혹은 아예 배우지 않았던 이야기들이 담긴 이 책을아이가 읽게 되면 흥미가 생기리라 생각했습니다. 책을 읽은 엄마가 열린 사고와 다양한 시각으로 보게 된 세계사 이야기에 매료되었기 때문입니다. 기록되지 않은 고대의 역사부터 굵직한 역사적 사건들이소개되고 있습니다. 고대...+ 더보기,5,2024-03-02
333447408,생각이 많은 10대를 위한 뜻깊은 세계사,15333463,레드데이지,"사건으로만 기억했던 세계사,그 이면에 시대를 살아온'사람들'의 이야기가 있다.​한국사만 해도 과부하가 걸리는데왜 다른 나라의 역사까지 공부해야 할까요.😅😅😅​이제 중2가 되는 큰아이는세계사를 배우게 됩니다.우리땐 세계사는 선택이었고한국사는 1학년때부터 배운것 같은데요즘은 필수가 되었더라구요.​세계사를 배운 기억이 어렴풋이 있지만저에겐 너무나 멀기만 한 과목이네요.😅😅😅​요즘같은 세계화 시대에세계사를 좀더 열심히 공부했으면 어땠을까하는 후회도 밀려옵니다.​책에 이런 글이 나와요.어느 한 아버지가 두 아이들을 데리고지하철을 ...+ 더보기",5,2024-02-26
333447408,생각이 많은 10대를 위한 뜻깊은 세계사,15318035,hyuneuljung,겨울방학 동안 새 학기를 대비하여 세계사 관련해서 다양한 책을 접하고 있다.책을 통해 배경지식을 쌓아 아는 게 많아지면 학교에서 하는 세계사 수업이 수월해지리라는 생각이 들었다. 방학 동안 읽은 세계사 관련 도서 중 하나는 생각이 많은 10대를 위한 뜻깊은 세계사였다.단순히 사건의 나열로만 익혔던 세계사를 그 이면에 그 시대를 살아온 사람들의 이야기를 통해 알아갈 수 있었다. 이 책을 쓴 최은진은 경희대학교 사학과에서 서양 중세사 연구로 박사 학위를 받았고 현재 영국 케임브리지에서 논문과 글을 쓰고 있다....+ 더보기,5,2024-02-20
333447408,생각이 많은 10대를 위한 뜻깊은 세계사,15385874,푸른하늘,최은진 글나수은 그림나무생각​​​세계사를 생각하면 재밌고 흥미롭다는 느낌보다 ​사건을 연도별로 외우며​요점정리 같은 내용으로 접해서 그런지 ​어렵고 따분한 마음이 앞선다 ​이 책은 잠자기 전 어른들이 옛날이야기를 들려주듯 ​길고 긴 세계 역사를 편안하게 읽었던 것 같다 ​「뜻깊은 세계사」는 ​10대를 위한 내용 위주로 되어있기에 ​청소년들은 지루하지 않게 생각에 꼬리를 물어가며 ​읽어나갈 것이다 ​15가지 사건을 중심으로 ​사건 관련 인물이 등장하고 그들의 역사를 해석한다 ​사건의 배경이 되는 지도는 물론이고 ​관련 자료들을 실사로...+ 더보기,5,2024-03-16
333447408,생각이 많은 10대를 위한 뜻깊은 세계사,15365865,슈가레이블,슈가레이블입니다.​네이버 도치맘에서 서양사에만 치우치지 않고아프리카와 동아시아까지 두루두루 다루고 있는균형 잡힌 세계사를 접할 수 있는 책인<생각이 많은 10대를 위한 뜻깊은 세계사>서평단 모집을 하기에 빠르게 신청했었어요.뜻깊은 역사책을 읽고 싶은 마음이 통했는지 두 손에 기쁨 가득과 함께<생각이 많은 10대를 위한 뜻깊은 세계사>를​읽을 기회가 생겼습니다.​역사책을 읽고 있으면 그때만큼은그 시대 배경으로 흡수되어 그때의 삶의 배경을배울 수 있어 나라면 어떤 선택을 했었을까?라는생각 또한 할 수 있어 유난히 ...+ 더보기,5,2024-03-08
333447408,생각이 많은 10대를 위한 뜻깊은 세계사,15350808,꿈꾸는공주,"세계사는 내용이 방대하고 아이들이 어려워하는 과목의 하나먼 나라의 역사를 포함한 세계사를 왜 배워야 하는지 의문을 가지는 아이들도 있지만세계사는 우리 역사와 연결된 부분이 있고 인류의 미래에 도움이 될 부분이 많아요.세계사를 통째로 외우려면 어렵고 힘들어요.그리고 보통 세계사를 배울 때 인물, 사건 등 단면적으로 보고큰 흐름에서 봤을 때 연결이 안 될 때가 있지요.세계사는 우리 일상과 연결되는 부분을 찾으면 재미있고 흥미로운데그런 부분을 채워주는 책이 《생각이 많은 10대를 위한 뜻깊은 세계사》에요.《생각이 많은 10대를 위한 뜻깊...+ 더보기",5,2024-03-02
333447408,생각이 많은 10대를 위한 뜻깊은 세계사,15364476,박가영,"요즘 아이와 역사책 읽기 프로젝트를 하고 있어요. 본격적으로 한국사나 세계사를 학교에서 배우기 전에 책와 영상으로 다양하게 접해볼 계획입니다. 그런 와중에 이렇게 좋은 책을 선물받게 되서 기쁜 마음으로 읽었어요.최은진 작가님께서 쓰신 머리말입니다. 딱 제가 학창시절에 했던 고민에 대한 답을 명쾌하게 해주셨더라고요.이미 지난간 과거를 왜 배우는건지, 어차피 되돌릴수도, 바꿀수도 없는 과거를 공부해서 우리가 얻는 것이 무언인지, 백번 고민해서 한국사는 공부한다 쳐도, 도대체 왜 다른 나라의 역사까지 공부해야 하는지 이해할 수 없었거든요...+ 더보기",5,2024-03-08
333447408,생각이 많은 10대를 위한 뜻깊은 세계사,15328904,옥이,세계사를 배우면 생각의 폭이 넓어진답니다. 이 책은 사건으로만 기억했던 세계사의그 안의 내면 그 시대의 배경이라던지 왜 그 사건이 일어나게 되었는지를 풀어내고 있어서오히려 기억이 더 오래 남는다고 할까요.​어렸을때 세계사를 배울때는 무슨무슨 전쟁 몇년도에 일어났다 정도만 외웠는데 스토리로 세계사를 배우니 꼬리에 꼬리를 문다고 할까요.​총 15목차로 구성되어 있는데 처음 1강에 등장하는게 인류의 등장과 고대문명부터 자연  vs 인간 에뮤 전쟁과 참새전쟁까지한번쯤은 세계사를 공부하면서 들어봤을 뻔한 사건들을 좀 더 구체적으로풀어내고 있...+ 더보기,5,2024-02-24
333447408,생각이 많은 10대를 위한 뜻깊은 세계사,15373524,랑이야랑이야,역사를 안다는 것은 그 사람이나 세계를 정확하게 이해하는 것이라고 생각합니다.그런 의미에서 점점 좁아지는 세계에서 다른 나라의 역사를 아는 것은 다른 나라의 사람을 이해하는데 많은 도움이 될 거라는 생각을 하게 됩니다.특히 우리나라는 요즘 급격하게 다문화사회가 되어가고 있고 그 속에서 서로를 잘 이해하고 원만하게 지내기 위해선 세계사를 아는 것이 참 의미있다는 생각이 듭니다.하지만 세계사 공부가 쉽지는 않은데요.쉽지 않은 세계사 공부를 위한 좋은 책은 발견했답니다.바로 <생각이 많은 10대를 위한 뜻...+ 더보기,5,2024-03-11
333447408,생각이 많은 10대를 위한 뜻깊은 세계사,15348098,별군엄마 정군,"[출판사로부터 도서 협찬을 받았고 본인의 주관적인 견해에 의하여 작성함]한국사와 세계사에 관심을 갖게 된 건 얼마 안 된 거 같아요.학창 시절에는 시험을 보기 위해 아등바등 외우고, 외웠던 과목으로만 인식되어 기억에 남고 알고 있는 것들이 많지 않더라고요.최근 몇 년 TV 프로그램에서 한국사와 세계사를 조금은 쉽게 접근해서 아이와 함께 보곤 했지요.알면 알수록 재미도 있고 기억이 새록새록 나서 재미있었습니다. 막상 첫애가 중학교 2학년이 되는 이 시점에서는 세계사 과목을 배우게 되니 학부모 모드로 바뀌어서 진중해집니다. 아이와 함께...+ 더보기",4,2024-03-01
333447408,생각이 많은 10대를 위한 뜻깊은 세계사,15327154,그림,"익히 생각하고 있던 세계사와는 조금 다른 세계사이제까지 읽었던 세계사의 어디쯤에 이 책을 놓아야 할까요​""사건으로만 기억했던 세계사,그 이면에 시대를 살아온‘사람들’의 이야기가 있다!""​'사건'의 연속으로 만들어진 역사에서 그 '사건'을 만들어온 '사람들'의 이야기책 소개에서 유난히 강하게 와 닿은 말이었어요왜, 어째서, 그런 일이 일어났는가이 책은 우리가 익히 알던 그 역사의 다른 면에 집중합니다그런 의미에서 첫 세계사 책으로는 비추에요통사가 어느 정도 정리되지 않으면 오히려더 혼란을 부추길 수 있을 것 같아요역사에 흔적을 남긴 ...+ 더보기",5,2024-02-23
333447408,생각이 많은 10대를 위한 뜻깊은 세계사,15315571,na1004ze,"생각이 많은 10대를 위한 뜻깊은 세계사_나무생각 큰 아이 학교에서는 중2에 세계사와 한국사를 배우게 되는데요,해서 이번 겨울 방학 동안엔 세계사 관련 독서에 좀 더 비중을 실어 보았었어요.솔직히 시작은 학교 내신을 위해 교과지식으로써 접근했었는데요,시간이 지나면서 '세계사'의 매력에 푹 빠진 요즘이 되었습니다.    현재의 우리가 존재하는 것은 과거의 누군가의 노력과 희생 덕분이었고,또 지금의 우리가 어떻게 하느냐에 따라 미래가 얼마든지 달라질 수 있다는 것에 대한큰 그림을 그려볼 수 ...+ 더보기",4,2024-02-19
333447408,생각이 많은 10대를 위한 뜻깊은 세계사,15399206,미오네,초등5학년에는 한국사가 시작이 되고 중학교 2학년이 되면 보통 세계사가 시작이 되더라구요그나마 한국사는 우리나라의 역사이다보니 알게 모르게 많이접하는 부분들이 있지만 세계사는 워낙이 방대하다보니쉽게 다가가기가 이만저만 부담스러운게 아니더라구요학교에서 세계사가 들어가는 지금.. 어떡하면 조금이나 쉽게 세계사에 관심을 가지게 해 줄 수 있을까?고민고민~~ 여러가지 생각이 많은 10대를 위해 뜻깊은 세계사 책이 이렇게 나왔네용 ^^지루하고 재미없는 세계사를 어떻게 풀어놨을까? 궁금해하며 책장을 넘겨 봅니다저 또한 여러번 세계사책을 도전해...+ 더보기,5,2024-03-21
333447408,생각이 많은 10대를 위한 뜻깊은 세계사,15367612,-,"중학교 2학년이 된 저희집 아이는 올해부터 세계사를 교과과정으로 배우게 되었어요. 아이가 세계사를 공부하기 시작하면서 생소하고 낯선 인물들과 지역, 사건들을 접하면서 어려운지 불만을 토로하더라구요. ㅜㅜ 왜 우리나라도 아닌 나와는 관계도 없는 저 멀리 있는 남의 나라의 지나간 역사를 공부해야 하는지 모르겠다는 아이.ㅜㅜ​ 그래서 최근 제가 먼저 읽어 본 흥미로운 책, <생각이 많은 10대를 위한 뜻깊은 세계사> 를 아이에게 소개해 주었어요.아이가 책을 읽는 동안 왜 다른 나라의 역사를 공부해야 하는지에 대한 의문이 풀리...+ 더보기",5,2024-03-09
333447408,생각이 많은 10대를 위한 뜻깊은 세계사,15319847,miya0004,"사건으로만 기억했던 세계사,그 이면에 시대를 살아온 ‘사람들’의 이야기가 있다.​몇 달전 한국사 책을 읽고 한국사에 대한 새로운 관점과 흥미를 가질수 있었기에 다음번에는 세계사를 한번 도전해볼까 하는 목마름이 있었다. 하지만 방대한 역사적 내용을 생각하니 쉽게 시작할 엄두가 나질 않았던 세계사였는데 이 책을 만나게 되었다. 나의 세계사 수준은 정말 단편적인 수준 , 한가지 사건과 다른 사건이 일어난 시기를 연결지어 떠올릴수 없는 , 어떤 사건의 이름정도만 알고있는 단편적인 지식의 소유자이기에 큰 맘 먹고 책읽기를 시작하였다. ​이책...+ 더보기",5,2024-02-21
356425855,소뵈르 박사의 상담 일지,16275971,ssong1314,"#도서협찬 #북리뷰#소뵈르박사의상담일지햄스터와저주인형#마리오드뮈라이유#윤예니_옮김#바람의아이들출판사고맙습니다❤️☘️샤를리 에브도 테러 이후 위태로운 일상을보내는 사람들.소뵈르 박사의 상담일지는190센치에 80키로그램의 구원자라는 이름을 가진박사가 다양한 문제를 가지고 찾아오는상담자들을 만나며 자신의 이야기도 나온다.자해,학교공포증,성정체성 혼란,망상장애,야뇨증...어른도,아이도 소뵈르 박사의 상담실에서 구원을찾을 수 있을까.✒️인생은 끊임없는 반복이고(136쪽)✒️삶에는 전이 있고 후가 있는데우리는 그걸 기억하지도 못하고그게 어떤지...+ 더보기",5,2025-03-04
356425855,소뵈르 박사의 상담 일지,16293417,책돌이,"p.s 출판사로부터 서적을 제공받아 주관적으로 서평을 작성하였습니다.​#서평​1.상담을 전공한 사람으로 읽어보고 싶었던 책이다. 청소년 문학 소설이지만, 어른이 읽기에도 충분하다고 생각된다. 주인공인 소뵈르는 자해, 학교공포증, 야뇨증 등 여러 문제를 가진 아이와 부모를 만나가며 치료해가는 임상심리전문가다. 소뵈르는 구원자라는 보통 명사이기도 한데, 과연 그가 어떤 식으로 누군가를 구원하는 지 살펴볼 일이다. ​2. 직장 생활과 사생활의 경계가 되는 문(20)이라는 표현이 와닿는다. 지도 교수님은 상담사가 되기 위해 평소의 나와 상...+ 더보기",5,2025-03-11
356425855,소뵈르 박사의 상담 일지,16342276,nan7070,"#소뵈르박사의상담일지 #마리오드뮈라이유 #바람의아이들 #교사사서서평단 #서평 #책추천처음, 부제가 '햄스터와 저주 인형'이어서 혹시 공포물인가, 싶은 생각도 했다. '저주'라는 단어가 만들어내는 인상이 강했기 때문이다. 하지만 읽다보니 그쪽과는 전혀 달랐다. 오히려 부제보다는 제목에 더 집중하는 편이 이 이야기를 이해하는 데 더 도움이 되겠다 싶었다.소뵈르Sauveur는 주인공 이름이면서 '구원자'라는 보통명사이기도 하다. 이를 이용한 오해나 말장난이 자주 등장한다.(7쪽)박사 이름의 뜻이 제일 첫 페이지에 설명되어 있다. 구원자....+ 더보기",5,2025-03-30
356425855,소뵈르 박사의 상담 일지,16285394,머털도사,"“해당 게시물은 출판사로부터 도서를 제공받아 작성되었습니다.” 프랑스하면 무엇이 떠오르는가? 시민혁명, 민주주의, 다인종, 다양성 존중, 예술, 에펠탑 등, 누구나 대체로 이러한 단어를 떠올릴 것 같다. 그곳에서는 누구나 존중받을 것 같만 같다. 그러나 그 어디에서나 어두운 면은 있기 마련이다. 그리고 그것이 드러났을 때 우리는 심하게 아프다. 그런데 이 소설은 그것마저 희망으로 바꾼다. 그래서 참 멋지다. 처음 책을 읽었을 때는 좀 혼란스러웠다. 책의 제목에서도 알 수 있듯이 주인공은 심리상담가다. 심리상담가라고 하면 뭔가 심리적...+ 더보기",5,2025-03-07
356425855,소뵈르 박사의 상담 일지,16281289,핑크소녀,"🌼이 책은 정말 재미있고 따뜻한 이야기랍니다. 여러분, 혹시 고민이 있을 때 누군가와 이야기를 나누고 싶었던 적 있나요? 그렇다면 이 책의 주인공 소뵈르 박사를 꼭 만나보세요! 

🌼소뵈르 박사는 키가 무려 190cm나 되는 멋진 심리 상담가예요. 그는 이렇게 말합니다. ""상담실은 비밀의 방이에요. 여기서는 무엇이든 말할 수 있어요."" 정말 따뜻하고 믿음직스러운 말 아닌가요? 

🌼이 책에는 여러 청소년들의 이야기가 나와요. 학교에 가기 무서워하는 아이, 밤에 자다가 실수를 하는 아이, 자신의 성 정체성으로 고민하는 아...+ 더보기",5,2025-03-06
356425855,소뵈르 박사의 상담 일지,16285539,ridhddl1005,"📖 서평단 책 리뷰 🤍(협찬, 도서제공)  [ 소뵈르 박사의 상담 일지 ]  🤎 저자 - 마리 오드 뮈라이유🤎 옮김 - 윤예니🤎 출판 - 바람의 아이들  ✍️ 혹시 고민이나 말 못할 이야기가 있으신가요? 그렇다면소뵈르 박사님의 상담소로 여러분을 초대합니다. 아주 실력있는 분이랍니다. 하지만 순서를 조금 기다려야 할 지도 몰라요. 아주 많은 분들이 의뢰를 맡기셨기 때문이죠. 어떤 사연들이 있는지 한 번 들여다 보러 갈까요?  📔 심리상담가 소뵈르와 그의 아들 라자르, 상담소를찾는 사람들의 이야기를 들려준다. ‘구원자’라는 ...+ 더보기",5,2025-03-07
356425855,소뵈르 박사의 상담 일지,16285550,memorymoon,- 안데르상 수상 작가 마리 오드 뮈라이유의 베스트셀러 -소뵈르'sauveur'는 프랑스어로 구원자라는 뜻을 갖고 있다. 임상심리전문가인 소뵈르 박사는 내담자들은 물론 자신도 구원할 수 있을까?​닥터 소뵈르는 임상심리 전문가이다. 그에게 오는사람들은 다양하다. 마음을 여는 과정이 쉽진 않지만 차근 차근 다가가며 내담자들의 마음을 두드린다. 그렇다면 소뵈르는 평화로운가. 그 역시 아들에게도 말 못할 과거의 고통을 안고 있었다.  의뢰인들이 많아서 초반엔 이 모든 내담자들의 이야기가 잘 마무...+ 더보기,5,2025-03-07
356425855,소뵈르 박사의 상담 일지,16285104,다정한여유,"프랑스 청소년 문학 작가 마리 오드 뮈라이유의 소뵈르 박사의 상담 일지는 심리상담가 소뵈르와 그의 아들 라자르를 중심으로, 다양한 심리적·사회적 문제를 다룹니다. 생각보다 엄청 다양한 내용으로 상담하는 것에 놀랐어요. 세상 모든 사연이 다 모인 듯 해요. 하지만 그 모든 것을 상담하는 소뵈르 박사 자신도 스스로를 구하려면 자신이 먼저 원해야 해요. 밝고 유쾌한 분위기로 무거운 주제를 풀어낸 점이 인상적이었어요!",5,2025-03-07
356425855,소뵈르 박사의 상담 일지,16285415,코삿봉구,"이 책은.프랑스에서 임상심리학자로서 심리상담소를 운영하며, 8살 라자르를 입양하여 홀로 키우고 있는, 흑인 소뵈르박사의 이야기와 그가 상담하는 내담자들의 이야기다.프랑스 사회 전반의 문제점들을 소뵈르박사의 개인적인 삶과 내담자의 이야기를 통해 드러내고 있다.과거 식민지배시대, 인종차별, 이슬람극단주의 테러 뿐 아니라, 싱글맘, 재혼가정, 아동학대, 사이코패스 등의 이야기가 나온다.(이 책에서는 직집적이고 과격한 단어를 쓰지는 않고 있다.그래서 청소년소설로 분류되었나보다.)그만큼 등장인물도 많고 여러 이야기가 한꺼번에 진행되는 데다가...+ 더보기",5,2025-03-07
356425855,소뵈르 박사의 상담 일지,16284849,xkzmxkzm,"2015년 프랑스에선 샤를리 에브도 테러 사건이 있었다.그 사건 이후 프랑스어로 '구원자 또는 '구세주'라는 이름을 가진 소뵈르 생티브는 심리상담소를 운영한다.그는 키가 190에 달하며 흑인 남성이다.그의 아이 라자르가 두 살 배기일때그는 아내를 교통사고로 잃는다.그 아이는 어느덧 8살이 되었다.문 하나를 경계로 주거 공간과 상담 공간을 나누어 놓았다.상담 내용은 생각보다 충격적인데,자해, 우울감, 동성애, 성정체성 혼란, 부모의 이혼, 인종 차별, 정서적 아동 학대등 놀라울 정도로 엄청난 사회적 문제들이 청소년들에게 또는 더 어린...+ 더보기",5,2025-03-07
356425855,소뵈르 박사의 상담 일지,16279428,그녀,"심리학이나 심리상담에 대해서 평소에도 관심이 많이 있기 때문이었는지 몰라도 『소뵈르 박사의 상담일지』라는 제목이 제일 눈에 들어왔다.청소년 문학 소설이라는 이야기를 먼저 들어서인지 학생들이 겪는 청소년기 문제들을 상담하시는 박사님의 일지라는 막연한 무지함의 추측으로 책을 읽기 시작했지만 완벽한 오해였다.물론 ‘소뵈르 박사’가 상담하는 내담자 중에는 청소년들도 있다.학교에 가는 것 자체를 거부하거나, 부모와의 사이가 좋지 않거나 여러 문제점을 갖고 상담을 하기도 하지만 근본적인 문제가 아이에게서 온 것이 아니라는 것을 알게 되기도 한...+ 더보기",5,2025-03-05
356425855,소뵈르 박사의 상담 일지,16327378,오영신,"프랑스에 살지만 프랑스인이 아닌듯한 인물그의 정체는 무엇일까?물론 심리학 박사다검은 피부의 아들을 키우고 있는스스로 자라는듯한 아들과도움이 필요한 내담자들,스스로를 구하기 위해용기낸 자들스스로를 범죄자로 만든 사람스스로를 지키기 어려운 사람결국스스로 입밖으로 꺼내어 자유로워진 사람거창하고 좋은 이야기로 평을할 수있는 자가 못되어떠오르는 단어들을 던져본다심리학자로아들을 혼로 키우는 아버지로아내를 일찍 잃은 남편으로스스로가 누구인지알지 못했던 젊은이로이젠 디 미률 수없는 사실들을 직면하고앞으로 나아가기로 했다자기의 문제를 남에게 맞기지...+ 더보기",5,2025-03-25
356425855,소뵈르 박사의 상담 일지,16273900,뜨바라,"프랑스 청소년문학 소설이라 더욱 흥미로웠던 책.독서를 시작할 땐 한국 문학 소설을 찾아읽었다.쉽고 이해가 빠르고 공감이 쉬우니까.그러다 차츰 다양하게 읽어보기로 그러다 마주친프랑스 청소녀 문학 < 소뵈르의 상담 일지 >소뵈르는 마르티니크 섬에서 태어난 흑인, 4살 때프랑스 백인 부부에게 입앙되어 자란 사람. 백인 여자 친구를 만나 결혼하여 아들 라자르를 얻었다. 아내는 죽고 혼혈아 라자르를 혼자 키운다.심리상담사로 일하고 있는 인물 책을 읽으며 조금 놀랐다. 자해하는 마르고, 불면증의 가벵, 성 정체성에 혼란을 겪고 있는...+ 더보기",5,2025-03-03
535119,길을 묻는 아이들,706280,hallonin,"오래 전, 무라카미 류는 무력한 소설가의 시선으로 당당하게 원조교제를 하고 다니는 고등학생 여자아이의 하루를 따라가본 적이 있었다. 여자아이가 보여주는 당당함에 소설가는 주눅들어 있었다. 그래서 마침내 한 불한당의 손을 빌려 여자아이에게 외친다. '니가 이러고 있는 걸 알면 슬퍼할 누군가가 있다는 걸 알라고.' 도덕극의 마땅한 결론. 글쎄, 그는 그 작품을 쓸 때도 고등학생 여자아이도 느낄 거 다 느끼고 할 거 다 할 줄 아는 '여성'이라는 걸 인식하지 못했던 것일까. 중립적인 시선으로 보여지던 그의 태도가 막판에 가서 기...+ 더보기",4,2005-07-11
382859879,이슬라의 아이들 1,17205372,엽기부족,이슬라의 아이들 1 : 상냥한 아이가 그곳에 살았다 (2026년 초판)저자 - 양수련출판사 - 책이라는신화정가 - 14000원페이지 - 232p그곳에 시가 있었다[커피 유령과 바리스타 탐정]등 추리 작가로 활동중인 '양수련'작가의 청소년 판타지 동화가 출간됐다. 전 3권으로 출간된 [이슬라의 아이들]의 메인 테마는 '시'이다. 시가 사라진 섬이라니? 처음에는 호기심으로 시작하지만 어느새 시와 사랑에 빠진 소녀와 그녀에게 빠져드는 소년의 이야기. 그리고 미스터리한 섬 이슬라에 빠져들게 되는 작품이다. 선천적으로 냄새를 맡지 못하는 소...+ 더보기,5,2026-04-08
382859879,이슬라의 아이들 1,17184954,남늘,"** 본 후기는 도서만 출판사로부터 무상으로 제공받아 작성하였습니다. *** 저자 : 양수련* 출판사 : 책이라는신화 * 출간일 : 2026. 1. 20.* 페이지수 : 232페이지색을 갖고 있는 아이들에게...이슬라의 아이들 시리즈는 잘 알려진 양수련 작가의 첫번째 청소년 문학이다.총 3권으로 구성되어 있다.책을 읽으면서 참 생각을 많이 하게 만들었는데, 하나 아쉬운 것은 저자가 의도한 것인지, 아니면 그냥 쓴 것인데 나 혼자 생각한 것인지 모르겠지만, 아마 나같이 느꼈을 독자들은 지루하다 느끼지 않았을까란 생각이 들었다...+ 더보기",5,2026-03-30
382859879,이슬라의 아이들 1,17191931,freemangun,"<출판사로부터 책을 제공받아, 주관적으로 작성한 리뷰입니다> 누구나 한 번쯤은 간절히 바란 적이 있을 거예요. 시험을 앞둔 떨림도, 친구와의 다툼 뒤에 찾아오는 지독한 우울함도, 가슴을 짓누르는 불안함도 모두 사라져 버리기를. 만약 우리 몸속에 '완벽한 평화'만을 남겨주는 백신이 있다면, 우리는 정말 행복해질까요?여기, 아픔도 눈물도 없는 신비한 섬 '이슬라'가 있습니다. 그곳의 아이들은 흔들리지 않는 평정심이라는 선물을 받고 자라나지만, 역설적이게도 그 평온함은 거대한 유리병 속에 갇힌 것처럼 답답하기만 합니다. 양수련...+ 더보기",5,2026-04-02
382859879,이슬라의 아이들 1,17147944,Bennie,"*출판사로부터 도서를 제공 받아 작성한 주관적인 리뷰입니다.판타지 성장 소설이라 아이와 함께 읽어 보게 되었습니다. 아이 또한 어떠한 이야기 인지 궁금해 하며 책을 읽었습니다. 주인공의 만남으로 이야기는 시작이 됩니다. 서로 다른 공간에서 자란 아이들의 만남은 서로에게 궁금증을 가지고 서로 다른 삶의 배경에 대하여 궁금증을 가지고 서로의 삶을 경험을 합니다. 시를 통해서 자신의 감정을 자유롭게 표현할 수 있는 환경, 그 반대인 환경, 직접 경험을 하지 못하면 문화적 차이로 이해하기 어려운 그러한 것이 아닐까 생각해...+ 더보기",4,2026-03-13
3185524,아빠와 함께 수호천사가 되다,3891163,수산,"3.7

비교적 짧은 글입니다. 줄거리는 간단해서 교통사고로 죽은 부녀가 다른 사람들의 수호천사로 활동하는 이야기입니다.  좀더 자세하게 하자면 니나와 질 클라방탱은 아침에 학교에 가다가 트럭에 받혀 즉사합니다. 사고 직후 '이게 뭔 일이람' 하며 정신을 차리니 구경꾼이 되어 있네요. 자신들이 죽은 것을 알아차린 것이죠. 자신들의 수호천사를 (교통사고를 예방하지 못했다고) 야단치기도 합니다만 죽은 것은 어쩔 수 없으니 자기의 전공(?)을 살려 다른 이의 수호천사로 들어갑니다. 니나가 맡은 사람은 전임자가 손을 들고 물러...+ 더보기",4,2010-07-08
3185524,아빠와 함께 수호천사가 되다,2610819,은희맘,"수호천사라면 어려운 일이 생길 때마다 누군가 나타나 도와주는 그런 수호신. 한동안 광고 카피에서 많이 들어 보았던 그 단어다. 누구나가 그런 수호천사를 하나씩 갖고 있다면 어려운 일이 생겨도 당당히 맞서 헤쳐 나갈 수 있는 힘이 생기지 않을까 생각해 본다. 


표지의 그림이 왠지 따스하면서 평화로운 느낌이다. 천사란 글씨의 하트가 예쁘게 마음속으로 들어온다. 수호천사가 되어 천사의 날개를 달고 하늘에서 내려다보는 세상은 어떤 느낌이 들까. 표지의 그림처럼 높은 곳에서 바라본 인간 세상은 연민과 사랑으로 가득 ...+ 더보기",5,2009-02-20
3185524,아빠와 함께 수호천사가 되다,2722550,아디오스,“죽음에 대한 근본적인 이야기가 없다. 삶이 얼마나 아름다우며 소중한지 가르쳐주는 사랑이라는 힘이 죽음과 현실의 감정마저 덮어버림을 느낄 수 있다.”                                   &...+ 더보기,5,2009-03-23
3185524,아빠와 함께 수호천사가 되다,5125090,글샘,"인간이 제일 두려워하는 소재는, 
죽음이 아닐까? 
죽다... 라는 상태의 변화를 일본어로는 '없게 되다'라는 '나크 나루'란 동사를 쓰는데,
나는 죽음에 대하여 가장 심오한 동사가 일본어 동사라고 생각한다.
물론 '시누'란 말도 있지만, 한국어의 '돌아 가시다'와 같은 미묘한 생각을 담고 있기 때문이다. 
'돌아 가시다'나 '타계하시다'는 모두 이 세상 말고 다른 어떤 세상을 전제로 하는 것인데,
일본어의 '없게 되다'는 뜻은 죽음을 무로 돌리는 사고 방식이 담겨 있기도 하다. 
나는 아무래...+ 더보기",4,2011-10-06
3185524,아빠와 함께 수호천사가 되다,2608053,ilovebooks,"아!!! 이렇게.... 이렇게 산뜻하고 쌈빡한(?^^;) 소설이 또 있을까... 가볍지만 가볍지만도 않고, 주제가 무겁다고 생각되기도 하지만 매우 경쾌하고 밝게 풀어냈다. 

<<아빠와 함께 수호천사가 되다>라는 제목을 보고... 도대체 어떤 내용일지 참 많이도 생각했다. 제목에 어떤 비유가 있을 거라고 생각했기 때문이다. 정말 어리석었다. 제목은 이 책의 내용 그대로를 담고 있다.

어느 바쁜 날 아침, 교통사고로 아빠와 나, 니나는 교통사고를 당해.... 죽는다. 슬퍼할 겨를도 없이 13살의 니나...+ 더보기",5,2009-02-19
3185524,아빠와 함께 수호천사가 되다,2668058,에스더,"‘어느 날 아침, 나는 아빠와 함께 죽었다. ’ 로 시작되는 이야기 <아빠와 함께 수호천사가 되다> 는 갑작스러운 사고로 인해 죽게 되는 니나와 아빠인 질의 이야기이다. 


‘죽음’에 대한 이야기이기 때문에 슬픔, 분노, 무서움 등 나쁜 것만 가득할 거라 생각할지 모르겠지만... 책의 내용처럼 죽은 뒤의 생활이 이렇게 즐겁고 보람된 것이라면 죽는다는게 그렇게 무섭지만은 않을 것 같다는 생각이 들 만큼 밝고 따뜻한 내용이다. 


비슷한 이야기 ‘ 타나토노트’ 가 생각이 났다. 죽은 뒤의 삶을 알아보는 여행...+ 더보기",5,2009-03-10
3185524,아빠와 함께 수호천사가 되다,2929551,아도니아,"죽음이라는 소재는 동화에서 다루기 너무 어려운 소재라고 생각했는데 요즘에는 간간히 등장하곤 한다. 읽을 때도 조심스럽지만 오히려 죽음에 대해서도 생각할 수 있도록 해주는게 나은 거라는 느낌도 든다. 가끔 사후의 세상은 어떨까?라는 생각을 한번 정도는 다들 해보았을 것 같은데 이 동화에서 주인공인 니나는 아빠와 함께 다른 사람의 수호천사가 된다. 너무나 멋지다.
물론 13살이라는 꿈 많은 나이에 세상을 떠난 니나가 안타깝긴 하지만, 천사가 된다면 나쁜 것만은 아닐 것 같다. 그런데 니나처럼 내가 제일 싫어하던 친구의 수...+ 더보기",3,2009-06-27
3185524,아빠와 함께 수호천사가 되다,2657104,팅커벨별이,"이번에 당첨된 책은 책과콩나무에서 펴낸 ""아빠와 함께 수호천사가 되다""라는 책이에요..


기대반 설렘반으로 응모한 책이 당첨되어 참 좋습니다...


저도 참 재밌게 읽은 소설책이에요..ㅎㅎ


 


이책을 읽으며 이 책은 주인공인 니나... 


저랑 많이 비슷한것 같다는 느낌을 받았어요


뭐 제가 죽지 않은것만 빼면요..ㅎㅎ;;


책의 첫장을 펼쳤을때 있는 이 한 문장...


""어느날 아침, 나는 아빠와 함께 죽었다.""


정말 난감한 문장이 아닐수 없었다는....+ 더보기",5,2009-03-07
276551858,교육학 끝판왕,13529208,whdcjf2693,교육학은 사실 어떻게 공부해도 부족함이 있는 것 같았는데. 책이 잘 읽혀서 좋았습니다!! 많은 분들의 다양한 경험과 고생을 책을 통해서 배울수 있었던것  같아서 좋은 것 같았어요!!ㅎㅎㅎㅎ 좋은 기회를 통해 책에서 선생님들을 만나뵙게 된것 같네요!!,5,2022-04-19
276551858,교육학 끝판왕,13465297,nibera,"부모가 되면서 교육이라는 것에 관심을 가지고 아이를 키워왔지만, 그 근간에 바탕이 되는 것이 교육학이었다는 사실을 이 책을 읽으며 깨닫게 됩니다.딱딱한 이론과 어려운 용어로 가득한 교육학이 아닌~친절한 설",5,2022-03-29
276551858,교육학 끝판왕,13457521,김창훈,개인의 진로선택은 한번에 이루어지는 것이 아니라 상당한 기간에 걸쳐 이루어지는 일련의 과정이라는 긴즈버그의 말이 고교학점제 도입이 생각나는 문구였습니다.학습이론 부분까지도 많은 도움이 되었습니다.교육학 끝판왕을 통해 교육의 의미를 다시한번 생각하게 해주는 계기가 되었습니다.,5,2022-03-26
276551858,교육학 끝판왕,13592822,은근공주,대학을 다닐때 교육학쪽으로 관심이 있어서 부전공을 하기는 했지만자꾸만 바뀌는 교육 정책 덕분인지 뭐가 뭔지 알지 못하겠고아이를 키우고 있어서 아이에게 도움이 되고 싶은 마음에 다시 교육에 대한 책을 읽게 되었다.선생님이 들려주는 교육학이라고 하니 배웠지만 잊어버렸던 기억이 떠오를수도 있고내가 알아두면 좋은 교육 정보들도 알수 있지 않을까 하는 생각이 들었다.     솔직히 아이들의 교육에 관한 책들은 많다.그리고 관심이 있어서인지 읽기도 많이 읽었고 지금도 눈길이 가는 책은 읽어보려고 하는 편이다.그래서인지 이책이 눈에 띄...+ 더보기,4,2022-05-13
276551858,교육학 끝판왕,13581417,conan72,"모방을 통해 학습하고 생존하며 생존에 필요한 유전자들과 학습내용을
물려준다. 맹모삼천지교는 교육에 미치는 환경의 영향을 보여주는 내용이다. 요즘은 일반 서민들에겐 아파트값이니 직장이 우선적으로 고려되고 있는 문제지만 아이들 교육에 대한 영향을 무시못하고
여유 있는 집안은 강남 8학군, 유학 등의 길을 택한다. 부모로서 아이들에게 다양한 선택지를 만들어 주고 싶다. 다양한 선택지의
기본이 교육이었으면 한다. 성적과 교육은 동일한의미는 아니다. 성적이
좋은 아이가 좋은 교육을 받았을 가능성이 높긴 하지만 앎과 배움에 대한 열정이...+ 더보기",5,2022-05-09
276551858,교육학 끝판왕,13593802,엽락,"진로 찾기, 진로 탐색을 아이들이 해도 꿈을 찾는 게 쉽지만은 않다.아이가 학생들을 가르치는 교사가 되고 싶어하는데, 그 과정이 녹록치 않음을 알기도 하고아이들이 꿈을 이루었을 경우라도 학생들 상담을 어떤식으로 해야할지 난감한 경우도 생기기 마련이다.​이 책은 교사가 되기를 희망하는 학생들과 좋은 부모가 되기를 희망하는 학생들을 위해 만들어졌다. 교양과목인 교육학을 처음 접하는 학생들이 부담 없이 하룻밤 안에 읽을 수 있도록 구성되었고, 18개 장의 주제는 학생들의 흥미를 불러일으킬 수 있으며, 학습에 직·간접적으로 도움을 줄 수 ...+ 더보기",5,2022-05-13
276551858,교육학 끝판왕,13466802,랑이야랑이야,"세상을 아는 지혜교육학 끝판왕 진로진학을 위해 애쓰는 꿈구두 출판사의 끝판왕 시리즈 중의 한 책이다.교육학이라는 게 교사가 되기 위한 사람에게만 필요한 거 아냐?하고 생각하는 사람이 많겠지만, 이 책의 표지에 실린 한 마디로 이 책의 존재성은 바로 설득된다. ""우리는 모두 누군가의 스승입니다"" 생각해보면, 우리는 사회 속에서 살아가는 존재이기에 다른 사람과의 관계 속에서 살아가고그렇기에 누군가에게는 스승이 될 수도 있다는 말이 그대로 받아들여진다.특히 나이를 더 먹어갈수록 좋은 스승이 되어야겠다는 생각을 ...+ 더보기",5,2022-03-29
276551858,교육학 끝판왕,12845107,sunflower,"다시 대학생이 된 기분?! 🤩😚
그때 공부했던 내용들이 잘 담겨져 있어 더 기쁘고 반가운 마음으로 살펴보았다!

중학생때부터 교육학과 사회학에 관심이 많아 대학과 과를 정해놓고 공부했었다. 여러 상황으로 대학은 낮춰 가게 되었지만 과는 내가 배우고자&...+ 더보기",5,2021-08-08
276551858,교육학 끝판왕,13593429,durgatm,"교육학 입문을 위한 책으로 일반적이고 실생활에 가까운 내용을 추려 4개의 주제로 정리했다. ‘1장 교육의 목적과 가치’에서는 교직관, 교육의 목적과 가치에 관해 이야기한다. ‘2장 공교육의 미래’에서는 공교육의 의미와 진화하는 학교 그리고 고교학점제(교육과정)에 대해 다룬다. ‘3장 학습이론’에서는 실제 환경과 인접한 내용을 다룬 2장과 달리 교육학에 중점을 두고 ‘인지 발달 단계’, ‘심리성적 발달 이론’, ‘인지 양식’, ‘다중지능이론’, ‘행동주의 학습 이론’,’ 정보처리 학습 이론’, ‘구성주의 학습이론’, ‘귀인 이론’ 등...+ 더보기",4,2022-05-13
276551858,교육학 끝판왕,13568649,emillucius,나는 이 책을 읽으면서 학부 시절 교직 수업을 떠올렸다. 교직 수업을 들을 당시에는 3학년이었다. 원래라면 2학년부터 들었어야 했지만 복수전공 때문에 3학년 때 최종 선발되어서 듣게 되었다. 처음에는 타 학과의 내로라하는 학생들에게 밀리고 망신도 많이 당했다. 그래서 매 학기마다 ‘요번학기만 하고 그만두어야겠다!’고 늘 마음에 새기면서 수업을 들었다. 그런 나였건만 어느새 교직수업을 다 들었고 졸업 후 교원자격증도 얻었다. 비록 수석졸업은 아니었지만 내 이름으로 된 자격증이 하나 생겼다는 사실은 기쁜 일이었다. 나는 이 자격증 덕분...+ 더보기,5,2022-05-04
390676646,청소년을 위한 수학의 세계,17263432,토토엄마,학창 시절의 나는 수학을 그다지 좋아하지 않았다. 지금 돌이켜보면 ‘수학의 세계’를 배우기보다는 문제를 빨리 풀고 성적을 올리는 데만 집중했기 때문이 아닐까 싶다. 만약 그때 수학을 조금 더 쉽고 흥미롭게 접했다면 어땠을까? 그런 생각을 하게 만든 책이 바로 <청소년을 위한 수학의 세계>다. 책을 읽고 나니 오히려 중·고등학생들이 처음 수학을 배울 때야말로 이런 방식의 책이 필요하지 않을까 하는 생각이 들었다.​보통 수학이라고 하면 공식 암기와 문제 풀이를 먼저 떠올리게 된다. 그러나 이 책은 계산보다 ‘수학적 사고’와 ...+ 더보기,5,2026-05-07
390676646,청소년을 위한 수학의 세계,17261714,오즐,"[ 출판사로부터 도서를 제공받안 작성한 리뷰입니다. ]다크 모드, 검은 바탕에 감각적인 일러스트와 해설이라니, 완전 제 취향이네요.빨간 X , 그 사이에 위치한 눈동자와 딱 눈이 마주쳤네요. 책 표지부터 강렬하게 시선을 사로잡는 이 책의 정체는 '수학책'이네요.수학을 싫어하는 사람에겐 빨간 두 선이 교차하는 모양이 '틀림'이나 '아니다'라는 경고의 의미로 보일 수 있지만, 수학에서 미지수 X 는 우리가 찾아야 할 '어떤 수', 목적지라고 할 수 있어요. 진짜 수학의 나라로 모험을 떠나는 느낌이네요. 첫 장에는 멋진 지도와 함께 우리...+ 더보기",5,2026-05-06
390676646,청소년을 위한 수학의 세계,17244338,영이의뜰,"눈으로 보는 수학 다큐멘터리『 청소년을 위한 수학의 세계 』드니 반 와레베크 / 생각의 길수학은 계산만 하는 도구가 아니라,우리가 생각하는 방식과세상을 바라보는 눈을 키워 주는 문화이자생각의 언어라는 사실을 전하고 싶었습니다.영상 연출가인 저자는 애니메이션의 상상력과 다큐멘터리인 실증성을 결합하여, 어렵고 불편한 수학을 이 책을 통해 감각적인 시각언어로 표현합니다. 다양한 교육적 가치가 높은 영상을 제작했다고 하여 '지식 안내자'의 역할을 하고 있다고도하죠.​수학관련도서 <청소년을 위한 수학의 세계>를 접한 이유는 수학의...+ 더보기",5,2026-04-28
390676646,청소년을 위한 수학의 세계,17246964,pinkpcl,"<출판사로부터 도서를 제공받아 직접 체험후 작성한 후기입니다>🌿 수학을 다시 바라보게 된 순간​수학은 늘 공식과 계산, 문제 풀이의 반복이라고 생각해 왔어요.그래서 아이가 수학 문제집을 풀 때마다 ‘이걸 왜 해야 하지?’라는 질문을 마음속으로 삼키곤 했지요.​그런데 《청소년을 위한 수학의 세계》는 그 시작부터 달랐어요.수식을 설명하는 대신, ‘생각’을 이야기하는 방식이었거든요.​✔️ 수학은 계산이 아니라 사고의 언어라는 것✔️ 정답보다 과정이 더 중요하다는 것​이 책은 그걸 아주 자연스럽게 보여주고 있었어요.​&nbsp...+ 더보기",5,2026-04-29
390676646,청소년을 위한 수학의 세계,17262175,conan72,"수학은 중요 과목으로 대학 입학 시험과 내신에서 높은 점수를 받아야
경쟁력을 갖출 수 있는 과목이라고 말한다. 약 40년 전에
고등학교를 다녔던 나, 지금 고등학교 1학년이 된 큰 아들
세대도 크게 달라지지 않았다. <수학의 정*>이라는
교재는 너무 유명해서 거의 대부분 아실 거라고 생각한다. 두껍고 딱딱한 책이지만 누구나 다 이 책으로
공부하니 나도 해야 한다는 생각으로 공부했었다. 이 책이 지금도 나온다. 크게 변경된 내용 없이 나온다. 그게 수학이라고 생각한다. 일관성과 완결성을 갖는다는 수학의 특징이다. ...+ 더보기",5,2026-05-07
390676646,청소년을 위한 수학의 세계,17270564,엽락,"수학이라고 하면 늘 어렵고 복잡한 공식부터 떠올리게 되는 것 같아요.저 역시 학창 시절에는 수학을 ‘풀어야 하는 과목’ 정도로만 생각했는데, 이번에 읽은 수학의 세계 는 그런 고정관념을 꽤 많이 바꿔준 책이었어요.​이 책은 단순히 계산법이나 공식을 설명하는 방식이 아니라, 수학이라는 거대한 세계가 어떻게 만들어졌는지를 이야기처럼 풀어내고 있어요. 마치 하나의 대륙을 여행하듯 수학의 흐름을 따라가게 되는데, 그림과 위트 있는 설명 덕분에 어렵다는 느낌보다는 “아, 그래서 이런 개념이 생긴 거구나!” 하고 자연스럽게 이해하게 되더라고요...+ 더보기",5,2026-05-11
390676646,청소년을 위한 수학의 세계,17260096,북로드,"인류를 반석위에 세워놓은 수학은 하루아침에 태어난 지식이 아니다. 수많은 철학자의 관심과 연구, 끝없는 학문적 호기심이 자연과학을 통해 수학으로 연결되었다. 수학은 기호와 연산만을 위해 창조되지 않았다. 오히려 자연을 이해하고 해석하는 과정을 통해 논증이 확산되었다. 현대수학은 데이터를 중심으로 무한한 가능성을 시사한다. 인공지능과 양자컴퓨팅이 실체화된다면 수학은 새로운 혁신의 중심이 될 것이다. 수학은 갈수록 이해하기 어려운 학문이 되어가고 있다. 하지만 수학은 빠르게 인류의 삶을 규정하고 미세로부터 우주까지 생각의 지평선을 무한...+ 더보기",5,2026-05-06
390676646,청소년을 위한 수학의 세계,17262099,정뿡맘,"*해당 출판사로부터 도서를 제공받아 주관적으로 작성하였습니다.많은 학생들뿐 아니라 수학을 어려워하고 싫어하는 사람들은 늘 궁금하다.'수학은 왜 배울까?' '수학은 사칙연산만 하면 되는 거 아닌가?'라는 의문을 가진다.그런 질문들에 자신 있게 답변을 들려줄 수 있는 책을 만났다.[청소년을 위한 수학의 세계]는 정말 소장 가치가 있는 프리미엄 도서임에 틀림없었다.두꺼운 양장본으로 만들어진 책은 검은색 바탕에 글과 그림으로 되어 있어 좀 더 고급스럽고 오래 간직하기에 가치가 높아 보인다.빼곡한 글보다 이해를 돕는 다양한 수식과 그림, 도...+ 더보기",5,2026-05-07
390676646,청소년을 위한 수학의 세계,17243510,hyuneuljung,"이 후기는 해당 출판사로부터 도서를 제공받아 적었습니다. 학창 시절에는 수학을 참 좋아했었다. 풀면 정확한 답이 나오는 과정에서 희열을 느꼈던 것 같다. 지금은 시간이 지나 단편적인 것만 기억나고 복잡한 건 잘 모르겠다. 수학에의 끈을 놓지 않기 위해 아이가 푸는 문제집을 풀어보기도 하지만 여전히 모르는 걸 풀어보는 쾌감이 있다. 해답지를 천천히 참고하면서 말이다. 이따금 수학이나 과학 관련 책을 읽어보기도 하는데, 이번에 읽은 책은 청소년을 위한 수학의 세계였다. 문제 풀이에 대한 것이라기보다 수학이라는 학문을 곰곰이 곱...+ 더보기",5,2026-04-28
390676646,청소년을 위한 수학의 세계,17233984,eun_0724,"🔍 ""생각의길로부터 제공 받아 직접 체험 후 솔직하게 작성하였습니다""수학 책이라고 하면 보통 문제를 풀거나 공식을 익히는 방식이 먼저 떠오르는데요. 『청소년을 위한 수학의 세계』는 그런 익숙한 이미지와는 조금 다른 방향에서 시작하는 책이에요. 계산이나 풀이보다, 수학이라는 학문이 어떤 구조와 흐름을 가지고 있는지를 보여주는 데 더 집중하고 있어요.이 책은 수학을 하나의 ‘대륙’처럼 바라보면서 이야기를 풀어가요. 무한, 리만 가설, 괴델의 정리처럼 이름만 들어도 어렵게 느껴지는 주제들이 등장하지만, 단순히 설명을 나열하는 방식이 아...+ 더보기",5,2026-04-23
390676646,청소년을 위한 수학의 세계,17231942,top0613,"학창시절에는 몰랐다. 사실 지금도 하라고 하면 못할 수학이지만.     내가 생각하는 수학은, 부자가 되고 싶다면 반드시 알아야 하는 학문이다.     흔히들 대학을 가기 위해 배우는 어려운 수학을 사회생활에서 쓸 일이 없다고 말한다. 사칙연산만 할 줄 알면 충분하다고, 나도 그렇게 생각했다.그런데 내가 이렇게 사는 이유를 곱씹어 보니 수학을 멀리한 탓이 아닐까 싶다.주식을 하더라도, 시장 경제를 읽고 판단하고 선택을 내리더라도, 그 모든 곳곳에 수학의 원리가 작동하고 있다. 우리 삶의 바탕에는 수학이 깔려있다. ...+ 더보기",5,2026-04-22
390676646,청소년을 위한 수학의 세계,17260177,하비덴트,"네이버 책과 콩나무 카페 서평단 자격으로 작성한 주관적인 리뷰입니다.『청소년을 위한 수학의 세계』는 “수학은 왜 배워야 할까?”라는 질문에 꽤 흥미로운 방식으로 답해주는 책이다. 흔히 수학이라고 하면 공식 암기나 계산 문제를 떠올리기 쉽지만, 이 책은 수학을 ‘생각의 도구’이자 ‘세상을 바라보는 언어’로 보여준다. 특히, 유튜브 콘텐츠를 바탕으로 만들어진 책답게 설명이 딱딱하지 않고, 그림과 이야기 중심으로 전개되어 청소년들도 비교적 부담 없이 읽을 수 있다.​책에는 학교 교과서에서 쉽게 만나기 어려운 주제들이 등장한다. 푸앵카레 ...+ 더보기",5,2026-05-06
390676646,청소년을 위한 수학의 세계,17253319,푸카콕,"해당 도서는 출판사로부터 제공 받아 실제 독서 후 남기는 리얼 서평입니다요즘 문득 학교 수학시간 풍경이 예전과 크게 다르지 않은 것 같다는 생각이 들었습니다.아이들이 수학을 어려워하다 못해 아예 포기해버린다는 이야기를 들으니 조금 놀랍기도 하더라구요.이게 단순히 개인의 노력 부족이 아니라 교육 방식 자체의 문제일 수도 있겠다는 생각이 들었습니다.저 역시 학창 시절을 떠올려보면 수학은 꽤나 딱딱했던 기억이 납니다.왜 배워야 하는지 명확하지 않았던 점도 컸던 것 같습니다.사람이 무언가를 계속하려면 흥미가 있어야 하는데, 그 부분이 부족...+ 더보기",5,2026-05-02
390676646,청소년을 위한 수학의 세계,17248057,andradaaesyulli,"이 리뷰는 리뷰의숲을 통해 출판사에서 도서를 제공 받아 직접 읽고 작성한 리뷰입니다

『청소년을 위한 수학의 세계』를 읽으며 가장 먼저 느낀 점은, 이 책이 단순히 수학 문제를 잘 풀기 위한 참고서가 아니라 수학을 바라보는 시각 자체를&n...+ 더보기",5,2026-04-30
390676646,청소년을 위한 수학의 세계,17263575,pyj305965,"※ 네이버 책과 콩나무 카페 서평단 자격으로 작성한 주관적인 리뷰입니다 ※​이 책은 하드커버로 되어 있는데다 굉장히 좋은 종이를 사용해 제작했다.그리고 검정 바탕에 흰 글씨로 글을 쓰고 다양한 그래프와 수학기호들이 곁들어져 굉장히 멋스러운 책이다. 주변에 수학 공부 하기를 격려하고픈 청소년이 있다면 선물용으로 적극 추천한다.​멋스러운 디자인 뿐 아니라 담긴 내용도 훌륭하다.책의 첫페이지를 펴면 수학의 지도가 나온다. 기하학, 해석학, 논리학 등을 지도로 그리면 어느 위치에 어떤 형태로 있게 될지를 시각적으로 보여준다. 학교에서 교과...+ 더보기",5,2026-05-07
7606106,모두가 행복한 지구촌을 위한 가치 사전,4128601,우보,"가나다 순서로 99개의 표제어를 달아 세계 각국,특히 전쟁과 기아,가난,내전으로 상처를 받고 신음에 허덕이는 어린 소년,소녀들의 삶을 다시 한 번 살펴보고 이해하는 소중한 시간이 되었다.

 처음에 도서를 접하기 전에는 어린이들이 궁금해 하는 세계 각국에서 벌어지고 있는 제반현상에 대한 이야기들로 이루어졌겠지 생각했는데,예상은 빗나가고 말았다.

 동남아시아,남아메리카,동유럽,아프리카,중동 지역에 살고 있는 어린 소년,소녀들이 겪고 있는 처참한 상황을 표제어와 삽화로 자세하게 소개하고 있어 이해하기가 쉬웠다...+ 더보기",5,2010-09-18
7606106,모두가 행복한 지구촌을 위한 가치 사전,4145287,아트로포스,아이들책이라고 생각했는데 생각보다 글밥이 많아서 먼저 읽기 시작했다. 성인인 내게도 다가오는 것이 많은 그런 책이었다. 4학년인 딸아이에게 읽어보라고 하니 재미있고 유익한 책이라고 하면서도 몇 편 읽다가 만다. 내가 보기에도 6학년 정도의 아이들이 읽기에 더할 나위 없이 좋은 책일 것 같다. 세상에 대한 호기심이 더 생기고 더 어른스러워질때..  얼마전 생일을 맞이해서 많은 선물도 값비싼 선물도 기대하지 않는다고 하던 딸...막상 원하던 책을 구입해 주고 하루 이틀 지나자 아직도 생일의 여운이 남아 있다는 것을 깨달았다. ...+ 더보기,5,2010-09-27
7606106,모두가 행복한 지구촌을 위한 가치 사전,4170969,두공주와,"넓은 세상을 바라보며 큰 꿈을 펼치길 바라는 마음에 부모들은 아이들에게 많은것을 보여주고 느끼게 해주려 오늘도 고심이다.

좀 더 깊이있는 모습으로 세상을 바라보는 혜안을 찾았으면 하는 마음으로, 가치있는 삶을 살며 행복과 즐거움을 찾길 바라는 마음으로 스스로 가치관을 형성하며 세상의 주인이 되어 밝은 빛이 되어라...

 

그렇게 넉넉한 마음으로 많은것을 포용하며 밝고 맑은 마음이길 기원하지만 하지만 볼수있는것도 알아가는것도 분명한 한계에 부딪힌다. ...+ 더보기",5,2010-10-05
7606106,모두가 행복한 지구촌을 위한 가치 사전,4138065,랄랄라~,"모두가 행복한 지구촌을 위한 가치 사전


-  다 함께  행복하게 살아가는 세상 배우기  -


 
 


    새로운 형식의 사전이지만, 현대를 살아가는 우리 아이들이 반드시 알아야 할  진정한 가치에 대한 모든 것을 담고 있는, 제목 그대로  행복한 삶을  위한  '가치 사전'이다.   주변을 보면 어려운 환경에 처해있는 아이들도 많지만,  예전에 비해  자녀들 수가...+ 더보기",5,2010-09-23
7606106,모두가 행복한 지구촌을 위한 가치 사전,4128709,투원맘,"저희집 아이들은 여렸을 때 부터 생수를 마시다보니

보리차나 결명자차등몸에 좋은 약재를 넣어 끓인 차를 못 먹습니다.

무거운 생수를 사다 나르기도 힘든데..

그렇게 생수 시장이 커질지 몰랐답니다.

처음 생수가 나온다는 말이 있었을 때

'누가 돈주고 물을 사먹지.완전 망할거야.'라고 생각했었어요.

지금 생수시장은 .. 제 생각과는 완전히 딴판이지요.

사람은 물없이 살아갈 수 없는 존재입니다.

우리는 집에서 수돗를 틀면 물이 꽐꽐 흘려나오니 

물의 소중함도 물부족의 심각함도 절실히 느끼지 ...+ 더보기",5,2010-09-18
7606106,모두가 행복한 지구촌을 위한 가치 사전,4176897,열린생각,"모두가 행복한 
         지구촌을 위한 

          가치사전
                          ...+ 더보기",5,2010-10-07
7606106,모두가 행복한 지구촌을 위한 가치 사전,4109940,구름보풀,"[6학년 딸이 쓴 서평 입니다.]


 


 


  [모두가 행복한 지구촌을 위한 가치사전]이란 제목에 나는 관심이 갔다. 그 이유는 지구촌에는 많은 사람들이 싫든 좋든 같이 살아가고 있다. 이들 중에는 불행한 사람도 행복한 사람도 있다. 그리고 위에서도 말했듯 지구촌 즉 지구라는 한 마을에 같이 모여살고 있는 것이다.  그리고 이에 대해 모두가 행복한 지구촌을 위한 가치 사전이란 책을 통해 조금씩 알아가 본다.


 

...+ 더보기",5,2010-09-12
7606106,모두가 행복한 지구촌을 위한 가치 사전,4211370,얼쑤,"사람들에게 ‘숫자’라는 단어를 제시하고 생각한 것을 글로 써보라면 어떤 글이 나올까? 아라비아 숫자의 기원, 나이, 월급, 성적, 생일을 포함한 각종 기념일, 몸무게, 평수, 주머니 안에 들어있는 사탕의 개수, 각각의 수가 지닌 의미, 전화번호, 집 주소 등 다양한 이야기가 흘러나올 것이다. 그렇다면 사전에서는 ‘숫자(數字)’를 어떻게 정의할까? 

 1 수를 나타내는 글자. 1, 2, 3, …… 또는 一, 二, 三, …… 따위이다.


 2 금전, 예산, 통계 따위에 숫자로 표시...+ 더보기",5,2010-10-22
7606106,모두가 행복한 지구촌을 위한 가치 사전,4128544,junyong05,"모두가 행복한 지구촌을 위한 가치 사전...
책제목이 참 따뜻하고 맘에 드네요.
지구촌에는 정말 신기하고 독특한 문화가 많고
이 책에는 우리나라와는 문화가 다른, 그래서 
조금은 아니 좀처럼 이해가 안되는 이야기들이 가득합니다.
글로벌 시대에 살고 있는 우리아이들이 다른나라를 이해하고
함께하는데 반드시 알아야 할 것들이 가득 담겨 있어요.
이 책속의 모든 정보들은 
유엔의 아동지원 기구인 유니세프에서 온거라고해요.



99개 표제어로 떠나는 행복한 지구 여행기
무엇보다 우리의 관심과 도움이 필요한 
가난한...+ 더보기",5,2010-09-18
7606106,모두가 행복한 지구촌을 위한 가치 사전,4121586,꽃제비,"﻿어휘쑥쑥 지식쑥쑥 생각통통 

 

 모두가 행복한 지구촌을 위한 가치 사전(레오 G. 린더.도리스 멘들레비치 글, 야노쉬 그림, 
김민영 옮김, 유니세프 추천)은 찾아서 보고 골라서 보는 재미가 있다. 
제목에서 사전이라고 표현한 것처럼 ㄱ~ㅎ까지 99개의 단어로 사전 형식을 띠고 있다.
놀이, 랩, 명절, 변기, 생일, 여름방학, 집, 축구, 편지, 휴대 전화 등 친숙한 단어가 있는가 
하면, 기근, 마치스모, 사헬 지대, 야스미네, 유니세프, 콜레라...+ 더보기",5,2010-09-16
7606106,모두가 행복한 지구촌을 위한 가치 사전,4170820,jongilandyoung,이 책은 출판사의 이름 <내 인생의 책>에 걸맞는 내 인생의 책이 될 것 같다. 책 제목부터 너무 마음에 쏙 들었다. “모두가 행복한 지구촌” 얼마나 우리가 바라는 세상인가! 우리 아이들이 제 3세계 사람들이 어떻게 삶을 살아가고 있는지 정확하게 알고 있다면 지금보다는 더 현명한 소비를 할 것이고 공평한 세상에 대해 눈을 뜰 것이다. 아직 엄마인 나조차도 막연하게 생각되는 나와 다른 문화와 전통에 대한 이해. 그 문화의 차이와 가치를 이해 할 수 있는 책이라 여겨진다. 추천의 글에서 보면 여러 문화를 단순히 소개하는 대신...+ 더보기,5,2010-10-05
259498842,교과서보다 먼저 읽는 첫 세계사 2,12320664,라희씨,"교과서보다 먼저 읽는첫 세계사 2권력만큼 외모도 화려했던 엘리자 베스 1세- 해가 지지 않는 나라 영국의 탄생​누구보다 아름답기 위해 늘 화장을 하고 화려한 드레스를 입은 엘리자베스 1세는 영국을 최고의 국가로 이끈 위대한 권력자였다.그녀는 외모에 대한 남다른 꾸밈이 있었다.여왕은 어릴 때 천연두를 앓고 난 뒤 얼굴에 흉터가 남았고 탈모 증상까지 심했다.여왕은 얼굴에 있는 흉터를 감추기 위해 아주 진하게 화장을 했고, 화장 때문에 하얗게 된 얼굴은 창백해 보였지만, 사람들은 이런 모습을 아름답다고 느끼고 여왕의 화장법을 따라 하는 ...+ 더보기",5,2021-01-19
259498842,교과서보다 먼저 읽는 첫 세계사 2,12294413,카프카카,"교과서 보다 먼저 읽는 첫 세계사2 한국사를 배우기도 힘들어하는 아이들이지만,한국사를 배우면서 더 궁금했던 세계사가 아닌가,막상 세계사를 처음 접하기에 청소년들은 부담 없이 재미나게 만나볼 수 있는 책을 원하게 된다.  <교과서 보다 먼저 읽는 첫 세계사> 초등 고학년만 되어도 세계사를 만나게 되는데,청소년들에게 호기심을 자극하며, 역사 이야기에 빠져들게 해준다.세계사에 이야기는 2권으로 이루어져 있는데,고대 문명의 탄생에서부터 고대에서부터 현대에 이르기까지세계사를 한 번에 짚어 볼 수 있다는 ...+ 더보기",5,2021-01-10
259498842,교과서보다 먼저 읽는 첫 세계사 2,12337626,lovemyself,< 교과연계도서 초등사회 세계사 >북멘토 / 교과서보다 먼저 읽는 첫 세계사흥미로운 이야기를 통해세계사를 처음 접하기 시작하면어렵다고 생각했던 세계사도 우리의 한국사처럼어렵지 않고 재미있게 읽을수 있다는 것!지루할 틈이 없는 재미난 이야기와 구성에흠뻑 빠져서 읽다보면~~~그 이야기에 이어서 나오는 세계사들이.조금은 쉽게~~ 머릿속으로 들어온답니다.물론~~~~역사적인 사건들인지라...용어자체가 어려워서 마냥 쉽다고만 이야기한다면.그건 팩트가 아니겠죠?^^초등학교 6학년에 들어서면 사회과목으로세계사도 접하게 되는데요....어...+ 더보기,5,2021-01-26
259498842,교과서보다 먼저 읽는 첫 세계사 2,12333711,사과나무,"<교과서보다 먼저 읽는 첫 세계사 2>는1편을 너무 재미있게 읽어서바로 이어서 읽게 되었답니다.작가님이 글도 머리에 쏙쏙 들어오게 재미나게 쓰셨고요,삽화도 재미있고, 지도가 필요할 때는 딱 지도 그림이 나와서 얼마나 읽기 좋은지 몰라요.<교과서보다 먼저 읽는 첫 세계사 1>의 마지막 이야기가루터의 종교 개혁 이야기였어요.<교과서보다 먼저 읽는 첫 세계사 2>의  첫 이야기는엘리자베스 1세의 이야기로 시작됩니다.교과서에선 배울 수 없는재미나고 흥미로운 이야기들이 가득합니다.저도 처음 알게 된 ...+ 더보기",5,2021-01-24
259498842,교과서보다 먼저 읽는 첫 세계사 2,12322569,자오웨이,"안녕하세요 달콤한 몽상가 비상구입니다. 아이가 한국사에 몰입하고 심취를 한동안 하더니 시간이 흐르고나서부터 또 세계사도 궁금해하더라구요 한국사의경우는 학습만화책을 열심히 읽었어요 이제 초등학교 고학년이 된 우리집 1호이기 때문에 이번에는 세계사는 학습만화 말고 좀 다르게 책을 읽었으면 하는 바램이 있었어요 ^^  그렇다고 제가 학습만화를 싫어하는건 아니예요 오해마세요 ㅎㅎ 그래서 북멘토의 교과서보다 먼저 읽는 첫 세계사 한국사, 세계사의 경우는 아이들이 엄청 어려워하는 부분임에는 틀림없는것 같아요 아무래도 과거의 이야기를 ...+ 더보기",4,2021-01-20
259498842,교과서보다 먼저 읽는 첫 세계사 2,12329128,hooah,"기발하면서도 엉뚱한 이야기를 통해 그 시대의 진실을 찾아가는 세계사![교과서보다 먼저 읽는 첫 세계사 2]글 한정영 / 그림 이창우북멘토지난 해 사회교과목으로 한국사를 배우게 된 콩군은 세계사도 깊이 있게 들여다보고 싶어 했어요. 세계사를 학습만화로 접하긴 했지만, 이젠 고학년이니 글밥이 많은 지식정보책으로 접해야 한다는걸 스스로도 알고 있지만, 너무 딱딱하지 않고 지루하게 느껴지지 않는 책으로 골라야하니 시행착오도 많았죠. 이런 때에 세계사 신간 소식이 들려 왔네요. ...+ 더보기",5,2021-01-22
259498842,교과서보다 먼저 읽는 첫 세계사 2,12340702,7dirthr7,"#북멘토, #교과서보다먼저읽는첫세계사2, #이야기로보는세계사연표",5,2021-01-27
259498842,교과서보다 먼저 읽는 첫 세계사 2,12310211,꿈쓰다,"작가분의 말처럼 역사 속에 숨어 있던 기발하고 엉뚱한 이야기를 통해 그 시대의 진실을 찾아가는 방식으로 쓰여져 있습니다. 재미있게 추리소설을 읽듯이 흥미롭게 읽고, 그 사건들에 대해서 나름의 생각을 가지고 스스로 생각해보게 하는것이 작가분의 의도가 아닌가 싶습니다.   2권은 엘리자베스 1세의 이야기로 시작한 근대부터 베를린 장벽 붕괴이야기인 현대까지의 내용을 다루고 있습니다. 책을 읽다보면 정말 황당해서 말을 잇지 못하기도 하고 또는 역사는 되풀이되는구나 싶기도 ...+ 더보기",5,2021-01-16
259498842,교과서보다 먼저 읽는 첫 세계사 2,12300183,뽀기,하~~ 세계사엄마에게 가장 어려운 세계사엄마란... 엄마가 뭐길래.. 또 공부를 해야 한답니까??세계사가 너무 어려운 엄마.. 그래도 아이를 위해서라면...  한국사든 세계사든 달려 가야 한다기에..오늘은 세계사를 향해 달려가 봅니다아이들이 청소년기에 들어 한국사를 배우게 되면 세계사도 많이 궁금해 하지 않을 까 생각이 들어요저도 어렸을 땐 그랬지만... 국사란 넘 어렵다는 것도 알게 되었답니다..  처음 접해보는 울아들 딸을 위해서 엄마가 쉽게 부담감 없이 먼저 쳇세계사2책을 먼저 만나 보는 것도 나쁘지 않다고 생각하기에 책을 읽...+ 더보기,5,2021-01-12
259498842,교과서보다 먼저 읽는 첫 세계사 2,12327307,워니맘,"아침 일찍 책 한권 읽기 도전하는 요즘.선택된 책은 교과서보다 먼저 읽는 첫 세계사 2입니다.세계사는 고등학교, 대학교때 배운 지식이 다인거 같아서 항상 한번쯤은 세계사책을 읽고 싶고 공부해 보고 싶었는데,어렵지않고 교과서보다 먼저 읽는 세계사라는 제목에 손이가서 오늘 뚝딱 읽었습니다.중등이 2학년 되는데 세계사부터 나온다는 말에 권했던 책인데, 엄마가 먼저 보게 되었습니다.엄마가 먼저 읽고 아는척 하는걸로^^;;세계사 책 한권을 읽다보면 역사로의 여행도 하지만 상황을 상상하면서 보게 되니까 더 흥미진진한거 ...+ 더보기",5,2021-01-22
259498842,교과서보다 먼저 읽는 첫 세계사 2,12334994,꿈꾸는공주,"작은딸이 초등 5학년 때 한국사를 배우기 전 책으로 먼저 역사를 접했어요.책으로 역사를 접하고 교과 내용으로 들어가니 참 재미있게 배우고 나중에는 세계사에 관심을 가졌지요. 세계사는 범위가 넓고 내용이 딱딱한 이미지가 있는데초등학생들이 흥미롭게 읽을 수 있는 책을 찾는 중 ""교과서보다 먼저 읽는 첫 세계사""를 만나 2권부터 읽고 있어요. ""교과서보다 먼저 읽는 첫 세계사""는 일반 세계사 책과 달라요.왕이 무슨 업적을 이루고 어떤 전쟁이 일어났는지 알려주는 게 아니라역사 속에 숨어 있던 이야기를 통...+ 더보기",5,2021-01-25
259498842,교과서보다 먼저 읽는 첫 세계사 2,12345164,오렌지,"교과서보다 먼저 읽는 첫 세계사2 역사 속에 숨어 있는 기발하고 엉뚱한 이야기들.연대표와 업적, 왕이름... 달달 외우는 공부가 아닌.이런 스토리부터 접할 수 있어서 참 좋아요. 1장 새롭게 변모하는세계2장 산업 혁명과 근대 세계의 동요3장 세계 대전과 냉전의 시대 이런 목차로 구성되어 있구요. 첫장부터 엘리자베스1세에 대한 이야기가 흥미롭네요.왜 엘리자베스 여왕은 화장을 짙게 했을까요?어릴 적 천연두 흔적으로 인한 흉터를 감추기 위해 짙게 화장을 했다고 합니다.두터운 화장으로 하얗게 된 얼굴...초상화가 이해되어지는 대목...그리...+ 더보기",5,2021-01-28
259498842,교과서보다 먼저 읽는 첫 세계사 2,12328190,ekrxjtm97,기발하고 엉뚱하여 믿기 어려운 얘기가 들어있는 세계사로 지루한 역사이야기가 아닌무한상상이 담긴 역사 속 이야기를 통해 펼쳐지는흥미진진하고 스펙터클한 세계사로딱딱하고 어려운 용어가 많아 세계사를 멀리했던 아이들도 찾게 되는 책입니다. 학교에서 세계사를 배우기전에 흥미있고 놀랍고 재밌는 세계사를 접하여 배경지식을 쌓고학교 수업을 듣는다면 적극적인 수업참여를 할 수 있습니다.그래서 책 제목이 교과서보다 먼저 읽는 세계사입니다.! 차례를 살펴보면권력만큼 외모도 화려했던 엘리자베스1세(해가 지지 않는 ...+ 더보기,5,2021-01-22
259498842,교과서보다 먼저 읽는 첫 세계사 2,12301019,푸른하늘,한국사도 어려운 나에게세계사는 더더욱 어려워요.그나마 내가 세계사의 부분 부분을 아는 이유는 바로~내가 읽은 책들의 역사적 배경이 세계사의 한 부분이기 때문이에요.책을 재미있게 읽다보니 그 배경이 자연스레 녹아든 것이지요..그러나 세계사를 공부 안할수는 없어요얼마전 국토교통부 장관의 빵투아네트 풍자 기사를 읽고 내가 그에 동의하든 동의하지 않든 내 의견을 내려면빵투아네트가 뭔지를 알아야 하고세계사를 알아야 하지요^^교과서 보다 재미있게세계사의 큰 흐름을 집어줄 책북멘토의 교과서보다 먼저 읽는 첫 세계사 책을 소개합니다^^이...+ 더보기,5,2021-01-12
259498842,교과서보다 먼저 읽는 첫 세계사 2,12306135,봄소풍,"세계사라는 단어가 주는 무거움(?)이 있어요.뭔가 어렵고 지루할 것 같은 그런 느낌이죠.중학교에 가면 처음으로 세계사를 접하는데 한국사보다 더 어려워 합니다.우리 큰애가 올해 중3 올라가는데 한국사 공부하면서 중국사를 조금 접했어요.진시황의 통일제국, 춘추전국시대, 수많은 위인들....중국의 역사는 어마어마 하니까 배워야될 내용도 많아요.학년이 올라가면 이제 유럽과 여러나라 세계사를 배우게 되는데 우리 아이가아는게 거의 없더군요. 영국, 프랑스, 미국, 독일, 러시아 등....세계 여러나라의 굵직한 역사적 사건들을 배워야 합니다.&...+ 더보기",5,2021-01-14
259498842,교과서보다 먼저 읽는 첫 세계사 2,12334716,soosini,중학교에서 세계사가 교과로 나온다고 하는데 이 책은 중입을 앞둔 초등 고학년 어린이들에게 세계사에 대한 막연한 궁금증을 풀어주고 세계로 향하는 무한한 꿈을 꿀 수 있게 하는 책이다. 책 제목부터 교과서보다 먼저 읽은 첫 세계사가 눈에 띄고 1편부터 보았으면 더 좋았을 것 같다는 아쉬움이 남는다.우리 어린이들이 '우물안 개구리'가 아닌 한류를 넘어서 세계에서 주름잡는 한국인으로 살기 위해 저들의 역사를 알고 있는 것은 필요 충분조건이다. 저들을 이해하기 위해 역사를 공부하고 준비한다는 것은 앞으로 닥쳐올 시련과 고통도 가볍게 대처할 ...+ 더보기,5,2021-01-25
259498842,교과서보다 먼저 읽는 첫 세계사 2,12321210,artkang82,"어린이, 청소년들에게 세계사의 흥미를 일깨워 줄 '첫 세계사' 책.《첫 세계사》의 장점들~~⁣⭐ 쉽게 술술 익히는 기발하고 엉뚱한 이야기⁣⭐ 인물과 사건을 재미있게 표현한 일러스트⁣⭐ 선생님 캐릭터의 독자들 눈높이에 꼭 맞는 설명⁣⭐ 각 장 끝에 <이야기로 읽는 세계사 연표> 로 역사적 사실을 일목요연하게 정리⁣⭐ 책의 말미엔 <한눈에 보는 연표>로 고대부터 현대까지 세계사와 한국사를 동시에 훑을 수 있다⁣⭐ 역사적 사건이나 인물과 관련된 영화나 책을 소개해 주는 <같이 볼까?> 코너는 최고 👍 ⁣...+ 더보기",5,2021-01-20
259498842,교과서보다 먼저 읽는 첫 세계사 2,12294811,gemma,"교과서보다 먼저 읽는 첫 세계사 책은 줄글로 되어 있어 어려울 듯 보이지만 책 표지에도 잇듯 사건중심으로 구성되어 있고, 아이들의 눈높이에서 어려운 내용보다는 궁금해할만한 역사적사실이나 잘못오해하고 있는 세계사 내용에 대해 쉬운 내용으로 설명해주고 있다. 우리가 너무나 잘 알고 있는 마리 앙투아네트가 말했다고 전해지는 빵이 없으면 케이크를 먹으면 되지 않나요? 라고 말해 아우성치는 군중들의 분노가 폭발했고, 마침내 프랑스 혁명을 일으켰다고 알려져 있지만 훗날 역사학자들은 뜻밖에도 마리 앙투아네트는 그런 말을 한 적이 없다고 밝혔다....+ 더보기",5,2021-01-10
259498842,교과서보다 먼저 읽는 첫 세계사 2,12314919,아침안개,"중학교에 들어가면 세계사라는 과목을 배우게 된다.​그런데 첫째가 세계사를 배울 때 보니 동서양 세계사를 함께 배우고 다른 교과목과 함께 공부하니까 좀 힘들어했다... ㅜㅜ중학 입학 전에 초등 세계사 전집을 읽으며 나름 준비한다고 했으나정리가 잘 안돼서 뒤죽박죽되어버린 느낌이었다.​그래서 둘째는 초등 세계사 전집을 읽었지만, 세계사를 본격적으로 공부하는 중학 입학 전에 북멘토의 <교과서보다 먼저 읽는 첫 세계사>로 세계사를 쭉~ 정리하고복잡한 머릿속도 정리해보기로 했다.​북멘토의 <교과서보다 먼저 읽는 첫 세계사 2&...+ 더보기",5,2021-01-17
259498842,교과서보다 먼저 읽는 첫 세계사 2,12323018,jullyjin,"교과서보다 먼저 읽는 첫 세계사 2책 말머리에 글쓴이의 이야기 처럼 ""역사를 안다는 것은 미래의 거울이다"", ""역사를 잊은 민족의 미래는 없다""라는 말을 인용한것처럼 우리는 역사를 빼놓을 수 없다보 봅니다.전세계 무수한 나라들의 역사중에서도 우리가 꼭 알아두어야 할 만한 시대별 역사적 배경과 시대상을 엿볼 수 있게 정리되어 있습니다.프랑스 혁명, 미국의 남북전쟁, 산업혁명, 제1차세계대전과 제2차 세계대전을 비롯해서 지금 현재 우리가 살고 있는 지금의 역사의 한 부분의 과거로 남겠지요.다른 나라의 역사적 사실과 과거를 통해...+ 더보기",5,2021-01-20
259498842,교과서보다 먼저 읽는 첫 세계사 2,12342272,까칠공주맘,"북멘토에서 나온 교과서보다 먼저 읽는 첫세계사가 나왔어요세계사라는 과목이 우리나라 한국사도 어렵긴 하지만 아무래도 다른나라들의 역사이다 보니 더 어렵게 느껴지드라구요초등학교때는 간단히 세계사를 배우기는 하지만 깊게 배우지도 않고 집에 전집이 있긴 하지만 아무래도 학습책이다보니 아이들이 흥미가 없더라구요~근데 이책은 뭔가 간단하면서도 핵심이 나와있는책이라고 해야할까요?그러다보니 더 이해가 쉽고 재미있게 볼수있는 책이였던거 같습니다~평소에 많이 들었던 이름들..엘리자베스1세,조지워싱턴,마리앙투아네트...우리가 아는 이름들도 그나라의 상...+ 더보기",5,2021-01-27
259498842,교과서보다 먼저 읽는 첫 세계사 2,12330319,minjy7477,"세계사에 대해서 아는 것이 없어서 아동용 책이지만 굉장히 흥미로웠다. 초등학교 고학년 아이들이 좋아할만한 요소들이 가득했는데 첫째, 재미있는 삽화들! 중간중간 캐릭터들이 재미있는 대사와 함께 재미있는 표정, 행동을 하고 있어서 아이들이 이해하기 쉽다.둘째, 흥미로운 사건들! 생각보다 아이들은 어른인 나보다 공포스러운 이야기를 굉장히 좋아하고 흥미로워 했었다. 참새를 모두 말살시켰다가 다시 데리고 온 마오쩌둥의 이야기, 조지 워싱턴이 노예를 많이 부리던 이야기 등.셋째, 반전의 이야기들! 마리 앙투아네트가 사치스러운 여인으로...+ 더보기",5,2021-01-23
297690171,자꾸만 끌려!,15810162,희선,"사람은 살면서 이런저런 것에 빠져. 뭔가에 빠지는 게 다 안 좋기만 할까. 몸을 안 좋게 하는 것에 빠지면 안 좋겠지만, 빠져서 괜찮은 것도 있을 것 같아. 보기를 들면 책읽기, 걷기. 이런 건 몸이나 마음에 좋겠다는 생각이 들기도 하는데, 다른 걸 못할 정도로 빠지면 안 될 것 같아. 책만 보고 현실을 제대로 안 보거나 다리가 아픈데도 자꾸 걸으면 안 되겠지. 뭐든 적당히 해야 할 텐데. 그러면서도 언젠가 내가 책읽기와 글쓰기에 빠지는 건 좀 낫지 않나 했군. 스마트폰보다는 낫지. 낫다고 생각하고...+ 더보기",4,2024-08-30
297690171,자꾸만 끌려!,13804227,바이올렛의서재,"⁣<자꾸만 끌려!>⁣⁣출판사 : 생각학교⁣지은이 : 김이환, 장아미, 정명섭, 정해연, 조영주⁣장르 : 청소년 소설⁣⁣🌟 현대의 다양한 중독에 관한 청소년 소설!⁣⁣✏ 제목과 표지를 보면 마치 하이틴 로맨스 장르가⁣떠오르지만, 각종 중독에 관한 이야기랍니다.⁣⁣▫오라클(정명섭) - 게임⁣▫살이 찌면 낫는 병(조영주) - 다이어트⁣▫우정은 동그라미 같은(장아미) - 우정⁣▫형이 죽었다(정해연) - 공부, 부모님의 기대⁣▫세계 다람쥐의 날(김이환) - 스마트폰⁣⁣이렇게 총 다섯가지 중독에 관한 소설로 이루어진⁣작품입니다.⁣...+ 더보기",5,2022-07-29
297690171,자꾸만 끌려!,13783706,헬레니즘,"#자꾸만끌려#김이환#장아미#정명섭#정해연#조영주#생각학교도서협찬..중독이라는 판단에 일단 부인부터 할 것이다. 그리고 인정하고 나서야 ""처음부터 이런 결말을 원한 건 아니었어."" 토로한다. 지금까지 일상에서 너무나 자주 스스로에게 한 변명인 것 같다. 바람직하지 않은 무언가에 빠져들고 후회하기를 반복하면서도 중독되는 것은 어찌할 수 없는 매커니즘이 되었다. 몰입하는 것은 인간이 누리는 지극한 즐거움이며 이어서 성취를 기대할 수 있겠지만 어떤 대상에 몰입하느냐에 따라서 아주 다른 결말을 가져온다. 그렇기 때문에 대상을 고르는 것이 매...+ 더보기",5,2022-07-21
297690171,자꾸만 끌려!,13798234,핑크팬더,"끌린다는 표현은 들어도 좋고, 해도 좋다.제목이 <자꾸만 끌려!>니 더욱 로맨스 느낌이 난다.뭔가에 끌린다는 말은 로맨스에서 주로 쓰는 표현이다.그 외에도 끌린다는 표현을 할 때는 대부분 말랑말랑하다.이 책에서 끌린다는 말은 그보다는 한 발 더 나간다.끌림이 있다는 좀 좋지만 중독이라는 표현은 별로다.중독이라는 단어가 들어가면 부정적인 개념이 먼저 떠오른다.책은 그런 중독에 대한 이야기를 총 5명의 작가가 5개의 단편 소설로 구성되었다.첫 단편은 AR에 관한 내용으로 가상과 현실의 구분이 힘들다.아마도 근 미래이지 않을까...+ 더보기",5,2022-07-27
297690171,자꾸만 끌려!,13799869,얼음사탕,"<오라클> - 정명섭어느 날 AR이라는 가상현실 게임을 즐기는 오라클이 갑자기 유행하기 시작했고, 제조사의 값싼 보급정책으로 사람들의 삶에 깊숙이 파고들었다. 현실에서 무기력한 삶을 살아가던 사람들에게 오라클은 선풍적인 인기를 끌었으며, 학생들뿐만 아니라 어른들도 현실 도피를 위해 오라클을 상시 머리에 쓰고 다녔다.주인공 상진이는 나름 열심히 공부를 하고 시험을 쳤음에도 엉망인 성적을 받아 짜증이 나 오락으로 스트레스를 풀려고 했으나 집에 있는 상진이의 오라클이 고장이 나서 AR방이라도 갈 생각으로 집을 나섰다.그때 상진...+ 더보기",5,2022-07-27
297690171,자꾸만 끌려!,13787232,마크툽,"오라클 ㅡ 정명섭
가상현실 게임에 모든 사람이 중독된 세상, 심지어 길을 걸을 때조차도 게임기를 쓰고 다닌다. 자신의 현재에 만족하지 못해 가상현실에서 자신의 꿈을 이루다 보니 아이들뿐 아니라 어른들도 그 게임에 미쳐있다. 현재 자신의 가치를&n...+ 더보기",5,2022-07-23
297690171,자꾸만 끌려!,13758620,임정은,"십대. 무언가에 중독되기도 쉬운 나이.그만큼 열정이 불타오르는 시기.이 나이에 적당한 책일 것 같다.자꾸만 끌리는 대상이 무엇일까?나와, 우리 아이들을 위해 읽어보고 싶다.",5,2022-07-12
297690171,자꾸만 끌려!,13828960,댕구르르,"▫️저자 : 김이환, 장아미, 정명섭, 정해연, 조영주▫️출판사 : 생각학교 (클클문고): 나를 즐겁게 하는 것들과 나 자신 사이의 적정 거리를 찾기 위한 고민📖 '10대들을 위한 앤솔러지'라는 슬로건을 달고 출간하였으나 어느 세대가 읽어도 공감이 가능한, '적당함' 을 놓쳐버린 내 주변과 나의 이야기라고 할 수 있다. 게임, 다이어트, 소속감과 인정욕구, 스마트폰을 소재로 하여 일상으로 스며들어 독이 되는 '중독'의 모습을 가감 없이 보여준다. 재미와 주제의식 모두 적당함을 놓치지 않은 단편들이 우리의 모습을 돌아보게 하고 예리...+ 더보기",5,2022-08-07
297690171,자꾸만 끌려!,13760011,Arete,"책을 읽기 전 '중독'과 관련된 이야기라고 하여 생각해 보았다. 나는 어떤 중독일까?바로 떠오르는 것은 '게임 중독', '스마트폰 중독'.초등학교 때부터 방학만 되면 새벽까지 게임에 빠졌던 경험,잠이 들 때까지 어떻게 하면 게임을 더 잘할 수 있을지 고민했던 기억,스마트폰을 장시간 사용하여 목과 손목이 아파 병원을 다녔던 상황이 떠올랐다.책을 읽으며 나 조차도 몰랐던 중독을 알아차릴 수 있었다.중독은 여러 가지 모습으로 우리 가까이에 있었구나.5인의 작가들이 들려주는 다양한 중독에 관한 흥미로운 이야기를 리뷰하고자 한다. (이 리뷰...+ 더보기",5,2022-07-12
297690171,자꾸만 끌려!,13773054,부추오리,"내가 중독에 취약한 사람이란 걸 인정하게 된 건 대학을 졸업한 이후였다. 왜 그 때가 되어서야 깨달을 수 있었을까. 아마도 그시점부터 내 주위를 감싸고 있던 울타리가 사라졌기 때문이리라. 중독의 시작은 ‘상관없어’라는 마음이다. 이거에 빠져도 상관없어, 이거 때문에 할 일을 못 해도 상관없어, 나를 잃어도 상관없어… 내가 잃어버리고, 잃어버렸던 것들이 더 이상 상관없는 것이 아니게 될 때, 그제야 중독은 불편한 이물감이 된다.  나는 10대에 제일 ‘중독’이라 말할 수 있는 증상이 심했던 것 같다. 학교는 나를 ‘문제 없어...+ 더보기",5,2022-07-17
314106324,너 혼자서도 할수 있어 SQL 능력자,14504521,yshong5684,"현재 SQL 시장은 mySQL, msSQL, Oracle SQL 삼국지라고 봐도 무방합니다.하지만, Oracle같은 경우에는 무료로 쓰기에는 한계점이 존재하고 msSQL같은 경우에는 많이 애용되고 있지 않습니다. 그 대안으로 요즘에는 mySQL이 많이 사용되고 있는데요. 하지만, msSQL과 Oracle과는 약간은 다른 문법적 요소들이 있습니다. 그래서 mySQL을 확실히 공부할 수 있는 책이 필요한데, 본 서적이 바로 그책이라고 생각합니다. 우선 컬러로 되어 있고,서술형으로 저자가 옆에서 설명하듯이 되어 있어서 동영상없이 독학이 ...+ 더보기",5,2023-04-13
370288278,Start up 미리캔버스로 끝내는 디자인&마케팅,16734541,책끌,"이 포스팅은 아티오 출판사로부터 도서를 제공받아 주관적인 관점에서 살펴보고 작성했다.개인적으로 3년 넘게 미리캔버스를 사용해 왔는데, AI 시대를 맞아 디자인 환경이 급변하면서 미리캔버스 역시 많은 변화를 겪고 있다. 이 플랫폼의 가장 큰 장점은 나처럼 디자인 전공자가 아니더라도 복잡한 포토샵이나 전문 툴을 배우지 않고도, 다양한 템플릿을 활용해 손쉽게 고품질 이미지를 제작할 수 있다는 점이다.실무에 바로 적용할 수 있는 제작 과정을 담은 『Start up 미리캔버스로 끝내는 디자인&마케팅』은 카드뉴스, 블로그 타이틀, 배너...+ 더보기",5,2025-09-11
370288278,Start up 미리캔버스로 끝내는 디자인&마케팅,16736811,컨텐츠리믹스,"출판사로부터 도서를 제공받아 작성한 주관적인 리뷰입니다.미리캔버스로 끝내는 디자인&마케팅 (디자인이 곧 돈이다!) Start up 시리즈제가 블로그 하면서 가장 많이 애용하는 플랫폼이자 사용하는 플랫폼이 바로 미리캔버스입니다.포토샵만 사용하다가 포토샵을 대처할 정도로 굉장히 유용한 이미지 편집 툴인데, 2미리 캔버스로 더 잘 사용해서 디자인과 마케팅을 공부하고자 이 책을 읽게 되었습니다.책에서는 누구나 쉽게 따라할 수 있도록 메뉴 하나하나 설명을 해주고 어떻게 만들어야 되는지 순서대로 잘 나와 있는데요. 한마디로 그냥 가이드...+ 더보기",5,2025-09-12
370288278,Start up 미리캔버스로 끝내는 디자인&마케팅,16736443,박효진,"**출판사로부터 도서를 제공 받아 작성한 주관적인 리뷰입니다.**저는 블로그를 오래도록 운영하면서 '메인 화면을 어떻게 하면 더 매력적으로 바꿀 수 있을까?' 하는 고민을 자주 했습니다. 글을 잘 쓰는 것도 중요하지만, 요즘은 시각적인 부분이 방문자의 첫인상을 좌우하잖아요? 그런데 전통적인(?) 디자인 툴이라고 하면 포토샵, 일러스트 등인데, 뭔가 너무 본격적인 것 같고, 할 줄은 알아도 뭔가 감이 오질 않아서 어렵게만 느껴지더라고요.이 책은 그런 고민을 덜어주는 책이었습니다. 단순히 '미리캔버스'라는 홈페이지 및 프로그램을 소개하...+ 더보기",4,2025-09-12
370288278,Start up 미리캔버스로 끝내는 디자인&마케팅,16711256,lks3930,"‘서평단으로 도서를 제공받아 작성한 리뷰입니다’



매일 블로그 썸네일을 만들고 편집을 하지만 솔직히 디자인 툴은 진입장벽이 높다고 느껴졌어요.포토샵? 일러스트레이터? 배우려고만 해도 머리가
아프더라고요.
그런데 이번에 읽은 『미리캔버스로 끝내는 디자인&마케팅』 덕분에 “이 정도면 나도 콘텐츠 제작할 수 있겠는데?” 싶은 자신감이 생겼어요.

이 책은 블로그 타이틀, 썸네일, 카드뉴스, 상세페이지, 포스터 같은 콘텐츠를 누구나 쉽게 만들 수 있도록 구성돼
있어요.

기초 편은 물론이고, 유튜브 썸네일부터...+ 더보기",5,2025-09-01
370288278,Start up 미리캔버스로 끝내는 디자인&마케팅,16737477,츄핑,"[본 서평은 출판사로부터 도서를 제공받아 작성되었습니다.]요새 학교에서는 거의다 미리캔버스나 캔바로 특강이든 아니면 정규수업시간에교사가 진행하든 많은 수업이 이루어지고 있는 것 같아요.작년까지만 하더라도,미리캔버스나 캔바는 외부강사가 특강으로 참여하는 경우가 많았는데,올해는 교육에 관심이 많은 선생님들은,초등학교 선생님분들도 초4학생들에게 캔바로 동화책 만들기,미리캔버스로 동화 만들기 등 다양한 창작활동에 활용을 하시더라구요.저희 애도 학교에서창작 동화만들기를 했는데,사용이 미숙하다보니 열심히 만든 20장의 동화를 날려서집에서 울면...+ 더보기",5,2025-09-12
313797446,처음 배우는 NHN Cloud,14530101,진,"클라우드는 기업이나 개인이 인터넷을 통해 서버, 네트워크, 스토리지 등을 이용할 수 있도록 하는 것을 말합니다.클라우드 서비스의 장점은 사용자가 서버나 스토리지 등의 하드웨어를 직접 구입할 필요가 없습니다.또한 인터넷을 통해 필요한 자원을 쉽게 이용이 가능합니다.오늘 알아볼 책은 국내 클라우드를 알아보려고 하는데요.알아볼 클라우드 책은 바로 ‘처음 배우는 NHN Cloud’입니다.어떤 클라우드를 사용할지 고민인 분들도 이 책을 보면 도움 될 것입니다.NHN Cloud의 다양한 기능들을 실습을 통해 배울 수 있습니다.이 책을 통해 N...+ 더보기",5,2023-04-23
313797446,처음 배우는 NHN Cloud,14513707,꼼땡,서평을 시작하기 전 잡담 - AWS가 업무에 필요하고 개인적인 프로젝트에도 필요하여 한창 공부를 했던 시기가 있었다.새로운 AWS 책이 나왔다면 무조건 주문을 했으니 아마 국내에 나와있는AWS 관련 책은 거의 다 봤다고 해도 과언이 아니겠다.네이버에서도 클라우드 사업을 한다고 했던 것은 들었는데 이미 AWS가 장악했던 터라관심을 두지 않았는데 제대로 된 책이 나왔다고 하니 궁금하여 책장을 넘겨본다.​​책 설명 - 책은 420페이지 정도 되는데 정말 얇다.이것이 출판사의 능력인가 싶은 정도인데 무게는 꽤 무겁다.옆에 있던 챗GPT관련...+ 더보기,5,2023-04-17
313797446,처음 배우는 NHN Cloud,14508957,리리고,"""한빛미디어 <나는 리뷰어다> 활동을 위해서 책을 제공받아 작성된 서평입니다."" <NHN Cloud 입문서 및 국내 클라우드 서비스를 다루는 최초의 책입니다.>라는 추천사 문구에 이 책을 선택하였다.최근 AWS에서 여러 대의 서버를 구성한 적이 있는데,실제 서비스를 위한게 아니고 테스트 용도였고, 몇 개 샘플을 보고 일단 만들었었다.기존부터 클라우드에 대한 약간의 관심만 가지고 있었는데직접 만들어보니 다른 클라우드는 어떨지 또 잘 사용하고 싶다는 맘이 들었다. 책의 전반적으로 실습을 다루고 있...+ 더보기",5,2023-04-15
313797446,처음 배우는 NHN Cloud,14527571,xoxo,"한빛미디어 <나는 리뷰어다> 활동을 위해서 책을 제공받아 작성된 서평입니다.개인적으로 한빛미디어에서 출간되는 '처음 배우는~' 시리즈의 책들을 좋아하는데, 이번에는 국내 클라우드인 NHN Cloud 최초 입문서가 출간되었다고 해서 반가운 마음에 훑어봤다. 총 분량은 420쪽이지만, 클라우드를 처음 접하는 초보자를 대상으로 한 입문서이기 때문에 콘솔 화면 캡쳐가 상당히 많이 실려 있는 편이다. 즉, 누구나 부담 없이 읽을 수 있도록 친절하게 쓰여있다는 의미다.혹자는 국산 클라우드 벤더이니 한글로 잘 작성된 공식 문서를 읽으...+ 더보기",5,2023-04-22
313797446,처음 배우는 NHN Cloud,14530082,아살리아,"이번에 리뷰도서로 받은 책은 '처음 배우는 NHN Cloud' 국내 CSP 기업 중에 하나인 NHN Cloud의 기초 도서입니다.국내에 나와 있는 클라우드 도서에는 외산 CSP 인 AWS, GCP, Azure에 관한 책은 많이 있으나 국내 CSP에 대한 책은 거의 없어서 반가운 책이었습니다.아무래도 외산 클라우에 대한 경험이 있어서 그런지 내용을 따라 하는 게 크게 어려움은 없었습니다. 책의 내용이 쉽게 작성되어 있고 내용이 실습 중심으로 되어 있다 보니 경험이 없는 초보자도 충분히 따라 할 수 있는 수준이었습니다.아무래도 저자분이...+ 더보기",5,2023-04-23
313797446,처음 배우는 NHN Cloud,14529258,dong0294,"클라우드는 비싸다.운용뿐 아니라 배우는 과정도 비싸다.한 번의 실수에 수십 만원 정도 깨지는 건 예사고, 이건 꽤나 큰 진입장벽으로 작동한다.때문에 가장 대중적으로 사용되는 AWS와 같은 클라우드를 사용하기 전에 무료로 제공되는 크래딧을 잘 활용할 수 있어야 하며, 이 책과 같은 기본 입문서는 이 무료 크레딧을 잘 활용하는 것에 도움이 된다.하지만 여직 대다수의 기업이 NHN 클라우드를 채택하고 있는가라는 관점에서 봤을 땐, 다소 부정적이다.적어도 개발자 입장에선 NHN 클라우드를 쓰는 기업에 취업하거나 이직하고 난 뒤에 배우기 시...+ 더보기",3,2023-04-23
333605923,"하루 3분, 세상에서 가장 쉬운 IT 수업",15747162,쪼리,"제목처럼 IT 개념을 쉽게 알려줘서 이해가 잘 됐어요. 말을 거는 듯한 문체라 술술 읽히구요, 끌리는 목차부터 읽어도 좋을 거 같아요. 특히 1장이 비전공자 입장에서 개발의 개념을 잡는데 도움이 됐구요, 5장(플랫폼), 9장(디지털 콘텐츠)이 일상생활과 밀접한 관련이 있어서 흥미로웠어요!!",5,2024-08-04
333605923,"하루 3분, 세상에서 가장 쉬운 IT 수업",15363435,wlddj114,최근 개발 유지보수업무에 있어서 데이터베이스 개념이 부족하여 책에 관련된 내용이 이해가 잘 되기 쉽게 정리되어 있어서 업무시 도움을 많이 받았습니다. 특히 데이터센터 이슈에 대한 비유와 예시를 잘 들어서 설명해서 유익한 정보를 얻어갑니다.,5,2024-03-07
295663845,정보관리기술사 & 컴퓨터시스템응용기술사 : Vol.2 운영체제,15219840,simon,열공하시면서 https://cafe.naver.com/96starpe 참조하세요.,5,2024-01-13
295663845,정보관리기술사 & 컴퓨터시스템응용기술사 : Vol.2 운영체제,15143834,simon,열공하십시요. 화이팅입니다.,5,2023-12-16
341827018,안드로이드 모의해킹 입문,17301515,두룹두룹북스,마침 안드 앱개발자로서 보안적으로 사고하는게 필요했는데 많은 도움이 됐습니다. 1점 후려치기 당할 책은 아닙니다,5,2026-05-28
300414272,데이터로 전문가처럼 말하기,14768992,heyjudelee,"데이터를 어떻게 정리할까, 어떻게 보여줄까의 수학의 정석 같은 책",4,2023-07-23
300414272,데이터로 전문가처럼 말하기,13915457,tnsgh9603,내가 알아낸 것을 입이 아니라 시각화 자료가 포함된 데이터 분석 결과물로 말하는 방법을 이 책을 통해 배울 수 있습니다.한빛미디어 <나는 리뷰어다> 활동을 위해서 책을 제공받아 작성된 서평입니다.https://blog.naver.com/tnsgh9603/222870420547,5,2022-09-08
300414272,데이터로 전문가처럼 말하기,13920967,김현우,"본 포스터는 한빛미디어에서 [나는 리뷰어다]를 통해 책을 지원받아 작성한 리뷰 포스터입니다. 이번에 리뷰할 책은 데이터로 전문가처럼 말하기라는 책 입니다. 최근 데이터 분석쪽 과제 면접을 보고, 다른 사람들하고 의사소통을 하다보니 내가 분석한 내용을 남들에게 얘기할 상황이 많았습니다. 그런 니즈에서 시각화를 통해 의사소통을 하는 책이 읽길래 한번 읽어봤습니다.  해당 책의 구성은 3가지로 구성되어있습니다. 커뮤니케이션과 데이터 데이터 시각화 요소&nbs...+ 더보기",3,2022-09-11
300414272,데이터로 전문가처럼 말하기,13981234,해수화,"정말 유용한 교재를 만났습니다. 프리젠테이션, 공지, 보고서 작성 등등을 작업할때는 원할한 정보전달이 필수 조건일텐데요, 그것을 글로만 표현하다보면 전달력이 떨어질 수 밖에 없습니다. 그래서 한 눈에 볼 수 있게 도식화가 필수일 때가 많은데요. 정형화된 몇가지 형태에서 벗어나 좀 더 세련되고 눈에 확 들어오게 표현해 볼 수는 없을까 하는 고민을 할 때가 많습니다. 이 교재, ‘데이터로 전문가처럼 말하기’ 가 바로 그런 전환작업을 많이 도와줄 수 있는 내용입니다....+ 더보기",5,2022-10-02
300414272,데이터로 전문가처럼 말하기,13980978,nanhmjjang,"시각화와 의사소통을 중심으로 데이터의 표현과 커뮤니케이션 방법을 다룬 책이다.책은 크게 세부분으로 나뉜다. 파트1에서는 소통 자체와 그 주제가 되는 데이터의 특성에 관해 다룬다.소통의 주체는 물론 주요 이슈가 될만한 시장의 기대치, 경쟁사, 평가 외에도 감각, 단기, 장기 기억에 이르기까지 다양한 요소가 고려되어야 성공적인 데이터 커뮤니케이션이 가능해질 것이다.그 중에서도 특히 주목할 만한 것은 사전주의 속성이라는 개념이었다.사전주의 속성이란 쉽게 말해 의식적 노력없이도 직관적으로 시각적 특징이나...+ 더보기",5,2022-10-02
300414272,데이터로 전문가처럼 말하기,13981501,wizmusa,"데이터를 다루는 업무를 20년 정도 하면서도 입문서를 가끔 찾아 읽습니다. 어느새 놓치고 있던 기본을 되새기는 기회가 되기 때문입니다. 그래서 골라 보았습니다만, '데이터로 전문가처럼 말하기'는 입문서라고 볼 책은 아니었고, 입문단계를 벗어난 단계에서 받아들일 게 많았습니다. PART 1 커뮤니케이션과 데이터  CHAPTER 1 이것이 커뮤니케이션이다  CHAPTER 2 이것이 데이터다데이터 분석이나 시각화를 공부해볼까 하며 입문서로만 알고 이 책을 펴들었다가 당황하지 않을까 싶습니다. 이 책을 집필한 취...+ 더보기",4,2022-10-03
300414272,데이터로 전문가처럼 말하기,13945963,유키,"<데이터로 전문가처럼 말하기>는 데이터 기반 커뮤니케이션에 대해서 목적부터 전반적인 개념, 그리고 구체적인 요소까지 상세하게 다루고 있습니다. 이 책은 특정한 데이터 시각화 도구나 태블로와 같은 소프트웨어를 다루는 기술을 설명하고 있지는 않습니다.실제로 <데이터로 전문가처럼 말하기>의 저자 칼 올친은 데이터 시각화 자체를 연습하고 싶다면 한빛미디어에서 최근에 출간한 <핸즈온 데이터 시각화>를 보라고 추천하고 있습니다.<데이터로 전문가처럼 말하기>는 데이터 시각화 기술에 초점을 맞추는 것이 ...+ 더보기",5,2022-09-20
300414272,데이터로 전문가처럼 말하기,13980713,사라멜,"정보가 넘치는 시대이니만큼 그 데이터를 효율적으로 사용하는 기술에 대한 중요성도나날이 커지고 있는데요. 이 책에서는 데이터가 무엇인지부터 시작해 그 정보 데이터를 어떻게 더 분명하고 효과적으로 표현할 수 있는지, 그리고 시각화한 데이터로 어떻게 소통할 수 있는지에 대해 자세히 기술되어 있습니다.특히 데이터 작업에 서툰 초보부터, 아 난 좀 데이터 다룰 줄 아는데? 하는 숙련자까지 모두 보기 좋은 책이에요. 게다가 챕터 9에서는 특정 부서에 맞춰 일하기라고 각 부서별로 데이터의 어...+ 더보기",5,2022-10-02
300414272,데이터로 전문가처럼 말하기,13976939,efrks,"""한빛미디어 <나는 리뷰어다> 활동을 위해서 책을 제공받아 작성된 서평입니다.""많은 분이 아시는대로 ""구슬이 서 말이라도 꿰어야 보배다""는 '아무리 좋은 것이라도 쓸모 있게 만들어 놓아야 값어치가 있음'(출처: 네이버 국어사전)을 이르는 속담인데요. 이 말은 최근 중요시되고 있는 '데이터 리터러시'와도 관련이 있는 듯합니다.지난 8월 25일, 코엑스에서 있었던 Tableau Datafest 2022의 키노트 세션의 제목은 'Self-BI: 혁신으로 가는 큰 걸음' 이었는데요. 아모레퍼시...+ 더보기",5,2022-10-01
300414272,데이터로 전문가처럼 말하기,13959444,Ja,"회사에서도 그렇겠지만 (다녀보지는 않았지만), 대학원에서도 데이터를 정말 잘 다뤄야 한다. 다룬다는 것이 데이터를 처리하는 것도 그렇지만, 이번에는 보여주는 것을 말한다. 데이터를 잘 정리하고, 이를 이해하기 쉽게 우리가 원하는 의도를 전달할 수 있도록 시각화하는 것이 정말 중요하다. 특히 논문을 작성하는 과정이나, 연구 결과를 남에게 발표할 때 중요하다.
나도 논문을 현재 정리하면서 논문에 들어갈 figure를 만드는 일을 많이 하고 있어서 이 책이 특히 관심이 갔다. 데이터를 잘 뽑는 것은 실험의 영역이지만, 이를 어떤 플롯을...+ 더보기",5,2022-09-25
300414272,데이터로 전문가처럼 말하기,13980401,레드안개,"이번에 ""데이터 전문가 포럼""이라는 네이버 카페에서 개최한 서평 이벤트에 운좋게 당첨이 되었습니다. 그래서 출판사인 한빛미디어의 책을 무료로 받았고, 이렇게 서평을 작성하게 되었습니다.서평을 쓰게 될 책의 제목은 ""데이터로 전문가처럼 말하기""입니다. 제가 꿈꾸는 이상향이라 제목부터 끌림을 받았죠. 제목만 보았을 때에는 책에 데이터 시각화와 관련된 코딩 노하우라든지..시각화된 데이터를 해석하는 노하우가 있기를 바랐는데요. 코딩에 관한 내용은 없었습니다. 해석에 대한 내용은 나오긴 하는데요. 저자나 역자의 해석비법 등이 좀 더 많이 담...+ 더보기",5,2022-10-02
300414272,데이터로 전문가처럼 말하기,13980530,김승태,"이 도서는 “한빛미디어 <나는 리뷰어다> 활동”을 위해서 책을 제공받아 작성된 서평입니다.수집된 데이터를 보고 분석을 필요로하는 것은 비즈니스와 데이터 분석가, 사이언티스트들만이 아니다.나와 같은 MLOps 업무를 다루는 사람들도 운영 중인 인프라에서 모니터링하고 있는 애플리케이션으로부터 수집된 데이터를 해석하는 경우도 발생하고 있으며, 이를 토대로 회사에 필요한 인프라나 새롭게 ML 작업을 위해 필요한 애플리케이션 등을 판단하는 근거가 된다.때문에 수집된 Raw Data를 활용하는 “영역에 맞게” 적절히 수정하여 사용하...+ 더보기",5,2022-10-02
300414272,데이터로 전문가처럼 말하기,13986917,책조앙,"‘데이터 분석’은 몇 년 전부터 항상 순위권에 있는 핫한 키워드다. 우리 주변에서도 인기를 쉽게 체감할 수 있다. 대학가에서는 수요에 맞춰 데이터사이언스학과, 빅데이터학과 등 다양한 데이터 관련 학과를 만들었다. 대기업은 데이터 분석 직무를 영업과 마케팅처럼 새로운 포지션으로 채용하기 시작했다. 이렇듯, 우리는  데이터 분석의 중요성을 곳곳에서 체감하고 있고, 유행처럼 R과 Python을 비롯해 많은 분석 언어를 학습하는데 몰두하고 있다. 하지만, 우리는 정작 분석하는 방법만 배웠을 뿐 분석을 통해 알아낸 결과를 어떻게 ‘잘’ 보여...+ 더보기",5,2022-10-05
300414272,데이터로 전문가처럼 말하기,13979238,lagunerio,이 책에서는 저자의 많은 경험을 기반으로 데이터를 기반으로 소통할 때 어떻게 해야더 효율적일 수 있었는지 알려준다. 그리고 데이터 시각화 요소를 설명하면서하나하나씩 의사소통 상황을 예시를 들어 설명해준다. 그 안에서 많은 인사이트를얻어갈 수 있었다.한빛미디어 '나는 리뷰어다' 활동을 위해서 책을 제공받아 작성된 서평입니다. 서평 전문 링크: https://teki.tistory.com/87,5,2022-10-02
300414272,데이터로 전문가처럼 말하기,13983961,데미안,"여러분들은 데이터, 혹은 데이터 사이언스를 무엇이라고 생각하시나요? 제가 갖고있는 데이터 사이언스에 대한 정의는 다음과 같습니다. 그것은 바로 ‘인간 본성에 저항하기 위한 의심의 도구‘입니다. 이런 생각을 가지게 된 것은 주로 직장생활에서의 경험에서 비롯되었습니다. 회사에서 어떤 문제가 발생할 때, 그 해결방법을 찾는 방법에는 여러 가지가 있습니다. 하지만 아직 제가 다니는 회사에서는 몇몇 베테랑 직원분들의 노하우나 임원들의 개인적 판단에 의해 방법이 결정되는 경우가 잦았습니다. 그러나 최근 데이터 기반 의사결정에 대한 선호가 높아...+ 더보기",4,2022-10-04
300414272,데이터로 전문가처럼 말하기,13993324,봉봉,"IT에서 보기 드문 소프트 스킬과 데이터가 같이 녹여 나온 책으로 단순한 시각화에 대한 책이 아닌 '데이터를 기반한 소통'에 관해 이야기합니다.데이터 분석 업무를 하면서 다양한 조직과 소통해야 하는 기회가 있어 어떻게 해야 각자 다른 데이터 리터러시와 부서에 따라서 효과적으로 의사소통을 할 수 있을까 고민하던 차에 한빛미디어에서 데이터로 전문가처럼 말하기라는 책이 나왔습니다.3부로 나누어져 1부에서는 커뮤니케이션과 데이터에 대한 기본(데이터 정의, 데이터 구성, 수집, 저장소 등), 2부에서는 데이터를 시각화하여 효과적으로 커뮤니케...+ 더보기",5,2022-10-07
300414272,데이터로 전문가처럼 말하기,13967914,박정빈,"""한빛미디어 <나는 리뷰어다> 활동을 위해서 책을 제공받아 작성된 서평입니다.""데이터로 전문가처럼 말하기는, 효울적 의사 전달을 위한 데이터 시각화와 비지니스 스토리텔링의 기술을 소개하고 있습니다.개인적으로 저는 데이터 시각화를 정말 좋아합니다.평소, 말을 잘 하지 못하는 타입이라 어떻게 하면 나의 의견을 상대에게 잘 전달할 수 있을까? 고민을 해왔고 그에 대한 답을 데이터 시각화에서 얻었습니다.데이터 시각화를 어떻게 하냐에 따라서, 전달하고 싶은 말, 주장을 잘 표현할 수 있거든요.이 책에서는 제가 지금까지 고민해왔던 ...+ 더보기",5,2022-09-28
300414272,데이터로 전문가처럼 말하기,13982421,teddiemy0,"데이터를 활용한 자율주행 진일보한 AI 그리고 머신러닝 등 새로운 기술의 발전으로 우리의 삶은 어느때보다 빠르고 윤택하게 변하고 있습니다. 물론 제품과 서비스의 품질 일관성이 없고 편차가 넓은 문제가 발생하기도 하였는데, 당시엔 사업이 확장하고 있던 초창기였다보니 시행착오가 많았을 것입니다. 현재는 정말 많은 데이터들이 쌓였고 이를 활용한 다양한 기법을 통해 시스템을 진화시켰습니다.​이제 정말 많은 기업들이 데이터의 중요성에 대하여 잘 알고 있습니다. 대한민국 기업에서 일하는 대부분의 한국분들은 기본적인 엑셀 함수나 ppt 슬라이드...+ 더보기",5,2022-10-03
128641063,파이썬으로 배우는 웹 크롤러,9998814,sidney,아주 쉬운 파이썬 웹 크롤러 입문서입니다 난이도가 워낙 완만해서 막히는 부분은 전혀 없을겁니다 파이썬으로 웹페이지를 효과적으로 가져와 분석하는 방법을 빠르게 배울수 있을겁니다,4,2018-04-02
128641063,파이썬으로 배우는 웹 크롤러,10941666,jason,한 번 읽어서는 잘 이해가 안 감.여러번 다시 읽어야 할 것 같은데다른 기초 서적을 읽은 후 다시 도전해볼 생각.,4,2019-06-29
128641063,파이썬으로 배우는 웹 크롤러,10545350,네스라인,"웹 크롤러는 페이지를 돌아다니는 행위인 크롤링, 특정 페이지의 데이터를 수집하는 행위 스크래핑의 총칭해서 부릅니다.이러한 크롤러가 가장 잘 구현된 서비스가 검색엔진입니다. 검색엔진은 크롤러를 통해 다양한 페이지를 수집 후 검색 키워드에 맞추어 사용자에게 제공해 주는 서비스입니다.크롤러를 만들기 위해서는 클라이언트, 서버, 파이썬이 필요합니다.클라이언트 - 웹 브라우저 및 웹을 의미합니다. 데이터를 요청하여 받아온 데이터를 사용자들에게 제공합니다.서버 - 클라이언트가 필요한 데이터를 제공해주는 역할을 합니다.파이썬 - 다른...+ 더보기",5,2018-12-18
302672625,파이썬 라이브러리를 활용한 텍스트 분석,14128415,진,파이썬을 바탕으로 AI개발은 이세돌과 알파고 대전 이후 많은 분야에서 투자도 하고 인력도 늘리는 추세이다.비단 강화 학습뿐만 아니라 자연어 처리 등 다양한 분야에 기대가 큰 상황 속에 꾸준히 관심을 두는 분야는 텍스트 부분인데요.텍스트 분석을 처음 접하는 분들에게 추천해 드릴만한 책이 있어서 소개해드리려고 합니다.바로 ‘파이썬 라이브러리를 활용한 텍스트 분석’입니다.이 책은 뉴스 등 텍스트 데이터 분석할 방법들이 상세히 서술돼 있어서 초보자분들도 쉽게 이해할 수 있습니다.그럼 두 가지 정도로 요약해 보도록 하겠습니다.1) 데이터 수...+ 더보기,5,2022-11-27
302672625,파이썬 라이브러리를 활용한 텍스트 분석,14128157,nanhmjjang,텍스트 분석에 필요한 거의 모든 기술과 라이브러리를 핵심만 쉽고 간결하게 전달하고 있어 놀랍다.이 책의 가장 큰 장점은 생산성에 있는 것 같다. 독자로 하여금 빠른 시간 내 텍스트 분석 실무에 적응할 수 있고 한 권의 책으로 제품화까지 구상하는 데 큰 무리가 없게 구성하고 있기 때문이다.책의 원서 제목이 “Blueprints for Text Analytics using Python”인데 가히 Blueprints라는 용어를 쓸 수 있을만큼 텍스트 분석 생태계에 필요한 전반을 한 권의 책으로 통일성있고 유기성있게 엮어...+ 더보기,5,2022-11-27
302672625,파이썬 라이브러리를 활용한 텍스트 분석,14456679,수리공자,"이 책은 Python을 사용하여 자연어 처리 및 텍스트 분석에 대한 실용적인 지식을 얻고자 하는 모든 사람에게 적극 권장됩니다. 주제에 대한 전반적인 이해를 향상시키기에 충분한 정보를 제공합니다.『파이썬 라이브러리를 활용한 텍스트 분석』이 책은 번역서이기에, 영어 텍스트를 기반으로 실습을 진행합니다. 개인적으로, 챕터별로 하시면서 '한글'데이터를 검색해서 구하셔서 여기서 사용한 라이브러리나 한국어에 맞는 토크나이저나 형태소 분석기 등을 이용해서 비슷하게 결과물이 나오도록 하면 더 좋은 실습이 될 것입니다. 텍스트 분석의 프...+ 더보기",5,2023-03-26
302672625,파이썬 라이브러리를 활용한 텍스트 분석,14129532,머가필요해,"파이썬으로 자연어 처리를 하고 싶다면공부해볼만한 책 한 권을 소개하고자 한다.원서 제목은 다음과 같다.""Blueprints for Text Analytics Using Python""발행한지 얼마 안된 따끈따끈한 책이다.원서는 2020년 12월에 출간되었으니약 2년의 시차가 있어서 조금 아쉽기는 하지만지금 공부하기 해서 활용하는데에는 부족함이 없다.이 책은 텍스트 분석에 대해서 처음 접하는 분들이 아니라텍스트 분석을 실제 구현하고자 하는 분들을 위한 책이다.다만, 기본적으로 영어를 기반으로 하기 때문에한글 텍스트 분석을 위해...+ 더보기",5,2022-11-27
302672625,파이썬 라이브러리를 활용한 텍스트 분석,14125766,efrks,"""한빛미디어 <나는 리뷰어다> 활동을 위해서 책을 제공받아 작성된 서평입니다.""정확한 시점을 지정할 수는 없겠으나 SNS를 통한 트렌드 혹은 리뷰 분석 등으로 텍스트 데이터 분석이 주목을 받은 지도 이제는 거의 10년이 다 되어갑니다. 특히 자연어처리 기술의 급부상으로 인하여 텍스트 데이터에 대한 관심이 더욱 늘어났는데요. 2-3년 전만 하더라도 텍스트 데이터 처리에 대한 자료를 일목요연하게 정리해 놓은 텍스트북이 많지 않았습니다만, 이제는 시중에 많은 텍스트 데이터 ...+ 더보기",4,2022-11-26
302672625,파이썬 라이브러리를 활용한 텍스트 분석,14461725,Ja,"이런 와중 이 책을 받았다. 시의적절하다고 할 수 있다. 파이썬 라이브러리를 활용한 텍스트 분석이라는 책인데, 고난도 자연어처리까지는 아니지만 어떻게 텍스트 데이터를 컴퓨터를 활용하여 처리할 수 있는지 알려준다. 최신 머신 러닝 내용까지는 아니지만, LDA나 NMF와 같은 전통적인 분석 방식과 텍스트 임베딩 정도 수준까지 나온다. 사실 분석도 분석인데, 이 책 앞부분은 데이터를 어떻게 모을지, 어떤 식으로 다루는지에 대한 내용도 꽤 있다. 표지는 다음과...+ 더보기",5,2023-03-28
5999487,자바 개발자도 쉽고 즐겁게 배우는 테스팅 이야기,3403785,wisi11,실무에 도움이 많이 되었습니다.,5,2010-02-08
5999487,자바 개발자도 쉽고 즐겁게 배우는 테스팅 이야기,3489339,짱가,"테스트! 언제 강조해도 지나치지 않을 단어... 
근데 어떻게 하는거야? 어떻게 해야 하지? 
테스트는 테스터 또는 QA 가 해 주는거 아닌가? 
라고 생각하며 지내는 개발자와 
TDD 가 센세이션을 일으키며 개발자 사이에서 신기술을 받아들이는 것처럼 유행하면서 
알게된 단위 테스트/통합테스트/인수테스트 에 대한 용어... 

이런것들이 우리 개발자가 알고 있는 테스트에 대한 인식일 것이라고 생각을 한다.

blog2book 의 자바성능튜닝에 대해서 좋은 책을 써주었던 이상민님이 
이번엔 테스팅 이야기를 통해서 특...+ 더보기",5,2010-03-08
299156323,클라우드 엔지니어를 위한 97가지 조언,14134411,강건,"마이크로 서비스 패턴 및 클라우드 자동화 파트를 공부하면서 접하게 된 책입니다. 공부만 해오다 보니 항상 실무에서 배우지 못한 부분이 많았는데, 활동 중인 클라우드 엔지니어들로부터 실제 서비스에서는 어떻게 다루고 있는지,어떤 점을 중요하게 생각하고 있는지 접할 수 있는 계기가 되었습니다",5,2022-11-29
299156323,클라우드 엔지니어를 위한 97가지 조언,14090138,아살리아,"운이 좋게도 길벗에서 진행하는 책 리뷰에 당첨이 되어서 이번에 '클라우드 엔지니어를 위한 97가지 조언'이라는 책의 리뷰를 할 수 있게 되었습니다. 현재하고 있는 일이 관련된 일이기도 해서 업무를 하는 데 있어서 도움이 될 수 있을 거라는 생각에 리뷰를 신청하였으며, 책을 읽어본결과 의도한데로 업무를 하는데 있어서 도서명과 같이 '조언'이 될 수 있는 내용이 수록되어 있어서 만족하면서 읽었습니다. IT 서적을 2일 만에 읽기는 쉽지 않은데 책 내용이 어려운 기술서적과 같은 내용이 아니고 조언 형식으로 되어 있기 때...+ 더보기",5,2022-11-13
299156323,클라우드 엔지니어를 위한 97가지 조언,13991686,심란한하루,"이 책은 클라우드에 관심이 있거나 이제 막 입문한 사람이 읽기에 좋은 책입니다.클라우드가 무엇인지? 왜 클라우드가 필요한지? 클라우드의 앞으로의 확장성, 향후 미래 등여러가지 생생한 이야기를 현직 클라우드 엔지니어들로부터 들을 수 있었습니다.이 책은 86명의 클라우드 엔지니어가 클라우드 세부 주제에 맞는 각자의 이야기 또는 의견을 서술하였기 때문에 전문 기술을 다루는 책이라기보다는 현업에서 활동 중인 클라우드 엔지니어들의 업무에 대한 꿀팁과 노하우를 얻을 수 있어 업무를 함에 있어 많은 도움이 되었습니다.클라우드에...+ 더보기",5,2022-10-07
299156323,클라우드 엔지니어를 위한 97가지 조언,13996068,hong_eo_sam_hab,마치 강연을 듣는 것처럼 여러 명의 클라우드 엔지니어로부터 그들이 클라우드를 운영하면서 느낀 내용들을 엿볼 수 있었다.​마냥 기술적인 내용만 담긴 것이 아니기 때문에 나 같은 클라우드 입문자들도 부담없이 읽을 수 있다.​또한 한 챕터를 다 읽어야 다음 챕터를 읽을 수 있는 것이 아니기 때문에 목차를 보고 필요하거나 관심이 있는 내용을 먼저 읽어볼 수 있다.​특히 가장 인상 깊었던 구절은 기술로 하여금 세상을 보다 나은 곳으로 만들어 나가는 ~ 이라는 구절이다. ​나 역시 기술 역량 강화에만 관심이 있는 엔지니어다. 하지만 한 클라우...+ 더보기,5,2022-10-09
299156323,클라우드 엔지니어를 위한 97가지 조언,13997431,scamper_kay,​[] 첫 인상​이 책을 처음 받아보고는 실망했다.기술에 관련된 내용은 없으며 사용자들에 인터뷰가 다였기 때문이다하지만 책을 읽으면서 나의 생각은 달라졌다.​[] 인상 깊었던 점​운영과 신뢰성 - 취약성의 힘          -Ken Broeren-누구나 실수를 할 수 있지만 그 실수를 받아들이고 문제해결을 위해빨리 공유해야 한다​독자는 실제로 위와 같은 문제를 많이 겪어봤다자신의 잘못이 드러나지 않기 위해 혼자 숨기고 해결하려다문제해결 시기를 늦추게 만드는 경험을...매우 간단하지만 중요한 부분이다.​[] 느낀점​이 책은 독자가 ...+ 더보기,5,2022-10-09
345585202,이지파이썬 2,15849341,knou0318,"Facebook을 보던 중에[ 이지 파이썬 1, 2 ] 출간 소식을 알게 되었고출간 이벤트를 진행하는 것을 보고머리보다 손이 먼저 클릭을 하여응모를 해서[ 이지 파이썬 1 ]을 선물받고리뷰를 작성하고[ 이지 파이썬 2 ] 선물을 받았습니다파이썬을 빨리 배워야 하는 분들에게 강력 추천합니다모든 나라의 언어로 번역되는 날이 오길...",5,2024-09-14
273702619,빅데이터 분석과 기계학습,12697659,작은나무,"빅데이터 시대, 알고리즘을 이해하는데 큰 도움이 되는 좋은 책입니다^^",5,2021-06-16
273702619,빅데이터 분석과 기계학습,12698135,kdr0490,AI 시대에 자료분석과 기계학습 프로그램을 활용 분석하는데 도움이 많이 되겠습니다.,5,2021-06-16
273702619,빅데이터 분석과 기계학습,12699610,노을,최근 각광 받고 있는 기계학습 기법에 대해 친절히 소개했네요 기계학습 기법으로 논문을 쓰려고 하는 대학원생과 빅데이터 분석 기법에 대해 알고자 하는 분들에게 좋은 선택이 될 듯 합니다,5,2021-06-17
273702619,빅데이터 분석과 기계학습,12700140,onedy,"요즘 AI 관련 연구, 빅데이터에 대한 관심이 높아지고 있지만, 막상 책들을 찾아보면 제 연구에 적용하기에는 막막했습니다. ‘빅데이터’로 검색해서 이 책을 찾게 되었는데 R로 바로 실습 할 수 있고 분석의 단계 단계마다 자세히 안내되어 있어서 당장 활용할 수 있다는 차별성이 느껴집니다.",5,2021-06-17
21358694,HTML5 캔버스 완벽 가이드,6229340,별빛천사,"기존 HTML버전이 HTML5로 넘어오면서 많은 기능을 접목시킬 수 있게 되었고, HTML5를 활용해서 기존의 웹 페이지뿐만 아니라 모바일 앱으로 구현할 수 있는 부분도 다양해지고 수준도 높아졌다. 특히 HTML5를 이용하여 웹과 모바일 양쪽에서 파워풀한 멀티미디어 기능을 구현할 수 있다는 점도 돋보인다. 개인적으로도 기존버전에서는 어려웠던 그래픽과 멀티미디어 관련 강력한 기능들을 HTML5를 통해 보다 손쉽게 사용하면서도 다양하게 구현할 수 있다는 것에 매력을 느꼈기에 이 책에서 다루는 HTML5의 캔버스 기능을 활용하기 위한 다...+ 더보기",5,2013-03-12
301881567,어쩌다 데이터 분석 with 파이썬,14025805,tnsgh9603,데이터 분석 핵심 라이브러리를 배울 수 있는 책입니다.https://blog.naver.com/tnsgh9603/222905376357,5,2022-10-20
301881567,어쩌다 데이터 분석 with 파이썬,14029140,정하영,파이썬 데이터 분석의 시작이자 기초를 다지는 책책의 목차만 봐도 알겠지만 무작정 시작하는 코딩책이 아니라 데이터분석의 필요성부터 얘기하고 있다.각종 라이브러리 설명과 실습까지 자세하고 친절하게 얘기하고 있다.이 책의 강점은 EDA실습 부분이라고 생각한다. 꼭 해보자!,5,2022-10-21
301881567,어쩌다 데이터 분석 with 파이썬,14042892,류류,"데이터 분석은 이제 전공자뿐만 아니라 다양한 직무의 사람들이 필요로 하는 역량이 되었다. 이 <어쩌다 데이터 분석 with 파이썬>은 비전공자도 쉽게 파이썬을 이용한 데이터 분석을 시작할 수 있게 도와주는 책이다.책의 구성이 한 챕터별로 상세히 적혀있어 필요한 내용을 찾아서 보기에도 좋게 되어있다. 데이터 분석을 시작하는 사람을 위해 데이터 분석이 무엇인지, 개발 환경은 어떻게 구축하는지 등의 기초부서 상세하게 설명되어 있다.이러한 기본적인 내용부터 데이터 정제, 응용, 병합, 재형성, 시각화 등 데이터 분석의 첫걸음을 ...+ 더보기",5,2022-10-26
301881567,어쩌다 데이터 분석 with 파이썬,14054116,김선태,최근 국내 데이터 산업의 시장규모는 20조원을 돌파했고 최근 3년간의 연평균 시장 성장률은 11.3%라고 한다.데이터를 의사결정에 활용하는 산업이 늘어남에 따라 데이터 직군의 수요는 계속 늘고 있다고 하는데 막상 데이터 분석의 실무를 접해볼 수 있는 일은 쉽지 않다. “어쩌다 데이터 분석” 은 저자 본인이 데이터 분석을 밑바닥 부터 공부한 경험을 바탕으로 하여 데이터 분석 과정에 대한 합리적인 학습 과정을 제시 한다. 또한 초심자 때 우선적으로 배워야 할 핵심 내용 및 같이 배우면 좋을만한 내용을 수록 했다. 책의...+ 더보기,5,2022-10-31
301881567,어쩌다 데이터 분석 with 파이썬,14051625,황인미,"왜 제목이 ""어쩌다.."" 일까 궁금했는데 작가 소개를 보니 알 듯하다미디어디자인 전공인 그녀가 ""어쩌다"" 파이썬을 스터디하고  책까지 쓰게 된...^^나도 화학을 전공하고 전업으로 살다 여기로 뛰어들었으니 어쩌다인 셈이라 왠지 마음이 간다책의 대상은 파이썬 문법을 기본으로 알고있는 사람으로 잡혀있어서 파이썬 기본문법은 다른 곳에서 봐야할 듯하다하지만 필요한 기본 문법은 정리가 되어있다파이썬은 쥬피터노트북을 기본으로 하지만 구글 코랩도 할 수 있다고 설명되어있다데이터 분석에 필요한 넘파이, 판다스, 맷폴립, 시본 모듈에 대해 간단히 ...+ 더보기",5,2022-10-30
301881567,어쩌다 데이터 분석 with 파이썬,14026091,회귀행자,"회사, 공공기관 등 많은 조직에서 데이터에 기반한 의사결정을 강조하면서 많은 사람들이 데이터 분석을 스스로 공부하여 수행하게 되었다. 이 중에는 본인의 전공이나 주 업무 분야가 데이터를 다루는 것과 거리가 멀어서, 데이터 분석을 혼자서 공부하고 나아가서 실제 업무에 적용하려면 어떻게 해야 하는지 막막한 경우가 많다. 그런 사람들에게 이 책은 탁월한 길잡이가 되어 준다. 맨 처음에 파이썬과 몇몇 중요한 라이브러리를 설치하는 것부터 친절하게 알려준다. 그리고 판다스를 이용해서 데이터를 정제하고 가공하는 여러 가지 방법을 가르쳐...+ 더보기",5,2022-10-20
301881567,어쩌다 데이터 분석 with 파이썬,14456414,growlamb,"많은 회사에서 데이터 분석 능력을 원하고 우대해주고 있습니다. 빅데이터 시대에 데이터 분석의 의미가 중요해지는 시점에서 다양한 방법들이 쏟아져 나오고 있는데요. 이번에 소개할 어쩌다 데이터 분석 with 파이썬는 데이터 분석을 위해 반드시 알아야 할 판다스, 넘파이, 맷플롯립, 시본 등 파이썬 핵심 라이브러리를 사용해 데이터를 분석하고 시각화하는 방법을 배울 수 있습니다. 파이썬 기초는 알고 있지만, 데이터 분석에 어려움을 느끼는 분들을 위해 판다스 핵심 레시피와 예제를 통해 쉽게 익힐 수 있습니다. 데이터 분석을 시작하기...+ 더보기",5,2023-03-26
301881567,어쩌다 데이터 분석 with 파이썬,14456674,ghghgh,데이터 분석의 영역에서 프로그래밍 언어인 R과 Python은 양대산맥이다. 그중 R은 데이터 분석에 특화된 언어로서 통계와 관련된 여러 라이브러리 및 도구를 제공하지만 범용성이 떨어진다는 단점이 있다. 반면 Python은 범용성을 갖고 있으며 데이터 분석과 관련해서도 훌륭하고 다채로운 라이브러리를 제공하고 있다. 이뿐만 아니라 일반인이 쉽게 접근할 수 있는 장점을 갖추고 있어 데이터 분석을 Python으로 시작하는 추세가 곳곳에서 감지되고 있다. 데이터 분석과 Pytnon의 만남은 시대가 만들어 낸 하나의 움직임이고 바야흐로 대세가...+ 더보기,4,2023-03-26
301881567,어쩌다 데이터 분석 with 파이썬,14051351,가나다라아차,"머리가 나쁘면 몸이 고생한다는 말이 맞는 것 같다.

	​

	판다스는 이미 나의 이 얄팍한 지식을 대비해서 다 함수를 만들어 두었다.

	아마 이 책을 접하지 못했다면, 계속해서 내 나름대로 딕셔너리를 쓰면서 데이터들을 만지고 있었을 것 이다.

	​

	이번 리뷰를 통해서 아직도 갈 길이 멀다는 것을 느끼는 리뷰가 되었고........

	아 너무 자기 성찰만 한 것 같다.

	​

	​

	일단 처음 말했던 이 책의 대상독자는 데이터 분석가 입문자들을 위한 책이라고 언급한 것 처럼,

...+ 더보기",4,2022-10-30
301881567,어쩌다 데이터 분석 with 파이썬,14456345,알송달송,"『어쩌다 데이터 분석 with 파이썬』은 데이터 분석 초보자도 쉽게 따라할 수 있는 입문서입니다. 이 책의 큰 장점은, 데이터 분석을 처음 시작하는 사람도 따라하기 쉬운 단계별 설명과 다양한 예제들이 제공된다는 것입니다. 예제를 직접 따라하면서 실제 데이터 분석에 대한 이해도를 높일 수 있어요.또한, 이 책에서는 파이썬을 이용하여 데이터 분석에 필요한 라이브러리(Numpy, Pandas, Matplotlib 등) 사용법을 자세하게 소개하고 있습니다. 파이썬에 대한 기본적인 지식부터 시작해서, 기초적인 데이터 전처리, 시각화, 통계 ...+ 더보기",4,2023-03-26
301881567,어쩌다 데이터 분석 with 파이썬,14455393,shoeshy,"도서 제목처럼 어쩌다 보니 데이터 분석 관련 2번째 도서다.     제목부터 뭔가 딱딱하지 않아서 관심이 가는 책.저자가 디자인 전공자라 그런 것인가.     2022년 9월 29일에 출판되었고, 저자는 디자인 전공이나 파이썬 프로그래밍과 데이터 분석 스터디를 통해 정부 과제 및 금융 서비스 프로젝트에 참여한 이력이 있는 분.저자가 초심자였을 때를 떠올리며 책을 썼기 때문에 독자들을 좀더 배려해서 책을 쓰지 않았을까 기대가 된다.대상 독자는 초중급. 일단 기본적인 파이썬 핵심 내용 정도는 알고 있어야 한다는 뜻이겠...+ 더보기",5,2023-03-26
301881567,어쩌다 데이터 분석 with 파이썬,14453182,pinkpig,"<어쩌다 데이터 분석 with 파이썬>추천 독자 : 데이터 분석과 시각화 기초를 가볍게 공부하고 싶은 비전공자난이도 : 초급~중급 사이파이썬 완전 기초는 알려주지만 프로그래밍의 'ㅍ' 자도 모르는 사람들은 좀 더 많은 노력이 필요하다. 파이썬 왕초보 도서로 기초를 먼저 공부하거나 책에서 모르는 내용을 그때그때 찾아보면서 공부한다면 실습하는데 지장이 없을 것으로 생각된다.실습 프로그램 : 주피터 노트북아나콘다, 구글 코랩 등 파이썬 언어를 실행시킬 수 있는 그 어떤 애플리케이션도 가능!데이터 분석 능력, 이젠 갖춰야 한다....+ 더보기",5,2023-03-25
301881567,어쩌다 데이터 분석 with 파이썬,14079218,min,데이터 분석을 위한 대표적인 프로그래밍 언어인 파이썬!파이썬의 기초적인 문법은 익혔지만 이것을 이용해서 데이터 분석을 하는 데에는 아무래도 무리가 있다.캐글이나 데이콘에 있는 코드를 무작정 따라하자니 처음보는 명령어들이 많았고 한문장 한문장 넘어갈 때마다 왜?? 라는 말이 절로 나왔다. 그래서 데이터 분석을 위한 파이썬 교재를 하나 마련해서 기초부터 차근차근 공부해야겠다고 생각했다. 파이썬에 대한 관심이 증가하고 있는 만큼 교재가 정말 많았는데 이 중 <어쩌다 데이터 분석 with 파이썬>을 선택했다.1장에서는 데이터 분...+ 더보기,5,2022-11-09
372431507,디지털 마케팅 용어 도감,16805089,THEGREENOCEAN,디지털 마케팅에 대한 용어를 한 권에 집약해서 보여주는 좋은 책이다,5,2025-10-13
372431507,디지털 마케팅 용어 도감,16804909,kmw,디지털마케팅용어를 쉽게 이해할 수 있는 책이라 읽으면서 공부가 됩니다.,5,2025-10-13
372431507,디지털 마케팅 용어 도감,16809786,anthem99,디지털 마케팅의 복잡한 용어들을 쉽고 명쾌하게 풀어낸 친절한 안내서,5,2025-10-15
372431507,디지털 마케팅 용어 도감,16785194,지이니,마케팅 용어는 이 책으로 모두 배울 수 있어 너무 좋네요.,5,2025-10-03
372431507,디지털 마케팅 용어 도감,16812459,체로키,디지털 마케팅을 이해하기 위한 입문서,5,2025-10-17
372431507,디지털 마케팅 용어 도감,16828172,깐도리,"""출판사로부터 도서 제공받아 작성한 주관적인 리뷰입니다”실버세대에게 꼭 필요한 디지털 교양은 디지털 리터러시 교육이 아닐까 싶다. 가끔 스마트폰 활용교육으로 대체되곤 하는데, 시대에 뒤떨어지지 않기 위해서, 디지털 문해력을 높이는데 주안점을 두고 있다. 무엇보다도, 관련 지식을 모르고 살아간다면, 사업이나, 비즈니스 ,경제에 있어서, 어려움과 붉편함을 느낄 수 있다. 현대 사회에서, 스마트폰 해킹, 보이스 피싱이 만연한 이유도, 디지털 문해력에 무지한 이들이 많은 이유도 한 몫을 하고 있다. 『디지털 마케팅 용어&...+ 더보기",5,2025-10-24
372431507,디지털 마케팅 용어 도감,16845046,서평달인,"'이 리뷰는 컬처블룸을 통해 출판사에서 도서를 제공 받아, 직접 읽고 작성한 리뷰입니다.'일러스트 로 쉽게 이해하는 디지털 마케팅 용어책을 선택한 이유코로나 사태는 한국 사회를 근본부터 변화시킨다.사회적 거리두기 라는 모임에 대한 규제가 강화되면서,온라인 이 빠르게 대중으로 파고 든다.디지털화가 전방위적으로 심화되면서 일 하는 방식, 사회의 문화,생활 습관 등 많은 것이 코로나 이전과는 송두리째 변화하고 있다.마케팅 분야에도 많은 변화가 있다.예전처럼 전단지를 돌리며 마케팅 하던 시대는 지났다.영세 자영업자들도 SNS 마케팅이 필수...+ 더보기",5,2025-10-31
372431507,디지털 마케팅 용어 도감,16809442,djkidol,"이 책은 마케팅 및 세일즈 분야에서 일하는 분들이나 이를 직업적으로 고려하는 분들, 혹은 가볍게 접하며 디지털 마케팅 및 마케팅 영역이 무엇인지, 알고자 하는 모든 분들에게 이론적, 실무적으로 도움되는 가이드북이다. <디지털 마케팅 용어 도감> 특히 세상과 시대가 변하면서 새로운 현상이나 개념의 등장, 그리고 사람들이 말하는 용어나 개념에 있어서도 신조어, 혹은 트렌드적 용어가 빠르게 전해지고 있는 현실에서 해당 분야의 경우 이론적으로 제대로 알아야 일정한 대응, 관리가 가능하다는 점도 참고해야 한다.​이에 책에서도 디지...+ 더보기",5,2025-10-15
372431507,디지털 마케팅 용어 도감,16812971,열정맘,"'이 리뷰는 컬처블룸을 통해 출판사에서 도서를 제공 받아, 직접 읽고 작성한 리뷰입니다.'모든 분야에 적용되는 디지털 마케팅 필수 용어스마트폰뿐만 아니라 생성형 AI까지 삶의 일부분이 된 지금디지털 마케팅은 더 이상 마케터들만의 용어가 아니다.디지털 마케팅은 대상 영역이 매우 넓고 새로운 버즈워드가 끊임없이 등장하기 때문에 모든 분야에서 필요성이 높지만,초보자가 관련 흐름을 따라가며 체계적으로 이해하기는 어렵다고 한다.그래서 마케터부터 시작해 광고 담당자,웹 제작 디렉터,엔지니어와 프로그래머까지 활용할 수 있는 필수 용어 256개를...+ 더보기",5,2025-10-17
372431507,디지털 마케팅 용어 도감,16806073,책끌,"이 포스팅은 정보문화사로부터 도서를 제공받아 주관적인 관점에서 살펴보고 작성했다.디지털 분야만큼 변화 무쌍한 분야가 있을까? 마케팅 분야에도 디지털이 도입되면서 수많은 약자와 용어들이 등장하고 있다. 인터넷에 검색해 봐도 정의가 제각각이고, 회의 중에 갑자기 던져진 용어에 머뭇거려 본 경험들이 있을 것이다.정보문화사에서 출간한 『디지털 마케팅 용어 도감』은 이러한 문제에 대해 현실적인 해결책을 제시한 책이다. 총 7개 장으로 구성된 이 책은 1,024개의 디지털 마케팅 용어를 담고 있다. 그중 핵심 256개 용어를 한 페이지씩 시각...+ 더보기",5,2025-10-14
372431507,디지털 마케팅 용어 도감,16809469,꽃사슴녹용,"[똑똑한 도서소개] 정보문화사, 디지털 마케팅 용어 도감글 / 사진 : 서원준 (news@toktoknews.com)경영 기법 중 하나라 할 수 있는 마케팅의 디지털 적 활용 방법을 제대로 알기 위해서 필요한 것은 바로 디지털 마케팅에 대한 정확한 이해라 볼 수 있는 지금, 디지털 경제 및 디지털 마케팅에 대한 여러 가지 어려운 용어들을 잘 이해하여 다른 도서를 볼 때 편안하게 이해를 할 수 있는 시간 마련하시기 바랍니다. 필자가 책에 대한 욕심이 워낙 강해서 닥치는 대로 서평을 진행하다 보니 책이 엄청 쌓이게 되었습니다....+ 더보기",5,2025-10-15
372431507,디지털 마케팅 용어 도감,16805083,THEGREENOCEAN,"디지털 마케팅 용어도감 저자 다케우치 테츠야는 와세다대학 정치경제학부를 졸업 NTT 데이터 코퍼레이트 디렉션등을 거쳐 2014년 디지털 애드버타이징 컨소시엄에 참가했다.디지털 마케팅 실무 용어 1,024개를 수록 트렌드한 마케팅을 위한 실무용어를 저자의 경험으로 풀어내고 있는 책이다 마케팅 용어는 줄임말이 많다.그리고 디지털 마케팅은 대상 영역이 매우 넓고 항상 새로운 버즈워드가 등장하기 때문에 전체적인 이미지를 그리기 어렵다는데 있다.디지털 마케팅 기본용어는 일반인들에게는 전혀 이해할 수 없는 줄임말이 많다는데 CX와 BX는 마케...+ 더보기",5,2025-10-13
372431507,디지털 마케팅 용어 도감,16810024,남늘,"** 본 후기는 도서만 출판사로부터 무상으로 제공받아 작성하였습니다. *** 저자 : 다케우치 테츠야* 출판사 : 정보문화사* 출간일 : 2025. 9. 25.* 페이지수 : 292페이지어렵기만 한 디지털 마케팅 용어를 일러스트로 쉽고, 재미있게 알아가는 책본인의 나이가 40대 이상이다!스마트폰을 이용하지만 유튜브를 보거나 검색을 하고, 통화나 문자, 카카오톡 정도만 할 줄 안다!나는 절대 내가 인터넷으로 물건을 팔 일이 없다고 생각한다!이런 사람이라면 이 책을 부탁이니 사서, 책장에 놓고 수시로 꺼내보기를 추천한다.몇년전 이하늬가...+ 더보기",5,2025-10-15
372431507,디지털 마케팅 용어 도감,16807241,koogi386,"*본 포스팅은 출판사로부터 도서를 제공받아 주관적으로 작성한 리뷰입니다.​회의실에 앉아 있었다. 팀장이 말했다. ""이번 캠페인은 CPA를 낮추면서 CTR을 높여야 합니다. 리타게팅도 적극 활용하고, SEO도 함께 최적화해야 해요."" 나는 고개를 끄덕였다. 하지만 솔직히 말하면, 그 단어들이 정확히 무엇을 의미하는지 절반도 이해하지 못했다. CPA가 비용인 건 알겠는데, 무슨 비용인지는 애매했고, CTR이 클릭과 관련된 것 같긴 한데 정확한 계산 방식은 몰랐다. 리타게팅이라는 말은 들어봤지만, 그게 리마케팅과 어떻게 다른지는 구분할 ...+ 더보기",5,2025-10-14
372431507,디지털 마케팅 용어 도감,16809707,줄라이북,"디지털 마케팅 용어 도감다케우치 테츠야 정보문화사 ▶ 출판사로부터 도서를 제공받아 작성한 주관적인 리뷰입니다.​​마케팅에 관심을 가지다 보면 생소한 용어를 많이 만난다. ROAS, LTV, SEO, CRM 같은 용어는 일반인에게는 익숙하지 않다. 매번 마케팅 용어를 검색해서 뜻을 알게 되더라도 뒤돌면 까먹기 일쑤였다. 이 책은 용어 도감이라는 제목에서 알 수 있듯 사전처럼 필요한 부분만 찾아볼 수 있도록 구성되어 있다. ​이 책에서 가장 좋았던 점은 각 용어마다 따라붙는 3개의 관련 용어가 정리되어 있다는 점이다. 예를 들어 '마케...+ 더보기",5,2025-10-15
372431507,디지털 마케팅 용어 도감,16804903,kmw,디지털 마케팅 용어 도감정보문화사 출판사로부터 해당 도서 지원을 받아 작성한 서평입니다.이 책은 일본 저자분이 쓰신 디지털 마케팅용어를 그림과 설명으로 재미있게구성된 책입니다.일본 저자분의 컴퓨터관련 책을 보면 대부분 이렇게 눈을 즐겁게 하는 그림과 2가지 밝은 색으로 구성되고 설명도 풍부하고 예를 들어 설명한 것까지 일본 특유의책이라는 것을 알 수가 있습니다.디터털 마케팅용어는 세계 공통으로 사용하므로 일본책이라고 다를 것 없으며오히려 동양적인 면에서 미국저자분의 책보다는 이렇게 일본 저자분의 책이저에게는 오히려 더 읽기가 쉽게 ...+ 더보기,5,2025-10-13
372431507,디지털 마케팅 용어 도감,16785782,jochaeg,"*출판사로부터 책을 제공받았으나 최대한 솔직하게 작성했습니다.   디지털 마케팅 용어 도감저자다케우치 테츠야출판정보문화사발매2025.09.25.오늘도 안녕하세요,네이버 블로거 '조용한 책 리뷰어''조책'입니다 :)​#책추천 #책읽기 #책스타그램 #책리뷰 #서평 #서평단 #도서서평 #독서노트 #독서일기 #독서 #서평 #서평단 #신간소개 #  ​​저자인 다케우치 테츠야는 일본에서 오랫동안 마케팅 현장을 경험해 온 전문가라며, 단순히 이론적인 틀을 전달하는 것을 넘어서, 실제 비즈니스 환경에서...+ 더보기",4,2025-10-03
372431507,디지털 마케팅 용어 도감,16809833,tpffktm,"출판사로부터 도서를 제공받아 작성한 서평입니다.생각보다 빠르게 변화하는 디지털 세계 속에서 마케터나 관심 있는 이들이 마주하는 난제 중 하나는 낯선 용어들이란 점입니다. 단어 하나가 전략을 좌우하기도 하는 분야에서, 용어의 의미가 바로 이해되지 않으면 흐름을 놓치기 쉽습니다. <디지털 마케팅 용어 도감>은 그러한 허들을 낮추기 위해 등장한 책입니다. 이 책은 일러스트와 쉬운 설명을 곁들여 디지털 마케팅의 필수 키워드 256개를 용어 도감 형식으로 정리해둔 책으로 변화하는 디지털 세계 속 낯선 용어들을 독자가 쉽게 이해할 ...+ 더보기",5,2025-10-15
372431507,디지털 마케팅 용어 도감,16802191,두 녀석,"모든 분야에 적용되는 디지털 마케팅 필수 용어 출판사에서 제공한 도서를 읽고 작성하였습니다. ​'모든 분야에 적용되는 디지털 마케팅 필수 용어 1,024개'가  수록되어 있는 도서로 일러스트와 함께 간단. 명료하게 서술해 놓아 이해하는 데 도움을 준다. '모든 분야에 적용되는 폭넓은 용어 선정'과 '트렌드 한 마케팅을 위한 실무 용어'는 상식적인 차원에서 알아두면 좋은 디지털 마케팅 필수 용어이다. 읽다 보니 내가 아는 용어도 나와서 반갑기도 했고, 제대로 그 뜻도 파악할 수 있어 좋았다. 물론 너무 생소해서 용어와 의미를 익히기가...+ 더보기",5,2025-10-12
372431507,디지털 마케팅 용어 도감,16808224,selene,"이 리뷰는 컬처블룸을 통해 출판사에서 도서를 제공 받아,직접 읽고 작성한 리뷰입니다. 모든 분야에 적용되는디지털 마케팅 필수 용어디지털 마케팅 용어 도감 / 정보문화사 디지털 마케팅 첫 단계 디자이너로 채용되었지만 다양한 업무를 해왔습니다.그 중 제가 가장 어려웠던 게 마케팅이었어요.기본적인 내용은 알지만 실무로 적용하는 게 복잡하더라고요.그만 해야 되나 할 정도로 답답했습니다.그래도 처음 시작한다는 마음으로 [ 디지털 마케팅 용어 도감 ]을 읽게 되었습니다. p18 브랜딩 일러스트가 가...+ 더보기",5,2025-10-15
372431507,디지털 마케팅 용어 도감,16809793,anthem99,"[출판사로부터 책을 제공받아 주관적으로 작성하였습니다]​​마케팅 분야, 특히 디지털 마케팅은 말 그대로 용어의 숲입니다.매일 새로운 줄임말이 생겨나고, 회의 시간엔 영어와 숫자가 뒤섞여 춤을 춥니다.“CTR이요?”, “ROAS가요?” 그럴 듯하게 고개는 끄덕이지만, 속으로는 “그게 클릭률이었나, 광고 효율이었나…” 혼잣말을 하게 되죠.물어보자니 괜히 모르는 사람처럼 보일까 눈치가 보이고, 모른 척 넘어가자니 마음이 찜찜합니다.그럴 때 꼭 필요한 책이 있습니다.바로 <디지털 마케팅 용어도감 256>이 책은 디지털 마케팅의 ...+ 더보기",5,2025-10-15
372431507,디지털 마케팅 용어 도감,16821316,a4_1p,"▶▶ 이 리뷰는 컬처블룸을 통해 출판사에서 도서를 제공 받아, 직접 읽고 작성한 리뷰입니다.<디지털 마케팅 용어 도감>은 빠르게 변하는 디지털 환경 속에서 '일하는 언어'를 익히게 해주는 실무 교양서입니다.이 책은 마케팅, 분석, 개발, 경영 등 7개의 장으로 구성되어 있으며, 실제 업무에서 자주 접하는 개념을 짧고 명확하게 설명합니다.IT비전공자에게는 디지털 용어가 낯설고, 반대로 IT 종사자에게는 마케팅 용어가 익숙하지 않아 협업 시 소통의 어려움이 생기기 쉽습니다. 이 책...+ 더보기",5,2025-10-21
372431507,디지털 마케팅 용어 도감,16809889,컨텐츠리믹스,출판사로부터 도서를 제공받아 작성한 주관적인 리뷰입니다.[서평] 디지털 마케팅 용어 도감(일러스트로 이해하는 필수 키워드 256)이 책은 마케팅을 시작한 사람들에게 정말 꼭 필요한 책이라 생각됩니다. 마케팅에 대해서 공부하는 친구들한테도 너무 도움이 많이 될 것 같은 책입니다.먼저 그림과 이야기가 쉽게 해석되어 있어서 어려운 마케팅에 대한 이해와 풀이로 정말 좋은 책이라 생각됩니다.SNS를 하면 누구나 보게 되는 인피드 광고에서부터 한 번 봤던 제품에 대한 클릭고객을 다시 끌어들이는 리타겟팅 광고까지 어떻게 하면 좋을지? 어떤 광고...+ 더보기,5,2025-10-15
372431507,디지털 마케팅 용어 도감,16809822,ksm7462,"출판사로부터 도서를 제공받아 작성한 리뷰입니다.-​이전부터 마케팅에 관심이 있기도 했고, 최근 유통 관련 자격증 공부를 하고 있는데 과목 중에 마케팅 분야가 있어서이번 책이 마케팅을 공부하는 데 도움이 되지 않을까 싶어 보게 되었다.책 제목처럼 이 책은 디지털 마케팅 관련 용어를 사전식으로 짧은 기간 내에 습득할 수 있도록 정리되어 있다.책은 총 7장으로 구성되어 있는데, 1장에서 업무에 도움이 되는 디지털 마케팅 기본 용어를 정리한다.​2장부터 4장은 광고 관련 업계 담당자가 자주 쓰는 용어를 정리하고, 다음에 경영과 웹 3.0에...+ 더보기",5,2025-10-15
372431507,디지털 마케팅 용어 도감,16809748,플라메,"*출판사에서 책을 제공받아 작성된 글입니다.마케팅 일을 하다보니 관련 용어들을 알아야겠다는 필요성을 느껴 찾아 읽게 되었다. <디지털 마케팅 용어 도감>은 저자 다케우치 테츠야가 디지털 마케터로 활동하며 뽑은 마케팅 용어 256가지를 소개한 책이다. 직관적으로 이해가 안 될 수도 있는 개념도 일러스트를 이용해 머리에 쏙쏙 들어오게 도와주니, 신입 마케터라면 꼭 읽어보길 추천한다!책은 아래와 같이 크게 7가지 챕터로 나누어져 있다.-디지털 마케팅 기본 용어-타깃에게 도달하는 광고와 SEO 용어-정보 송출을 돕는 자사 소유 ...+ 더보기",5,2025-10-15
372431507,디지털 마케팅 용어 도감,16785207,지이니,"[출판사로부터 도서를 제공받아 작성한 리뷰입니다.]디지털 마케팅에 관심이 많은 저이기에 이 책(디지털 마케팅 용어 도감)이 나온 동시에 리뷰를 신청하지 않을 수 없었습니다. 이런 마케팅 용어를 모르는 비전공자들에게 꼭 필요한 용어정리집이란 생각이 드네요. ​여러 분야를 넘나드는 용어들을 이 책 하나로 정리해 주고 있어서 기대가 되는 책이랍니다. ​약어가 많은 용어 특징을 고려한 전체 명칭과 음차를 표시해 주고, 한 줄 정의와 설명, 일러스트로 쉽게 이해를 할 수 있도록 도와주고 있습니다. ​용어와 관련된 용어를 3개씩 추가로 알려주...+ 더보기",5,2025-10-03
372431507,디지털 마케팅 용어 도감,16808347,zlekfl,"도서를 제공받아 서평하였습니다인터넷 시대에 정말 다양한 기술들이 생겨나면서 정보 파악이 더욱 중요해졌습니다. 마케팅과 관련해서 거의 모든 부분이 디지털 사회로 바뀐지는 오래입니다. 그렇기에 관련 정보들을 보다 쉽게 이해하고 활용하기 위해서는 아무래도 용어에 대한 기본 지식 정도를 안다면 기본 이해뿐만 아니라 업무 처리를 위해 빠르게 전략적으로 해나갈 수 있습니다. 하지만 해당 용어들은 거의다 영어이기 때문에 직관적으로 이해하기 힘들다는 어려움이 있는데요. 그런의미에서 ""디지털 마케팅 용어 도감 일러스트로 이해하는 필수키워드 256""...+ 더보기",5,2025-10-15
372431507,디지털 마케팅 용어 도감,16812458,체로키,"* 출판사로부터 도서를 제공받아 작성한 리뷰입니다 *스타트업 대표님들의 사업화를 지원하면서 제가 맞닥뜨리는 주요한 어려움 중 하나는 바로 마케팅 전략이 없다는 것이다.아직 시장 진입 준비가 완료되지 않은 초기 대표님들조차도, 향후 어떻게 마케팅 캠페인을 전개하고 지속적인 매출을 창출할 것인지에 대한 깊은 고민을 안고 있는 것이 현실이다.개인적으로는 창업 초기 단계부터 이러한 고민을 시작하는 것은 매우 긍정적으로 평가하는 편이다.이는 기업이 지속 가능한 성장을 달성하기 위해 반드시 거쳐야 할 핵심적인 ‘통과의례’이기 때문이다.현재의 ...+ 더보기",5,2025-10-17
11520466,우울증 벗어나기,9387286,바람머리칼,성경 이야기를 우울증 증상에 견주어 신선하게 해석함..무엇보다 얇고 쉽다,4,2017-06-09
256123843,그린 엑소더스,12140576,태양,꼭 필요한 책이네요.,5,2020-11-15
348773,우리는 모두 돼지,3241462,airmoo,곱씹어볼 만한 내용이지만 이상하게 마음에 다가오지 않는다.,3,2009-12-02
348773,우리는 모두 돼지,4031280,우비소녀,"이 책을 우연히 들었을 때 정말 기뻤다. 이렇게 좋은 글이 만화로 쓰여졌다는 사실이 신기했고, 나뿐 아니라 많은 사람들이 만화를 접하면서 삶을 돌아볼 수 있겠다는 생각이 들었기 때문이다.  
만화이지만 결코 얕은 이야기를 하는 것이 아니다. 이 책은 불교철학을 쉽게 풀어놓았다. 귀엽고 얄미운 돼지들의 에피소드를 따라가다보면 읽는이도 그랬던 기억이 분명히 있음을 깨닫고 공감하게 된다.  
그런데 왜 하필 주인공들이 돼지일까? 일본어로 부처는 ‘붓타’고 돼지는 ‘부타’다. 물론 그 이유만...+ 더보기",5,2010-08-20
348773,우리는 모두 돼지,485046,깍두기,"알고 보면 진리는 참 단순한 것이다.  이 시리즈 세권의 제목대로 우리는 모두 돼지이지만 있는 그대로가 참 좋고, 힘든 일들도 알고보면 아무것도 아니다.
그런데 그 말의 울림이 책을 읽기 전과 읽은 후가 다르다. 이 책을 따라 곰곰히 내 마음여행을 하고 나면 있는 그대로는 예전에 알았던 있는 그대로가 아니고 아무것도 아닌 것도 그냥 아무것도 아니지만은 않다.(뭔 소린지? 하여간 이렇게 밖에 설명할 수 없다)
우린 모두 행복하고 편안하게 지내고 싶어하는데 너무 편안하고 행복하게 지내고 싶어하는 나머지 불행해지고 불편해지는...+ 더보기",5,2004-06-23
282189946,바리스타로 오신 예수,13086478,떡,생각보다 더 좋은 책. 쉽고 잔잔한 이야기를 통해 신앙의 중요한 지점들을 짚어줘요. 그림만 감상해도 알찬 감동이 있습니다. 읽는 내내 친구에게 커피 기프티콘과 함께 선물하고 싶다는 생각을 했습니다.^^,5,2021-11-11
211910329,로마서,16384770,온기,"버겁다, 내 힘으로 살아내는 건 버겁다그러나 우린 성령 안에 있을 때 살아낼 수 있다주 예수 그리스도의 십자가의 능력과 아버지 하나님께 영광 돌리는 삶을 말이다",5,2025-04-16
350918,중세교회사,5133684,바람처럼,웬만한 두께의 중세사보다 낫다.,4,2011-10-10
350918,중세교회사,4972284,책사랑,"진부하지 않은 중세교회사 개관서. 수업교재라 기대감없이 읽었는데 사회학적 관점으로 중세교회를 개관한 것이 매우 신선했다. 중세의 다양한 교회조직과 운동들의 생성, 소멸을 지켜보면서 많은 통찰들을 얻을 수 있었으며 나는 어떤 방식으로 하나님나라 운동을 해나가야 할까 고민하게 되었다.",4,2011-08-03
307357313,365 동행기도 지저스 리슨즈,14294997,ValueReader,"매 새해 하는 다짐 중 빠지지 않는 것이 묵상과 기도이다.그러나 매년 말, 항상 묵상과 기도가 불성실 했던 것 같다. 그래서 매년 초 매일의 묵상을 돕는 책이나 캘린더들을 관심을 가지고 찾아본다.그러다 만난 책 <365 동행기도, Jesus Listens>제목을 통해 알 수 있듯 이 책은 365일 매일의 묵상내용이 있다. 말씀이 제시되고 읽으며 묵상과 기도 할 수 있는 저자의 기록이 있다. 묵상과 기도에 도움이 되는 관련있는 성경 말씀이 각주로 추가로 제시되어 본문을 충실하게 읽다 보면 저자와 교재하며 함께 하는 기도와 ...+ 더보기",5,2023-01-25
307357313,365 동행기도 지저스 리슨즈,14291437,드럼세트,전세계에서 가장 많이 팔리고 인쇄된 책은 성경이라고 합니다. 과거에도 많은 사람들이 그것의 의미를 파악하려고 고민하고 생각했으면 지금도 그 뜻을 배우고 생각하고 고민하고 있는 책입니다. 종교 혹은 신앙의 의미를 넘어서 성경은 현존하는 많은 문화에 다양한 영향을 미치고 사회를 지탱하고 있는 한 축인 된것은 사실입니다. 이렇게 멋진 이야기를 보통 사람들이 모드 알기는 어렵습니다. 그래서 생활에서 우리가 쉽게 읽고 생각할수 있는 이야기를 365일에 매일 한 구절씩 읽고 생각할수 있게 구성된 책이 있어 리뷰합니다. 사라 영작가님이 쓴 36...+ 더보기,5,2023-01-24
307357313,365 동행기도 지저스 리슨즈,14282866,3진맘,기도가 저절로 되는 것이면 얼마나 좋을까. 신앙생활을 오래 한 사람도 대표기도 자리에 서면 횡성수설 할 때가 있다. 매일 꾸준히 해야하는 것 중에 중요한 것이 기도라고 생각한다. 기도는 내 삶의 주인이 내가 아닌 주님이심을 고백하는 행위라고 생각한다. 주권을 주님의 두 손에 올려드리는 표현이 기도라고 생각한다. 하지만 매일 꾸준하게 기도 한다는게 쉽지 않다.​사라 영저자의 '365 동행기도'는 365일 기도문으로 구성되어 있다. 성경 말씀과 관련된 성경 구절을 찾아서 읽어보며 말씀을 붙들고 기도할 수 있도록 구성되어 있다. 기도문에...+ 더보기,5,2023-01-20
307357313,365 동행기도 지저스 리슨즈,14297647,지젤,"365 동행기도 Jesus Listens, 사라 영 지음, CUP미국에서 가장 사랑받는 스테디셀러 작가인 사라 영(Sarah Young)의 신간이 나왔다. 사라 영의 <지저스 콜링>은 예수님과 가까워지는 특별한 방법으로 예수님께 직접 듣는 오늘의 말씀이라는 모토로 대화식 큐티 형식으로 되어 있다. 2004년에 출판되어 거의 10년 가까이 되었는데도 불구하고, 여전히 많은 이들에게 감동을 주고 있으며 많은 이들이 필사하는 책이기도 하다.세상이 온통 불확실하여 힘겹게 느껴지고, 하는 일이 내 뜻대로 잘 풀리지 않아 낙심될 때...+ 더보기",5,2023-01-26
307357313,365 동행기도 지저스 리슨즈,14306311,북쉐프,"새해가 시작되면서, 큰 꿈과 기대를 가지고 많은 목표를 세우게 됩니다. 영어 공부, 독서, 운동, 다이어트 같은 자기 계발에 관한 목표도 있고, 성경 통독, QT하기, 새벽 기도와 같은 영적 성장과 같은 목표도 있을 수 있습니다. 그러나 '작심삼일' 이라는 말이 있듯이, 우리의 결단과 다짐은 오래가지 않고, 쉽게 허물어져 버리고 맙니다. 성경은 우리에게 쉬지 말고 기도하라고 말하는데, 그 목표를 향해 나아가는 것이 쉽지 않습니다. 기도의 습관이 잡히지 않은 사람들에게 이 말씀은 큰 부담으로 다가올 수 있습니다. 그런 분들에게는 도움...+ 더보기",5,2023-01-29
307357313,365 동행기도 지저스 리슨즈,14303356,빛나리,"저자는 미국 대학에서 상담과 성경연구로 석사 학위를 받았고, 교회 개척과 상담사역에 힘쓰고 예수님과 친밀한 여정으로 이끄는 말씀을 기록하여 잔느 귀용이라 불린다고 책은 소개한다. 저자는 하나님의 말씀인 성경을 읽는 사람들과 연결시켜주는 것을 소명으로 여긴다. 365 동행 기도문은 하나님의 약속으로 가득 차 있어서 이 책으로 기도를 드리는 사람들에게는 하나님의 임재를 경험하게 된다. 나도 잔느 귀 용의< 예수그리스도를 깊이 체험하기 >를 읽으면서 하나님을 더 깊이 만나는 계기가 되었다. 이 책을 읽는 분들께 잔느귀용의  책...+ 더보기",5,2023-01-28
4616078,하나님의 이끄심,3163682,쩐디닥,"김우현 감독의 책인 '하늘의 언어'로 인해 한때 은사 문제, 특히 방언이 뜨거운 감자가 되었었다. 방언에 대한 저자의 지나친 강조가 방언 논쟁을 야기 시켰다. 물론 그 전에는 방언 논쟁이 없었던 것은 아니다. 그러나 그것은 학자들 간의 문제였다. 평신도가 방언 문제를 공론화시킨 것은 아마 김우현 감독이 거의 처음이지 않을까 싶다. 상황이 그러하니 뜨거운 감자가 된 것은 당연하다. 그로 인해 또 다른 평신도와 목회자 및 신학자의 반론과 재반론이 이어졌고, 동일하게 책으로 출간 되었다. '하늘의 언어'가 출간 된지 2년이 지난 지...+ 더보기",4,2009-10-20
4616078,하나님의 이끄심,3174918,예르미아빠,"하나님의 이끄심 






김우현 감독의 하나님의 이끄심은 그의 전작 하늘의 언어 이후 일어난 일들을 기록해 놓은 책이다. 하늘의 언어를 출간하고 한국 교회에 조용한 물결을 일으켰던 김우현 감독. 그리고 하늘의 언어를 갈망하는 수많은 이들을 위해 직접 그 현장 속으로 들어가 그들과 함께 기도하고, 찬양하며 일어났던 수많은 성령의 체험이 고스란히 기록되어져 있다. 팔복과 부흥의 여정을 통해서 하나님께서 이 시대에 바라는 부흥이 무엇인지 보여 주었다면, 하늘의 언어를 통해 어떻게 하나님께 나아 갈 수 있는지에 이야기 하고...+ 더보기",5,2009-10-27
105951668,우리 아이를 위한 지저스 콜링,9254844,stria,잠자리에 드는 시간에 꼭 읽어주는 책읽어주는 아빠도 마음에 감동을 받는데들으며 자는 아이들은 얼마나 큰 감동이 전해질까...,5,2017-04-03
2620656,마음에 빛을 주는 티벳 사자의 서 (CD 3장 + 낭송 대본),8799864,SALON,듣다가 잠들었는데 악몽꿨음,5,2016-09-30
2620656,마음에 빛을 주는 티벳 사자의 서 (CD 3장 + 낭송 대본),14184236,Grace,"<듣는 것으로 영원한 자유에 이르는 위대한 가르침>책의 겉표지에는 이렇게 적혀 있는데시골의 작은 도서관에서는 부록자료로 곁들여진 CD는 같이 대출하지 못했다.CD는 없단다....예전의 나 같으면 분명 시립도서관에 전화해서 이 책의 부록 CD를 들어야겠으니 대출이 되도록 해 주십사고 당부를 했을터이다.그러나 이제는 굳이 그러지 않는다.없다면 없는대로~나이가 들어 좋은 점이다. 죽음에 대해 내가 나름대로 정리할 수 있었던 책이 <롭상 람파의 가르침>이란 책이다.선악이 함께이고, 음양이 함...+ 더보기",5,2022-12-17
299524273,메시지 구약 모세오경 영한대역,14526463,이하라,"개신교, 로만 카톨릭 그외에도 영국 국교회, 그리스 정교회 등 알고 보면 예수 그리스도를 신앙하는 종교가 전체 종교인의 과반수일 것이다. 물론 그들 다수는 성경을 완독하는 경우들이 없다는 것도 상식적이다. 그럼에도 불구하고 현대인들의 정신 저변에 기독교적 원형은 탄탄하게 자리잡고 있지 않을까 싶다.휴거라던가 아마겟돈, 666, 짐승의 인, 적그리스도, 요한계시록, 종말론 등은 어미만 꺼내도 완성시키는 비신앙인들이 더 많을 것이다. 현대인의 의식에 저변을 이해하는데 성경을 빼놓는다는 것은 말도 되지 않는 일이 아닐까 싶다. 그리고 그...+ 더보기",5,2023-04-22
318323749,곁에.서.,14978176,모찌모찌,"사랑에 대한 휘황찬란한 미사여구들.'사랑'만큼 정의하기 힘든 단어가 있을까.우리는 어느샌가긍정적이고 아름답고 좋은 것만 보려고 한다.하지만 삶은 그렇게 단순하지 않다.기쁨과 슬픔이 교차하며 엮여있다.사랑은 가슴 뛰고 즐거운 일이지만,견디고 감내하는 오랜 시간과 에너지를 필요로 한다.사도 바울조차 사랑을 정의하면서제일 첫 문장에 '사랑은 언제나 오래 참고'를 적었을까?사랑으로 아이들 곁에서 온 마음을 다하고 있는,읽고 쓰며 가르치는 권일한 선생님.저자는 말로만 떠드는 사랑이 아니라,몸소 그 사랑을 보여주고 실천한다.그러하기에 이 사랑...+ 더보기",5,2023-10-13
318323749,곁에.서.,14970259,Mulan,"[곁에.서.](권일한, 새물결플러스)-feat. 책가방 9기 1st.성서교육회 독서모임 책가방도 어느덧 9기가 되었다. 이번 학기는 ‘권일한선생님 읽기 시즌2‘로 하자고 정했다. 이로써 내가 제일 많이 읽은 작가는 권일한선생님이 될 예정이다. 그리고 한동안 이 기록은 안 깨질 예정이다. ‘권일한선생님 읽기 시즌1‘에서 다섯 권의 책을 읽었고, 나 혼자 따로 읽은 [성경을 돌려드립니다]와 이번 독서모임의 [곁에.서.]까지, 지금도 부동의 1위다.권일한선생님 연수도 여러 번 들었다. 기독교사대회 선택식 강의를 두 번 들었고, 21년 글...+ 더보기",5,2023-10-09
318323749,곁에.서.,14676721,chang1999,"책 값이 15,000원이라니? 말도 안 된다. 책 내용에 비해 너무 저렴하다. 내가 생각하기에는 0을 더 붙여도 될 것 같은데 말이다. 지금까지 저자가 새 책을 낼 때마다 굶주린 사람처럼 하던 일들을 잠시 멈추고서라도 꼭 읽었다. 읽던 책도 잠시 내려놓고 말이다. 감동의 여운이 사라지기 전에 꼭 소감을 남기는 것도 늘 잊지 않았다. 이번 책 <곁에.서.>도 그럴 작정으로 읽어내려갔다. 금요일 저녁부터 읽기 시작해서 화요일 그러니까 5일 만에 마지막 책장을 덮을 수 있었다. 한 장 한 장 읽어내려가는데 예전만큼 마...+ 더보기",5,2023-06-20
90295,신약신학,11190446,온기,신약에 대해 한번 정리해주는 책.,5,2019-10-14
994168,[다크브라운] 개역개정 열린노트성경 - 대(大) 단본.색인,2419834,centris,"아가페출판사의 <열린노트 성경>은 성경을 좀 더 적극적으로 묵상하고픈 이들에게 적합한 성경이다. 

우선, 성경의 각 절이 한 절씩 분리되어 있기 때문에 좀 더 구조적인 성경 읽기에 도움이 된다. 또한, 풍부한 여백은 성경을 묵상하거나 공부를 할 때 혹은 설교를 들을 때 필요한 메모를 할 수 있는 자유를 충분히 제공해 준다. 각 장에 대한 간단한 요약과 중요 내용에 대한 간결한 주석은 성경의 내용을 효과적으로 파악할 수 있도록 도와준다.
<열린노트 성경>은 보다 적극적으로 성경을 활용는 가운...+ 더보기",5,2008-11-23
994168,[다크브라운] 개역개정 열린노트성경 - 대(大) 단본.색인,2280318,"공주님짱이야,아니야?","제 남편이 이 성경책이 
실용적이고 유용하다고 하며 벌써 2권 째 사서 사용하고 있습니다.
다른 어떤 성경책들보다 여백이나 큐티할 공간이 많아서
너무 좋아합니다.
성경책으로 큐티하실분들은 이 성경책이
아주 유용할 것 같습니다.",4,2008-09-03
378968954,"지금 여기, 천국을 살다",16950998,obinmom,"받자마자  단숨에 읽었습니다  어떻게 이럴수가...  불치병   아들을 간병하며  온 가족이 만난 하나님. 예수님. 성령님!  인간의 생각을 뛰어넘는, 깊이 있는 신앙고백으로  가득찬 책입니다. 두고 두고 반복해서 읽어야 할 책이네요",5,2025-12-16
170086825,서양 철학과 신학의 역사,10426107,낭만인생,놀라운 책이다. 적당하게 보수적이면서 신학과 철학을 아우르는 통섭적 안목이 읽는 이들에게 감동을 준다.,4,2018-10-26
170086825,서양 철학과 신학의 역사,10427760,낭만인생,"역사적 개혁주의의 전통을 잇는 한 권의 걸작이 탄생했다. 존 프레임의 <서양 철학과 신학의 역사>는 인류의 역사 속에서 큰 획을 그은 철학과 신학을 역사적 개혁주의 관점에서 재해석하여 들려준다. 열린 개혁주의는 동일한 개혁주의를 표방하지만, 개혁의 정신만을 중요시하는 열린 개혁주의와는 차별된다. 역사적 개혁주의는 칼빈과 베자, 투레탄, 핫지와 벌코프를 이어 반틸로 이어지는 역사적 개혁주의 전통과 보수적 관점을 지향한다. 존 프레임은 변증 학자인 코넬리우스 반 틸의 영향을 강력하게 받았으며, 철저히 칼빈의 성경해석관을 ...+ 더보기",4,2018-10-27
831889,따라 따라 예수 따라가네,16272519,lulujw7,#따라따라예수따라가네_애니베어드 #유정순옮김 #디모데 #벽안(碧眼)의선교사가만난조선사람이야기애니 베어드 선교사는 한국에서는 안애리(安愛理)라 불리었다. 미국 북장로교 선교사 윌리엄 베어드(Rev.William M. Baird)일명 배위량(裵緯良)의 아내였다. 윌리엄 베어드는 숭실학당을 설립하였다. 그리고 애니 베어드가 편찬한 교과서는 한국에서 만든 근대학교의 최초 교과서이다.1900년 4월 뉴욕에 열렸던 연합선교대회에서 한국에 큰 뜻을 품고 모인 선교사들을 한곳에서 만날 수 있었다. 한국으로 갈 수 있도록 재정후원해 준 언더우드박사...+ 더보기,5,2025-03-02
65984606,수험생이 드리는 40일 기도,7880496,안뿌슝,"수험생이 드리는 기도는 어떤가 궁금했어요. 아마도 성적에 관한 것이 전부가 아닐까 했는데, 생각보다 많은 고민들을 안고 살아가더라구요. 작고 읽기편한 글들에 예수님에 대한 사랑과 삶에 대한 고뇌와 희망이 가득한 좋은 글을 읽었네요. 좋은 책 감사합니다.",5,2015-10-30
252201101,"맥체인 성경읽기 해설 4 (10월, 11월, 12월)",12113103,조은샘,"드디어 맥체인 성경일기가 4권으로 완성되었습니다. 한국교회가 개인적인 큐티로 성경을 남무하게 해석하고 있는 이 때에, 가이드의 도움을 받아서 성경읽기를 더욱 풍성하게 할 수 있을 것입니다^^ 세움북스 고맙습니다",5,2020-11-03
3396124,예레미아스 신약신학,15240568,shn7011,예수는 누구였으며 무엇을 말했는가에 대한 역사적 예수 논쟁들을 복음주의 관점에서 최고의 수준으로 다룬다. 감히 이 분야 중에서 최상위권에 위치할 책이라 말할 수 있다. 의심할 여지없이 위대한 책이다.,5,2024-01-21
247887631,그리스도교 마음챙김,14457591,skenosis,"동양 종교의 수행을 토대로 발전된 마음챙김(MBSR, MBCT)과 그리스도교의 전통적 영성훈련이 유사성과 차이점을 알려준다.",5,2023-03-27
220427169,예수님의 눈물,11695249,yofunfun,어렵게 느껴져서 멀어져 가던 저에게영혼없이 지내던 저에게손내밀어 주듯 쉽게 다가갈수 있는 책인거 같습니다제목으로만 봤을 때와 차례를 봤을 때는 느낌이 사뭇 달랐던거 같습니다읽을 수록 빠져든다랄까...주변의 친구들에게도 선물해 주기 좋은 책이였던거 같습니다감사합니다,5,2020-05-04
515953,고대 기독교 교리사,962482,박사,본서는 이 분야의 최고 권위서로 인정 받는다. 사실 역사를 아는 것은 매우 중요하다. 귀감으로서 그리고 동시에 타산지석으로서도 중요하다. 기독교 교리의 거의 모든 논쟁은 고대 기독교의 틀 안에서 다루게 된다. 나머지 논쟁은 각 교파간의 논쟁이라 해도 과언이 아니다. 성경적 기독교의 모습을 견지하기 위해 고군분투한 신앙의 선조들의 아름다운 족적을 발견하는 기쁨을 선사하는 책이다.,5,2006-10-04
99520371,예수님처럼,9084006,antibsy,"모든 그리스도인이라면 꿈꾸는 것이 있다. 바로 ""예수님처럼 사는 것""이다. 그를 흉내내고 그를 닮고 싶고 그와 같이 살고 싶은것 이것이 그리스도인들이 꿈꾸는 가장 큰 소망일것이다. 그러나 현실은 우리 앞에 그 소망함을 단 1초도 유지하지 못하게 만든다. 늘 넘어지고 늘깨어지고 늘 범죄하는 삶이기에 날마다 우리는 바울의 고백과도 같은 십자가 앞에 날마다 스스로를 쳐서 복종케할 수 밖에 없다. 이 책은 그러한 좌절의 삶과 실패의 반복을 살아가는 이 땅의 그리스도인들에게 던지는 도전이자 외침일 것이다. 
 
특별히 눈에 ...+ 더보기",4,2017-01-26
99520371,예수님처럼,9085103,rara6363,예수님처럼 살아야 한다는 마음은 늘 있지만 실생활에서 그렇게 행하는 일은 실제로 그렇게 할 수 있을지 끝없는 의문이 들 정도로 어렵고 또 어려운 일처럼 느껴진다. 그런데 예수님처럼 살아간다는 게 무엇을 말하는 걸까? 19세기 말 대표적인 복음주의 설교자이자 남아프리카 공화국 네덜란드 개혁교회 지도자였던 앤드류 머레이는 예수님처럼 사는 삶이 무엇인지를 성경 말씀을 토대로 조목조목 설명한다. 본문에 앞서 머리말에 실린 저자의 말이 가슴을 뒤흔들었다. 성경 말씀에 겉으로 나타나 있는 사상을 파악하는 데만 만족하는 나의 모습을 지...+ 더보기,5,2017-01-26
99520371,예수님처럼,9087180,책벌레삼남매,"""그의 모습을 바라볼수록, 그만큼 우리가 그를 닮아가야 할 것입니다. 인간 그리스도 예수에게서 나타나는 하나님의 형상을 공부하며, 여러분의 가장 깊은 내면을 열고 그 형상을 받아들여서 그 형상이 여러분을 사로잡고 여러분 속에 살도록 하시기를바랍니다. 그리고 나아가서 그 하늘의 형상이 이웃들과 더불어 사는 여러분의 삶 속에서 반사되어 비쳐지도록 하여야 할 것입니다. 이것이야말로 우리가 구속함을 받은 목적이니, 이것이 우리의 삶의 목적이 되도록 합시다.""기독교고전 읽기는 신앙생활의 깊은 영적 양분이 되어준다. 그럼에도 불구하고 고전을...+ 더보기",5,2017-01-27
99520371,예수님처럼,9086287,sarah,"예수님 처럼LIKE CHRIST앤드류 머레이/원광연 옮김크리스천 다이제스트""예수님을 닮는 삶이 절실히필요함을 알게해주는 고전""모든 기독교인의 목표는 하나님의 아들예수그리스도를 본받아예수님처럼 성화되는 삶을 사는것!그것이 목표이자 열망이자 소망이다.신학을 전공하고 성직자로 살아가고 있는나도 예수님처럼 살아가는 것이 얼마나어려운 일인지 알고있다하지만 예수님을 닮아가려고 부단히노력하고 있다 성경을 보며 예수님의 발자취를따라가며 애쓰고 기도와 묵상을 통해예수님의 마음을 알아가고 닮아가며애쓰지만 삶속에서 예수님처럼 살아가는삶을 적용하기란 여...+ 더보기",5,2017-01-27
908999,지금 이대로 완전하다,1107448,cg5335,"돌이켜 보면, 현실의 삶을 철저히 부정하고 외면 한 체 오직 깨달음에 대한 갈망과 추구로 목말랐던 나의 삶은 그 추구의 깊이와 길이에 비례하여 늘 부족하고 불안했다. 완전과 자유를 향한 갈증이 깊어 갈수록 보다 정교한 수행법과 큰 스승을 찾아 더욱 더 방황할 수밖에 없었고, 그토록 오랜 세월 갈구했던 <참나>를 도저히 알 수 없는 완전한 절망으로 와 닿았을 때 쯤 김기태 선생님을 만났다. 

생의 가장 낮은 자리에서 참담한 심정으로 그의 도덕경 강의를 그냥 들었을 뿐이었는데 왠지 모를 마음의 평화가 가슴...+ 더보기",5,2007-04-29
908999,지금 이대로 완전하다,1107660,크리슈나,"오랜시간을 방황했다. 여러 종교를 찾아 다녔고, 여러 수행법을 배워 보았으며, 많은 스승을 찾아 다녔다.
'진정한 나'를 버리고, 밖으로만 밖으로만 찾아 헤매이고 있을 때, 나는 그(김기태선생님)을 만났다. 그는 가슴따뜻한 사람이었으며, 나의 '상'을 제거시켜 주는 내 영혼의 의사 이기도 했다. 그는 '선생님'이라는 호칭 보다는 '형'이라는 호칭을 더 좋아하는 그런 사람이다.  
 구도자, 마음에 상처가 깊은 사람, 스스로의 진실에 목말라 하는 사람...그 문제를 해결하고자 하는 진실한 갈망...+ 더보기",5,2007-04-30
81929713,대천덕 신부의 하나님 나라,8547450,캐모마일,"故 대천덕 신부의 이름은 낯익다. 성공회 사제로서 성공회대학교의 전신인 성 미가엘 신학원의 원장으로 재직하였고, 강원도 태백에 초교파적 수도원인 예수원을 설립하여 참신앙과 공동체 생활에 평생토록 노력하였다. 특히 <진보와 빈곤>을 쓴 헨리 조지의 토지공개념 제도를 성경적으로 해석하여 사회정의를 구현하고자 했던 기독교도로 유명하다. 대한민국 조지스트 중에 빼놓을 수 없는 분이다. 개인적으로 가톨릭 신자지만 풍문으로만 듣던 그의 신앙과 사회정의에 관한 사상이 궁금하였던 차에 <대천덕신부의 하나님나라>를 접하게 되었...+ 더보기",4,2016-06-07
81929713,대천덕 신부의 하나님 나라,8547386,바다의소망,"대천덕신부의 하나님나라>에 대해 말하기 전에 우선 대천덕신부님에 대해 몇 가지 알려야 할 듯 하다.대천덕 신부님은 성공회 신부님으로 미국인이며 장로교 선교사의 아들로 장로교에서 신학 공부를 하였다.  그러나 선교에 대한 의견 차이로 장로교회와 대립을 보여 성공회로 옮기셨고, 1957년 성공회대학교의 전신인 성 미가엘 신학원의 재건립을 위해 한국에 입국하여 1964년까지 학장으로 일했다고 한다.이후 강원도 태백에 성공회 수도원인 <예수원>을 설립하여 초대교회의 본을 보인 공동체 생활의 한국터전을 마련...+ 더보기",5,2016-06-07
81929713,대천덕 신부의 하나님 나라,8541133,루츠,"미리 고백하겠지만, 나는 종교를 믿지 않는다.   그리고 그 무엇보다 종교가 지니는 순종과 절
대적인 믿음의 가치에 대하여, 그다지 좋지 않은 이미지를 가지고 있기도 하다.   허나 많은 사
람들의 인식과 같이, ' 중이 중다운, 신부가 신부다운' 삶을 살았던 진정한 종교인은 세상의 교
육자와 철학들과 같이 존귀한 인격으로서, 인정받아야 한다는 인식에는 높은 공감을 가지고 있
으며, 이렇게 종교에 대한 서적을 준비한 것도 어디까지나 대천덕 신부라는 한 개인에 대한 호
기심과 그 의식에 대...+ 더보기",4,2016-06-05
81929713,대천덕 신부의 하나님 나라,8547356,박은성,"<이땅 가운데 실현되는 하나님 나라> ""하나님 나라""라는 이 단어가 내눈에 들어 왔을 때, 나는 꼭 이 책을 읽어봐야 겠다는 생각을 하게 되었다. 점점더 살아가기 힘들어지는 사회 가운데, 그래서 어쩔 수 없이 자살이라는 극단적인 선택을 하고 있는 사람들이 증가하는 가운데 교회에서 외치는 하나님 나라는 너무나도 멀게 느껴지는 요즘이었기에 더욱더 ""하나님 나라""라는 단어가 눈에 들어 왔으리라 생각한다.   이 책의 저자인 대천덕 신부님은 성결교 교단의 신부님이었다. 1960년대에 강원도 태...+ 더보기",5,2016-06-07
81929713,대천덕 신부의 하나님 나라,8543699,늘나,"대천덕 신부님의 책을 오래 전에 본 적이 있다. 성공회이지만, 기존 기독교와 크게 다르지 않음을 알게 되어서 좀 더 알고 싶었는데, 때 마침 ‘하나님의 나라“에 대한 주제여서 더 궁금해졌다. 우리사회에서 하나님의 나라를 만들어가기 위해 무엇이 필요한 지에 대해 생각해 볼 좋은 기회였던 것 같다. 대천덕 신부님은 우리 그리스도인들의 태도가 어린아이와 같이 단순해야 하지만, 사고하는 것을 성숙해야 한다고 한다. 태도와 사고가 분명히 다름을 지적하고 있다. 사실 사고도 너무 어린 수준을 가지고 사는 것은 아닌 가 싶기도 하다. 성숙한 신...+ 더보기",5,2016-06-06
81929713,대천덕 신부의 하나님 나라,11558684,유세웅,이 글에는 스포일러가 포함되어 있습니다. 보시겠습니까?회색 영역을 클릭하면 내용을 확인할 수 있습니다.,5,2020-03-08
81929713,대천덕 신부의 하나님 나라,8546351,신의딸,"""주님의 의로 돌아가야 할 때""성경말씀을 아는 일은 매우 위험하다는 생각이 듭니다. 이제 우리 앞에 남은 것은 행할 것인가, 거부할 것인가 두 갈래 뿐인데, 하나님의 말씀(법, 정의)에 따르고자 할 때 '우리의 평화로운 일상'(?)이 위협받기 때문입니다. <대천덕 신부의 하나님 나라>가 바로 그런 책입니다. 그리스도인들을 불편하게 하는 책입니다. 하나님의 말씀대로 사는 것이 어렵게 느껴지는 것은, 그만큼 우리 생활이 하나님의 법에서 멀어져 ...+ 더보기",5,2016-06-07
81929713,대천덕 신부의 하나님 나라,8539549,life7joy,"오래전에 대천덕 신부님이 계시던 태백의 예수원을 방문한 적이 있었다. 그 때 신부님은 출타중이여서 만나지는 못했지만 기도실 앉아 그리고 작은 도서관에서 책을 들여다보면서 성숙한 신앙과 신학이란 무엇인지도 생각해 보았다. <대천덕 신부의 하나님 나라>를 읽으면서 그 때가 떠올랐다. 왜냐하면 이 책은 내가 그곳에서 고민했던 것들에 대한 해답을 명쾌하게 제시하고 있기 때문이다. 대천덕 신부님은 성숙한 신학이란 실험된 신학이라고 말한다(p. 28). 즉, 삶 속에서 실천에 옮겨 검증된 신학이 진짜 신학이라는 것이다. 이...+ 더보기",5,2016-06-04
81929713,대천덕 신부의 하나님 나라,8545067,길동이,대천덕 신부의 하나님 나라 세우기는 아마 강원도 태백에 있는 예수원을 통해 그 모델이 제공된 것 같다. 그는 이 책을 통해 이 땅에 어떻게 성경이 말하는 정의로운 기독교 국가를 세울 수 있는가를 말하고자 하는 것 같다. 특히 그는 토지 소유가 인간의 탐욕에서 나왔기 때문에 개인이 소유하지 못하도록 소유하더라도 최소화하여야 가난이 사라지고 모두가 공평하고 평등한 삶을 누릴 수 있다고 말한다. 이 책이 1994년에 발간되었으니까 꽤 된 책이다. 다시 개정되어 나왔다고 하지만 저자가 고인이기 때문에 얼마나 수정되었는지 모르지만 대부분 원...+ 더보기,3,2016-06-07
81929713,대천덕 신부의 하나님 나라,8547179,별빛마루,"간만에 흥미롭게 책을 읽었다. 가슴 뛰게 하며, 손에서 놓기 힘들고, 계속 읽게 되는 책.      이 책 한 권으로 대천덕 신부님께서 중요하게 생각하시는 점이 무언지 감 잡을 수 있다. 두껍지 않은 이 책에서도 수 차례 반복해서 강조하시기 때문이다.       크게 3가지. 1) 성경 말씀, 하나님의 뜻은 이 땅에서 이루어진다. 2) 가난한 자에 대한 책임은 우리에게 있다. 3) 땅이 중요하다. 토지세를 내야 한다.      하나님의 뜻, 성경 말씀은 우리 가운데서 이루어진다. 그러나 우리가 지키려고 하...+ 더보기",5,2016-06-07
214238523,예배의 날,11790268,이지영,주일.안식일을 거룩하게 지키자는 메세지...어디까지 어떻게  지켜야 하는가에 대한 고민을 할 수 있게 되는 책이다.,5,2020-06-17
214238523,예배의 날,11310960,likehan3,제가 예배의 날을 읽고 나서 주위 사람들에게 적극적으르 추천할 수 있었던 첫번째 이유는 저자의 신학적인 관점이 때문이다. 저자는 개혁주의 신학을 기반으로 하고 있다. 이는 저자의 신학적인 관점과 더불어 저서 속에 인용한 수 많은 저서들을&nb...+ 더보기,5,2019-11-25
246992011,말이 통하는 교사,12671405,lordwithme,교사가 학생과 소통하기 위한 마인드와 방법을 담고 있다.가르칠 내용을 어떻게 잘 전달할 수 있을까를 고민하게 만든다.이런 부분의 필요를 느끼는 분들에게 일독을 권한다.,5,2021-06-05
8025469,"필립 얀시, 은혜를 찾아 길을 떠나다",4259576,낭만인생,"아름다운 신앙 여정을 통해 찾아가는 진지한 구도자의 삶, 진리는 아주 가까이에 있다",4,2010-11-11
8025469,"필립 얀시, 은혜를 찾아 길을 떠나다",4257398,rjsgnwkd,책이 정말 좋아요 진리에요 신앙과 믿음에 관한깊은 아주깊은 고찰...,5,2010-11-10
8025469,"필립 얀시, 은혜를 찾아 길을 떠나다",4241683,스마일퐁,신앙과 믿음에 관한 깊은 고찰...,5,2010-11-04
8025469,"필립 얀시, 은혜를 찾아 길을 떠나다",4397239,wkdgpfls,너무 따뜻한 은혜의 이야기들^^..,5,2011-01-03
8025469,"필립 얀시, 은혜를 찾아 길을 떠나다",4331882,책을사랑하는현맘,"세계의 고난과 참혹의 현장에서 묻는 신앙인의 질문, 성찰, 그리고 답을 찾는 여정!!",5,2010-12-12
8025469,"필립 얀시, 은혜를 찾아 길을 떠나다",4338566,미라남편,필립 얀시의 책 중에 가장 먼저 읽은 책이면서 가장 큰 감동을 얻었던 책이 바로 '놀라운 하나님의 은혜'라는 책이었습니다. 그 책을 읽고 받은 은혜와 감동과 도전이 얼마나 컸던지 필립 얀시의 책을 곧바로 열 권 정도 구입해서 하나씩 읽기 시작했습니다. 하지만 그렇게 시작된 필립 얀시 읽기는 단 세 권 정도를 더 읽은 후에 중단되고 말았습니다. 기대했던 것과 같은 내용들이 아니었기 때문입니다. 대부분의 책들이 제가 절실히 듣고자 했던 은혜에 대해 말하지 않고 있었습니다. 그저 잘못된 신앙의 문제점이라던가 고통의 의미...+ 더보기,5,2010-12-14
8025469,"필립 얀시, 은혜를 찾아 길을 떠나다",4309286,미오새,"교회에서 청년들을 만나다 보면,  참 많이 듣는 얘기들 중에 하나가 이토록 어려운 상황에, 아니 이 상황에도 하나님은 뭘 하고 계시나요?

하나님의 뜻은 무엇인가요? 등의 여러 말들이다. 하지만 결국엔 인간의 고통 앞에, 그토록 사랑하신다는 인간들을 왜 고통 속에 두시는가 하는 질문으로 요약이 된다.

그때마다 여러가지 얘기들로 하나님이 우리와 그 고통 속에 함께 하신다는 말들로 위로를 하지만, 결국은 자신이 알아내고 자신이 인정을 해야하는 답이 나와야 하는게 

바로 그 고통과 하나님의 임재...+ 더보기",5,2010-12-03
8025469,"필립 얀시, 은혜를 찾아 길을 떠나다",4298055,옥잠화,"이 책은 복음주의 최고의 작가 필립 얀시의 여행 기록이다. 그는 관광여행을 한것이 아니다. 그의 여행은 하나님이 살아 계신다면 이토록 비참한 상태로 내버려두지 않았지 싶은 곳들을 여행한 것이다. 무신론 정부임에도 불구하고 교회가 급성장하고 있는 중국, 한때 교회가 흥왕하던 중심부였으나 지금은 겨우 명맥만 유지하고 있는 중동, 다인종 교회가 과거 인종차별의 상흔을 수습하고 있는 남아프리카공화국, 끔찍한 기차 테러가 일어났던 인도의 뭄바이 등을 여행했다. 또 미국 안에서는 버지니아 공대와 그린레이크의 성매매 여성 모임, 시카고의 알코올...+ 더보기",5,2010-11-28
8025469,"필립 얀시, 은혜를 찾아 길을 떠나다",4346433,아담,"항상 하나님의 은혜가운데 살아가고 있는 그리스도인의 생활중에 감사하고 살아야 할것들이 너무나 많지만 그러한 사실을 관념적으로만 인식할뿐 진정으로 감사할것을 감사함으로 살아가는 나날은 그다지 많지 않음이 아쉽다.
지금 이시간에도 하나님의 말씀을 사모하고 그리워하는 전세계의 갈급한 영혼들이 있는 반면에 너무나 하나님께 찬양과 경배를 드리며 살아가기 쉬운 현실에 처한 사람들은 그 감사함을 깨닫지 못하고 있는것이 사실이다.
무엇이 주님의 은혜에 대한 감사함에 타성을 불러온것인지 생각해보지 않을수 없다.
부모의 사랑을 받으며 세상을 살...+ 더보기",5,2010-12-17
8025469,"필립 얀시, 은혜를 찾아 길을 떠나다",4325930,지젤,"인종차별과 가난, 전쟁과 굶주림, 폭력으로 물든 지구상의 극한상황들을 생각하다보면 누구나 이런 질문을 떠올릴 수 있을 것이다. 
과연 하나님이 무슨 소용인가?
고통받고 비참한 때일수록 하나님을 더욱 의지해야 한다는 믿음을 갖고 있지만 어리석은 인간의 마음은 생각보다 강건하지 못하다. 실제로 최근 몇 년간 신앙의 가치를 의심하는 사람이 날이 갈수록 늘어가고 있는 추세이다. 삶과 고통은 떼려야 뗄 수 없는 것이라 냉정하게 생각하지만 그런 때일수록 하나님의 존재에 대해 너무 멀게만 느껴지는 것 또한 사실이다. ...+ 더보기",4,2010-12-10
8025469,"필립 얀시, 은혜를 찾아 길을 떠나다",4325496,drheaven,"""하나님이 무슨 소용인가?""라는 질문을 할 때 흔히 사람들이 묻는 것은 하나님이 왜 더 강한 힘으로 더 직접 개입하지 않느냐는 것이다. 왜 하나님은 히틀러나 스탈린이나 마오쩌둥이 그토록 엄청난 해를 입히도록 그냥 두는가? 왜 하나님은 인류 역사에 더 적극적인 역할을 하지 않는가? 몇 가지 가능한 이유를 생각할 수 있다. 구약성경에 따르면 하나님은 과거에는 강하고 적극적인 역할을 하셨다. 하지만 그것으로는 이스라엘 백성들 속에 오래가는 신앙이 생기지 않았다. 지상의 강국들이 배운 것처럼, 힘과 자유는 껄끄러운 짝이며 하나를...+ 더보기",4,2010-12-09
8025469,"필립 얀시, 은혜를 찾아 길을 떠나다",4330567,사랑방,"사람은 한 치 앞도 내다보지 못한다. 5분 뒤에 무슨 일이 일어날지 아무도 모른다. 만약 인간에게 예지 능력이 있다면 사고나 테러 등으로부터 자신을 보호하며 안전하게 살 것이다. '신'의 존재 또한 그다지 소용없을지도 모른다. 하지만 우리에겐 예지력이 없을뿐더러 우리가 사는 세상은 안전하기는 커녕 전쟁과 끔찍한 사고와 테러, 굶주림과 가난, 폭력과 내전 등 비참한 일이 끊이지 않는다. 인류의 역사는 전쟁의 역사와 함께 해 왔다. 고대부터 현대에 이르기까지 전쟁이 그치지 않고, 아프리카에는 에이즈가 창궐하고, &...+ 더보기",5,2010-12-12
8025469,"필립 얀시, 은혜를 찾아 길을 떠나다",4322757,굴비맨,"대학교를 졸업하면 많은 사람들이 자기 전공에 맞는 회사에 들어간다. 그런데 직장에서 자신이 배운 학문을 펼칠 기회가 없다. 대부분 자신의 업무에 맞는 일을 다시 배우게 되기 때문이다. 학문과 현실의 괴리가 나타나는 것이다. 




이 책 <필립 얀시, 은혜를 찾아 길을 떠나다>(청림출판.2010)의 저자 ‘필립 얀시’도 신앙과 실제 삶의 관계에 대해 고민하고 있다. 저자는 자신이 깨닫고 체험한 하나님으로부터 오는 은혜의 메시지가 많은 사람들에게 현실에서 영향력을 가지는지 확인 하고 싶어 했다. 



...+ 더보기",5,2010-12-08
8025469,"필립 얀시, 은혜를 찾아 길을 떠나다",4333022,김하늘,"신(하나님)은 과연 존재하는가? 평상시 평온한 삶이 유지된다면 굳이 하나님이 존재할까 하는 생각을 하지 않는다. 물론 많은 그리스도인들은 하나님을 믿는다. 하지만 일상의 많은 시간들 속에는 하나님이 계시지 않는다. 단지 식사 시간에만 의례적인 기도를 할 뿐이다. 그럼에도 불구하고 고통은 바로 하나님을 만날 수 있는 계기를 만들어 줄 수 있다. 고통은 신앙을 굳건히 지켜갈 수 있도록 해 주기도, 하나님이란 존재를 부인하게 만들기도 한다. 어쩌면 모험인 것이다. 




필립얀시의 은혜를 찾아 길을 떠나다란 책은 깊은 고통...+ 더보기",4,2010-12-13
8025469,"필립 얀시, 은혜를 찾아 길을 떠나다",4328197,시실리아,"필립얀시, [은혜를 찾아 길을 떠나다]


이 책은 우리에게 하나님의 은혜가 있음을 다시 한번 알게 해준 희망의 메시지라고 보면 되겠다. 


책을 읽는 내내 목사라고만 생각했던 나의 고전관념을 깰 만큼 필립얀시 작가는 신앙심 뿐만 아니라 어두운 곳에서도 신앙심을 추구할줄 아는 복음주의자이다.


그가 써낸 책으로는 하나님에 관한 책들이 대부분이며 ‘기도’가 특히 유명하다.




흔히들 사람들은 행복감에 젖어 있으면 하나님과 기도를 찾지 않는다.


나또한 지금까지의 세상을 30년동안 그리 살아왔...+ 더보기",4,2010-12-10
8025469,"필립 얀시, 은혜를 찾아 길을 떠나다",4338945,Israel,"필립 얀시, 은혜를 찾아 길을 떠나다 


- 필립 얀시 저






저는 필립 얀시의 책을 단 한 권도 제대로 읽어본 적이 없습니다.


저자를 싫어하거나 저자에 대해 몰랐던 것도 아닙니다. 


그 유명한 책인 '놀라운 하나님의 은혜', '내가 고통당할 때 하나님은 어디 계십니까?'라는


책이 유명하여 지인들이 극찬을 하고 권유하기도 했었지요. 


그러나 책도 다 읽어야 할 주님 예비하신 시기가 있는 것 같습니다. 


물론 제가 게으르거나 편협한 것이 원인일 경...+ 더보기",5,2010-12-15
8025469,"필립 얀시, 은혜를 찾아 길을 떠나다",4331756,빵장수야곱,"필립얀시의 '은혜를 찾아 길을 떠나다'라는 책을  읽으면서 한장 한장에 담긴 내용들때문에 마음이 무거웠습니다. 

그도 그럴것이 이야기화두에 자리매김하고 있는 이야기들은 .. 충분히 하나님을 믿지 않는 사람들에게는 정말 하나님이 있다면 이건 너무 하지 않냐라고 물어올지도 모를 이야기들 이었으니 말입니다. 

 

솔직히 저역시 세상속에서 일어나는 무섭고 가슴을 쓸어내리는 일들을 뉴스에서 접하면 .. 

하나님이 세상을 만져주시지 않으시는것 같아 주님의 은혜를 구하곤 했으니 말입니다.

 ...+ 더보기",5,2010-12-12
8025469,"필립 얀시, 은혜를 찾아 길을 떠나다",4332307,하람맘,"이 책을 읽으면서 제일 처음 드는 생각은 '역시 필립 얀시!'라는 것입니다. 그동안 읽어 왔던 필립 얀시의 책들은 하나님 앞에서 인간의 실존에 대한 의문들을 하나, 둘 질문하며 하나님을 향한 신실한 믿음의 고백을 회복하는 내용의 책들이었기 때문에 이 책을 읽으면서도 그런 전개에 대해 별다른 거부감이 들지 않았습니다. 최신간이라는 기대에 걸맞게 최근에 벌어졌던 다양한 사건들을 소재로 그와 관계된 집회와 세미나를 통해 강의하였던 내용들을 소개하며 그에 따른 자신의 견해를 정리해 주고 있기 때문에 이 책을 읽으며 자신이 생각했던 것과 필...+ 더보기",5,2010-12-12
105709,예수는 누구인가,2311753,Yaa,"SBS의 《신의 길, 인간의 길》이 아니었더래도 내가 그의 이름을, 그의 책을 선택할 수 있었을까..?
글쎄....

이 책을 고른 건,
순전히 그 방송 때문이었다.
인터뷰에 응했던 어느 학자들 보다 진지했던 그의 모습이 매우 인상적이었던 까닭에 이름을 외워뒀었다.
폭풍 한 가운데 있지도,
폭풍이 막 지나가고난 자리도 아닌,
그저 오래 전에 겪은 일이고 이제는 그것으로 부터 자유하다는,
자유하게 된 지 오래라는 그 평온함에 이끌려 중얼 거리며 그의 이름을 머리에 새겼다.

서가에서 책을 선택하고 돌아와 읽...+ 더보기",5,2008-09-21
105709,예수는 누구인가,439706,물무늬,"1. 들어가는 글예수에 대한 기독교의 신앙은 그의 가르침과 삶에 대한 초대교회 신앙인들의 체험과 해석에 근거한다. 이런 '예수에 대한 믿음'은 '예수의 믿음'에 근거하고 있지만 교회사 속에서 예수의 믿음은 중심을 차지하지 못했다. 근원인 예수의 가르침과 삶보다 '예수에 대한 교회의 가르침'이 강조되었기 때문이다.(오강남 저, 예수는 없다 (현암사, 2001), pp. 192-195 참고) 물론 교회의 신앙 전통은 중요한 의미를 지니고 있다. 하지만 이런 예수에 대한 믿음은 예수 당시와 초대교회의 콘텍스트에 종속되어있기 때문...+ 더보기",5,2004-03-31
209496439,구원의 확신,11882930,chang1999,"""결승점 앞에서 흐지부지되는 믿음은 처음부터 결함이 있었다""한번 받은 구원은 영원한 구원이라는 말하는 것은 부정확하지 않다. 다만 불충분할 뿐이다. 한번 구원받았다면 언제나 구원받을 것이라는 점과 구원받은 자들은 자신의 믿음 안에서 끝까지 인내할 것이라는 점은 모두 사실이다. 구원은 한순간에 일어나고 한번 구원 받은 사람은 영원히 구원받는다. 그러나 구원받은 사람은 믿음의 고백을 마지막까지 유지해야 한다. 구원을 위해 회개와 믿음이 필요하다. 예수님을 따른다는 것은 많은 것에 아니오라고 말하는 것이다. 십자가를 진다는 것은 자신을 ...+ 더보기",5,2020-07-28
40291236,울림,7052926,쮸쮸바,"행패?가 많은 한국 기독교 현실을 볼 때, 이 책은 기독교의 본질에 대해 생각해보게 하는 기본적인 책이다.",4,2014-06-27
110567123,위대한 열정,9373453,wongyeul,"바르트의 견해는 새롭게 평가되어야 합니다. 그가 제시한 견해의 장점은 특히 보수적인 교파에 큰 도전을 줍니다. 그러나 바르트의 방대한 서적을 모두 읽기는 어렵습니다. 그렇기 때문에 개관한 책, 정리한 책이 필요한데 이 분야에서 최고 권위있는 책이 바로 이 책입니다.",5,2017-06-02
110567123,위대한 열정,9373432,narunaruho,"바르트를 읽지 않고는 현대 기독인이라고 말할 수 없습니다. 신학을 공부하는 사람이라면 말할 것도 없죠. 기독교가 자유주의라는 큰 물결에 휩쓸리려 할 때, 과학적이고 성경적이며, 철학적이면서도 목회적인 교회교의학을 썼습니다. 워낙 두꺼운 그 책들을 한권으로 볼 수 있는 책이 이 바로 이 책!",5,2017-06-02
110567123,위대한 열정,9373451,바쿄월드,새물결에서 또 한번 대단한 책을 내주셨군요!다시 한번 감사드립니다,5,2017-06-02
110567123,위대한 열정,9428748,제이픽,드디어 나왔네요.바르트의 원저를 읽기에는 뭔가 너무 두껍고(ㅋㅋ) 그런데 개론적으로나마 알고 싶을 때 고민이 되었는데 이제 가장 저명한 바르트 신학 입문서가 나오니 너무 좋습니다 ㅎㅎ,5,2017-07-01
110567123,위대한 열정,9373414,램프의지식인,성경을 위한 신학자 칼 바르트의 생애와 그의 신학을 일목요연하게 이해할 수 있는 책이 등장했네요. 기대합니다.,5,2017-06-02
110567123,위대한 열정,9373680,등대지기,풍월로 들은 바르트가 아니라 진짜 바르트를 만나다.,5,2017-06-02
110567123,위대한 열정,9428746,제이픽,< 위대한 열정 : 칼 바르트 신학 해설 >저자 : 에버하르트 부쉬0. 들어가면서많은 사람들이 신학을 공부하면 반드시 만나는 이름 중 하나가 바르트인 것은 확실하다. 물론 그와 반대하는 이들도 있고 따르는 이들도 있겠지만 그의 영향력은 현대 신학에 지대하다. 그런데 언급은 많이 되었지만 실제로 그에 대한 입문서는 생각보다 적은 것이 현실이었다. 그런데 이번에 새물결플러스에서 국제적으로 칼 바르트 신학 입문서로 가장 저명한 책을 번역해서 낸 것은 많은 신학생들에게 큰 유익이 될 것이다. 특별히 이 책의 저자 에버하르트 부쉬...+ 더보기,5,2017-07-01
110567123,위대한 열정,9497671,wongyeul,"“위대한 열정”서평. 윤웅열.칼 바르트(Karl Barth). 그의 이름은 들을 때마다 멋있다고 생각한다. ‘ㅋ’과 ‘ㅌ’음가가 앞과 뒤를 맡아 꽉 찬 느낌을 준다. 특유의 위압감을 느낀다. 그의 이름은 어릴 때 오후예배 설교에서 처음 들었었다. 설교하시던 분이 그를 자유주의자라고 말했던 기억이 난다. 그리고 아마 그는 천국에 가지 못할 것이라고 말했던 기억도 있다. 그가 ‘어떤 사람이기에?’라는 생각이 들었지만 거기까지였다. 교회에서 그의 이름을 거론하면서 궁금한 것을 묻기에는, 당시 목사님들에게 그의 이름은 ‘볼드모트’와 같다고...+ 더보기",5,2017-07-31
110567123,위대한 열정,9428097,TOP,"20세기, 독일, 고민이 많았던 신학자, 칼바르트-‘위대한 열정_칼 바르트 신학 해설’을 읽고-      한국교회에서는 보통 칼 바르트를 ‘자유주의 신학자’로 낙인을 찍는다. 기독교 신학의 벽이단론에서는 ‘자유주의’라고 쓰고, ‘자신과 생각이 다름’이라고 읽어야 하는 경우가 많다. 바르트는 20세기 최고의 신학자로 평가받는 데에 반해, 기독교의 교세가 두터운 한국에서는 바르트 이해는 일천하다. 이런 아쉬움 속에서, 바르트의 조교였던 에버하르트 부쉬의 ‘위대한 열정_칼 바르트 신학 해설’이 번역된 것은 다행이다. 이 책은 칼...+ 더보기",5,2017-07-01
97103126,삼명통회 적요,11078788,terius19,최근 동영상 “조○” 사주를 보면 태어난 시를 “壬”으로 보고 모든 문제의 중심을 부인으로 보고 있는데 무척 흥미롭습니다. ~추천,5,2019-09-07
97103126,삼명통회 적요,10863480,a-chan,5월14일 공개강의 감동적 이었습니다. 1회로 끝나지말고 지속적으로  강의 부탁 드립니다,5,2019-05-18
97103126,삼명통회 적요,11630421,꿈가꿈,‘삼명통회’는 청나라 견륭제 때 『사고전서』에 등록된 명서이다.,5,2020-04-06
97103126,삼명통회 적요,12349147,aaa200643,요즘 삼명명리 유튜브 강의 잘 보고 있습니다.,5,2021-01-30
97103126,삼명통회 적요,14325513,금주,요즘 삼명통회가 대세인 듯 합니다.,5,2023-02-05
97103126,삼명통회 적요,16358774,checking,"만약 명쾌하게 명리를 공부하고 싶다면,  삼명통회를 추천하고 싶다.",5,2025-04-05
97103126,삼명통회 적요,13263934,kimpanj,유튜브 삼명통회(삼명명리) 추천합니다. 강추~,5,2022-01-16
97103126,삼명통회 적요,11078783,terius19,"카페 게시판을 통해 “삼명통회” 강의가 요즘
핫이슈라 저도 유튜브를 통해 보고 있습니다. 사주 8자를 각각의 오행으로 보지 않고 납음오행으로 신살과, 10신을 “생왕고절”으로
간명하는 방식이라 자연의 이치와 흐름을 파악하여 길, 흉을 예견하고
있습니다. 최근 동영상 “조○” 사주를 보면
태어난 시를 “壬”으로 보고 모든 문제의 중심을 부인으로 보고 있는데 무척 흥미롭습니다",5,2019-09-07
97103126,삼명통회 적요,11630420,꿈가꿈,"삼명통회를 보통 신살을 보는 책으로 알고 있지만, 자평명리와 같이 10신(육친)을 보는 방법 외 년의 천간을 ‘녹’, 지지를 ‘명’ 간지의 납음오행을 ‘신’으로
오행의 생왕고사절로 간명하는 것이 삼명법이다. 또한 ‘삼명통회’는 청 견륭제 때 『사고전서』에
등록된 명서이며, 저자인 만민영 선생은 ‘성학대성’ 난대묘선’ ‘음부경’ ‘상자심경’을 저술한 중국명나라 때 대학자다.",5,2020-04-06
97103126,삼명통회 적요,12501061,aaa200643,"요즘 명리 책들 보면 기존 기 발행된 책을 이곳 저곳에서 가져다 재편집 해서 ""편저""가 아닌 ""저자""의 이름으로 나오고 있습니다. 엄격하게 차이가 있다. 그러나 최근 눈에 뛰는 책 중 하나가 고전을 번역한 ""삼명통회""이다. 역해한 작가 분의 노고와 그리고 투자를 아끼자 않은 출판사에게도 명리를 공부하는 한 사람으로 감사를 드린다",5,2021-03-28
97103126,삼명통회 적요,13263931,kimpanj,"현재 통용되고 있는 자평명리는 격국과 억부 용신으로 혼돈의 상태로 몰아가고 있다. 하지만 큰 털에서 명리는 자평명리와 년주를 기준으로 납음오행으로 신살을 간명하는 삼명법으로 구분 할 수있다. 명리를 공부하는 분이라면 한번쯤 “삼명통회”를 접했을 것이다. 요즘 유튜브 방송을 통해 삼명통회 강의를 시청하고 있는데, 현재 79강 子午卯酉 까지 시청했는데, 만약  명리를 공부하고 싶다면, “다음카페 삼명통회”와 유튜브 삼명명리를 추천하고 싶다",5,2022-01-16
97103126,삼명통회 적요,14325512,금주,"명리를 공부하는 분이라면 반드시 정독해야 할삼명통회의 내용이 신살을 위주로 한 책이라고  알려져 있으나 , 너무 많고 방대하여 일부분에 해당하는 신살만 읽고는 그것이 전부인양 떠드는 이들의 말뿐으로 육오 만민영 선생이 설명하는 개인적인 논리는  삼명법으로  년주를 기준으로 하여 년간을 祿으로 하고 년지를 命으로 하고 납음오행을 身으로 하여 간명하는 방법을 추천하고 많은 량이 쓰여져 있습니다. 명리를 공부하는 분이라면 반드시 정독해야 할 책입니다.  책입니다",5,2023-02-05
97103126,삼명통회 적요,16358769,checking,"명리를 공부하는 분이라면 반드시 정독해야 할삼명통회의 내용이 신살을 위주로 한 책이라고  알려져 있으나 , 너무 많고 방대하여 일부분에 해당하는 신살만 읽고는 그것이 전부인양 떠드는 이들의 말 뿐으로 육오 만민영 선생이 설명하는 개인적인 논리는  삼명법으로  년주를 기준으로 하여 년간을 祿으로 하고 년지를 命으로 하고 납음오행을 身으로 하여 간명하는 방법을 추천하고 많은 량이 쓰여져 있습니다. 명리를 공부하는 분이라면 반드시 정독해야 할 책입니다.",5,2025-04-05
97103126,삼명통회 적요,13597249,a-chan,"현재 통용되고 있는 자평명리는 격국과 억부 용신으로 혼돈의 상태로 몰아가고 있다. 하지만 큰 털에서 명리는 자평명리와 년주를 기준으로 납음오행으로 신살을 간명하는 삼명법으로 구분 할 수있다. 명리를 공부하는 분이라면 한번쯤 “삼명통회”를 접했을 것이다. 요즘 유튜브 방송을 통해 삼명통회 강의를 시청하고 있는데, 현재 79강 子午卯酉 까지 시청했는데, 만약  명리를 공부하고 싶다면, “다음카페 삼명통회”와 유튜브 삼명명리를 추천하고 싶습니다.",5,2022-05-15
328190776,예수님을 만난 신약의 사람들,15097145,lulujw7,"#예수님을만난신약의사람들 #조영민지음 #죠이북스 #진정한자유를꿈꾸는당신에게  신약의 13인이 예수님을 만난 이후는 어떻게 바뀌었을까? 니고데모, 왕의신하, 38년된 중풍환자, 간음한 여인, 바디매오, 혈루증을 앓는 여인, 아이로의 딸, 나사로, 도마, 막달라 마리아, 남겨진 제자들, 베드로, 바울이 된 사울은 다양한 사람들이 예수님 한 분을 만나고 이 인물들이 어떤 변화를 가져오는가 바라보며 우리의 삶에서 나의 고백이 되고, 경험이 되길 저자는 소망한다. 이팔청춘일때에는 슬픈일보다 즐겁고 기쁜일이 많았다. 마흔이 넘은 지금의 때에는...+ 더보기",5,2023-11-30
45647965,누구나 쉽게 따라 하는 사주 풀이,7141882,o천사,"[서평] 누구나 쉽게 따라 하는 사주풀이 [장세엽 저 / 원앤원스타일]
 
이 책의 저자 장세엽은 직업군인으로 30년과 대학교수 10년의 인생을 지낸 한 지식인으로,
전문 역술인은 아니지만 자신을 찾겠다는 생각으로 사주역학을 배웠고,
사주팔자를 가지고 자신의 인생의 굴곡과 마디의 이유를 알아낼 수 있었다고 한다. 
 
젊어서부터 역학 공부를 한 사람이 아닌 평범한 한 사람이 본인의 팔자를 알아보기 위해 공부하였고,
이런 경험을 이 책 <누구나 쉽게 따라 하는 사주풀이>를 통해 여러 사람들과 ...+ 더보기",4,2014-09-16
850732,기독교인이 읽는 금강경,8595877,Grace,"이 아무개 목사의 금강경 읽기와 같은 책이다. 
같은 출판사에서 같은 내용으로 같은 날에 제목만 달리해서 따로 내었다. 
이유가 뭐지?...",5,2016-07-01
7016906,지리산 스님들의 못 말리는 행복 이야기,4222581,서향,진정한 행복은 무엇이며 우리는 행복을 어떻게 찾아야 하는가,5,2010-10-27
7016906,지리산 스님들의 못 말리는 행복 이야기,7521177,지금처럼만,종교에 상관없이 행복은 모든 사람에게 필요한 것이겠죠? 이런 행복도 있구나 하고 생각해 보게 됩니다.,4,2015-05-06
7016906,지리산 스님들의 못 말리는 행복 이야기,3808675,서향,"나는 행복한가? 혹은 당신은 행복한가?라는 질문에 선뜻 ""네""라고 대답하는 한국인은 생각보다 그다지 많지 않다. 영국의 레스터 대학이라는 곳에서 발표한 세계국가별 행복지수를 보게 되면 대한민국은 143개국중 68번째로 행복하다고 한다. 특히 행복지수가 44.5로 과반수가 자신이 불행하다고 생각하고 있다는 것이다. 그럼 이 발표에 따른 행복지수 1위국가는 과연 어디일까? 우리보다 문화,경제적으로 선진산업국인 미국?유럽국가들? 일본? 중에 하나일 것이라는 생각을 뒤집고 중앙아메리카의 작은 나라 코스타리카로 선정되었다. 1부터 10위까지...+ 더보기",5,2010-06-10
7016906,지리산 스님들의 못 말리는 행복 이야기,3817631,소라빛청아,"얼마 전에 <무소유로는 행복할 수 없다>는 부처의 가르침에 대한 책을 읽었다. 거기서는 이제껏 내가 아는 것과 다른 부처의 가르침에 대해서 얘기를 했다면, 『지리산스님들의 못 말리는 행복 이야기』는 이제껏 내가 아는 부처의 이야기가 들어있었다. 우리가 아는 스님들, 참선, 그리고 고기를 먹지 않는 다던가, 무소유라던가 등등의 이야기가 있었다. 그런 이야기들 와중에 전체적인 주제는 '행복'에 관한 것이었고, 그 행복에 관하여 천진스님께서 논하시는 이야기들을 엮은 ...+ 더보기",4,2010-06-13
7016906,지리산 스님들의 못 말리는 행복 이야기,3815200,청색안개,"엄마를 따라 절에 가면 그렇게 신기할 수가 없었다. 절 처마 끝에서 예쁜 소리를 내는 풍경 소리도 좋고, 나물만 넣어 비벼 먹는 밥도 어쩜 그렇게 맛있는지 신기하기만 하다. 향 냄새가 나면 왠지 머리가 맑아지는 것 같아 킁킁거리던 기억도 난다. 얼마전 아이와 함께 절에 다녀왔다. 아이도 처음이지만, 엄마인 나도 무척이나 오랜만에 가는 것이라서 모든 것이 낯설게만 느껴졌다. 생각보다는 큰 규모의 절이라서 놀라긴 했어도 마음은 편했다. 아이도 엄마를 따라서 열심히 절을 하고, 나물이 잔뜩 들...+ 더보기",5,2010-06-12
7016906,지리산 스님들의 못 말리는 행복 이야기,3815178,멋진엄마,"우연찮게 스님과 인연이 되고 시어머니가 담양에 있는 절에 계시기도 하고 아이들은 방학동안 그곳에서 깨끗한 공기를 느끼는 방학생활을 하곤 한다.

그곳을 향하는 시간은 여유를 갖을 수 있는 시간이고, 가족 여행을 하는 시간이고, 잠깐씩 떨어져 있는 어머님과의 정을 다시 느낄 수 있는 시간이기도 하다. 초도 밝히고 향도 사르고 다기물도 올리고 상단, 중단, 하단에 순서대로 3배도 올리고 이젠 제법 순서도 틀리지 않고 법당에서 삼배를 올리고 나오게 된다. 아직은 부처님의 가르침을 안다고 할 수 없지만 잠시의 삼배 합장으로...+ 더보기",5,2010-06-12
7016906,지리산 스님들의 못 말리는 행복 이야기,3830409,자작나무그늘아래(hjpae),"요즘 들어 부쩍 불교에 관한 책을 많이 만난다.

물론, 예전부터 불교에 관심이 있었기에 어쩌면 당연한 귀결인지도 모르겠지만, 날이면 날마다 쏟아지는 수많은 책들 중에서 내 손을 거치는 책의 한정됨을 생각한다면 이런 현상은 나에게 있어서는 특별한 일임에는 분명하다.

이 책을 쓰시고 엮으신 두 스님은 이미 작년에 [지리산 스님들의 못 말리는 수행이야기]로 커다란 인기를 끌었다고 한다.

속세에서 나름대로 인정받는 자리에 있던 여인들이 어떤 연유로 입산을 하게 되었는지, 세속적인 호기심이 없었던 것은 아니지만, 표지에 실린...+ 더보기",3,2010-06-17
7016906,지리산 스님들의 못 말리는 행복 이야기,3789000,사람세상,"홍서원에 가고 싶다. 정봉무무스님의 법어를 듣고 수행중인 스님들과 단 일주일만이라도 수행하고 싶어진다. 땅끝마을 아름다운 절을 읽고 미황사에 가고 싶어졌던 몸앓이와 비슷한 느낌으로 내 맘을 쏠리게 만든다.

이미 지리산스님들의 못말리는 수행이야기란 책을 읽고 홍서원을 찾는 사람들이 많다는 것은 행복이야기 편에 책을 읽고 찾아온 사람들의 이야기가 줄을 잇고 있지만 나는 언제 그곳을 찾을 지 기약없이 방황하며 살아가는 어리석은 중생이다.

 

이것도 인연이라면 인연일까. 이 책을 읽기전 홍서원을 전혀 몰랐는데 부처...+ 더보기",4,2010-06-03
7016906,지리산 스님들의 못 말리는 행복 이야기,3828447,규리민서맘,"지리산 홍서원에서의 두 스님의 담담한 이야기가 이 책에 담겨있다.
표지에서 행복해 보이는 두분의 인자한 미소가 내 마음까지 편안하게 하는 듯 하다.
서로에게 멘토와 멘티 관계로 보이는 두분...친근하게 느껴지는 두분이지만
스님이 거짓말을 하게 될 경우에는 정말로 엄하게 대하신다고...
이 책을 읽으며 가장 도움이 많이 되었던 것은 우리 삶에 집착을 내려놓으라는 가르침이었다.
어느 나라도 마찬가지겠지만 특히 우리 나라의 부모 자식간의 사랑, 특히 부모의 내리사랑은 거의 집착에 가깝지 않은가 한다.
그렇지만 이 책에서는 남성...+ 더보기",5,2010-06-17
7016906,지리산 스님들의 못 말리는 행복 이야기,3821733,초록향기,"사람들은 도를 위해 모든 것을 내려놓지도 못하면서, 겉으로만 수행하려고 해. p.98

스님께서 정곡을 찔린 듯이 따끔하게 꼬집어 주신다. 우리는 늘 '집착'에 사로잡혀서 진정한 '내려놓음'을 실천하지 못하고 있다. 그러면서 해야 하는데... 라는 말만 늘어놓기 일쑤다. 집착이란 것이 삶의 의욕과 동적에너지와는 상반된 느낌을 갖게 한다. 하지만 집착을 버림으로써 얻어 낼 수 있는 것은 그런 것들 보다 훨씬 더 높은 차원의 의미를 가지는 것이 아닐까 한다. 우리가 사랑하는 사람과 함께 있으면 행복하다고...+ 더보기",4,2010-06-15
7016906,지리산 스님들의 못 말리는 행복 이야기,3800521,노박사,"「지리산 스님들의 못 말리는 행복이야기」를 읽고 


나 자신은 아직까지 특별한 종교에 얽매이지는 않는다. 따라서 절이든지, 교회이든지, 성당이든지 할 것 없이 가고 싶으면 찾아가서 좋은 말씀을 듣곤 한다. 모두가 다 우리 인간을 좋은 면으로 이끌어 주기 위한 활동을 하니 정말 고마울 데가 없다. 그리고 그러한 믿음과 공간을 통하여 뭔가 삶의 활력소를 찾게 되고 더 주어진 일에 열심히 할 수 있는 힘을 얻을 수 있다면 최고의 약이 될 수도 있기 때문이다. 물론 그 중에는 너무 극단적인 믿음으로 인하여 타 종교에...+ 더보기",5,2010-06-07
7016906,지리산 스님들의 못 말리는 행복 이야기,3803738,루사,"스님들의 못 말리는 행복이야기에는 무슨 행복한 이야기가 있을까 궁금해서 읽게 된 것 같다. 나는 요즈음은 살아가는데 있어서 행복한 일이 없는 것 같아서 말이다. 그래서 스님들의 행복한 이야기를 통해서 지금 행복하지 않다라고 생각하는 내 현실속에서 행복을 찾아보려고 한다.  책의 표지에 나란히 앉아계신 스님들의 모습은 그 어느 사람들보다 ""나 행복해요""라고 얼굴에 씌여있는 것 같아서 나도 얼굴에 미소가 지어지는 것 같다. 이책을 읽는 내내 나도 행복이라는 것에 대해서 다시 한번 생각하게 될 것 같고 지금 상황에서 힘들어서 좌...+ 더보기",5,2010-06-08
7016906,지리산 스님들의 못 말리는 행복 이야기,3768289,책과더불어사는삶,"작년 이맘때쯤 지리산 스님들의 수행이야기를 읽고선 마음이 참으로 편안해짐을 느꼈었는데, 그 두 번째 이야기가 나왔다. 이제는 지리산 스님들의 못 말리는 행복이야기이다. 핑크색 표지위에 두 분의 스님이 나란히 앉았다. 천진스님과 현현스님. 그 법명처럼 웃는 모습이 아이처럼 천진스럽기만 하다.1권에선 스님들의 일상을 이야기 한 책이라고 한다면, 2권에선 스님들의 일상을 기초로 한 불교의 진리를 알려주고 있다. [지리산 스님들의 못 말리는 수행이야기]가 출판된 이후, 많은 분들이...+ 더보기",5,2010-05-28
7016906,지리산 스님들의 못 말리는 행복 이야기,3961663,상갈동홈보이,"지리산 스님들의 못 말리는 행복 이야기 

나는 종교에 대한 이야기는 좋아하지 않는다. 그렇지만 사람을 구원하는 이야기, 진리를 탐구하는 이야기는 좋아한다. 어차피 사람이 종교에 발을 들여놓는 것은 구원 받고자, 진리를 탐구하고자 하기 위함이다. 이 책을 두고 겉보기에 종교에 대한 이야기보다는 인간이면 누구나 관심 있어하는 내용을 담고 있을 것 같다는 기대감을 가졌다. 세속에 이름 꽤나 알려진, 법정 스님 같은 분의 글이나 조금 읽었을 뿐인데 천진, 현현이란 이름은 생소하기도 했고 일단 비구니라는 사실 자체가 호기심을 자아냈다....+ 더보기",4,2010-07-26
7016906,지리산 스님들의 못 말리는 행복 이야기,3768847,하하하호호호,"지리산 홍서원에 찾아 온 사람들이 풀어놓은 가지각색의 사연에 따라 설해 주신 법문집인 지리산 스님들의 못말리는 행복 이야기는 부처님 가르침의 핵심인 사성제와 팔정도에 맞추어 새로이 구성해서 나왔다고 한다.

 

사성제와 팔정도?

중고등학교 도덕과 윤리 시간에 시험에 나올 것을 대비하여 

사성제는 고성제, 집성제, 멸성제, 도성제

팔정도는 정견, 정사유, 정어, 정업, 정명, 정정진, 정념, 정정

무조건 외우기만 했었다. 각각이 의미하는 바는 한번 읽어보고 시험문제에 나오는 보기 중 틀린것 하나...+ 더보기",4,2010-05-28
7016906,지리산 스님들의 못 말리는 행복 이야기,3796062,Artemis_Youth,"천주교 모태신앙 신자로서(현재는 냉담중이지만) 개인적으로는 성당, 사찰 가릴 것 없이 종종 찾아가곤 하는 사람이지만  왠지 모를 거부감으로 종교 관련한 서적은 그리 즐겨 보는 편이 아니었다. 그나마 무소유, 힘 등을 읽으면서 스님들의 책은 종교서적이라고 굳이 구분하지 않아도 괜찮다 정도로만 생각할 뿐 애써 찾아보는 편도 아니었다. 그러던 중 『지리산 스님들의 못 말리는 수행이야기』라는 책에 대한 기사를 읽게 되었고 그 후속작인 『지리산 스님들의 못 말리는 행복이야기』가 출판되었다는 소식에 과연 어...+ 더보기",4,2010-06-06
7016906,지리산 스님들의 못 말리는 행복 이야기,4721738,소요유,"우연히 읽게 된 책이다. 사진속 스님들의 모습이 너무 해맑아보였고, 보통 사찰과는 사뭇 다른 스님들의 수행 공간에 눈길이 갔다. 이 책이 스님들이 펴낸 두번째 책이란 것도 책을 읽는 도중에야 알았다.  
이 책은 평생 아름다운 도반이길 기도하신 두 비구니스님들이 은사스님으로 모시고 있는 정봉무무스님의 법문을 엮은 책이다. 법문이지만 너무 어렵지 않아 좋다. 평소 생활 수행 방법부터 죽음에 대한 글까지 다양한 법문들로 이루어져 있다. 한단락씩 읽을때마다 나 자신을 조용히 돌아볼수 있는 기회가 된다....+ 더보기",4,2011-04-15
7016906,지리산 스님들의 못 말리는 행복 이야기,4111361,아기멍멍이,"저는 1년정도 불교를 더 깊이 믿으며 마음 공부를 하고 있습니다. 
이 책은 제 나름대로의 수행에 큰 도움이 되었습니다.  
사유의 수준이 한단계 더 높아진 것 같다는 생각이 들구요 
현실에서 흔히 일어나는 예를 많이 들어서 독자의 이해를 쉽게 해주신 점도 매우 좋았습니다",5,2010-09-13
1712237,우리아기 좋은이름,1919209,ring2165,"대학에서 강의를 하시면서 사주명리학 성명학자로 유명한분만아니라 유명 정치인, 연예인들의 아기 이름을 작명한 것은 미리 알고 있었습니다.


그러나 성명학 책이 없어 간절히 기다렸는데 김동완 교수님의 성명학 책이 나와 행복합니다.


누구나 쉽게 따라지을수 있도록 배려한 책 너무 감동적입니다.






유명 성명학자가 누구나 자신의 예쁜아기 이름을 지을 수 있도록 쉽고


자세하게 설명해 놓았습니다.


김동완 선생님의 책 사주명리학 시리즈 1.2.3.4권 , 브랜드 네이밍 토정비결도 너무 재미...+ 더보기",5,2008-02-19
1712237,우리아기 좋은이름,3000371,mlodvel,"우리 아기한테만 좋은 이름이 아니다. 
사주를 배우면서 자연스럽게 성명학에도 관심이 있어서 구입한책 
그동안 자세하게 배우지 않은 내용은 구체적으로 제세해준 고마운책이다 
우리가 흔히 사용안던 불용문자에 대한 설명과 잘못알고 있는 성명학에 대해서  
딱 이게 바쁘다고 집지 않고 우리가 스스로 판단할 수 있게 해주는 책이다. 
그래서 아기한테만 좋은 책이 아니다.",5,2009-07-31
1712237,우리아기 좋은이름,2017888,elegantsehee,"아기 이름 때문에 요즘 걱정하고 있던 참에 이 책을 구입했는데
참 쉽게 풀이해놓으셔서 좋은 아기이름을 지었답니다.
아기 이름 때문에 고민하시는 주부님들께서 꼭 보셨으면 합니당 ^^",5,2008-03-31
179427379,진여명리강론 1,12826861,ywg21c,명리학을 처음 학습하는 분께 권장합니다. 명리학 기본서로 가격을 높지만 그 이상의 가치가 높습니다. 신수훈 선생님께서 실관의 경험이 실려 있어서 타의 기본서보다 출중합니다.소장의 가치가 있습니다.,5,2021-08-01
156823647,추기경 정진석,10307823,밀리,"신자인 나로서도 다 읽는데에 많은 어려움을 느꼈다. 남이 써준 칭찬일색인 이런 책보다는 자신이 한국 카톨릭 역사에서 역할을 하면서 겪어온 어려움과 고통, 그 속에서 찾은 주님의 뜻과 사제로서 살아온 자기 인생의 의미와 축복 등을 솔직히 직접 풀어 낸 글들을 선종 후 출간했더라면...",1,2018-08-28
156823647,추기경 정진석,10275280,데레사,정진석 추기경이 누구인지에 대해 알려주는 유일한 책. 천주교 신자라면 필히 읽어야 한다고 생각한다.,5,2018-08-12
156823647,추기경 정진석,10269757,라일락,"정진석 니콜라오 추기경,1931년 서울에서 태어나명동성당에서 유아세례, 첫영성체, 견진을 받고1950년 서울대학교 공과대학에 입학,그러나 6.25 전쟁으로 학업을 이어가지 못했다.1951년 영적 아버지 김영식 신부와 처음으로 만나1954년 서울 대신학교에 입학했다.주교로 수품받고청주교구장, 서울대교구장을 거쳐2006년 추기경으로 임명,현재는 원로 사제로 가톨릭대학교 성신 교정에 머물며신자들을 위한 책을 집필 중.한 사제의 삶을 넘어교회와 한국 근현대사가 고스란히 담긴 책이라는염수정 안드레아 추기경님의 추천의 말 뜻을책을 읽기 전에는...+ 더보기",5,2018-08-09
156823647,추기경 정진석,10275286,데레사,"정진석 추기경의 일대기를 담은 회고록     한국에는 추기경이 세 분 계시다. (고 김수환 추기경, 정진석 추기경, 염수정 추기경) 김수환 추기경에 대한 책은 매우 많고 매스컴, 영화 등을 통해 그 분의 행적, 가르침 등이 널리 알려져 있다. 한국 사회 격동기에 활동하셨던 만큼 한국의 민주화에 기여를 하시고, 항상 소탈하고 소외된 자와 함께 했던 그 분의 모습은 신자뿐 아니라 일반 국민들에게 가톨릭에 대한 좋은 인상과 영향을 주었다.      김수환 추기경이 노쇠할 때쯤인 2006년, 베네딕토 16세 교황은 서울대...+ 더보기",5,2018-08-12
173068097,세계관 그 개념의 역사,10508920,숨비북,10년이 넘은 오래 전 한 모임에서 들은 이야기가 생각난다. 선박을 개조해서 병원시설을 갖추고 아프리카의 후진국과 개도국을 방문하여 무상으로 의료 수술등으로 사람들의 인생을 변화시키는 참으로 값진 일을 하는 기독교 병원선박이 있다. 어느 날 그 배에 승선한 한무리의 기독교 선교팀이 정박해 있던 어느 아프리카 내륙 부족으로 복음 사역을 위해 들어가게 되었는데 그곳에서 그들은 참으로 기이한 일을 맞닥뜨리게 된다. 오랜 기근으로 먹을 것이 없어서 피골이 상접한 사람들과 앙상한 뼈를 드러낸 채 누워서 엄마의 ...+ 더보기,5,2018-12-03
173068097,세계관 그 개념의 역사,10513109,mirinae,"세계관이라는
 단어는 세계를 보는 시각이나 관점 등으로 단순하게 생각할 수 있습니다. 하지만 본격적으로 문명이 발전하기 시작한 이후 오랜 
시간으 흐르면서 세계관은 몇 단어로 짧게 정의할 수 있는 수준이 아니네요. '세계과 그 개념의 역사' 는 세계관 하나를 가지고도 
참고 문헌을 제외하고 600여 페이지의 방대한 분량으로 설명하고 있습니다. 처음에는 가볍게 읽기 시작했지만 문장의 뜻을 생각하면서
 읽다보니 집중해서 한 장을 읽는 것도 쉽지 않았네요.이
 책의 저자는 기독교적 세계관의 권위자라고 합니다. 그래서 앞 부분에서...+ 더보기",5,2018-12-05
173068097,세계관 그 개념의 역사,10512389,life7joy,"나는 기독교 세계관에 관한 책들을 많이 읽었다고 자부한다. 이미 고전이 된 Gorden Clark의 A Christian View of Men and Things, Abraham Kuyper의 Lectures on Calvinism, Arthur Holmes의 Contours of A World View, James Sire의 The Universe Next Door 등은 기독교 동아리에서 원서로 읽어냈다. 특히 헤르만 도예베르트의 사상을 이해하려고 전전긍긍하다 책 읽기를 포기한 기억도 난다. 후에 프랜시스 쉐퍼, 리차드 미들턴과 ...+ 더보기",5,2018-12-04
173068097,세계관 그 개념의 역사,10510909,고래씨,"세계관을 담았다는 책 소개에 얼마나 방대한 이야기가 담겨 있을까 하며 기대했던 책이다.짧은 프롤로그와 에필로그이지만, 책의 처음과 끝에 있는 <나니아 연대기> 이야기가 이 책에 관심을 더 가지게 만들었다.다만 내 예상과는 조금 달랐던 게, 책을 펴보니 기독교 중심의 종교 책이었다.책을 펴기 전에는 세계관의 한 부분으로 기독교라는 종교가 들어가는 줄 알았다.이 책에서 말하는 세계관이란, '기독교 세계관 운동'을 말할 때의 그 '세계관'이 중심이었다.(프롤로그의 <나니아 연대기> 이야기)책에서는 먼저 세계관 안에서...+ 더보기",4,2018-12-04
173068097,세계관 그 개념의 역사,10514700,깐도리,"1911년에는 세계관적 (Weltanschauungliche) 이라는 형용사가 만들어졌으며, 이 신조어에 자극을 받아 언어학자들은 세계관(Weltanschauung)이란 용어 자체의 기원을 찾기 시작했으며, 결국 이 말은 칸트가 처음 만들어냈음을 발견했다. 19세기 독일의 관념론과 낭만주의 조류 안에서 세계관은 적절한 용어였으며, 더 나아가 카이츠의 말처럼 핵심 개념이었다. 이 용어는 우주의 본질을 이해하고자 하는 인간의 갈망을 예리하게 표현했다. 따라서 세계관(Weltanschauung)은 인간의 핵심적인 관심사를 집어냈기 때문에...+ 더보기",5,2018-12-05
173068097,세계관 그 개념의 역사,10515538,별모양클로버,"대학생 때, 대학교와 교회에서 기독교 세계관에 대한 강의와 관련 독서를 접할 수 있었다.
본서의 서두에 나오는 추천서를 쓴 손봉호 교수님이나 신국원 교수님의 강의와 책으로 배우기도 했고,
역시 추천서에 등장하는 제임스 사이어와 알버트 월터스의 책도 읽었던 것이 기억난다. 
세계관 정의에 인용구로 등장하는 체스터턴은 매우 좋아하는 작가이기도 하다.
때문에 이 책을 읽을 때 쉽게 이해할 수 있을 거라는 기대와 자신감도 있었다.
하지만 내가 접한 기독교 세계관의 개념은 철저히 개혁주의 신학 아래에서 정의되었기 ...+ 더보기",5,2018-12-05
173068097,세계관 그 개념의 역사,10515413,페르세우스,"이 책은 ‘기독교적인
세계관’의 개념을 다양한 학문적 분야(신학, 철학, 자연과학, 사회과학)에서 역사적으로 다뤄진 ‘세계관’의
의미와 맥락을 서술하고 비교한 책이다. 책의 내용과 구성은 기독교적인 세계관의 개념을 서술하고, 각 학문 분야에서 언급되거나 다루어졌던 세계관의 개념을 차례대로 소개하고, 기독교적
세계관과 비교하여 유사점과 차이점을 기술하고 있다. 우선, 기독교의
세가지 종파(카톨릭, 개신교, 동방정교)의 관점에서 다뤄지는 ‘기독교적인
세계관’ 개념이 소개된다: 개신교에서는 칼뱅주의 계열의 복음주의
교회에서 주...+ 더보기",5,2018-12-05
173068097,세계관 그 개념의 역사,10514590,블루,"세계관에 관한 책들을 보면 주로 기독교적인 세계관을 이야기하고 있다. 하지만 이 책은 기독교적인 관점만이 아니라 철학적, 문헌학적, 학제적, 신학적으로 세계관에 대한 개념을 두루 살펴보고 있는 책이라서 관심이 생겼다. 이 책의 저자인 데이비드 노글은 철학 교수이자 열정적인 사역가다. 그는 이 책은 종교적이나 철학적 다원주의에 관한 연구가 아니라, 세계관이란 개념자체이며 이 개념의 이론적 발전 과정에서 그리스도인을 비롯한 다양한 사상가들이 세계관을 어떻게 다뤄왔는가에 초점을 맞추고 있다고 밝힌다. 따라서 “한 지적 개념”(p.37)에...+ 더보기",5,2018-12-05
173068097,세계관 그 개념의 역사,10495687,초무야,"추천의 글들로 시작하고 있는 이 책은 7백페이지가 넘는 분량이지만 세계관이라는 생각하기 따라 달라지겠지만 어렵고 힘든 주제에 대한 명쾌한 답을 주지 않을까 싶네요. 저자 서문을 통해 저자가 생각하는 세계관과 책에서 언급될 내용들을 간략하게나마 정리도 해주고 있으며 도움을 준 여러 인사(人士)들에 대한 감사인사를 전해주고 있기도 하네요. 쉬운 연구서가 아니었던 만큼 많은 분들이 언급되어 있네요. 따라서 이 책에서 주로 드러내고자 하는 것은 세계관이란 개념 자체다. p37세계관은 교회의 신앙적 통전적 성격, 우주적 차원, 보편...+ 더보기",4,2018-11-27
385784737,역사적 성경적 관점으로 본 메시아닉 유대인과 그 공동체,17104304,사랑은책을싣고,메시아닉 유대인에 대해서 국내에 자료가 없는데 이 책은 그리스도인들이 메시아닉 유대인과 유대교를 어떻게 봐야하는지 제대로 알려주는 책 같아서 기대가 됩니다. 저자들을 보니 잘 알려진 신학자들도 대거 참여했네요,5,2026-02-21
196550958,당신은 이미 충분합니다,15876127,구름모모,『딱! 알맞게 살아가는 법』책을 통해서 안젤름 그륀을 알게 되면서 수많은 저서들 중의 한 권인 이 책을 기쁜 마음으로 펼치게 된다. 행복이 무엇인지 질문을 할수록 실체는 분명해진다. 행복한 삶은 곧 만족하는 삶이라고 저자는 명료하게 설명한다. 책 제목부터가 마음에 들었고 책장을 넘길수록 놓치지 않도록 삶의 지표를 더욱 분명히 할 수 있었던 내용들이다. ​​'만족'의 의미는 과장되지도 않고 거짓말하지도 않는 것을 의미한다. 숨기지도 않고 떠벌릴 필요도 없는 것을 의미한다고 저자는 쉽게 설명한다. 편안하고 안정된 삶으로 이끌어주는 만족...+ 더보기,5,2024-09-25
196550958,당신은 이미 충분합니다,10992678,에디터D,"당신은 이미 충분합니다  만족은 궁극적으로 우리를 세상의 잣대로부터 내적으로 자유롭게 만들어주고, 이미 우리 영혼의 기저에 존재하는 평화의 공간을 발견하게 해줍니다. 우리가 이러한 내적 평화의 공간, 우리 안의 고요함과 맞닿을 때 우리는 진정한 만족을 누릴 수 있습니다. 231쪽안셀름 그륀의 <당신은 이미 충분합니다>는 만족의 다양한 특성에대해서 이야기한다. 또한 만족이란 것이 단순히 한 가지 측면으로 되는 것이 아니라 여러가지 부분과 연결되어있다고도 한다. 그렇다면 우리가 우리 삶의 만족할 때 참 평화, 행복이...+ 더보기",5,2019-07-23
196550958,당신은 이미 충분합니다,11011656,크렘벨,"종교는 많은 가르침을 준다. 그 종교가 무엇이든간에 
메시지는 강력하다. 절대자와 인간은 조물주와 피조물이란 관계 속에서 끊임없이 교감하며 의지하는 관계를 형성한다. 현대인에게 종교는 위안과 
안식처다. 절대 채워지지 않는 욕망이라는 욕심은 종교로 인해 누그러질 수 있다. 언제나 만족하고 감사하는 삶을 살기 위해 의식적으로 노력하지만 삶은 비교와 불만족, 불평으로 얼룩질 
때가 많다. 그럴땐 나도 모르게 입 밖으로 수많은 이야기를 쏟아낸다. 그런데 지나고 보면 후회가 밀려왔다.  결국 ...+ 더보기",5,2019-08-02
196550958,당신은 이미 충분합니다,10998943,antibsy,"우리는 지금 '행복 불감증'의 시대를 살고 있다. 기대치가 커서 일수도 있고, 행복의 조건이 아무것도 없어서 일수도 있고, 비교하고 판단하는데 너무 익숙해져서 항상 부족함을 느끼기 때문일수도 있다. 어쨌든 우리는 행복해서 점점 멀어지고 있고 행복의 기운을 점점 잃어가는 현실과 마주한다. 이에 치유의 사제인 안셀름 그륀 신부는 '오늘을 최고로 행복하게 사는 법'을 우리에게 알려주며 그동안 놓치고 살았던 감사와 기쁨, 행복에 관한 이야기를 전한다. '만족'이라는 단어는 진솔한 대화의 문을 열어 주는 마법의 열쇠이다. 서로 만족...+ 더보기",4,2019-07-26
196550958,당신은 이미 충분합니다,11000592,숌,"우리가 행복해질 수 없는 이유. 그렇게 많은 문명의 이기와 생활의 편리함을 누리고 배불리 먹고 따뜻하게 지내면서 불편함 없이 살고 있는 현대인들이 행복해하지 못하는 이유는 바로 만족함이 없기 때문이다. ​""자기 자신에 대해 만족하지 못하는 사람들은 종종 외적인 것에 불만을 갖습니다. 그런 사람들은 자신이 처한 삶의 상황. 바람과 어긋나는 가정. 소음이 심한 주변 환경, 회사의 업무에 대해서도 불평합니다. 그렇게 되면 외적인 모든 것이 불만의 원인이 됩니다."" (32쪽) ​사제들을 치유하는 사제, 독일의 안젤름 그륀 사제는 자신에...+ 더보기",5,2019-07-27
196550958,당신은 이미 충분합니다,10987490,kyjsh_2000,"수백명의 팔로워와 수천명의 SNS친구들.. 그중 내가 힘들때 정말 전화한번 할 수 있는 사람은 몇이나될까. SNS를 보면 세상사람 모두 맛있는걸 먹고, 멋진 옷을 입고 행복으로 가득찬 삶을 살아가는 것 같지만 생각해보면 나도 한장의 멋진 사진을 위해서 여러장사진을 찍었던 적이 있지 않은가. SNS의 발달로 피상적인 인간관계만 늘어났을뿐 남들과 내처지를 자꾸만 비교하게 되어 마음속은 더욱 공허함을 느끼고는 한다. 바야흐로 비교의 시대, 남을 보느냐고 정작 내마음을 챙기고 돌볼 시간은 턱없이 부족하다. 아니, 그런 시도조차 하지 않는다...+ 더보기",5,2019-07-21
196550958,당신은 이미 충분합니다,10974394,allen135,"책콩 카페에서 이벤트로 당첨되어 읽게 된 도서인 <당신은 이미 충분합니다>나의 종교가 천주교라 이 책에 저자가 신부님이라고 하여 큰 관심이 생겼다.그래서 이 책의 서평이벤트가 뜨자마자 신청해 읽게 되었다.그리고 이 책을 읽는 동안에 마음의 평화, 만족에 대해 생각해 보게되는 시간이였다.그 중 한문구가 눈에 들어왔다.p106에 있는 문구였는데,많은 생각을 하게 되었다.""중요한것은 자기 안에서 평화를 찾는 것입니다""어느 곳이든 나와 잘 맞고, 좋은 사람이 한두명이 있기 마련이다.그와 반대로 나와 맞지 않고, 날 싫어하는 사람...+ 더보기",5,2019-07-15
196550958,당신은 이미 충분합니다,10992906,카일라스,"""당신은 이미 충분합니다"" 제목부터 위로가 되는 느낌이다. 내가 이미 가지고 있는 것을 모른채 갖지 못한 것들에 아웅다웅하며 살아왔나보다. 나는 이미 충분하다는 말에 뭉클해진다. 표지의 글을 보며 한참을 생각에 잠긴다. ""떠올려보세요. 오늘 당신이 무엇을 선물로 받았는지를…."" 자꾸 잊는다. 세상에는 감사할 일이 많은데, 그런 건 자꾸 잊어버린다. 부족해서가 아니라 만족하지 못해서 놓치고 살았던 감사와 기쁨, 행복에 관한 이야기『당신은 이미 충분합니다』를 읽으며 유럽인들의 정신적 아버지이자 최고의 행복 멘토 안젤름 그륀 신부의 이야...+ 더보기",5,2019-07-23
196550958,당신은 이미 충분합니다,10983246,페넬로페,"'사제를 치유하는 사제'라고 하였습니다.유럽인들의 정신적 아버지라고도 합니다.'안젤름 그륀 신부'그는 이미 언어와 종교를 뛰어넘어 수많은 독자들의 영혼에 깊은 감동과 울림을 주었다고 합니다.제 마음의 상처도 그가 치유해줄 수 있을까요?마냥 그에게 기대어보고 싶었습니다.『당신은 이미 충분합니다』 들어가기 앞서 그는 이런 이야기를 하였습니다.우리는 종종 주위 사람들에게 이렇게 묻곤 합니다.""어떻게 지내세요? 건강은 어떠세요? 가족들은 잘 지내죠? 아이들도요? 회사에서도 별일 없으시고요?""그러면 어떤 사람들은 이렇게 대답합니다.""네. 다...+ 더보기",5,2019-07-18
196550958,당신은 이미 충분합니다,10980974,법종스님,내 스스로 만족하지 못하다는 부정적인 생각이 가득했던 시절이 있었다. 내게 주어진 모든 것들이 충분하지 못한다는 생각에 세상과사람들에게 불평불만을 쏟아냈던 시기가 있었다. 그것도 오랜시간을말이다. 지금와서 되돌아보면 헛되이 보낸 시간이었고 그 때문에 수많은 기회를 잃어버렸다. 지금 생각해보면 나는 생각만큼 못나거나부족함이 없었음에도 말이다. 이것이 다 욕심 때문이었다. 이 책은 스스로 만족을 하지 못하는 인간에 대해서 이야기하고 있다.그리고 욕심이 만들어내는 자기파괴에 대해서도 심도있게 이야기 하고있다....+ 더보기,4,2019-07-17
196550958,당신은 이미 충분합니다,10990322,sophia80,"'만족하는 삶'의 기준은 누가 어떻게 정할까.아마도 스스로가 정한 기준에 따라 느끼는 정도의 차이로 구별할 수 있지 않을까.나는 주어진 환경에서 내가 가진 것에 대해 얼마나 만족하는 삶을 살고 있을까.가져도 부족하다 느끼고 먹어도 배고프다 느끼던 시절이 있었다.남들이 보기엔 충분히 가졌으면서도, 아니 어쩌면 넘치게 가지고 있었지만채워지지 않은 심리적 허기에 끊임없이 탐했던 시절이 있었다.돈을 좇아 살기 바빴던 그 시절. 허기짐과 넘쳐남이 반복되는 불행한 시절이었다.그러던 어느 날부턴가 사재기를 하던 습관이 조금씩 사라졌다.그런 습관...+ 더보기",5,2019-07-22
196550958,당신은 이미 충분합니다,11000639,rogan,"여름 휴가시즌이 돌아왔다.평소에는 금요일 하루만 혹은 더 좋게는 월요일 하루 더 휴가여도세상 다시 없이 행복하더니,남들도 다 쉬는 휴가가 되자, 이젠 '어디로, 얼마나' 가느냐에 따라행복한 기분이 올라갔다가 내려갔다가 한다.사람이란 이렇게도 간사한 존재인가.사제를 치유하는 사제, 행복전도사라고도 불리는 안젤름 그륀 신부님의 책<당신은 이미 충분합니다>는 이런 얄팍한 내 마음과 머리에시원한 바람을 한줄기 불어넣어준다.""만족하며 살고 있다""는 말이 무슨 뜻일까요?아마도 이런 뜻일 겁니다.완전히 잘 지낸다거나 매일매일이 최고라...+ 더보기",5,2019-07-28
196550958,당신은 이미 충분합니다,10990078,life7joy,"안젤름 그륀 신부의 글은 독자에게 많은 위로와 소망을 준다. <너 자신을 아프게 하지 말라>와 <다시 찾은 마음의 평안>, 이 두 책은 내가 그륀 신부를 좋아하게 된 계기가 되었다, 오래전에 읽었지만, 아직도 기억이 난다. 전자는 에픽테토스와 요한 크리소스토무스의 글과 함께 어떤 환경에도 상처받지 않고 자유롭게 살았던 성서의 인물들을 소개한다. 후자는 안절부절못하는 현대인들의 심리를 파헤치고, 평안으로 나가는 길을 알려준다. 또한 <하루를 살아도 행복하게>, <치유의 기도> 등과 같은 책을...+ 더보기",5,2019-07-22
196550958,당신은 이미 충분합니다,10993815,Abook,"만족하며 산다는 것.어떻게 지내세요?라는 질문에 일부 사람들은 이렇게 대답한다고 한다.만족하면서 살고 있어요라고.만족하며 산다는 것은 무엇일까?저자는 이렇게 이야기한다.""완전히 잘 지낸다거나 매일매일이 최고라는 뜻은 아니에요. 모든 게 완벽하다고 할 수는 없지만 현재의 삶에 만족해요. 일상생활도, 건강도 이 정도면 그럭저럭 괜찮고요. 물론 예전보다 더 에너지가 넘치거나 건강하지는 않지만, 지금 상태에 만족해요. 이만하면 충분합니다.""행복은 곧 만족하는 삶일 것이다.그런데 그것이 어찌 쉬운 일일까?이 책의 저자는 우리에게 만족에 대한...+ 더보기",4,2019-07-24
196550958,당신은 이미 충분합니다,10974594,flower,"<당신은 이미 충분합니다> 이 책은 저자인 안젤름 신부님이 현대인에게 주는 만족의 지혜가 담겨진 책이다. 행복을 느끼지 못하는 것은 불만족 때문이라고 한다. 물을 마시고 밥을 먹을 때와 같은 일상에도 그 순간을 충분히 느끼는 마음이 감사와 행복으로 이어지고, 평범하게 주어진 일상도 하느님의 선물이라는 마음을 일깨워 주었다. 가톨릭의 영성이지만, 종교를 초월해서 누구나 깊이 매료될 수 있는 아름다운 정신이 깃든 책이다.        삶에는 만족과 불만족이 끊임없이 교차하면서 자신을 소진시키기도, 더욱 성장하게 하는...+ 더보기",5,2019-07-15
196550958,당신은 이미 충분합니다,10988562,나단이,"‘사제를 치유하는 사제’. 유럽인들의 정신적 아버지, 전 세계에서 가장 사랑받는 행복 멘토, 안젤름 그륀 신부가 전하는 ‘충만하게 사는 지혜’에 대한 책이다.명상 앱을 통해서 알게 된 신부님의 이름이라서 더욱 관심이 갔다.이 책은 총 17개의 목차로 구성되어 있는데, 만족, 기쁨, 행복 등에 대한 신부님의 말씀이 녹아있다. 이 독일 신부님에 따르면 독일어로 ‘만족’이라는 단어에는 ‘이동’의 뜻이 있다고 한다. 즉, 만족은 ‘평화를 향해 나아간다’는 의미이다. 따라서 노력을 해야 된다는 의미도 포함한다. 결국 만족은...+ 더보기",5,2019-07-21
196550958,당신은 이미 충분합니다,10997790,구름한잔,"당신도 혹시'행복을 느끼지 못하는 병'에걸린 것 아닌가요?​제목부터 뭔가 우리에게 위로를 주는 듯한 책 <당신은 이미 충분합니다>입니다. 사실 지은이 안젤름 그륀 신부는 이 책을 통해 처음 만나보는데요. 개인적으로 기독교인도 아니고 불교인도 아닌 무신론자이지만, 신이 있다면 인간사, 세상사가 참 평안하겠지라는 생각을 평소 하고 살기에 종교적 색채가 강한 책이라 해도 사실 거부감은 없는 편입니다. 물론 종교가 역사적으로 수많은 폭력과 전쟁을 야기하기도 사실이지만 진리만을 놓고 보면 좋은 말도 많고, 마음이 편해지는 말도 많...+ 더보기",5,2019-07-26
196550958,당신은 이미 충분합니다,11002124,꾸우미맘,"나는 아직 충분하지 않습니다. 만족을 하기에는 나의 몸이 건강하지 못함으로 나의 일상이 무너졌기
때문이다. 하지만 긍정적으로 이 시간을 받아들이고 앞으로 도약할 수 있는 기회의 시간이 될거라 믿기
위해 정말 많은 노력을 하고 있는 중이라 <당신은 이미 충분합니다> 라는 말이 와닿지 않는다. 책 자체에 종교적인 색채가 강한
것은 아니지만 무신론자로서 내용을 읽는다는게 막 즐겁거나 하지 않는다는 것도 하나의 문제점 일 것이다



그러나 안젤름 그륀 신부가 전하는 오늘을 최고로 행복하게 사는 법에 ...+ 더보기",3,2019-07-28
196550958,당신은 이미 충분합니다,11000529,송사리,"요즘 부쩍 우울해졌는데 제목만 봤을때부터 마치 위로받는 느낌이 들었다

'당신은 이미 충분합니다' 이 책의 저자는 안젤름 그륀 신부님이시다

SNS를 볼때면 다들 저렇게 잘사나? 하는 생각을 하게 되기도 한다

10대 20대 아이들은 더 그런 생각이&nb...+ 더보기",5,2019-07-27
196550958,당신은 이미 충분합니다,10998832,reader,이 글에는 스포일러가 포함되어 있습니다. 보시겠습니까?회색 영역을 클릭하면 내용을 확인할 수 있습니다.,4,2019-07-26
196550958,당신은 이미 충분합니다,10983811,atsugar,"책, 당신은 이미 충분합니다. ​마음에 위안을 얻고 싶어 이 책을 골랐다. 성당에 미사를 가면 영성체 후 잠깐 혼자만의 기도를 할 수 있는 시간을 제일 좋아한다. 그리고 두번째는 신부님의 강론시간, 간혹 내 마음을 들켜버린 것처럼 위로를 받곤 하는데, 이 책이 그랬다. 나는 지금 뭘 더 할 에너지가 남아있다고 해도 그럴 생각도 없다. 지금 충분하니까. 나는 그런 이야기를 듣고 싶었다. ""당신은 이미 충분합니다.""",5,2019-07-19
289085697,질문과 함께 배우는 설교,13556155,shimsh1230,"실천적이고, 실제적인 설교학 최고의 책이다! 이런책이 왜 이제야 나왔을까 싶다.",5,2022-04-30
289085697,질문과 함께 배우는 설교,13363243,가음이아빠,"설교학의 큰 숲을 5개의 섹터, 38가지의 질문으로 잘 정리한 안내서!질문마다 설교준비의 과정과 핵심을 잘 보여준다.좋은 설교자가 되기 원한다면 이 책으로 자문(自問)해보라! 길이 보일 것이다.",5,2022-02-22
289085697,질문과 함께 배우는 설교,13361922,흰둥이,다양한 질문과 답변을 통해 설교의 길을 안내하는 책이다.모든 목회자 일독을 권한다.,5,2022-02-22
289085697,질문과 함께 배우는 설교,13510245,eunlob87,설교에 대해 여러 의문에 대한 답을 가지고 독자에게 다가가는 독자 중심의 책이다. 표지에서 알 수 있듯이 내용의 모든 질문을 표지에 표시를 해 두었다.처음에는 '이게 뭔가'라는 생각으로 보게 되었다.그만큼 표지부터 설교에 대한 관심이 있는 독자라면 눈길이 갈 수 밖에 없다.내용은 길지 않지만 핵심을 잘 이해되도록 설명해 준다.설교에 대한 실제 작성 방법까지 안내하고 있어 설교를 준비하는 이들에게 안내서가 충분히 될 수 있다.,5,2022-04-13
16109281,유대교와 헬레니즘 1,7118178,책사랑,"마르틴 헹엘의 <유대교와 헬레니즘>은 기원전3~2세기 유대교 연구에 있어서, 역사비평의 모양을 취하고 있지만 결국은 탈역사적이고 추상적 신학으로 흘러간 불트만학파와, 반지성주의를 경건주의로 착각하는 무비평적인 근본주의의 양극단 모두를 극복해낸 탁월한 작품이다.역자는 마르틴 헹엘의 학문적 엄밀성을 ""신학적 해석은 '진공'에서 나올 수는 없으며, 반드시 역사적 자료의 연구를 통해 검증되어야 한다는 확신에서 나온"" 것이라 평했는데, 실제로 저자가 이 책에서 보여주는 연구의 치밀함과 방대함은 가히 지독하다 할 정도다.어...+ 더보기",5,2014-08-25
355266440,성녀의 작은 길,16167625,2022rosa,비움과 작음의 영성을 보여주시는 소화데레사의 삶을 통해 우리 신앙인의 삶을 반추해 보기 좋습니다. 그렇게 책을 따라 걷다보면 한걸음더 하느님께 다가가 있음을 발견하게 됩니다. 진정한 평화를 찾게 해주는 분주한 현대인들에게 경종을 울리는 책!,5,2025-01-21
355266440,성녀의 작은 길,16196900,마르가리타,"가장 위대한 것그중 가장 위대한 것은 주님께서 저의 작음과, 제가 모든 선에 있어 얼마나 부족한지를 보여 주신 것입니다. (P102)주님 저에게 겸손함을 주소서...",5,2025-02-01
355266440,성녀의 작은 길,16139703,allen135,"성녀의 짧은 글들을 읽다보면 성녀는""참으로 작은꽃이 아니다. 겸손함으로 작은 꽃이라 하지만하느님을 향한 사랑은 누구보다 강하고, 큰꽃이구나.""라는 생각이 들게한다.소박하고 담백하지만 하느님을 향한 모습은 사랑스럽고,하느님께 받은 사람이 꽉차 넘쳐 흐르는 사람이구나 싶었다.또한 성녀의 단단한 성품을 볼 수 있었다.기도의 힘과 하느님의 자애로 풍요로운 삶을 살다가 떠난성녀의 모습이 정말 대단하게 느껴졌다.서로에게 상처를 주기에 바쁜 이 현대 사회에서성녀의 이 책은 위로가 되며, 욕심을 버리고 행복의 길,하느님께 쉽게 다가갈 수 있게 도...+ 더보기",5,2025-01-09
355266440,성녀의 작은 길,16159852,주영,"이 책은 '작은 꽃', '작은 길'의 영성으로 유명한 소화 데레사 성녀의 글을 편집하여 만들어졌습니다.소화 데레사 성녀는 24살에 결핵으로 일찍 세상을 떠났지만, '작은 길'과 여러 영적 주제에 대한 깊은 통찰이 담긴 책을 남겨 큰 반향을 일으켰습니다. 이 책은 성녀의 '작은 길'에 대해서 더욱 잘 이해할 수 있도록  쉽게  쓰여져 있습니다. '겸손의 마음', '완전한 행복', '사랑', '복음의 빛', '기적' 등 다양한 주제로 이루어져 있으며, 성경을 인용하여 성녀의 생각이다채롭게 묘사되고 있습니다.이 책을 읽다보면 마음이 정화...+ 더보기",5,2025-01-18
355266440,성녀의 작은 길,16230281,라일락,"나의 수호성인 소화 데레사 성녀의 자서전을 처음 읽었을 때,성녀의 이웃을 위한 희생적인 사랑이 크게 보였다.나도 그 길을 따르려고 상대방을 배려하고 인내하려 노력했었다.상대방의 오해로 억울한 상황에 놓여도 설명이 변명이 될 것 같아희생하는 쪽을 택하곤 했다.그러나 쉽지 않을 일이었고 종종 싸워서 이기고 싶다는 생각이 들기도 했었다.오랜 시간 소화 데레사 성녀의 희생에 대해 묵상하지 않을 수 없었다.그러다 얼마 전 소화 데레사 성녀의 자서전을 다시 읽었다.놀랍게도 성녀가 어린 시절 가족들로부터 받은 큰 사랑을 발견했다.소화 데레사 성...+ 더보기",5,2025-02-15
355266440,성녀의 작은 길,16174680,emillucius,"소화 데레사 성녀는 작은 길의 영성으로 유명합니다. 성녀의 작은 길은 오늘날 우리가 추구하는 큰 꿈, 야망, 위대한 업적 같은 개념들과는 거리가 멉니다. 보통 우리는 큰 목표를 정해두고 이런저런 일을 많이 해야 하는 줄로만 알고 있습니다. 저 또한 40을 바라봐야 하는 나이인데도 남들처럼 열심히 살지 못하는 것 같아 마음이 초조하고 불안합니다. 우울증/조울증이 심해 직장을 얻지 못하는 게 마치 큰 죄처럼 여겨집니다. 그러나 위대한 업적은 우리가 세울 수 있는 게 아닙니다. 다만 예수님과의 따뜻한 포옹, 그분과의 진심 어린 대화가 우...+ 더보기",5,2025-01-24
355266440,성녀의 작은 길,16229414,밀리,내 친구라고 불릴 자격이 없다고 생각한 한 친구가 있다. 나와 다르게 쇼핑을 무척이나 좋아하고 정치적 견해랄 게 딱히 없으며 자기 주관이나 철학없이 이리저리 흔들리는 그런 사람이라 생각했다. 그래서 그런 그녀를 나는 속으로 업신여겼다. 그래서 그녀를 은근히 무시했다. 그러니 그녀에게 말을 함부로 내뱉게 되었다. 그리고는 곧 후회하여 그녀에게 사과하기도 하였다. 그녀는 악을 만드는 좋지 못한 친구라 여기고 거리를 두려 하였다. 그런데 그녀가 악이라는 게 사실일까? 그 악은 누구에게서 온 것일까? 이번에 읽은 성녀 소화 데레사의 책을 ...+ 더보기,5,2025-02-15
355266440,성녀의 작은 길,16167603,2022rosa,"1월의 가톨릭책 : 성녀의 작은길 하느님을 믿는데 행복하고 평화안에 있지 않으십니까? 종교가 있는데 힘이 되지 않고 하느님께서 나와 함께 계시지 않은것 같으신가요?  어디를 향해 나아가려고 하는지  제 한걸음 멈칫해 봅니다.1월의 중반쯤 지금 잘 살아가고 있니? 스스로에게 물어 봅니다. 몇일  지나가지 않았지만 후회, 불안 그리고 방향이 흔들리고 있는 사람들도 많지 않을까 생각해 봅니다. 이 책은 어쩌면 세례받은 그리스도인으로 살아가면서도 하느님의 평화 보다는 불안이, 하늘나라를 향해 가는 것보다 세속을 헤매는 중이라 바쁜...+ 더보기",5,2025-01-21
355266440,성녀의 작은 길,16230295,hyne81,"성녀 소화 데레사와 걷는 신앙 여정, 『성녀의 작은 길』은 성녀 소화
데레사의 영성이 가득 담긴 책이어서 읽는 내내 감동과 깨달음의 연속이었다.

성녀는 예수님께서 자신을 하느님께 들어 올려 주실 수 있도록, 그분을
사랑하고 그분께 전적으로 자신을 내어 드리는 '작은 존재'가
되어야 함을 깨닫고 그것을 우리에게 신앙의 유산으로 남겨 주었다.



사랑의 길 위에서 빠르게 나아가는 유일한 방법은 바로 가장 작은 존재로 남는 것입니다. -p.49



좋은 구절들이 너무 많아서 줄 긋는 것조차 무의미한 것 같았던...+ 더보기",5,2025-02-15
355266440,성녀의 작은 길,16221484,bogoomi,"#캐스리더스1월도서서평#보금자리묵상#소화데레사성녀와걷는신앙여정#성녀의작은길#20250211#형언할수없는사랑#오직마음안에p.78사랑의 길은 더없이 감미롭습니다.비록 사람은 때로는 실패하고,은총에 충실치 못할 수도 있으나,사랑은,모든 것에서 이익을 취할 줄 아는 사랑은,예수님을 슬프게 하는 것은 재빨리 없애 버리고,오직 마음 안에 깊고 겸손한 평화만을 남깁니다.🙋‍♀️ 사랑에 관해 정의를 내리라고 하면 어떻게 말할 수 있을까? 어쩌면 사람마다 사랑의 느낌이 다를 수 있겠다는 생각이 들었다. 신앙인으로 살아가면서 크나큰 덕목 중 하나는...+ 더보기",5,2025-02-11
355266440,성녀의 작은 길,16172922,크리스티나,"책 속으로 ""너는 내 품에 안겨 무릎 위에 놓일 것이다. 마치 어머니가 자기 자녀를 예뻐하듯이, 나 역시 너에게 그러할 것이다."" (이사 66,12-13)-................ 작은 길에서 ​저는 어렸을 때부터 온갖 고행을 행한 아름다운 영혼들을 닮지는 못하지만, 제 성향을 끊임없이 살피고,   이웃에게  성급히 반응하지 않으려 합니다. 수백 가지 화려한 일들을 하기보다는, 뽐내지 않고 이 웃에게 작은 봉사를 이어 나갈 것입니다............. 뽐내는 일 없이 ​그분께서 우리에게 오시는 것은 그 어떤 지식이나 재능을...+ 더보기",5,2025-01-23
355266440,성녀의 작은 길,16229080,꿈꾸는담쟁이,"성녀 소화 데레사의 <성녀의 작은 길>은 그녀의 신앙과 겸손의 여정을 아름다운 문장으로 풀어낸 책입니다. 이 책은 성녀가 경험한 신의 사랑과 그에 대한 그녀의 순수한 반응을 바탕으로, 우리 모두가 따를 수 있는 ‘작은 길’을 제시합니다. 성녀 데레사는 자신을 낮추고, 고통 속에서도 그리스도를 향한 사랑을 잃지 않았습니다. 그 과정에서 “작은 길”이란 단순한 겸손과 순종을 넘어서, 스스로를 비우고 하느님의 뜻에 온전히 따르는 삶의 자세를 보여줍니다.첫 번째로, 27페이지의 문장은 제게 큰 울림을 주었습니다. ""미소한 존재로...+ 더보기",5,2025-02-15
355266440,성녀의 작은 길,16229947,yamsini,"그리스도를 바라보며 걷는 신앙의 길은 나의 한없는 부족함과 흠많고 모난 모습을 깨닫게 되는 길이었습니다. 스스로의 나약함을 알기에 주님께 항상 은총을 청하며 기도하지만 그 기도안에서 조차 내 의지를 내려놓지 못하는 나를 봅니다.  성녀 데레사의 ""작음의 영성""을 이야기하는 이 책은 읽는 내내 빳빳하고 두터운 제 마음의 벽을 어루만져 주는 것 같았습니다. 작은 이,  낮은 곳, 드러나지 않음이 주님께는 소중하고 어여쁘다는 성녀의 확신에 찬 목소리를 듣습니다. 우리가 바라고 생각하는 길이 아니라 주님이 찾아오시는 길, 주님을 만나는 길...+ 더보기",5,2025-02-15
355266440,성녀의 작은 길,16218369,카타리나,자신을 예수님의 작은 꽃이라고 지칭한 데레사 성녀. 그래서 소화 데레사라고도 불린다.​짧은 토막 형식으로 이루어진 이야기였지만 하느님을 향한 성녀의 사랑은 정말 그 끝을 알 수가 없었다.​성녀님께서는 이토록 자신을 낮추면서까지 주님의 사랑을 받기를 간구했는데나는 주님께서 나를 알아봐주시기를 위해 과연 나를 낮추면서 간구했나 고민하게되었다.​이른 나이에 수도회에 입회하고 결핵으로 인하여 24살의 나이로 일찍이 선종하였지만그분이 남긴 영적 저서들은 수많은 신자들에게 여전히 사랑받는 책으로 알려져 있다.​-평범하고 단순한 하루 속에서도 ...+ 더보기,5,2025-02-10
169304428,2026 꿈해몽 대백과,12268505,서태후,내용도 응미롭고 글고 크고 읽기 쉽게 디자인 되어져 있어 좋네요,5,2021-01-01
169304428,2026 꿈해몽 대백과,11114981,checking,제가 경험한 바로는 시중에 나온 책 중 가장 정확도가 높은 것 같습니다,5,2019-09-21
169304428,2026 꿈해몽 대백과,13006536,윤정희,"꿈 풀이도 다양하게 많고, 매우 흥미롭게 잘 읽어 습니다.   강추",5,2021-10-09
169304428,2026 꿈해몽 대백과,12500171,youngjin.koo,돼지꿈 꾸고 새 식구가 생겼습니다.,5,2021-03-28
169304428,2026 꿈해몽 대백과,13245244,금주,금 빛나는 잉어가 표지네요 . 디자인도 이쁘고 마음에 듭니다,5,2022-01-09
169304428,2026 꿈해몽 대백과,13594949,독일인의사랑,"나이가 많아지면 ˝예지몽˝이라는 것을 꾸는데, 이 책이 해결사 역할을 하고 있습니다",5,2022-05-14
169304428,2026 꿈해몽 대백과,14323712,꿈가꿈,"어머니가 꿈풀이 책 한권 있으면 좋겠다고 해서, 열심히 검색해서 주문했습니다. 글씨도 크고 보기편하게 되어있어 좋았습니다. 내용도 꼼꼼하게 상항별로 나눠져있어 찾기도 쉬웠습니다. 집에 한권 있으면 부모님들이 심심할때 볼만 합니다. 추천 합니다",5,2023-02-04
169304428,2026 꿈해몽 대백과,11114977,checking,"저는 꿈을 자주 꿉니다. 도둑이
드는 꿈, 죽임을 당하는 꿈, 뱀에 물리는 꿈, 하늘을 나는 꿈 등 꿈을 꾸고 나면, 꼭 및 칠 안에 일이 생깁니다. 꿈 해몽이 나쁘면 일이 꼬이고, 좋으면 일이 잘 풀립니다. 그래서 저는 꿈을 믿게 되었고, 자연스럽게 꿈 공부를 하게 되었는데, 제가 경험한 바로는 시중에 나온 책 중 가장 정확도가 높은 것 같습니다. 좋은
꿈꾸시고 대박 나세요.",5,2019-09-21
169304428,2026 꿈해몽 대백과,12500173,youngjin.koo,"돼지 여러 마리가 품에 안기는 꿈을 꾸고, 눈을 뜨자 마자 로또를 사고 토요일 만 기다렸습니다. 그런데 5등, 분명히 돼지꿈을 꾸었는데 왜 그럴까, 인터넷을 보다 답답해서 책을 구입했는데, 내용인즉 ""새 식구를 얻는다""고 하네요. 그 날 저녁 집 사람이 둘째가 생긴 것 같다고 해서, 정말 소림이 끼칠 정도로 놀랐습니다. 한편으로 돈만 생각한 자신을 반성해봅니다. 소중한 내 보물 둘째를 주신 것에 감사 합니다.                                                                 ...+ 더보기",5,2021-03-28
169304428,2026 꿈해몽 대백과,12268503,서태후,"어머님이 꿈을 꾸셨다고 하는데 정확히 알아듣지 못해, 연말이라 업무시간이 좀여유 있어 열심히 검색해  꿈해몽을  주문해 드렸드니  매우 좋아 하시네요. 저도 평소 궁금했든 꿈을 찾아 보느라고 시간 가는 줄 몰랐습니다. 내용도 응미롭고 글고 크고 읽기 쉽게 디자인 되어져 있어 좋네요  추천 합니다",5,2021-01-01
169304428,2026 꿈해몽 대백과,13006535,윤정희,"아침에
일어나면 꿈이 기억나지않는게 보통 입니다. 기역이 나도 어렴풋하고 기역을 해도 왜 그런 꿈을 꿨는지
이해가 안가는 부분이 많았는데 많은 부분이 해소가 되었습니다. 꿈은 꿈꾼 사람의 이야기다. 낮 동안 억압되었든 잠재의식이 깨어나 갈등을 해소하는 것이라고 합니다. 꿈
풀이도 다양하게 많고 매우 흥미롭게 잘 읽어 습니다.  2022년에는 대박 나세요 강추 ~",5,2021-10-09
169304428,2026 꿈해몽 대백과,13245242,금주,10년이 지난  꿈해몽을 부모님이 보고 계셨어 이번에 주문한 꿈해몽 입니다.  17쇄를 찍어다고 해서 찾아보니 진짜네요.  꿈풀이 신뢰가 갑니다. 책표지도 이쁘네요. 보통 꿈해몽은 용 그림이 대부분인데 금 빛나는 잉어 표지네요 . 디자인도 이쁘고 마음에 듭니다,5,2022-01-09
169304428,2026 꿈해몽 대백과,13594948,독일인의사랑,"저의 집은 전라남도 구례 봉남리 입니다. 봄에는 산수유 철이라 무척 바빠 집안 일 도우려 집에 갈 때 할머니 선물로 꿈해몽을 사드렸는데 마을회관에 인기 만점입니다. 나이 드신 어른이 많아 마을회관에 모여 가족이야기, 지난 밤 꿈 이야기 등 대화가 다양 합니다. 나이가 들면 ""예지몽""이라는 것을 꾸는데, 무척 궁금해 하는데 이 책이 해결사 역할을 하고 있습니다.  어비이날 선물 고민 중이라면 꿈해몽 생각해보세요 추천 합니다.",5,2022-05-14
12559425,그대는 생각보다 멋지다,4947366,gkszl,왠지 기대되는 책이네요 ㅎㅎㅎ,5,2011-07-23
12559425,그대는 생각보다 멋지다,4949767,이렇게좋은날,500명을 직접 멘토링한 저자의 힘이 느껴집니다. 정갈한 성찬을 먹은 느낌!,5,2011-07-25
12559425,그대는 생각보다 멋지다,4959885,초코호빵,이 시대를 사는 크리스천 청년들에게 이런 책이 있다는 것은 행운입니다.,5,2011-07-28
12559425,그대는 생각보다 멋지다,4970584,이렇게좋은날,"부제가 먼저 제 마음을 울렸습니다. 

""흔들리며 피고있는 크리스천 청춘들에게"" 

이 한 줄이 제게는 천금처럼 다가왔습니다. 
거대한 바람이 불어닥치지만 가냘픈 몸으로 보호막없이 그 거센 광풍을 맞고 있는 우리들의 모습이 생각났기 때문입니다. 

한때 한순간의 잘못된 판단으로 가세가 많이 기울게 된 어떤 분을 알고 있습니다. 
그때 그 지식만 있었더라면 그런 투자를 하지 않았을 텐데... 지금이라면 도시락이라도 싸들고 말리고 싶을 텐데... 하는 마음 가득합니다. 

저자는 그런 심정으로, 이 책을...+ 더보기",5,2011-08-02
236374376,영의 식별,11716097,놀,"평소 시시각각 나를 침몰시키는 내 마음 속 깊은 불안감과 절망감에참 오랫동안 빛과 어둠을 오고가며 때론 신앙에 대한 의구심과 나에 대한 실망감에전전긍긍 힘들어해왔습니다.우연히 이 책을 읽게 되어, 제가 그러했던 이유를 하나하나 쉽게 이해하게 되었습니다.좋은 책  감사드립니다...",5,2020-05-14
236374376,영의 식별,11716225,놀,"이 책은 저에게 무척 생소한 영역의 책입니다.  저는 이 책을 읽어보기 전까지는 ‘영의 식별 규칙’이란 생소한 규칙을 들어본 적도 없을뿐더러, ‘영적 감지’라든지, ‘영적 실망’, ‘영적 위로’ 이런 말들에 대해서 전혀 몰랐습니다. 그리고 ‘악한 영’ , ‘선한 영’ 이런 용어도 너무 낯설었습니...+ 더보기",5,2020-05-14
56470916,말씀이 힘이다,8789384,_,성경을 대하는 올바른 자세에 대해 알려주고 있습니다. 살아갈 용기를 불어넣어주셨어요. 이 책으로 하나님께 좀더 다가가시길 바랍니다.,5,2016-09-25
2496712,하나님의 나그네 된 백성,7784995,게임메이커,교회의 본질이 무엇이며 목회자는 어떠해야하는지 말하는 책이다 사실 읽기 힘든 책이다 내용이 만만치가 않다 번역이 잘 되었다고 하는데 내용이 어려워서 그렇겠지교회지체들과 함께 정독해야 할 책으로 생각된다그리고 함께 나누어야 할 책이다,5,2015-09-15
362916622,길 잃은 별들과 함께한 수업,16428467,이클립스,서은 작가님 축하해요~! 책 너무 감동이에요.. 사인 꼭 받고 싶어요~,5,2025-05-04
362916622,길 잃은 별들과 함께한 수업,16492630,데이비드온1세,"1. 이 책을 완독하니 천종호 판사님이 쓰신 명 저“내가 만난 소년에 대하여” (우리학교 펴냄)책이 떠오른다.어쩌면 이 책의 제목을 “내가 만난 소녀에 대하여”라고 말하고 싶다. 이 책은 저자 김서은 언니와 여동생 사이의 진솔한 삶의 이야기이다. ​2.즉, 저자가 비행청소년 그룹홈 청소년회복지원시설에서 6개월동안 잠시 머무는 1호처분 여자 아이들간의 인문학 수업 내용이다. 인문학 수업은 때론 2명에서 8명의 아이들을 줌으로 만나 책을 매개체로 1시간의 수업을 통해 글을 나누고, 그 글을 통해 서로의 삶을 나누는 것으로 보인다. ​3...+ 더보기",5,2025-06-01
362916622,길 잃은 별들과 함께한 수업,16608509,빛의소리,"나를 읽고, 너를 읽는다. 글은 이야기이고, 이야기는 곧 삶이며, 결국 삶은 글이 됩니다. 그런데 김서은 작가는 『길 잃은 별들과 함께한 수업』에서 이 흐름을 거꾸로 돌립니다. 빛을 잃어가던 청소년들에게 먼저 글을 만나게 했고, 그 글은 결국 자신을 돌아보는 이야기가 되었습니다. 우리가 길을 잃는 이유는 어쩌면 ‘나’를 제대로 읽어내지 못하기 때문인지도 모릅니다. 그렇다면 이들은 왜 길을 잃었을까요? 자신을 읽어내는 힘은 혼자만의 노력에서 나오지 않습니다. 아이들이 길을 헤맨 것은 혹시 ...+ 더보기",5,2025-07-21
209467384,기도가 어려운 당신에게,12054197,쑤기,기도도 삼시 세끼 먹듯이 늘 똑같은 내용만 되풀이해서 했던 것 같아요. 이 책을 통해 어떻게 하는게 기도인지 그 방법을 알 수 있을 것 같아 기대가 되네요.,5,2020-10-08
209467384,기도가 어려운 당신에게,13057080,이삐지니,신앙이 흔들리고 기도가 어려운 요즘 제게 큰 힘이 되 주었습니다,5,2021-10-31
8187271,사도행전 속으로 2,4289159,스마일퐁,진지하고 진실된 하나님과의 만남..,5,2010-11-24
244283,셀그룹 커리큘럼 1,596107,kwangma,"셀그룹 교재의 실제적인 첫번째 책 <안내>편은 후원자가 피 후원자의 영적인 면과 정서적인 면 그리고 지적인 면을 파악하기 위해 작성되어졌다. 짧은 분량이라 교재를 공부하는 이에게는 큰 부담이 없을 것 같다. 교재는 처음부터 설문조사를 하거나 성경 퀴즈를 제공하고 있고 피후원자의 교회 생활에 대해서 주관식 형태로 질문을 하고 있는 데, 그 이유는 셀을 처음 접하는 피후원자의 상태를 후원자가 정확하게 파악하게 해 주기 위함이다. 교회에 이미 한동안 다녔던 사람이라면 이런 설문 내용이나 질문들에 어느 정도 답을 할 수 있을 것...+ 더보기",5,2004-12-27
412520,구약의 인물들,1039543,박사,구약의 인물들 12명의 됨됨이를 공부하게 한다. 중요한 것은 구약의 인물들을 통해서 나 자신을 보게 된다는 것이다.저들의 실수를 통해서 배우고 저들의 위대한 신앙의 결단을 통해서도 배운다. 여하튼 저들은 우리들의 교사이다.,5,2007-01-13
370838,종교 박람회,13248898,-,읽을만해요,5,2022-01-11
200010462,정석명리학개론,11184740,Benefits,전반적으로 잘 짜여진 구조와 서술이 눈에 띄는 좋은 책입니다. 기본적인 이론을 잘 정리해 놓았지만 과도한 한자의 사용이 눈에 띕니다. 다른 책에서는 꼭 필요한 경우만 한자를 써서 표기하는데 비해 이 책은 과도하게 써놓아서... 한자가 익숙하지 않은 사람에게는 버겁습니다.,3,2019-10-12
306590447,"오늘, 새롭게 살 수 있는 이유",14169083,hmlee72008,존경하는 이찬수 목사님~~좋은 은혜 글 감사합니다.,5,2022-12-11
306590447,"오늘, 새롭게 살 수 있는 이유",14174340,하늘소리,"항상 고개 숙이고 걸으면 땅밖에 못 봅니다. 하늘을 보려면 고개를 들어야 하죠. <오늘, 새롭게 살 수 있는 이유>는 우리의 고개를 들게 해주는 책 같네요.",5,2022-12-13
306590447,"오늘, 새롭게 살 수 있는 이유",14860413,손님,"바쁘단 핑계로 그냥저냥 살다가.. 목사님 책을 읽으면 정신이 번쩍 들어서 참 감사합니다.이신칭의.. 오직 믿음인데, 왜 이 간단한 걸 자꾸 까먹고 살게 되는지요..ㅠ은혜가 내 삶을 다스리도록 하자, 은혜가 내 삶에 영향을 미치도록 하자... 아멘",5,2023-08-27
634415,"현실, 하나님의 세계",1585428,밝은이,"'영성'이란 말이 넘쳐나고 있다. 웬만한 책의 제목에서 이 말을 쉽게 사용하고 있다. 그 동안 나에게 '영성'의 의미는 아주 모호하고 아득했다. 히말라야와 같은 산처럼 높고, 태평양처럼 깊고 넓어서 엄두도 못내는 개념이었다. 영성이라고 할 때, 흔히 수도사들이 연상되어 어느 수도원에 들어가 오랜 기간 수련해야만 경험할 수 있는 것으로도 생각했었다. 다른 한편으로, 주변을 둘러보고 많은 자료들을 찾아보면 영성을 다루는 모습이 너무 복잡했고 헷갈리기만 할 뿐이었다. 그런 가운데 유진 피터슨의 영성 시리즈는 좋은 관점을 제시해 주고 있다...+ 더보기",5,2007-09-21
238645284,직분자반,16631704,다윗,교회를 다니지 않는 사람들이 교회에 대해 갖는 여러 오해가 있다. 그중 가장 지독한 것이 목사를 교회의 '대표이사'로 여기는 것이다. 이들에게 성도 수 많고 예배당이 큰 대형교회 목사는 경영 수완이 출중한 대기업 CEO다. 반대로 성도 수와 예배당 평수가 적은 소교회 목사는 무능력한 자영업자다. 한편 장로와 안수집사는 다른 성도보다 서열이 높은 임원급으로 생각한다. 장로가 되려면 돈 좀 있어야 하고 장로들이 카르텔을 형성해 목사의 경영권을 견제하는 것이라 생각하기도 한다. 이는 전부 잘못된 인식으로 작금의 한국교회가 세상에서 얼마나...+ 더보기,5,2025-07-31
6165135,영적 제자도,6500406,노란가방,"1. 요약 。。。。。。。     

      영성훈련의 대가이자 활발한 선교활동으로 실천적인 신학을 구현해 온 저자가, 모든 그리스도인은 제자가 되어야 한다는 전제 아래, 제자가 되기 위해 
훈련해야 할 내용들과 제자가 갖추어야 할 자질들, 나아가 제자들에게 주어지는 약속과 복 등에 관해 차분하게 정리하고 있다.   2. 감상평 。。。。。。。  
     ...+ 더보기",5,2013-08-01
77557247,기독교 교리와 해석학,8625965,erasmus,이 책은 차마 사라고 추천은 못하겠다. 가격은 5만원에 1086쪽짜리 대작이다. 영국의 노팅엄 대학에서 오랜 동안 교수로 가르치다 은퇴한 티슬턴은 일찍부터 기독교의 해석학(hermeneutics) 분야에 독보적 권위였다. 해석학과 관련된 철학적 이론과 그 쓸모에 대해 관심을 가졌던 그리스도인이라면 그에게 빚을 지지 않을 도리가 없었다. 그가 있었기에 영국 복음주의권의 성서해석은 단순한 문자주의에 머물지 않고 풍성한 학문적 논의와 병행할 수 있었다 해도 과언이 아니다. 그의 저술은 성서 해석학 분야에 표준적 안내서이자 고전의 반열에 ...+ 더보기,5,2016-07-15
77557247,기독교 교리와 해석학,11090792,rlxon,포스트모더니즘 시대에서의 해석학을 어떻게 기독교 교리로서의 해석학과 견주어 후자의 것이 우월하다는 것을 보여줄 것인지 궁금해진다.,5,2019-09-13
175494121,작고 강한 교회,10583760,염양,"주일 평균 출석인원이 250명(북미교회를 고려한 숫자, 한국의 경우 대략 100~150명 미만)이하인 교회를 '작은교회'로 기술하고 있다. 작은 교회를 폄하하거나 단순히 크기로 교회를 나누려는 의도가 아니라 각 상황에 따라 다양한 규모의 교회가 존재함을 이야기한다. 작은 교회라는 건 부끄러운 일도 자랑할 일도 아니다. 작은 교회라고 해서 그리스도를 영화롭게 하고, 사람들을 섬기고, 세상을 변화시키려는 뜨거운 열정없이 사역을 대충해도 되는 건 아니다. 규모에 맞게, 각 부르심대로 건강한 교회가 되어야 함을 이야기 하고 있다. ""건강한...+ 더보기",5,2019-01-04
175494121,작고 강한 교회,10587525,Sehnsucht,"p.73 예수님은 아신다. 그분은 우리와 우리가 목양하는 교인들을 자신의 도구로 사용하신다. 그리스도깨서는 목회자의 감정이나 교인들의 숫자와 상관없이 충실하시기만 하면 기꺼이 상을 베풀어 주신다. p.82 작은 교회의 건강과 활력에 가장 큰 영향력을 미치는 요인은 친밀한 관계(예쑤님과의 관계, 교인들끼리의 관계, 복음 전도의 대상자들과의 관계) 다. ​p. 107   양적 성장은 과학보다는 예술에 더 가깝다. 교회 성장의 원리는 체중 조절을 돕는 것보다는 회화나 악기 연주를 가르치는 것과 더 흡사...+ 더보기",5,2019-01-05
175494121,작고 강한 교회,10571158,ldlcool,"이 책은 국내에서 처음으로 소개된 저자, 칼 베이터스가 썼다. 그는 미국의 유명한 작은 교회 운동가로서 ‘크리스채니티 투데이’(Christianity Today)에 ‘작은 교회의 가치와 필요성’에 관해 기고하고 있다. 이런 이력뿐만 아니라 이 책에 소개된 여러 예시들을 접하다보면 그가 ‘작고 강한 교회’에 대해 이야기할 자격이 충분한 사람이라고 여겨진다.이 책의 원제목은 ‘small church essentials’로서 직역하면 ‘작은 교회의 본질적 요소’다. 그런데 국내에는 ‘작고 강한 교회’로 소개 되었다. 나는 원서 제목보다 ...+ 더보기",5,2018-12-30
175494121,작고 강한 교회,10545538,--jino,"#작고강한교회 #칼베이터스 #생명의말씀사 #서평 #기독교추천도서 #신앙서적



이 책은 미국의 유명한 작은 교회 운동가이자, 지난 30년 동안 캘리포니아의 작은 교회인 코너스톤 크리스천 펠로우쉽 교회에서 사역을 하고 계시는 칼 베이터스 목사님께서
지으신 책이다.



이 책을 읽으면서 작은 교회에 대한 생각이 바뀌게 되었다. 큰 교회, 작은 교회가 있다면 큰 교회는 성공한 교회이고 작은 교회는 실패한 교회라는 인식이 은연 중에 있었던 거 같다. 물론 작은 교회를 보고 실패한 교회라고 직접적으로 이야기 한 적...+ 더보기",4,2018-12-18
175494121,작고 강한 교회,10585929,시네라리아,#작고강한교회#생명의말씀사#칼베이터스#조계광옮김작은 교회들에게 어떤 메시지를 던져 주고자 하는 걸까? 궁금했다.이 책에서 몽실 몽실 떠오르는 생각...개척에 대한 두려움을 떨치도록 많은 편견들에서 벗어나도록 이끄는 매우 정확하고 요점을 짚어 논제를 제시한다. 한편의 프레젠테이션 속에 들어와 있는 착각을 불러일으켰다.작은 교회 목사인 당신이 북토크에 참가했을지 모른다. 또는 이미 250명이 넘어 교인수가 많아져 더 이상은 감당할 범위가 넘어섰다 판단하여 분립개척을 준비하는 목회자들이 참가했을지도 모른다. 개척에 대한 막연한 두려움과 ...+ 더보기,5,2019-01-05
175494121,작고 강한 교회,10588012,sinimell,*****내가 다니는 교회는 작지않다.오히려 크고 건강한 교회라 자부할 수 있다.누가 먼저라 할것도 없이 사역에 몸을 사리지않는다.담임목사님은 매일 새벽예배 시작을 무반주로 온 성도들을 합친것마냥 큰 소리로 찬송을 부르시고 새벽을 깨우는 설교말씀도 한시간가량을 하시는데 한말씀이라도 더 전해주고싶어하시는 마음이 느껴진다.장로님과 권사님들은 단아래 무릎으로 부르짖는 기도를 하시고 성도들도 고요한 새벽이라는 말이 무색하게전심으로 기도하는 기도와 예배가 깨어있는 건강하고 큰 교회다. 24시간 언제든지 기도할 수 있도록 열려있는 교회이기도하...+ 더보기,5,2019-01-06
175494121,작고 강한 교회,10622749,loveparkjin,"교회 개척을 준비하면서 계속해서 교회에 관한 책을 읽게 된다.당연히 책을 선택하고 읽는 것에는 배우기 위함이다. 선배들의 경험을 듣고 싶기도 하고, 무엇이 성경적 교회를 위한 고민을 위해서 이다.​그러나 동시에 우려가 되는 사실도 있다.선택한 책이 교회의 성장을 위한 방법론에 치우친 내용이 아니었으면 하는 것이다.그 성장이라는 것이 교회 덩치 불리기에 관한 내용이라면 더욱이 그러하다.​부정할 수 없는 한 가지 사실, 문화가 있다.그것은 많은 크리스천들이 큰 교회를 바라고 있으며, 큰 교회가 건강한 교회라고 생각한다는 것이다.물론, ...+ 더보기",5,2019-01-20
11486419,"재벌 하나님, 나의 아버지",12318030,leeesy0419,목사님 삶속에 역사하셨던 하나님 감동 으로 다가왔고 나도 전적으로 하나님 만 의지하고 살아야겠다는 도전이 됬다,5,2021-01-18
11486419,"재벌 하나님, 나의 아버지",4764119,innocentist7,"하나님으로부터 시작하며, 하나님께서 친히 행하시고 계시는 하나님의 선교사역들",5,2011-05-03
11486419,"재벌 하나님, 나의 아버지",4866499,lsjp,"채제목이 상당히 세속적(?)이라 처음에는 읽기에 망설여졌다. 안그래도 한국교회나 성도들의 물량주의적 경향에 대해 비판적인 여론이 많은데 또 이런류의 책이 나오나 싶었다. 그러나 책을 다 읽고 난 후의 느낌은 전혀 달랐다. 오히려 그러한 물량주의적 사고에 대해서 간접적으로 경고하고 있었고, 신앙의 본질이 무어냐 하는데 대해서 우직하게도 강조하고 있어서 도전이 되었다. 

또 하나 덧붙이고 싶은 감동은 대개의 간증집의 위험성이 하나님의 은혜와 영광을 드러낸다고 하면서도 은연중에 간증자 자신을 내세우는 부작용도 많았다. 그러나 이 책...+ 더보기",5,2011-06-20
4855480,건널 강이 어디 있으랴,15223944,letash,감사합니다.자타일시 성불도.,5,2024-01-15
982405,치유와 회복의 동반자,15279218,chahaha,미국 남침례 교단 교회에서 성경적 상담자 수련 받을때 사용하는 수련 도구로 쓰이는 책인데 수련장이 번역판이 없어 아쉽다.,5,2024-02-04
982405,치유와 회복의 동반자,10123702,relax,"Todoist Sharon

이 책운 전에 사랑풀러스 갔다 사온 것이다

학교 갔다 코드에 뭐 집어넣는 쪽우로 바뀐 게 문제였다

화연에 올라오던 학교애 가져가지 말아야 될 물건에

공감이 간다 내 영혼울 가져가지 멀았어야 됐나? ㅋㅋ",5,2018-05-31
18281938,삼위일체와 교회,13751220,노란가방,"간만에 머리 아픈 책을 읽었다. 아니 정확히 말하면 ‘읽어냈다’. 물론 볼프의 책이 쉽게 읽히지는 않는다. 하지만 이제까지 읽었던 책들에 비해서도 이번 책은 월등히 난해했다. 도대체 한 문장을 몇 번씩이나 읽어갔는지 모르겠다. 하도 이해가 되지 않아 번역자가 누군지 일부러 찾아봤다. 알라딘 기준으로 다른 책을 번역한 이력이 나오지 않는 걸 보면, 이번이 처음이었을까? 결국 중반 이후부터는 문장 하나하나를 곱씹기 보다는 전반적인 맥락을 잡고 넘어가는 데 ...+ 더보기",4,2022-07-09
18281938,삼위일체와 교회,11107733,모찌모찌,"볼프(Miroslav Volf)의 가장 큰 장점은 자료를 이해하고 분석하는 독해 능력일 것이다. 방대하고 폭넓은 텍스트를 다루면서도 핵심을 짚는다. 또한 그 텍스트를 적절하게 배치한다. 뿐만 아니라 적절한 비판과 대안제시는 감탄을 자아내게한다. 자칫 철학과 인문학적 사상을 자유자재로 다루면서 전혀 새로운 가치나 독특한 관점을 제시할만한데, 그는 철저히 신학적 작업을 수행한다. 그는 결코 그 중심을 벗어나지 않는다. 그의 신학은 삼위일체 중심적이다. 그는 삼위일체의 영원한 페리코레시스적 교제 안에서 기독론과 성령론, 교회론을...+ 더보기",5,2019-09-19
105016,영적선택,2876545,박사,"영적선택은 로이드 존스의 에베소서 강해 중 제 1권이다.원래 이 설교는 영국의 위스트민스터 채플에서 1954-1955년도에 행해진 설교이다. 본서는 에베소서 1장을 37번의 설교로 행한 설교이다. 원래 본서의 제목이 '하나님의 궁극적 목적'인데 바로 에베소서 1장이 다루는 선택과 구원에 대해서 다루고 있다.제대로 된 강해서이며 성경의 전체내용을 연속적으로 강해한 최초의 저서로서도 충분한 가치가 있다. 최근에 한국의 저자들 중에서도 에베소서를 강해하고 있는바,본서의 내용을 뛰어넘지 못한다. 존 스타트의 에베소서를 함께 적극 추천한다.+ 더보기",5,2009-05-31
105016,영적선택,5628943,책사랑,"로이드 존스의 에베소서 강해 첫번째 책으로써 1장을 다루고 있다.신앙의 첫걸음을 내딛던 시절 그의 책들은 나에게 무엇과도 비할 수 없는 큰 유익을 주었다. 탄탄한 조직신학에 기반한 그의 교리설교는 기독교신앙의 기본진리들이 내 안에 잘 자리잡도록 해주었고, 그의 확신에 찬 선포는 감동과 안정감을 동시에 주었다.그러나 시간이 흐르면서 점차 그의 설교가 가지는 방법론상의 한계도 알게 되었고, 그가 견지하는 신학이 상당히 협소하다는 것도 알게 되었고, 성령론을 포함하여 신학적으로 동의할 수 없는 부분이 많이 생겨났다.그런데 최근 ...+ 더보기",5,2012-05-19
6022518,하룻밤에 읽는 구약성서,3316100,연두,"랜덤하우스에서 나온 이책을 보았을때 너무 반가운 마음이 들었었다. 마침 성경책을 구입해서 읽어보고 싶었던 내 상황과 너무나도 절묘하게 맞아떨어져서인지도 모르겠다. 성경은 고전이라고도 불린다고 한다. 그리고 전 세계적으로 가장 많이 팔리는 책 중에 하나라고 하는데 30년 인생을 살아오면서 성경책 한번을 들춰보지 못하고 살았었다. 어린시절 교회에 몇번나간적이 있었다. 주말이면 봉고차가 우리마을 아이들을 실어날랐었고, 교회에 가면 간식도 많이주고 재미있는 놀이도 많이 했기때문에 먹을것이 제법 귀했던 나의 어린시절 교회는 별천지였다. 교회...+ 더보기",5,2010-01-04
6022518,하룻밤에 읽는 구약성서,3315570,북매니아,"요즘 한창 성경을 부지런히 읽으려고 하고 있다. 구약이든 신약이든 한 분야만 계속 읽으면 지루하기에 맥체인 성경읽기표를 이용해 구약 두 권, 신약 두 권씩 읽고 싶은 대로 쭈~욱 읽어내려가고 있다. 원래 맥체인 성경읽기표의 방법은 하루에 성경의 각 권을 한 장씩 보는 것인데, 이 성경이라는 것이 읽다보면 꽤 재미가 있기 때문에 쭉쭉 진도가 나가게 된다. 그런데 내가 원하는 만큼의 많은 분량을 읽지 못해서 항상 아쉬움이 남는다. 2010년에는 기필코 시간 활용을 제대로 해서 성경에 대한 포만감을 느껴보리라 다짐하는 요...+ 더보기",5,2010-01-04
6022518,하룻밤에 읽는 구약성서,3312630,신의딸,"세계적인 베스트셀러, 최고의 고전 속으로! 





역사를 통틀어 세계적인 베스트셀러 1위의 책은 무엇일까? 아마도 최고(最古)와 최고(最高) 모두 ’성서’일 것이다. 좀 더 정확하게 말한다면 그중에서도 그리스도교, 유대교, 이슬람교의 근본 경전이자, 현재 전 세계 40%의 인구가 믿는다는 ’구약성서’일 것이다. ’하룻밤 시리즈’는 그 <구약성서>를 인문교양서로 재탄생시켰다. <구약성서>를 ’경전’이 아니라, ’고전’을 바라보는 시각에서 새롭게 풀어 썼다.

&l...+ 더보기",5,2010-01-03
6022518,하룻밤에 읽는 구약성서,3302165,drheaven,"크리스챤 -물론 이 책이 말하는 구약성서는 유대교와 이슬람교, 카톨릭과 기독교의 경전입니다-에게 성경을 읽고 묵상한다는 것은 자랑이라기보다는 기도와 예배, 찬송 등과 함께 신앙생활의 기본중의 하나라고 해야할 것입니다. 하지만 부분적으로가 아니라 성경을 처음부터 끝까지 완벽하게 한번 읽는다는 것은 부분적으로 읽고 묵상한다거나 단순히 한권의 책을 읽는다는 것과는 많은 차이가 있는 듯 합니다. 구약을 예로 든다면 39권 -기독교의 경우-으로 이루어져 이것들을 율법서, 역사서, 대선지서, 소선지서, 시편 등 몇...+ 더보기",4,2009-12-30
6022518,하룻밤에 읽는 구약성서,3315867,예르미아빠,"하룻밤에 읽는 구약성서
하룻밤에 읽는 구약성서는 랜덤하우스 코리아의 하룻밤 시리즈로 나온 책 중에 하나이다. 보통 시리즈로 출간 되는 책들은 조금 퀼리티가 떨어지는 경우가 많은데 랜덤하우스 코리아의 책은 무언가 틀리다는 느낌을 받았다. 물론 구약성서라는 특수성이 있어서 더 그렇게 느꼈겠지만 일반인들도 쉽게 이해하고 다가 갈 수 있도록 구약성서를 풀이 해 놓았다는 것이 가장 눈에 띄는 점이다. 또한 일본인이 어떻게 성서에 대한 이야기를 할 수 있을까 하는 의구심이 들었던 것도 사실이고, 일본의 종교적 특수성을 가만하였을 경우에 이러...+ 더보기",5,2010-01-04
6022518,하룻밤에 읽는 구약성서,3316076,설이모,성서라.. 어릴적 성당을 열심히 다닐 때 읽어본 기억이 있다. 벌 받을 말인지는 모르지만 지금이야 그닥 독실한 신자도 아니고 사는것이 힘들다는 이유를 대기도 하고 성서라는 것이 다 아는 뻔한 이야기라는 것을 들며 손이 가지 않는 책중 하나이다. 그런데도 이 책의 제목을 보는 순간 읽어봐야겠다라는 마음을 먹게 된 까닭을 잘 모르겠다. 더구나 읽는 도중 초등학생인 조카가 집에 왔는데 요즘 성서를 한페이지씩 베껴쓰기를 하고 있다는 말을 들으니 마치 운명처럼 이 책이 가깝게 느껴진다. 어쩌면 내 가슴속 오래된 신앙심이라는 것을 끌...+ 더보기,5,2010-01-04
275650,"묵상, 하나님을 알아가는 시작입니다",288286,다니엘,"이 책은 성경을 처음 읽으려는 사람에게 성경을 읽는 방법을 제시해 준다고 한다면 쉽게 설명이 되리라 믿는다. 성경을 읽을 때 단지 스토리 위주로나 아니면 내용 위주로 읽는 것이 아니라 성경안의 것을 묵상함으로 직접 느끼고 체험하는 것이 필요하다는 것을 말하고 있다. 예를 예수님의 십자가 사건의 경우, 그 현장에서 자신도 그 장면을 보는 듯, 그 아픈 마음을 느끼면서... 그런 묵상을 해야한다고 저자는 말한다. 성경을 읽기 시작한지 얼마안되서 아직 성경을 일독도 하지 못한 나에게는 꽤나 큰 도움이 된 책이었다. 두께도 두껍지 않고 읽...+ 더보기",5,2002-11-22
275650,"묵상, 하나님을 알아가는 시작입니다",720912,백치애인,"이 책을 읽고 나서 묵상에 대한 것을 더 분명히 깨닫게 해주었다.
저자의 경험이 녹아들어 알기 쉽게 또 알지만 깨닫게 해준다.
새로 묵상을 시작한 사람이나 오래 되었어도 좋다.. 모두다 권할 만 하다.
묵상에 대한 태도, 하나님과의 친밀한 교제가 시작될수 있도록 도와준다.
얼굴과 얼굴이 마주볼 나를 비춰줄 묵상의 길로 가보자.",5,2005-08-10
349456300,인도 불교 철학,17275298,deepdive,"대단히 좋은 책. 저자는 분석철학적 배경을 가지고 있는데, 이를 베이스로 불교의 논리를 내적 정합성을 존중하면서도 치열하게 분석하며, 이를 불교사상사 전반에 걸쳐 행한다. 각종 불교철학 서적 중에서도 공들여 읽어볼만한 책이다. 번역이 쉽지 않았을텐데 번역도 매끄럽게 잘 되었다.",5,2026-05-14
349456300,인도 불교 철학,16852581,고니,인도 불교 철학의 역사를 짜임새 있게 잘 정리했네요. 저자가 서양철학 베이스라 그런 강점도 잘 드러난 것 같네요.,5,2025-11-03
349456300,인도 불교 철학,16485488,karuna,대학 때 불교를 전공했는데 당시에는 구시대적인 6-70년대 일본번역서로 공부했다. 이런 책이 교재였다면 불교 공부에 대한 폭과 깊이가 훨씬 더 넓고 깊어졌을텐데 아쉽다. 대학 강단에서 이 정도 책으로는 공부하고 가르칠 수 있어야 하지 않을까.,5,2025-05-30
78501759,월호 스님의 화엄경 약찬게 강설,8781802,케이팩스,"화엄경에 대한 대의와 그 요약을 알고 싶으시면 의상대사의 법성게 해설 책을 보세요... 이 책은 약찬게에 실린 신들과 보살들에 대한 여러 불교적 우화를 나열할 뿐, 저는 전혀 화엄경의 대의를 알 수 없었습니다. 도대체 왜 이런 책을 굳이 만들었는지 모르겠네요. 꼭 서점에서 확인하고 구입하시길.",1,2016-09-22
332842860,그리스도는 질문이다,15395703,모찌모찌,"재빨리 답을 찾으려 하는 사람들이 있습니다. 무엇인가 명확한 방법을 통해 명징한 정답을 요구합니다. 하지만 오랜 연구를 통해 얻게 되는 것은 '답'보다는 '질문'입니다. 우리의 신앙이 여정임을 깨닫습니다. 신학의 언어도 고정된 것이 아니라 과정에서 얼마든지 변화되며 통합되고, 재해석됩니다.신앙과 신학의 언어를 이야기와 은유로 받아들인다면 우리 삶을 더욱 폭넓게 해석할 수 있습니다. 고통과 고난의 순간 진심이 담기지 않은 상투적인 말 한마디는 깊은 상처를 줍니다. '하나님의 뜻'은 단정 지을 수 없고, 그것은 고통의 당사자가 오랜 시...+ 더보기",5,2024-03-20
93608971,"사람아, 그대의 품위를 깨달으라",8946667,캐모마일,"그리스도인이여, 그대의 품위를 깨달으십시오. 그대가 하느님의 본성에 참여하게 되었음을 명심하십시오!""(대 레오 교황, p.168~169)연말연시다. 기독교인에겐 대림절 시기다. 대림절은 크리스마스 전 4주간 예수님의 재림과 성탄 맞이를 하는 절기로, 크리스천에겐 의미가 큰 기간이다. <사람아, 그대의 품위를 깨달으라>는 교의 학자인 발터 카스퍼 추기경이 한 대림 성탄 특강 모음집이다. 카스퍼 추기경은 다양한 교황청 활동과 신학 학자로 유명하지만, 가톨릭 평신도 입장에선 사상이나 저서가 난해하다는 평가가 뒤따랐다. 이번에 ...+ 더보기",4,2016-12-03
93608971,"사람아, 그대의 품위를 깨달으라",8942103,life7joy,지금은 교회력으로 대림절이다. 대림절은 예수 그리스도의 탄생을 묵상하며 재림을 준비하는 시기다. 신앙인으로 어떤 삶을 살아야 하는지 진지하게 생각할 수 있는 기회다. 교의 신학자 발터 카스퍼 추기경의 이 작은 강론은 대림절 묵상에 많은 통찰력을 준다. 성탄의 핵심은 하느님께서 사람이 되셨다는 것이다. 그럼으로써 우리가 주님과 비슷하게 될 수 있게 되었다. 이는 인간이 얼마나 존귀한 존재인지를 보여준다.  1부에서 3부까지는 루카 복음서를 중심으로 강론한 것이다. 세례자 요한은 대림 시기의 위대한 인물로 메시야의 오심에 집중...+ 더보기,5,2016-12-01
357185212,데모니쿠스,16784803,활자읽는게좋아,각기 다른 저자들의 논문을 수록해서인지 통일성은 다소 아쉬운 부분도 있지만 각 부의 내용은 저에겐 신선하고 재밌었습니다. 4부의 악마 이미지들이 AI 생성 이미지인게 많이 실망스러웠습니다.,4,2025-10-02
357185212,데모니쿠스,16245071,류북,"채성모의 손에 잡히는 독서를 통해 출판사로부터 협찬 받았습니다.          데모니쿠스 Demonicus     ‘지상파’에서도 악마가 등장하는 시대!     “악마의 특징, 악마와 인간의 관계, 그리고 악마의 개념을 탐색한다.”          우리가 알아야 할 악마의 모든 것 『데모니쿠스』 는 500년 전 거의 비슷한 시대를 살았던 루터, 밀턴과 괴테를 연구했던 다수 학자들의 저작과 논문들 중에서 ‘악마’와 관련된 부분들을 편역한 대작으로 우리가 상상하던 것보다 훨씬 개방...+ 더보기",5,2025-02-21
357185212,데모니쿠스,16242363,csycsy3,"괴테의 메피스토펠레스, 밀턴의 사탄, 루터의 ‘악마’, 마귀그리고 솔로몬의 72악마루터, 밀턴, 괴테, 이 세 이름이 나란히 놓이면 무척 신기하게보인다. 그러나 이들 세 위인의 이름들이 연계되면 우리의관심을 사로잡는 흥미로운 효과를 발휘할 수 있다.왜냐면 세 위인은 저마다 악의 원리를 나름대로 표현했고,그렇게 표현된 악의 세 가지 원리는 각각 다른 방식으로세 위인을 대표하기 때문이다.루터의 가장 현저한 특징은 저주받은 중대한 존재를 확신해마지않은 굉장히 성실한 신심이다. 루터의 확신은 다음과같이 요약될 수 있다. 첫째, 악을 산출하...+ 더보기",5,2025-02-20
357185212,데모니쿠스,16256047,망고슈가,"서양의 3대 악마는성경에 바탕을 두고 있지만함께 비교하며 알아보는 건개인적으로 처음이었습니다~3대 악마의 공통점은- 기독교 경전 구절울 근거로 삼았다- 기독교 경전 구절을 다소라도 차용했다.📍 마르틴 루터의 ‘악마’, 마귀루터는 마귀가 현존한다고 믿음.(다른 두 악마와의 큰 차이점.)그는 인간의 정신을 조종할 수 있는“마귀와 씨름” 하였는데루터의 마귀는, 대체로, 루터가 부단히 애써 저항해야 했던 간접요소(정신적 공포심/역심/미약해지는 결심들/실수, 우유부단함, 질투/그리고 외부에서 그를 파멸시키려고 울부짖는 세계 전체)를 기독교...+ 더보기",5,2025-02-25
357185212,데모니쿠스,16603727,beatrice1007,"선과 악, 결국 '자유의지'
- [실락원], 존 밀턴, 1667.
​
​
아주 어린 시절의 나는 '마징가'를 좋아했다.
작은 인간이 마치 자동차 운전하듯 조종하는 거대 로봇이 신비로운 힘에 의해 조종되는 악당 로봇을 물리치는 게 신기했다. 나중에 알았지만&nb...+ 더보기",3,2025-07-19
357185212,데모니쿠스,16303798,경서네서재,"➰제목: 데모니쿠스 Demonicus➰지은이: 데이비드 메슨 외➰옮긴이: 김성균➰펴낸곳: 우물이 있는 집동서양을 막론하고 ‘악’에 대한 고찰은끊임없이 이어져왔다.영화 ‘엑소시스터’에서 악마에게 지배당한인간을 그린 장면은 쉽게 잊히지 않았다.우월한 능력, 끔찍하게 바뀐 목소리와뚫린 입으로 내뱉는 내뱉던 저주까지악을 묘사했던 모습은공포와 불쾌감을 일으키기에 충분했다.그럼 ’악‘의 근원은 어디에서 찾아야 하는 것인가.<데모니쿠스>는 500년 전에 ’악‘에 대해 연구했던밀턴, 루터, 그리고 괴테의 작품을 분석해 본다.또한 그들의...+ 더보기",5,2025-03-15
289316985,예배의 감격에 빠져라,13568648,오후4시,코로나의 시대를 지나면서 예배는 큰 위기를 경험한다. 모이는 예배에서 모이지 않고 드리는 예배로의 일시적 전환. 혹자는 이 시대를 지나면서 신앙을 제대로 가지고 있는지 그렇지 않은지가 분별될 것이라는 말도 했습니다. 분명 우리는 이 시기를 지나면서 변화를 경험하게 될 것인데 그 변화 속에 나의 위치는 어디에 둘 것인지 결정해야 합니다. 우리의 예배 역시 변화의 바람을 맞게 될 것인데 이 책 ' 예배의 감격에 빠져라'를 통해 참된 예배와 예배자의 위치를 다시 점검해 보고자 택하여 읽게 되었습니다.​책은 2010년 출간된 것의 2판 개...+ 더보기,4,2022-05-04
289316985,예배의 감격에 빠져라,13576707,flarelikeme,"'내 삶 속 예배의 감격은 어디로 갔을까?' 책 제목을 보자마자 저에게 던진 질문이었습니다. 코로나로 인해 온라인으로 드려졌던 예배가 대면으로 회복되어 기쁘고 행복했던 것도 잠시, 현재 저의 예배에는 감격과 생기가 없다고 느껴졌습니다. 그렇기에, 표지에 그려진 그림처럼 나도 기쁜 마음으로 자유롭게 손을 높이 들고 주님을 경배하며 예배드릴 수 있기를 바라는 마음으로 책을 펼쳤습니다. 책을 읽어나가면 나갈수록 제 마음속 무너져있던 예배의 모습을 새롭게 지어나가는 기분이었습니다. 특별히, 찬양단이라는 자리에서 예배 준비자로 섬기...+ 더보기",5,2022-05-07
289316985,예배의 감격에 빠져라,13580861,리딩트리,한 설교자가 있었습니다. 그는 무기력하게 드려지는 예배에 대해 탄식했습니다. 동시에 올바로 드려지는 예배를 갈망했습니다. 그러한 탄식과 갈망이 20여년 전 『예배의 감격에 빠져라』는 책으로 출간되었습니다. 지금 우리는 다시금 이런 권면을 들어야 하는 처지에 놓였습니다. 코로나가 남긴 많은 상흔이 우리 예배 현장과 영적인 부분에 어떤 영향을 미쳤는지 돌아보지 않을 수 없게 되었기 때문입니다. 김남준 목사님의 2022년판 『예배의 감격에 빠져라』는 예배에 관한 근본적인 질문을 던지며 우리의 예배를 돌아보게 합니다. 저자는 신자에게 예배...+ 더보기,5,2022-05-08
87980437,예수 : 생애와 의미,9852237,바람처럼,이 만한 분량에 이 정도의 글을 쓸 수 있다는 건 그 자체로 보컴이 대가임을 보여준다. 예상과는 다른 스타일의 ‘입문서‘이나 읽는 맛은 쏠쏠하다.,5,2018-01-20
87980437,예수 : 생애와 의미,14587358,에셔,"성경 사복음서의 기록이 목격자들의 기록이라는 관점에서, 예수의 삶과 정체성, 죽음 등을 설명한 ""역사적 예수"" 에 대한 책. 213쪽의 ""더 읽어보기"" 항목은 예수에 대한 추가적인 독서의 가이드를 제공해주기도 한다.",3,2023-05-15
87980437,예수 : 생애와 의미,13941637,모찌모찌,"인류사에 큰 영향력을 끼쳤으면서도가장 논란의 인물이기도 한 예수의 생애와 의미.지금까지 예수 연구는복음서의 증언에는 회의적인 입장이었다.복음서는 객관적이지 못하며,역사성에 관심을 두지 않는 문헌이라는 것이다.하지만 신약학자인 리처드 보컴(Richard Bauckham)은그동안의 신약학의 경향을 비판하며 새로운 접근을 시도한다.이 책은 옥스퍼드 대학교에서 출판하는입문서 시리즈인 'Very Short Introduction'의 '예수'편이다.저자는 이 책에서 자신의 역사 기술을 객관적 역사라고 하는 것이 아니라,더욱 지혜롭고 능숙하며 ...+ 더보기",5,2022-09-19
87980437,예수 : 생애와 의미,8665131,erasmus,"우리가 교회 내에서 유통하고 있는 예수 이해는 우리 시대 교양인들의 질문과 대화에 충분히 열려있는 것일까? 전도용 소책자에서 흔히 발견하는 단순한 순환 논리, 정해진 신앙고백을 수호하기 바쁜 방어적 변증, 개별적 사례를 보편원리로 갈등 없이 비약하는 미덥지 않은 신앙 간증 등을 거치지 않고 예수에 이르는 길은 없는 것인가? 물론 ‘예수’를 일반 독자 대중들의 눈높이에 맞게 소개하려는 시도는 수없이 많이 이루어졌기에 우리가 발견하지 못한 좋은 선택지가 존재할 가능성도 크다. 그러던 차에 옥스퍼드대학출판부에서 나온 유명한 문고판 인문학...+ 더보기",5,2016-08-02
87980437,예수 : 생애와 의미,8684780,책 읽을 수 있겠니?,리처드 보컴은 4복음서를 토대로 예수를 어떻게 이해해야하는지를 설명한다.역사의 기록은 객관적일 수 없고누군가의 해석을 더하기에성경 이외의 자료가 아니라예수의 목격자가 기록한 복음서 자료에큰 의미를 두어 예수를 그려낸다.역사적 예수 논쟁의 흐름을 간략히 파악할 수 있고복음서에서 제시하는 예수에 관한 시선을 저자 나름대로 충분히 표현한다.예수와 목격자들을 읽기전 보컴이 주장하는 메시지를 간략히 이해하려고구입한 책이었는데 굉장히 많은 것을 얻었다는 생각이 든다! 추천,4,2016-08-10
83554189,엄마는 오늘도 소금땅에 물 뿌리러 간다,8589982,kskim820,"무엇이 옳고 바른 삶인가, 무엇이 우리가 살면서 취해야 할 방향성인가? 이에 대한 해답을 저자는 다시한번 우리에게 알려준것 같다. 감사하자. 조그만 일에서 기쁨을 느끼고, 그럼으로써 나와 주변을 행복하게 하자고,오늘 하루도 다짐해 본다.",5,2016-06-28
83554189,엄마는 오늘도 소금땅에 물 뿌리러 간다,8602436,늘감사,"자폐아 아들을 키우며 삶에서 부딪치는 일들을 적은 엄마의 육아일기....
읽으며 눈물을 흘리지 않을 수 없다.
내 가족의 일은 아니지만 내 주변에도 여기 저기 몸이 불편한 가족을 둔 사람들이 많이 있기에...
연연생 딸과 아들을 키우고 벽찬 육아에서 벗어나려고 일을 시작하면서 
어린이집에 맞긴 아들에게 한달만에 자폐증이 있다는 이야기를 듣는 순간부터
20여년간 그 자폐증 아이와 부딪치는 사소한 것들(보통사람들에게는 너무 당연하고 사소한것들이 이들에겐 이들의 가족들에겐)에겐 얼마나 어려운 일인지 얼마나 감격스러운 일인지를 ...+ 더보기",5,2016-07-04
321320164,내가 꿈꾸던 교회는,15468044,모찌모찌,"'너'의 아픔이 보이지 않을 때가 있습니다. '나'의 힘겨움에 사로잡혀 있을 때입니다. 작은 어려움에 끙끙대다 보니 ‘너’라는 존재가 보이지 않습니다. 조금 더 안정되고 싶은 마음에 더 이상의 에너지를 내기가 싫습니다. 역설적으로, ‘너’를 돌아보지 않는 ‘나’에게 참된 평안은 없습니다.교회가 힘을 잃게 되는 순간은 바로 이때입니다. '나'만 생각할 때 말이죠. 교회가 주위를 둘러보지 않는다면 실은 교회의 마땅한 사명을 감당하지 못하는 것입니다. 단순하게 전도의 문제가 아닙니다. 어렵고 소외되어 있는 이웃에게 손을 내밀어 주어야 합...+ 더보기",5,2024-04-17
227978,지남육효 십팔문답,7273811,별을심는사람,초보가보기엔다소힘들다/어느정도육효를응용할정도되었을때본다면더깊이있게육효를소화해낼좋은책이다/초보는우선소백육효와신산육효를검색해서일독해보는게가장빠른길이지싶다,4,2014-12-12
385816747,교리 말고 문학,17181169,행복한미소,"저자 최혜정 작가는 ""문학 속에 숨은 삶의 질문을 꺼내 사람들과 나누는 일을 즐겨하는 독서지도자'로 소개되고 있다. 저자는 ""교리 말고 문학""이라는 책을 통해 청소년들에게, 특히 사춘기에 있는 청소년들에게 말을 건넨다. 우리 사회속에서 교회는 신뢰를 잃었다고 한다. 정말 현 사회속에서 교회는 신뢰를 잃었을까? 학생들의 현장속에서도, 직장인들의 현장속에서도, 사회의 현장속에서.교회는 신뢰를 잃은 지가 오래되었다고 한다. 교인이 자신의 자리에서 '내가 예수님을 믿고, 교회 다닌다'는 말을 꺼낼 수 없...+ 더보기",5,2026-03-29
385816747,교리 말고 문학,17175497,새벽하늘,"**출판사로부터 도서를 제공받아 주관적으로 쓴 글입니다.​어느 순간부터인가 교회 다닌다는 것을 부끄러워하고 숨기는 시대가 되었다. 무엇이 복음을 이처럼 종이 쪼가리보다 못하게 만들었을까? 하나님의 자녀라고 당당하게 말하고, 식사때마다 기도하는 것을 감추고, 교회 다니는 것을 아무도 모르게 감추는 시대가 되었다. 그 열정적인 전도의 부르짖음은 찾아보기 힘들다. 그러면 어떻게 해야 할까? 우리가 믿는 하나님을 어떻게 보여줘야 할까? 그보다 우리 자신도 우리가 믿는 하나님에 관해 잘 알고 있을까? 라는 질문으로 이 책은 시작되었다.  &...+ 더보기",5,2026-03-26
11968441,한국인이 가장 좋아하는 경전 구절,4871216,우비소녀,"분노의 불씨가 모든 것을 태운다.


- 잡보장경 제10권


p.24

 

1. 몸에 병 없기를 바라지 마라. 몸에 병이 없으면 탐욕이 생기기 쉽나니, 그래서 성인이 말씀하시되, 병고(病苦)로써 양약(良藥)을 삼으라 하셨느니라.

2. 세상살이에 곤란 없기를 바라지 마라.  세상살이에 곤란이 없으면 업신여기는 마음과 사치한 마음이 생기나니, 그래서 성인이 말씀하시되, 근심과 곤란으로써 세상을 살아가라 하셨느니라.

3. 공부하는데 마음에 장애(障碍) 없기를 바라지 마라. 마음에 장애가 ...+ 더보기",5,2011-06-22
11968441,한국인이 가장 좋아하는 경전 구절,4920299,호야루,"사실 개인마다 좋아하는 것들이 다 다르잖아요.
하지만 그럼에도 불구하고 같은 문화권에 있는 사람들이 좋아하는 보편적인 것들이 있는 것 같아요.
그래서 아마도 한국인이 가장 좋아하는 노래라든지, 팝송 등이 있는 거겠죠.
말 한 마디로 천냥 빚을 갚기도 한다는데, 살아가다보면 힘들고 지칠 때 위로의 말 한 마디가 아주 큰 용기를 주기도 하는 것 같아요.
그리고 세상에서 길을 잃고 헤맬 때 한 줄기 빛이 되어주는 말들.
여기서는 부처님의 말씀이 경전에 대해서 이야기하고 있는데, 물론 그 수많은 이야기들이 하나 같이 인생의 진리가...+ 더보기",4,2011-07-13
11968441,한국인이 가장 좋아하는 경전 구절,4898680,Bennie,"‘한국인이 가장 좋아하는 경전구절’은 부처님 말씀을 정리한 많은 내용이 있고 그 종류 또한 다양한 경전 중에서 현대인에게 필요한 내용을 가려내어 펴낸 책이네요. 다양하고 많은 내용을 가진 경전들을 모두 공하면 좋지만 그러한 내용을 모두 공부하기에는 현실적으로 불가능하고, 경전은 어렵다는 편견을 가지고 있는 사란도 있어서 배우고자 하는 시도조차 하지 않는데 이러한 점을 극복 할 수 있는 책이라고 생각되네요.


경전을 읽고 보고 배우고 싶었지만 무슨 경전을 어떤 경전부터 해야 될지 몰랐는데 이 책을 통해서 그러한 점을 해결하...+ 더보기",5,2011-07-05
11968441,한국인이 가장 좋아하는 경전 구절,4908762,상갈동홈보이,"경전에 대해서 얼마나 많이 알고 친숙한가? 나는 불교신자가 아니고 경전에 대해 어렵고 지루하다고 느낀다. 그러나 경전의 내용이 내 생각을 넓고 깊게 해주고 판단에 있어서 좀더 나은 결과를 이끌어 낼 수 있게 도와준다는 생각을 한다. 그래도 경전을 대하기는 내 지식이 적고 접하는 데에 어려움이 있다.

  나 뿐만 아니라 다른 이도 비슷한 생각을 가지고 있을 것이다. 이 책은 나와 같은 이들을 위해 쓰여졌다. 책머리에 다음과 같은 문장이 있다. '이 책을 통해 많은 사람들이 경전에 담긴 보배를 찾는 데 조금이...+ 더보기",4,2011-07-09
7677606,심리치료와 불교,8100477,고기뜯는스님,"불교와 정신분석 두 분야에 관해 이미 많은 책을 읽은터라 읽기는 어렵지 않았으나 두 분야에 대해 전혀 모르는(특히 정신분석,심리학) 사람들이 읽기에는 어려울것 같다.",4,2015-12-28
7677606,심리치료와 불교,9821807,보빠,심리치료와 명상을 비교한 책. 그러나 이 책의 전반적 의도는 이성적인 인간을 치료하는데 무게중심이 더 있어서 별 5개는 못주겠음..심리치료가 주. 방법론으로 명상을 채택하였다. 그러나 진정한 명상의 목적은 치료가 아니라 자유가 아닐까?라는 생각이 듬.,3,2018-01-07
7677606,심리치료와 불교,4164449,Lulu,"이책은 당혹감에서 쓰인 것이다. 지난 한 세대가 좀 넘는 동안 서구에선 명상붐이 일었다. 명상붐이 일게 된 것은 68세대 또는 반전세대들에 의한 것이었다. 70년대 이후 40년동안 명상과 요가가 서구에서 뿌리를 내렸고 기독교가 퇴조하는 가운데 불교가 확산되었다. 

명상, 요가, 불교. 모두 동양의 것이다. 그러나 우리는 그것을 잊어버렸거나 별 거 아닌 것으로 치워두고 있었던 것이다. 한국의 예를 들면 해방 이후 한국문화는 기독교가 만들어왔지 불교는 아무 발언권이 없었다. 이책의 저자가 사는 일본의 경우도 서구문화에 밀려 불교나...+ 더보기",5,2010-10-03
7677606,심리치료와 불교,4161844,무진無盡,"불교의 마음 수행법을 통한 동, 서양의 만남
인류는 사람의 본질에 대한 지속적인 탐구를 해 왔다. 사람은 어떠한 존재인가로부터 시시때때로 달라지는 감정의 변화처럼 개인적 차원에 머물러 있기도 하지만 인간 개개인이 모여 구성하는 집단, 사회 속에 인간의 역할 그리고 인간관계에서 발생하는 소통과 단절 또한 현대에 들어 주목받고 있는 탐구분야가 아닌가 한다. 사회가 발달하며 보다 복잡한 관계 속에 편입되어 살아갈 수밖에 없는 사람들에게는 그 보다 더 복잡한 마음상태를 지닐 수밖에 없는 상황으로 내 몰리고 있는 것이 아닌가 싶다.

...+ 더보기",4,2010-10-02
7677606,심리치료와 불교,4278714,하람네,"성격이 그다지 좋지가 않아 인내하며 참는 걸 못하다보니 불같은 성질만 남아서 득이 없네요
            
            후회없는 삶을 살아야할텐데 한번씩 성질내고...본의 아니게 사과를 해야하니...
            
            그것도 못할짓이건만..마음 다스리기가 어...+ 더보기",3,2010-11-20
7677606,심리치료와 불교,6577596,dung,"마음챙김을 기반으로 하는 인지치료쪽에 관심이 있다보니 우연히 도서관에서 발견한 책. 책이 디자인면에서 굉장히 매끈하게 빠진 책이라서 더 관심이가서 도서관 반납일인 오늘 새벽까지 읽게 만들었는데, 책의 전체 파트가 모두 건질만한 내용으로 구성되어 있는 것은 아니었습니다. 저자 후기에 있는 '제2의 패전'에 대한 이야기는 굉장한 불편함이... 뭐랄까 피해의식일지도 모르지만요. 일본사람들이 2차대전을 바라보는 시각이 어떤 시각인지 면밀하게 느껴지는 단어로 느껴지더라구요. 최근의 국회의원이나 정부관계자의...+ 더보기",3,2013-09-09
7677606,심리치료와 불교,4185207,행복주는,"학창시절 불교에 관한 내용을 외웠던 기억이 떠올랐다. 사성제는 고집멸도 이렇게 외우고 각각의 내용을 요약하고 분별하는 것이다. 이 책 도입분부터 나오는 사성제를 보면서 학생의 기분으로 돌아간듯했다. 시험에 대한 압박감이 있었기에 좋은 기억만은 아니었다. 불교는 종교로서 간주되지만 그 철학적 깊이는 동양철학의 큰 부분이라고 해도 과언이 아니다. 난 어느 종교에도 편향된 시각을 가지고 있지는 않다. 다만, 우리가 쉽게 접할수 있는 기독교와 성경에 대해서 조금 더 알 뿐이다.  불교에...+ 더보기",4,2010-10-11
42102454,"교황 프란치스코, 가슴 속에서 우러나온 말들",7050218,동화세상,"최초로 비유럽권 출신인 청빈, 겸손, 소박의 대명사인 '아시시의 성 프란치스코'를 따르겠다는 의지를 표명한 교황 프란치스코는 그 굳건한 의지가 이끄는 대로 '가난한 자들을 위한 가난한 교회'를 만들기 위해 노력하고 있다. 그는 인간적이고 사목적인 스타일로 교리를 전달하고 교회를 사랑과 봉사의 공동체라고 전달하는 교회관으로 사람들의 관심을 끌면서 '올해의 인물'로 선정되면서 뜨거운 이슈로 떠오르고 있다. 그런 그가 가톨릭 신자들의 신앙과 희망, 사랑을 더 굳건히 하려는 목적으로 8월 방한을 준비중이라고 하니 가톨릭 신자들에게...+ 더보기",5,2014-06-24
42102454,"교황 프란치스코, 가슴 속에서 우러나온 말들",7046441,꿀꿀페파,"교황 프란치스코, 가슴속에서 우러나온 말들
 
'가난한 이들의 벗'이라 불리는 프란치스코 교황의 8월 방한 소식이 들린다.
방탄차 대신에 오픈카를 타고 사람들을 향해 손을 흔들어주고 허리를 숙여 손을 잡아주는 모습은 정말 인상적이었다. 
특히 개구쟁이같은 모습으로 아기 염소를 어깨에 올리고 활짝 웃는 모습이라던가
몸이 불편한 사람의 활짝 웃는 이마에 입맞춤을 해주는 장면을 떠올리면 정말 가슴이 뭉클해짐을 느낀다.
다가가기 어려운 근엄함보다 왠지 친숙하고 가까...+ 더보기",4,2014-06-20
42102454,"교황 프란치스코, 가슴 속에서 우러나온 말들",7055860,나하,[책리뷰/종교>가톨릭] 교황 프란치스코  가슴 속에서 우러나온 말들 / 프란치스코 / 성염 / 소담출판사 지혜와 사랑      교황 프란치스코를 아시나요? 저는 이름만 들어봤지 전혀 몰라요. 제가 개신교라서 그런지 천주교에 관심도 없지만 지금 충분히 바쁘기 때문에 타 종교까지 보진 못했어요. 그런데 교황 프란치스코가 참 좋은 말을 많이 남겼더군요. 교황 프란치스코 어록이 있을 정도라는 걸 검색을 통해 알았어요. 교황이라는 자리에까지 오르기 위해 어...+ 더보기,4,2014-06-30
42102454,"교황 프란치스코, 가슴 속에서 우러나온 말들",7081795,하나,"교황 프란치스코가 추기경으로 재직당시에 언론인들과 2년에 걸쳐 나눈
대담을 담은 책 <교황 프라니스코>를 읽은 적이 있다. 이번에는 그가 교황직을 시작한 2013년 3월부터의 연설과 설교를 만날 수 있는
<교황 프란치스코, 가슴속에서 우러나온 말들>을 읽게 되었다. 두 책을 읽으면서 느낀 점이라면, 참 일관된 분이라는 것이다. 추기경
시절에도 교황이 되어서도 그는 행동하고 실천하는 목자이고 인간적이고 소탈한 매력을 간직하고 있다. 또한, 만약 나에게 교황 프란치스코를 잘 설명할
수 있는 낱말을 꼽...+ 더보기",5,2014-07-22
42102454,"교황 프란치스코, 가슴 속에서 우러나온 말들",7081616,꿀호떡,"프란치스코 교황님 한국 방문이 한달도 채 남지 않았네요.
저도 순교자 시복식에서 교황님을 뵙기위해 신청해 놓았기때문에
교황님 방문이 설레이기만 하네요.
<교황 프란치스코,가슴속에서 우러나온 말들>
제목에서 부터 가슴뭉클한 책인데요.
이 책은 프란치스코 교황님이 교황직을 시작한 2013년 3월부터 넉달간 행한 
연설과 설교에서 주제별로 뽑아낸 글들이랍니다.
가슴속에서 우러나오는 진실된 말씀들을 만나면서
깨달음도 얻고, 위로와 희망을 느낄수 있었어요....+ 더보기",5,2014-07-22
42102454,"교황 프란치스코, 가슴 속에서 우러나온 말들",7052521,라떼,"세계적으로 가장 영향력 있는 종교인은 누구인가 묻는다면 아마도 로마 가톨릭의 교황 프란치스코가 아닐까 싶다. 서양 문명사에서 결정적인 정신적 힘이 되어 왔던 카톨릭의 이끌고 있는 교황 프란치스코... 올 8월에 우리나라를 방문한다는 글을 보았고 교황의 남다른  파격 행보가 전 세계의 뉴스에 나올 정도로 교황에 대한 관심이 높다. 
 
'교황 프란치스코, 가슴속에서 우러나온 말들'은 교황으로 추대되고 얼마 되지 않았지만 그동안 다양한 주제를 통해서 말씀하신 교황 프란치스코님의 기도, 강론이 담겨진 책이다.&nbs...+ 더보기",4,2014-06-26
42102454,"교황 프란치스코, 가슴 속에서 우러나온 말들",7065746,요셉아저씨,"[서평] 교황 프란치스코, 가슴 속에서 우러나온 
말들
기쁨과 지혜 
그리고 힘과 위로가 되어주는 말 
  
  ""우리 그리스도인들의 희망은 강력하고 확실하고 이 땅에서도 굳건하니 하느님은 이 땅으로 우리를 부르셔서 걸어가게 
하셨습니다.""(55) 
  
  '1년만에 세상을 바꾼 
사람', 미국 <타임>지가 '2013년 올해의 인물'로 뽑고 <포츈>이 뽑은 '세계에서 가장 영향력 있는 인물'...+ 더보기",5,2014-07-09
42102454,"교황 프란치스코, 가슴 속에서 우러나온 말들",7078255,봄덕,"교황 프란치스코/ 가슴 속에서 우러나온 말들/소담출판사- 시대의 정신적 지주!
 

제 266대 로마 카톨릭 교회의 교황인 프란치스코가 곧 한국을 방문한다. 청빈, 겸손, 소박의 대명사인 '아시시의 성 프란치스코'를 따르겠다며 교황명을 베르골리오에서 '프란치스코'로 바꿨다고 한다. '가난한 이들을 위한 가난한 교회'를 만들기 위해 노력하며 트위터로도 활발히 전 세계와 교감을 하고 있다. 행동하는 사목, 실천하는 사목, 변화를 가져오는 사목에 집중하고 있다고 한다. 



 

이 책은 교황 프란치스코의 ...+ 더보기",5,2014-07-19
42102454,"교황 프란치스코, 가슴 속에서 우러나온 말들",7066807,다락방꼬마,"'가난한 자들을 위한 가난한 교회'를 만들기 위해 노력하고 천빈, 겸손, 소박의 삶을 따르려하는 교황 프란치스코를 책으로 만났다. 이 책에는 교황직을 시작한 2013년 3월부터 넉 달 간 행한 연설과 설교 중에서 주제별로 뽑아낸 글들을 만날수 있다. 사랑의 말들, 위로의 말들, 인도의 말들이라는 주제로 우리들에게 따뜻한 말들을 전하고 있다. 이제 다음달이면 책이 아닌 실제로 교황을 만날수 있을 것이다. 표지속 인자한 웃음의 주인공을 이제 곧 보게 되는 것이다. 8월에 우리나라를 찾아온다고...+ 더보기",4,2014-07-09
42102454,"교황 프란치스코, 가슴 속에서 우러나온 말들",7095200,아트로포스,내 어릴적 기억에 교황님은 정말 성스러운 존재로 기억한다. 교황 바오로 2세가 방한했을때 언론과 많은 사람들이 흥분하고 존경심을 표했고 지금은 그분의 말씀이 기억은 안나지만 정말 온화한 모습이 기독교인인 나에게도 인상적이었고 카톨릭으로 개종을 하고 싶은 생각마저 들었다. 그리고 이제 또 한분의 교황이 한국으로 오신다. 사실 이 책을 읽기 전에는 바쁜 일상속에서 그다지 관심이 갔던 일들이 아니었다. 그런데 자꾸 마음을 다치는 일이 생기자 마음을 위로받고 싶어서 읽은 그분의 연설집인 이 책을 읽고 감동받았으며 변화할 의지가 생겼고 ...+ 더보기,5,2014-08-04
42102454,"교황 프란치스코, 가슴 속에서 우러나온 말들",7083460,o천사,"[서평] 교황 프란치스코, 가슴 속에서 우러나온 말들 [프란치스코 저 / 성염 역 / 소담출판사]
 
이 책은 교황 베네틱토 16세가 사임한 후 이번 2013년에 총 다섯 번의 투표 끝에 제 266대 로마 가톨릭교회의 교황으로 선출된 교황 프란치스코(호르헤 마리오 베르고글리오)의 따뜻한 메시지들을 담고있다. 사실 전 교황이 서거한 것도 아닌데 새로운 교황이 선출되었기에 많은 주목으로 받았던 사람이었고, 시리아 출신 교황인 그레고리오 3세 이후 1282년 만에 탄생한 비유럽권 출신 교황이자 가톨릭교회 역사상 최초...+ 더보기",4,2014-07-23
42102454,"교황 프란치스코, 가슴 속에서 우러나온 말들",7065048,스타티스,"p.176 병든 교회
교회 역시 자기가 기준이 되는 경우, 병들고 
늙어버립니다.
- 2013. 6.14 「치빌타 카톨리카」 저술가 단체에 향한 연설
p.241
가슴 속에서 우러나온 그의 말들
이 책은 교황 프란치스코가 교확직을 시작한 
2013년 3월부터 넉 달 간 행한 연설과 설교에서 주제별로 뽑아낸 글들이다. 사람들은 넉 달 간 생한 연설과 설교에서 주제별로 뽑아낸 
글들이다. 사람들은 그의 소박하고 따뜻하고 마음에 호소하는 어투에 사로잡히곤 한다. 그는 '우정'과 '기쁨', '행복' 등의 평범한 주...+ 더보기",4,2014-07-08
42102454,"교황 프란치스코, 가슴 속에서 우러나온 말들",7082086,하늘,"사상과 종교를 초월해서 가장 많은 사람들의 존경과 사랑을 받으시는 분을 꼽으라고 한다면 단연코 교황 프란치스코가 떠오른다. 작년 베네딕토 16세의 사임 후 추기경단의 투표로 선출된 266대 교황 프란치스코는 선출 이후부터 끓임없는 세인의 관심을 끌고 있다. 가난하고 소외된 자들을 가까이 하고, 그들의 발을 씻으시고, 그들의 말에 귀기울이신다. 교황청의 경호를 마다하고 테러의 위험 속에서도 대중교통을 이용하며 평범한 이웃들을 만나며 특별한 교황의 모습을 벗어 버리신 분이다. 2013년 타임의 ‘올해의 인물’로 뽑히신 프란치스코 교황은...+ 더보기",4,2014-07-23
42102454,"교황 프란치스코, 가슴 속에서 우러나온 말들",7121946,엉터리,"진실이 외곡된 세상​. 그러나 세상은 근본이나 진실은 반드시 통하며 누구나 느낀다는 사실.세월호의 문제가 아직까지 해결되지 않고 서러움의 한이 내비쳐지고 있는 이때에교황 프란치스코의 방한이 있었다.​나는 하나님을 믿는 기독교인이다그런데 가끔 가톨릭 교회의 수장인 교황이 매스컴에 많이 보도 되고​이번에 교황의 방한 때도 가톨릭 신자도 아닌 대통령의 환대가 이해되지 않았다세계적 종교지도자에 대한 예우차원이라는 것도 알면서도마치 교황이 ​신격화 되는 듯한 느낌을 받아왔던 것이다.그러나,비로소 나의 좁은 소견이 보였던 것...+ 더보기",5,2014-08-28
42102454,"교황 프란치스코, 가슴 속에서 우러나온 말들",7073888,윈프리,"교황 
프란치스코, 가슴 속에서 우러나온 
말들
​교황 프란치스코 | 
소담출판사 | P.248
​
​
​
​
​
​1.
  ​천주교인 나에게 
무척이나 반가웠던 척 <교황 프란치스코, 가슴 속에서 우러나온 말들> 이 책은 교황 
프란치스코가 실제로 말씀을 전달한 내용을 엮은 책으로 내가 먼저 찾아 보지 않는다면 듣기 어려울 수 있었던 내용을 볼 수 있어 참 뜻깊었다. 
내가 처음에 성당을 갔었을 때, 제일 놀라우면서 경의로웠던 것, 그리고 종교를 천주교로 정한 것은 바로 '조화...+ 더보기",4,2014-07-15
42102454,"교황 프란치스코, 가슴 속에서 우러나온 말들",8780291,gazahbs,"카톨릭 신자가 아니니 교황님에 대해서도 잘 아는건 아니지만 이번에 선출된 프란치스코 교황님의 
경우 표현이 좀 그렇지만 럭비공처럼 어디로 튈지 모르는, 보통 교황님이라고 하면 생각하기 힘든 행보를 많이 보여셔서 그런지 좀 더 인간적으로 
보이는 것이 사실이다. 
 
로마 시내 안 바티칸이라는 또다른 나라의 책임자이자 전세계 수많은 카톨릭 신자들의 아버지이기도 
한 프란치스코 교황님께서 우리나라의 방한을 앞두고 있는데 그래서인지는 몰라도 관련 도서들을 심심치 않게 만...+ 더보기",4,2016-09-21
42102454,"교황 프란치스코, 가슴 속에서 우러나온 말들",7058631,미라클,"아르's Review
 








 


 
  유럽권 이외의 곳에서 교황이 선출되었다는 것에서도 이슈화가 되었지만 그 이후 프란치스코 교황이 보여준 행보 또한 이전과는 다른 것들이기에 그의 이야기는 해외 뉴스는 물론 국내 뉴스에도 연일 보도될 만큼 수 많은 사람들의 이목을 집중시켰다.
 소박하면서도 꾸밈없이 사람들에게 다가가는 그의 모습은 주변의 사람들에게도 그의 진심이 전해졌기에 종교를 넘어서 프란치스코 교황에 대한 관심을 날로 높아지...+ 더보기",4,2014-07-02
42102454,"교황 프란치스코, 가슴 속에서 우러나온 말들",7095043,소지개,"현재의 교황은 소위 비주류라고 하는 남미의 아르헨티나 부에노스아이레스에서 이탈리아 출신 이민자의 아들로 태어났다고 한다. 
거기에다 교황명인 '프란치스코'는 이제까지 한 번도 교황명으로 사용디지 않은 이름으로 청빈, 겸손, 소박의 대명사인 '아시시의 성 프란치스코'를 따르겠다는 의지를 나타내는 것이라고 하는데 그는 '가난한 자들을 위한 가난한 교회'를 만들기 위해 노력하고 있는 분으로 알려지고 있다. 그러한 교황 프란치스코의 한국방문이 있기 전에 그를 맞이하기 위한 도서...+ 더보기",5,2014-08-03
42102454,"교황 프란치스코, 가슴 속에서 우러나온 말들",7052970,여리다,안녕하세요? 루지에요.전 원래 무신교자였다가 서른이 넘어 결혼할 때쯤에 종교를 가지게 되었어요. 그래서 어렸을 때는 절에 가서 비빔밥도 먹고 교회에도 가기도 하고 그랬어요.아직 깊은 신앙심을 생기지 않았다고 생각됩니다. 하지만 종교를 가지고 싶었고 의지하고 싶었던 것 같아요.   오늘은 교황 프란치스코의 [가슴속에서 우러나온 말들]이라는 책을 읽게 되었어요.책에 대한 편식이 심한 편이라 접해보지 않은 분야의 책은 거리감을 가지게 되는데요이 책은 짧은 글로 이루어져 있어 거부감이 많이 줄었던 것 같아요.&n...+ 더보기,3,2014-06-27
42102454,"교황 프란치스코, 가슴 속에서 우러나온 말들",7069293,세은,"우리가 설교하는 복음이 자기네 일상생활에 도달할 적에, 아론의 기름처럼 현실의 가장자리까지 흘러내릴 때에, 한계 상황, '변두리'를 비추어줄 경우에 우리 신자들은 복음을 반깁니다. 그런 한계 상황과 변두리에서는 신자들이 자기네 신앙을 약탈하려는 자들의 침공에 유난히 더 노출됩니다. -p, 216 (2013. 3. 28. 성유축성미사 강론 中)
 
 
 
 
 
 
 
 
&nbsp...+ 더보기",5,2014-07-12
42102454,"교황 프란치스코, 가슴 속에서 우러나온 말들",7071642,hsg4560,"8월 14일~ 18일까지의 4박 5일간의 교황한국방문. 25년만의 한국방문이기에 천주교 신자뿐 아니라 일반국민들도 관심을 가지지 않을 수 없는 일이다. 특히 아시아국가중 우리나라만을 단독방문한 것은 이번이 처음이라고 하니 더욱 특별한 의미가 있다고 할 수 있다. 교황프란치스코의 매력이 인간적이고 사목적인 스타일로 교리를 전달하는 방식과 교회를 사랑과 봉사의 공동체라고 전달하는 그의 교회관(p.07)에 있다면 그 의미는 더 크다고 할 수 있겠다. 특히 그가 프란치스코라는 이름으로 불리고 싶어 한 이유가 ""가난한 사람들을 잊어버리지...+ 더보기",4,2014-07-14
42102454,"교황 프란치스코, 가슴 속에서 우러나온 말들",7067858,YeRyeong,"가슴 속에서 우러나온 말들, 교황 프란치스코, 소담출판사천주교 신자는 아니지만,같은 하나님을 믿고 있는 성도로서 교황의 말들이 궁금했습니다.이 책은 교황이 여러 종류의 모임 가운데 연설, 강연 등에서 한 말들을 모았습니다.그래서 주제와 모인 사람들의 특성에 맞는 교황의 생각들을 엿볼 수 있습니다.길지 않고 짧은 두 세문장으로 이루어져 있기도 해서 부담없이 읽을 수 있었습니다.내용은 하나님의 사랑을 기반으로 한 사회참여적인 성격이 강합니다.교황이 가진 전반적인 생각은 하나님의 사랑과 복음에 대한 생각입니다.기독교와는 다른 교리적인 부...+ 더보기",4,2014-07-10
329341256,축사 과학자 따라하기,15115427,kcmi0926,교회시대에서 킹덤시대로 가니사역자 의존에서 자가축사가 필요한대 축사 과학자 따라하기 책에서는 실전 훈련 할수있는 가이드가 매우 구체적으로 나와 있어서 순서에 따라 반복해서 혼자 또는 소그룹으로 연습할 수가 있어서 좋습니다!!예수님과 합해 한영이 될수있는 방법알려주셔서 감사해요!!,5,2023-12-06
329341256,축사 과학자 따라하기,15117961,trippin324,"축사에 대한 고정관념을 깨 주고 열린 마음으로 접근하게 해 줍니다. 축사는 특별한 사람, 특별한 장소, 특별한 날에만 하는 것이 아닌 나 스스로가 일상에서 할 수 있는 것임을 알게 되었습니다. 이 책을 통해 축사가 일상이 되어, 인생의 닫힌 문들이 열리고 말씀이 생생한 실재가 될 것을 기대합니다^^",5,2023-12-07
7577146,이야기 교회사,7879161,책 읽을 수 있겠니?,"세계사, 국사, 근현대사 등을 공부 하고 그안에 년도를 외우고 하는 일들이 나에게는 너무 힘든 일이었다. 더군다나 교회사는 그 내용이 심히 방대해서 접근조차 어려웠지만,, 교수님의 추천으로 흐름만 잡기위해 읽은 책,, 어느덧 한달이 넘은 듯 하다    일단 집필자의 단어 선택이 굉장히 쉬워 읽기에 부담되지 않고 단원도 주제별로 간단히 되어졌기에 읽는데 부담되지 않았다. 많은 분량이긴 하지만 그만한 가치가 있는 책이라 생각된다. 오히려 만화로 보는 교회사보다 흐름을 더 쉽게 잡을 수 있던 책인듯하다",5,2015-10-29
7577146,이야기 교회사,4124478,강한팔,"교회사는 거의 10여년전에 얼핏한번 읽었던 기억이 난다. 당시 신앙의 밑바탕부터 체계적으로 세워보고자 교회가 어떻게 세워지고, 왜곡되고, 또 발전해왔는지를 통해 복음전파의 힘을 보았던 기억이 난다. 이번에 김기홍목사님의 이야기교회사는 당시의 기억도 이제는 거의 사라졌기에 다시한번 교회사를 정리하고픈 열망으로 읽게 되었다. 예전에도 상당히 두꺼웠던 교회사지만, 이 책 역시 만만치 않은 두께를 가지고 있다. 그만큼, 인류속에서 교회역사는 엄청난 변화와 굴곡이 있었음을 반증하는거라고도 할 수 있을거 같다.

 

최근...+ 더보기",4,2010-09-17
7577146,이야기 교회사,4120831,굴비맨,"크리스천이라도 관심을 가지지 않으면 수 십년의 신앙 생활을 했어도 접근하기 어려운 것이 교회사이다. 교회의 생성과 교회가 걸어온 발자취를 쉽게 접하기도 어렵거니와 그리스도인으로서 관심을 가질만한 내용이 아니라고 생각하기 때문일 것이다. 




그러나 교회사는 크리스천이라면 알아야할 어쩌면 필수인 과정이 아닌가 싶다. 그 이유는 이 땅의 예수님의 메시야 되심의 증거들을 역사를 통해 직접 확인 할 수 있기 때문이다. 




이 책 <이야기 교회사>(두란노.2010)는 딱딱하고 재미없...+ 더보기",5,2010-09-15
7577146,이야기 교회사,4119900,jsk7577,"'History'를 'He+story'로 해석하게 되면..

'역사는 하나님의 이야기'라는 새로운 해석이 가능하다..

실제로 역사 가운데 기록돼 있는 흥망성쇠의 결과는..

하나님의 주권 아래 진행되어 온 것임을 인정할 수밖에 없다..

하나님께서는 역사를 통해 우리에게 하나님의 선하신 뜻과..

하나님의 목적을 분명히 말씀해 주셨다..

 

이 책은 교회를 중심으로 한 세계의 역사를 총체적으로 다루어 주고 있다..

방대한 분량을 한 권의 책으로 담아내기란 결코 쉬운 일이 아니다..

...+ 더보기",5,2010-09-15
7577146,이야기 교회사,4094490,coeur007,"[이야기 교회사]는 아세아연합신학대학교 교수로 16년간 역임하고, 현재 분당아름다운교회 를 개척하여 담임하고 있는 김기홍 목사가 방대한 기독교 역사를 독자의 눈높이에서 읽고 학습할 수 있도록 기록했으며, ‘2천년 기독교 역사’를 대하드라마처럼 은혜와 재미를 느끼도록 했으며, 허다한 증인들의 신앙을 통해서 자신의 신앙을 돌아볼 뿐만 아니라 현재의 한국교회와 성도 개인의 신앙을 진단해보고 미래의 좌표를 설정해보는 성찰의 기회까지 제공해준다는 점에서 매우 좋은 책이다.

우리가 흔히 간과하는 사실은 당대의 고민 또는 의문이 그 시대만...+ 더보기",5,2010-09-07
7577146,이야기 교회사,4117565,빵장수야곱,"가벼운 짐을 바라기보다 넓은 어깨를 장전하라 
 
 

<크리스천이라면 꼭 알아야 할 이야기 교회사>를 읽었어요.
많은 교회사책들이 나와 있지만 
이야기 교회사는 신본주의적 또는 복음주의적 관점에서 저술하는 관점에서 꾸준히 연구해 출판되어
초판은 상하 2권으로 만들어졌다고 해요.
그러다 책이 꾸준히 사람들에게 읽혀지면서 이제 단권으로 나오게 된 책이라고 합니다.
그렇게 꾸준히 읽혀진 책이라는 것도 뒤늦게 책서문의 소개글을 알고 알게된 내용입니다만..

사실 전 그런 이야기 교...+ 더보기",5,2010-09-15
7577146,이야기 교회사,4124456,로망마미,"제목만 듣고 너무나 읽고 싶은 책 이었다. 알고 싶었다 교회사가..

평신도 이기에 성경속 이야기 외에  사람을 통해 하나님의 일하심이 

어떻게 진전 되어 왔는지 저자는 복음주의적 관점에서 어떻게 설명했는지 기대하는 마음으로 책을 집어 들었다.

헐...왜 이리 두껍지? 와 !600페이지네.. 책 두권 분량...바쁜데...기대반 염려 반으로 읽게 된 책은 나의 지적 호기심

으로 감당하기엔 너무 큰 하나님의 일 하심의 이야기 였다.

 무엇보다 요즘 사역반에서 교회사를 나누고 있어 교회론에 대한...+ 더보기",5,2010-09-17
295234327,웨스트민스터 소교리문답 강해,13736399,potato4,학교 공부의 가장 기본은 교과서이다. 교과서는 각 학년마다 학생들이 배워야할 기본적인 내용들을 추렸기에 공부의 기초이면서 근본이다. 학교 공부는 교과서만으로도 충분하지만 때로는 이해하기 어려운 내용들을 조금 더 쉽게 배울 수 있도록 도와줄 수 있는 교재가 필요하다. 그때 사용하는 교재는 참고서이다. 혼자서 이해하기 어려운 내용도 참고서를 활용하면 쉽게 이해할 수 있다.​신앙에도 교과서와 참고서가 있다. 신앙의 교과서는 당연히 성경이다. 하나님의 말씀이 분명하게 드러난 성경이야말로...+ 더보기,5,2022-07-04
295234327,웨스트민스터 소교리문답 강해,13727881,wkdbdi,"오래전 간략히 정리된 웨스트민스터 소교리문답을 읽은 적이 있다. 언젠가 깊이 있게 이해하고 싶다는 바람을 가졌고, 이런저런 성경 공부로 충분히 소교리문답 안의 내용을 알게 됐다고 생각했었다. 그러다가 이번에 그 내용을 자세히 풀어준 책이 나왔다고 해서 찾아보게 됐다. 이 책의 '해제'부터 정리해본다.저자인 알렉산더 화이트(1836-1921)는 스코틀랜드 출신의 교회 지도자로서, 다작의 저술가기도 하다. 그는 이 책에서 자신이 전기를 썼던 여러 인물과 함께 많은 청교도 및 개혁교회 신학자, 저술가의 글을 인용한다.웨스트민스터 소교리문...+ 더보기",5,2022-07-01
295234327,웨스트민스터 소교리문답 강해,13741807,신의딸,"​제21문​하나님이 택하신 사람들의 구속주는 누구십니까?​하나님이 택하신 사람들의 유일한 구속주는 주 예수 그리스도이십니다. 그는 하나님의 영원하신 아들로서 사람이 되셨는데, 하나님과 사람이라는 두 구별되는 본성과 한 인격이셨고, 영원토록 그러하십니다.​​예수님이 부활하실 때, 이해하기 힘든 장면이 있었습니다. 부활하신 예수님이 손과 발에 십자가에 달리신 못 자국, 그러니까 상처 자국을 그대로 가지고 부활하신 것이 다소 의아했습니다. 옆구리에도 창에 찔린 자국을 그대로 가지고 계셨으니까요. 우리가 부활체가 될 때에는 모든 것이 '회...+ 더보기",5,2022-07-06
295234327,웨스트민스터 소교리문답 강해,13754462,별모양클로버,"장로교 신학에 속한 크리스천으로서 오래 전에 기독교 서점에서웨스트민스터 소교리문답 책은 이미 2권인가 구매한 이력이 있다.​하나는 휴대용 소책자 형태로 암기할 수 있게 만든 책이었고,나머지는 두께가 꽤 되는, 명쾌하고 친절한 설명이 덧붙여진 책이었다.​소교리문답의 대표문구로 꼽히는 제1문인 ""사람의 으뜸가는 목적은 무엇입니까?""와 그에 대한 답인 ""하나님을 영화롭게 하고 하나님을 영원토록 즐거워하는 것입니다""는 외우고 있을 정도였지만.. 문제는 얼마 안 되어 결국 읽기를 중단했다는 것이다.ㅜㅜ​호기롭게 구매하고 펼쳐들어 밑줄 치며 ...+ 더보기",5,2022-07-10
295234327,웨스트민스터 소교리문답 강해,13746588,길동이,신앙생활을 한 지가 꽤 됐지만 웨스터 민스터 소교리문답 강해를 이렇게 접하니 감회가 새롭다. 청교도들의 신앙이 담겨있고 여러 신학자들의 의견이 있어 신앙을 새롭게 조명할 수 있는 시간이 된다. 물론 지식이 신앙을 앞 설수 없겠지만 알고 있고 경험한 신앙들을 재정립하고 다지는 기회가 된다.      인간에게 최고의 목적은 무엇일까? 행복일까? 이것은 철학적인 문제인 것 같지만 실제로는 가장 중요한 문제다. 인간 실존의 명분이 여기에서 나오지 않을까? 어떻게 보면 나의 인생은 나의 의해서가 아니라 누군가에 의해서 주어진 것이 ...+ 더보기,4,2022-07-07
295234327,웨스트민스터 소교리문답 강해,13744240,숨비북,하나님의 주권과 그분의 말씀에 대한 말할 수 없는 사랑을 간직한 개혁신학이 꼽는 6개의 신조와 신앙고백이 있다. 그중 하나가 웨스트민스터 소교리문답이다. 소교리문답은 어린이들과 초심자들의 교리 교육을 위해 성경의 핵심을 107개의 질문으로 압축한 문답집이다.​오랜만에 CH북스의 세계 기독교 고전 시리즈가 나왔다. 19세기와 20세기를 살다간 스코틀랜드의 목회자 '알렉산더 화이트'가 집필한 <웨스트민스터 소교리문답 강해>다.​몇 해 전 같은 출판사에서 출간한 '토마스 왓슨'의 <웨스트민스터 소요리문답 해설>을 읽...+ 더보기,5,2022-07-07
295234327,웨스트민스터 소교리문답 강해,13736984,지혜로운,"세계 기독교 고전 22​소교리문답이 뭘까요? (책 뒷표지에 있는 내용을 옮겨봅니다.)소교리문답은 1643년 7월 1일부터 1649년 2월 22일까지 열린 웨스트민스터 회의에서 작성된 장로교의 신앙문답서이고, 그 내용은 칼뱅주의의 주요 교리, 십계명, 주기도문에 대한 해설입니다.소교리문답은 어린이들에게 체계적으로 교리 교육을 시킬 목적으로 대교리문답을 요약해서 만든 것이고,107개의 문답으로 되어 있습니다.우리나라에서는 1907년 독노회에서 웨스터민스터 교리문답을 교회의 표준문서로 채택했습니다.​오래 교회를 다니고 있어도 소교리문답 ...+ 더보기",5,2022-07-04
295234327,웨스트민스터 소교리문답 강해,13721746,웅이별이,"매일 가정예배를 드리며 말씀 암송을 하고 있다. 말씀 암송을 잘 하는 아이를 보니 소교리문답을 함께 학습할 수 있겠다는 생각이 들었다. 집에 있는 소교리문답책, 그리고 관련된 다른 책을 보았지만 마음에 쏙 들지는 않았다. 그래서 외국 사이트를 참고하며 아이와 함게 소교리문답을 공부하고 있었다. 그러다 이 웨스트민스터 소교리문답 강해를 보게 되었고 감사하게도 서평 신청에 당첨이 되었다. 웨스트민스터 소교리 문답은 107개의 질문과 대답으로 이루어져 있다. 소교리 문답은 사람의 으뜸가는 목적이 무엇인지를 묻는 제 1문으로부터 ...+ 더보기",5,2022-06-29
102754,열두 사도들의 가르침,4367815,낭만인생,"교부신학의 일부, 초대교회사의 가장 중요한 문서 중 하나이다.",4,2010-12-24
343476,절대로 절대로 포기하지 마라,335248,백합,"꿈, 비젼, 사명..이런 말들을 그 어느때 보다 많이 듣게 되는 시대인것 같다. 꿈이 없어 방황하고 있는가? 아니면 꿈을 꾸고 그것을 이루고 싶은데 어떻게 해야하는지 모르겠는가? 혹은 현제 자신의 모습에서 회의를 느끼며 좌절과 절망속에 있는가? 그렇다면 이 책을 권하고 싶다. 하나님의 자녀로서 어떠한 삶을 살아야 할지 삶의 기준이 될만한 좋은 지침서가 될수 있을 것이다. 나는 이책을 통해서 '영향력있는 인생'이 되고자 하는 꿈을 다시금 확고히 할수 있었다. 우리는 보잘것 없지만 우리를 지으신 그분이 위대하시기에 우리는 영향력있는 위...+ 더보기",5,2002-10-05
343476,절대로 절대로 포기하지 마라,1081181,나하,"'인생의 역전을 꿈꾸는 자가 되라'와 중복되는 부분이 많다. 느헤미야를 보고 글을 썼기 때문에 상당수 겹치지만 주제는 다르다. 이 책의 주제는 사명이다. 그런 점에서 보면 책의 제목은 책의 내용과 별로 상관이 없다.
 
우리는 자신의 사명을 알아야 하며 사명을 위해 준비를 해야 한다. '10,20,30' 에서도 말했듯이 10대에는 자신의 사명이 무엇인지 알아야 한다. 그러기 위해서는 우리는 이성교제나 하며 시간 낭비하지 말고 공부하며 자신을 보고, 성경을 봐야 한다.
 
우리나라 기독교 인구가 상당히 많다....+ 더보기",5,2007-03-17
343476,절대로 절대로 포기하지 마라,393994,mistykj81,"때로는 젊음이라는 이름으로도 감당할 수 없는 시련과 아픔 속에서 몸부림을 쳐야 할 때가 있습니다. 우리 모두가 될 수도, 또 나 한사람쯤은 아닐 수도 있겠지요. 이 책은 제대로 살고 싶은데 아무런 힘도 없고 희망도 없고 소망도 없다고 느낄 때 제게 힘이 되어 준 책이었습니다.",4,2003-01-15
347974940,꼭꼭 묻어둔 이야기,15921713,깐도리,"그때, 문득 일엽스님이 월송스님에게 물었다.""월송아,니 나이가 몇이냐?너하고 나하고 나이가 얼마나 차이가 나느냐?"" 일엽스님은 일흔여섯이었고,월송스님이 서른을 넘긴지 서너해가 지났을 무렵이었다.""43년입니다. 노스님."" (-24-)1896년 6월 9일(음력 4월 28일) 김용겸 목사와 이마대 여사의 첫 딸이 태어났다. 결혼 6년 만에 얻은 첫 자식이었으니 눈에 넣어도 아프지 않은 금지옥엽이었다. 5대 독자 집안의 첫째로 태어났고, 밑으로 남동생들이 줄줄이 생겼다. 복덩이처럼 귀한 첫딸이 바로 김원주, 일엽스님이다. (-32-)'나는...+ 더보기",5,2024-10-14
347974940,꼭꼭 묻어둔 이야기,15947136,늘술,"일제 강점기 우리는 많은 지식인의 이름을 알고 있다. 그들은 나라 잃은 한민족의 암흑기에 등불과도 같은 존재였다. 일본 총독부는 1919년 기미독립 만세혁명을 기점으로 이른바 '문화 정치'를 실시한다. 이로부터 많은 일본 유학생들이 배출된다. 선진 유럽의 문물을 일본을 통해 배우는 셈이다. 그러나 나라 잃은 민족으로서 어쩌랴. 1910년 이후 많은 사람들은 만주나 간도로 이주를 가고, 독립 무장 투쟁에 참여한다. 하지만 이에 합류하지 못한 지주 집안이나 조금 넉넉한 집은 자녀를 유학을 보내는 데 뜻을 둔다. 자녀를 교육시켜야 한다는...+ 더보기",5,2024-10-24
347974940,꼭꼭 묻어둔 이야기,15955031,김영혁,"-제목 : 꼭꼭 묻어둔 이야기-글쓴이 : 월송, 조민기-업체명 : 민족사-후기내용 :  ​일엽스님은 인생이 상당히 파란만장한 것으로 알고 있다5남 1녀 중에 맏 외동딸로 태어났는데결국에는 부모와 밑에 동생 셋이 다 죽고 혼자 외톨이가 되는 기구한 운명을 살게 된다​결혼부터 이혼, 연애, 재혼, 그리고 스님이 된 여정까지자유로운 생각의 사관을 가진 일엽스님은 한편으로는 자존심, 명예, 실리를 따지기보다는 자신을 스스로 버릴 줄 아는 상당히 대범하면서 낙천적인 성격의 소유자로서 한국 비구니로서 여승으로서 대단한 업적을...+ 더보기",5,2024-10-28
347974940,꼭꼭 묻어둔 이야기,15912496,소나무,"이 책은 저자인 월송스님이 스승 일엽스님의 지금까지 꼭꼭 묻어둔 이야기를 써놓은 것이다. 우리나라 비구니의 어려운 시절 이야기이기도 하다. 여성 최초라는 것도 들어가 있고 비구니 스님들의 사생활도 조심스럽게 포함되어 있다. 일엽스님의 일대기와 속세의 이야기들도 포함되어 있다. 제자들이 옆에서 보고 들은 스승의 여러 가지 모습을 그린 책이다. 새롭게 시작하고 없었던 것을 새로 시작한다는 것 자체가 의미가 있는 일이지만 그 과정은 정말 어려움의 연속이었다. 특히, 불교계 비구들의 이야기가 주를 이루는 불교 관련 서적들이 즐비한 가운데 ...+ 더보기",5,2024-10-10
5971346,예수 묵상 365,4672215,낭만인생,"로이든 존스가 극찬한 성공회 감동의 365묵상집, 죄와 인생의 본질을 통찰한다.",4,2011-03-28
332628,"일상, 하나님의 신비",408295,spark,"'세렌디피티'(serendipity)라는 말이 있다. The Three Princes of serendip이라는 인도의 옛 이야기에서 유래된 말로, '예기치 못한 귀한 것을 우연히 발견하는 기쁨' 혹은 '뜻밖의 깨달음'을 뜻한다. 호주의 차세대 리더로 주목받는 Morling 신학대학의 교수 마이클 프로스트 (Michael Frost)가 지은, '일상, 하나님의 신비' (IVP) 라는 책은 많은 이에게 이러한 Serendipity가 될 수 있을 듯 싶다.

신실한 그리스도인들의 관심사 중 하나는, 평범한 일상 속에서 하나님의 손길...+ 더보기",5,2003-06-07
332628,"일상, 하나님의 신비",330303,예은맘,"이 책에 대한 기대가 참 컸었다. 많은 광고속에서 이 책을 보았고, 또한 책 표지가 참 마음에 들었었기 때문이다. 이 책은 영성에 관한 책이라고 겉표지에 설명이 되어 있지만, 내가 기대했던 것과는 좀 다른 부분이 있었다. 우선, 이 책을 읽기전 영성에 관한 책으로, 리처드 포스터의 책을 읽어보았는데, 이 책에 비해, 리처드 포스터의 영성에 관한 책은 영성에 대해 <구체적인 실천>을 일목요연하게 설명해두어서, 개인적으로 많은 도움을 받았었다. 반면, 이 책은 그러한 <실천>보다도, 아주 <이론적>이며,...+ 더보기",3,2002-10-18
332628,"일상, 하나님의 신비",1024874,가난한심령,"하나님의 임재에 대해 무감각할 때 삶은 참으로 무료해지고 불평도 많아지는 것같아요! 매일의 쳇바퀴 도는 듯한 모습에서 ""일상""이라는 제목의 현대인의 삶을 나타내보인 미술품을 본 적이 있습니다. 우리가 흔히 오해하게 되는 사실이 삶과 신앙의 분리라는 것이 아닐까요? 물 속에 물고기의 간지러운 몸놀림에서, 메마른 강바닥에서, 뛰노는 햇살 가운데에서도 하나님을 볼 수 있습니까? 바쁜데 그런 신선놀음 하고 있을 시간이 어디있냐고 반문할 수도 있겠지만 하나님이 지으신 아름다운 작품들과 그 속에 흐르는 그 분의 음성을 깨닫지 못한다면 정말 우...+ 더보기",4,2006-12-23
332628,"일상, 하나님의 신비",419219,shimtong,"많은 그리스도인들이 자신들의 삶에서 대부분의 시간을 차지하고 있는 시간, 즉 일상을 소홀히 여기는 것이 사실이다. 이른바 거룩한 시간이라고 할 수 있는 예배나 기도 등에 비해서 저급한 것 또는 무의미한 것으로 생각해서 그 시간들을 어떤 의미에서 낭비하고 있는 것이다. 그러다보니 자신이 일하는 직장이나 만나는 사람들에 대해서도 최선을 다하지 못하는 일도 생기게 된다. 이 책은 이렇게 소홀히 다루어지는 일상에 대해서 다루고 있다. 그러나 구체적으로 직장에서, 가정에서 어떻게 살아야한다는 식의 권면이나 도전을 주기보다는 우리가 잊고 있는...+ 더보기",3,2004-02-12
12953484,의존 관계의 위험과 극복,9421194,온기,"현대인의 심각한 마음의 병, 의존 관계.크리스천이라면, 꼭 읽어볼 책.",5,2017-06-27
11589647,성녀 소화 데레사 자서전,15585807,에디터D,"​소화 데레사 성녀의 자서전을 읽으면 처음에는 성녀의 부모님 이야기가 등장한다. 아버지와 어머니 모두 수도자를 꿈꾸었으나 각각의 다른 이유로 수도사가 될 순 없었다. 이부분을 두고 책에서는 '부모 중 한 분이라도 '자신의 마음의 소리'를 따라갔다면,'(14쪽)이라고 표현하여 책을 읽는 내내 '내 마음의 소리'와 '주님의 뜻'을 상기시켰던 것 같다. 아마 이 세상에 마음을 둔 사람에게는 '자신의 마음의 소리'를 따르는 것이 마땅한 이야기 일 것이다. 수도사 생활을 하는 것도 하느님께서 허락하시지 않으면 우리의 인내와 노력만으로는 불가...+ 더보기",5,2024-06-02
11589647,성녀 소화 데레사 자서전,15502403,allen135,"이 도서는 [성녀 소화 데레사 자서전]을 선택해 읽게 되었다.이 도서를 선택하게 된 이유는 20년도에 캐스리더스로 활동할 때 읽었던 도서 중 [루이와 젤리]라는 책을 읽었던 적이 있었기 때문이다.이 책의 주인공인 두사람은 데레사 성녀의 부모님으로 무척 귀감이 되는 모습을 보고 감동을 받았었다.그 기억으로 데레사 성녀의 자서전을 읽게 된 이유였다.그렇게 읽게된 자서전을 보니 애틋하고, 사랑스러운 소화 데레사 성녀의 모습이 정말 대단하다고 느꼈다.올곧게 한 곳만 바라보며, 온 삶을 사람으로 꽉채워 하느님께 투신한 모습에 큰 감명을 받았...+ 더보기",5,2024-04-30
11589647,성녀 소화 데레사 자서전,15505365,bogoomi,"#살아있는복음#보금의기쁨#보금자리영성#성녀소화데레사자서전p.291주님께서 저를 인도해 주신 길은 항상 얼마나 인자한 길이었는지요. 제게 어떤 바람을 품게 하시면, 언제나 그것을 꼭 이루어 주셨습니다. 그래서 그분의 쓰디쓴 잔도 제계는 달게 느껴졌습니다.🙋‍♀️ 저의 성소는 사랑입니다. 라고 말한 성녀 소화데레사. 그 말 자체가 의미있기 때문에 영성 안에 사랑에 스며 있으리라 생각했다. 좋은 기회에 읽게된 성녀 소화데레사의 자서전은 삶 안에서 주님이 함께하심이 어떤 것인지를 보여주는 책이었다. 부르심에 응답하고 그것을 행복으로 여기...+ 더보기",5,2024-04-30
32000826,신은 낙원에 머물지 않는다,6664006,낭만인생,"한국교회가 잃어버린 예수는 어디 있는가?단언컨대 한국교회는 예수를 잃어 버린 것이 분명하다. 교리에 대한 관심은 지대하지만 교리의 본질이신 예수는 잃어 버렸다. 그가 무엇을 말을 했고, 어떻게 살았는지 생각지 않는다. 비극이다. 예수를 잃어버린 결과는 비참하다. 부와 권력을 손에 잡고 건축에 수천억을 쏟아 붓지만, 예수가 찾아갔던 소외된 사람들에 대한 관심은 없다. 이것이 비극이 아니고 무엇일까. 그래서 한 권의 책을 추천한다. 영어 원제는 Quest for the Living God로...+ 더보기",5,2013-10-29
2769164,내가 누구인가라는 가장 깊고 오랜 질문에 관하여,2465190,서향,우리가 살아가면서 가장 많이 하는 질문중에 하나가 내가 누구인가? 과연 나는 누구인가? 물론 그 해답을 찾은 이는 해탈의 경지에 올라갔을 것이고 수많은 이들이 아직도 그 해답을 찾기 위해서 지금도 스스로에게 그 질문을 던지고 있을 것이다. 이 책은 명상과도 같은 책이다. 필자인 샤콩 마팜은 테벳불교의 한 종파인 명상을 위주로 하는 닝마파와 카규파의 계보를 잇고 있는 샴발라불교의 수장같은 사람이다. 우선 티벳하면 제일먼저 떠오르는 사람이 윤회를 거듭하는 달라이라마가 생각난다. 샤콩이라는 개념 또한 달라이라마와 같이 윤회를 하는 전통의...+ 더보기,4,2008-12-18
2769164,내가 누구인가라는 가장 깊고 오랜 질문에 관하여,2479962,일열,"사람들은 요즘 살기 힘들다고 한다. 하지만 따지고 보면 언제는 살기 좋다고 외쳤나 하는 생각이 든다. 돈이 궁하다는 것 말고 다른 때와 다른 게 뭐가 있는지 잘 이해가 안 되고, 자본주의가 시작된 이래, 세상사람 누구도 돈이 풍부했다고 느꼈던 시절은 없었을 것같기 때문이다. 부자들은 부자대로 돈이 더 많은 부자를 보며 가난하다고 생각했을 것이고, 돈 천 만 원이라도 안정되게 들어오는 사람들은 돈 오천만원을 버는 사람 보면서 자신은 불행하다고 느꼈을 테니까 말이다. 단지 요즘은 몇 년 전보다 돈 벌 방법이 별로 없다는...+ 더보기",5,2008-12-25
2769164,내가 누구인가라는 가장 깊고 오랜 질문에 관하여,2497532,은결,"나는 누구인가,

내가 살아오면서 가장 많이 고민했던 질문이고

힘들어했던 질문이다.

그런데, 그 질문을

깔끔한 표지와 함께 그렇게 긴 제목으로 책이 나온거다.

[내가 누구인가라는 가장 깊고 오랜 질문에 관하여]

 

이 책의 결론부터 이야기 하자면

'나'라는 것은 관념일 뿐 '나'는 없다는 것이다.

그러므로 나에 얽매이지 않고 자유로울 수 있을 때

세상을 다 가질 수 있을 것이라는 것.

 

그리고 그렇게 자유로워지기 위해서는

하루에 몇분이라도 명상을...+ 더보기",5,2009-01-02
2769164,내가 누구인가라는 가장 깊고 오랜 질문에 관하여,2854864,글샘,"이런 종교적 언술에, 뭥미?하는 눈길을 보낸 영화가 '밀양'이 아닐까 한다.
아이를 죽인 살인마가 회개하고 천국가려는 치사한 꼬락서니를 보고는 눈이 뒤집힌 엄마가 들려준 음악, 거짓말이야, 거짓말이야, 거짓말이야...  
그러나, 또한 이런 책들을 읽노라면 옳고, 또 옳다. 
'나'와 세상의 많은 집합체들을 결합하고 혼동하는 순간, 집착과 두려움과 오만함이 생겨난다.
그 누구도 '나'를 버릴 수는 없는 노릇이다.
'나를 버린 순간' 나는 '보석'이 되고, 부처가 된다.
그 일은 불가능하다. 영원...+ 더보기",5,2009-05-20
2769164,내가 누구인가라는 가장 깊고 오랜 질문에 관하여,2476964,조약돌,"내가 누구인가라는 가장 깊고 오랜, 질문에 관하여

책 제목처럼 사람은 한 번쯤 자신이 누구인지 심각하게 고민을 하게 된다. 중고등학교때 배운 도덕책에서는 이런 고민을 자아성찰이고, 이런 과정을 통해 자아발견을 한다고 한다. 하지만 내가 생각했을 때는 결국 아무도 자아를 발견하지 못한다고 본다. 단지 그런 고민은 의미없게 느껴지고 현실에 발맞추어 살아가는 것이 바쁘게 느껴질 뿐이다.

샤쿙미팜은 특이한 이름만큼 보통사람들, 즉 도시에 사는 사람들과는 다른 삶을 살아왔다. 그리고 살아가고 있다. 그는 자신이 본 세상에서 많은 ...+ 더보기",2,2008-12-23
2769164,내가 누구인가라는 가장 깊고 오랜 질문에 관하여,2554299,수달,"내가 누구인가 ?

답이 있을까? 답이 있다면 그 답을 찾는데 까지는 꽤나 오랜시간이 걸릴 것 같은 질문.

 

사실  제목을 보고 마음에 들어서 신청을 했지만 막상 책을 받자

저 책 표지에 나와있는 드넓은 대지위에 홀로 남겨진 것 처럼 책속에서 나 홀로 해맨듯한 기분도 든다.

책 속의 한구절 한구절의 문장은 이해가 되었지만 전체적으로 받아 들이자니 뭔가 어려움이 있었던게 사실이다.

그러하기에 이 책은 꽤나 몇번이고 읽고 싶은 책이 되었다.

 

나, 나라는 것이 사실...+ 더보기",4,2009-01-28
2769164,내가 누구인가라는 가장 깊고 오랜 질문에 관하여,3091653,지젤,"이 책의 저자 사쿙 미팜 린포체는 1962년 인도에서 태어나 살아 있는 샴발라 불교 전통의 수호자로써, 착한 본심을 강조하고 그의 가족을 통해 전승되고 있는 묵포 일가의 수행 정신을 발전시키고 있는 비드야다라 초걈 트룽파 린포체의 법맥을 잇는 계승자이다. 
            
            
            명상서적은 거의 처음 접해본다고 해도 과언이 아닌 나로써는 과연 이 책이 나를 되돌아 볼 수 있는 시간과 마음을 가져다 줄 수 ...+ 더보기",4,2009-09-11
2769164,내가 누구인가라는 가장 깊고 오랜 질문에 관하여,2464792,노박사,"「내가 누구인가라는 가장 깊고 오랜, 질문에 관하여」를 읽고 


인생의 참 주인을 찾아가는 깨달음의 길을 제시해주는 이 책은 정말 자신을 진지하게 생각해볼 수 있는 기회는 물론이고 앞으로 살아가야 할 방향까지를 안내해주는 근래 보기 드문 마음에 와 닿은 책이었다. 이 세상에 오직 단 하나뿐인 ‘나’라는 세상을 찾아서 그 삶을 지배함으로서 진정한 주인이 될 수 있다는 핵심 주제로 우리 시대의 비전이고, 티베트 불교의 정수 샴발라 왕국 후계자이면 신성인 샤콩 미팜이 전하는 귀한 인생수업인 것이다. 


세상...+ 더보기",5,2008-12-18
20406050,자현 스님의 조금 특별한 불교 이야기,7153143,duri2023,불교를 이해하려면 먼저 불교사를 읽어보는 것이 지름길인 것 같다. 저자의 독특한 목차구성과 혜안 그리고 읽기쉬운 점이 돋보이는 책이다. 불교에 대한 전체적인 개요를 파악하고 경전 하나하나를 읽어나갈 계획이다.강추!,5,2014-09-26
20406050,자현 스님의 조금 특별한 불교 이야기,6147326,狂人,"다작으로 유명한 자현스님의 이 책은 읽기에 부담없는 분량으로 값도 싸고 간단히 잘 설명되어 있다. 현대인에게 적당한 다양한 비유로 불교를 쉽게 설명하고 있어 불교를 전혀 모르는 초학자나 초신자에게 권할 만 하다. 
다만 몇 가지 티를 굳이 말하자면 책 전반에 걸쳐 보수와 진보의 틀로 설명을 한 경우가 많은데 특히 석가모니부처님의 대제자 마하가섭과 아난을 보수와 진보의 대표자로 설명한 부분에서 읽는 이들이 오늘날 우리 한국사회의 대립적이며 심지어 적대하는 보수와 진보로 이해할까봐...+ 더보기",3,2013-02-09
2486055,생명없는 종교생활에서 벗어나라,10133250,최고최고최고,종교생활을 해야하는 것이 아니라 복음(예수가 그리스도) 신앙생활을 해야 함을 알았습니다. 감사합니다.,5,2018-06-05
2486055,생명없는 종교생활에서 벗어나라,2284368,youn,"무엇을 벗어나라고 말하려는걸까..
제목에서 나타나듯 생명이 없는 종교생활은 또 뭘까...
책장을 넘기면서 하나하나 선명하게 발견되어지는 것들,
촛점없이 방황하는 나의 신앙생활에 친절하고 따뜻하게,
그리고 분명하게 하나님의 사랑과 계획을 깨닫게 해준다.
내가 정말로 하나님의 자녀로 선택받고 축복 안에 들어왔구나!
그것을 깨닫는것은 긴 시간이나 어려운 방법이 아니라, 내가 일하고 있는
그 삶의 현장 가운데서 잠시 1분만이라도 하나님의 계획을 보게 해달라고
기도만 하면 되는 거다.
점을 치러 다녀도 해결되지 않던...+ 더보기",5,2008-09-05
2486055,생명없는 종교생활에서 벗어나라,2345690,비기너,'생명없는 종교생활에서 벗어나라'이 책을 친구의 선물을 받았는데 첫 느낌에 생명이라는 단어와 종교라는 단어가 끌려서 읽게 되었습니다. 읽고나서 참 많이 회개 하였는데 그것은 난 참 생명에 대한 감각이 없었구나와 시간이 흐를 수록 종교생활에 나도 모르게 찌들려서 기도응답이니 전도니 이런 것들이 나와는 전혀 상관이 없는 모습으로 살고 있었음을 알게 되었습니다. 오랜 종교생활에서 나를 끌어 내어준 책 이책을 많은 사람들이 읽었으면 좋겠다는 생각을 합니다.,5,2008-10-11
2486055,생명없는 종교생활에서 벗어나라,2783911,jhs,"여러가지 갈등이 있을 때마다 다시 읽게되는 책이다.  
나의 신앙생활의 좋은 동반자인 책이다. 
신앙생활을 하면서 풀리지 않는 여러가지들을 부딪칠때마다 가장 성경적이고 복음적인 답을 찾게 하신 책이다.  이 책을 만나게 하신 주님께 감사와 영광을 ... 
신앙생활을 하면 할수록 기초.기본이 가장 중요하다는 생각을 하게된다. 
이 책은 기초와 기본에서 시작하여 가장 최고 최상의 신앙생활을 인도해 주는 것이라 생각한다. 
감사하다.",5,2009-04-14
2486055,생명없는 종교생활에서 벗어나라,2350066,lim2548,잘은 모르겠지만 성경에 대해서 잘 설명이 되어있어서 좋네요. 보통 기독교 책이라고 해도 거의 세상얘기만 하고 세상 방법대로 하고....이책은 좀 어려운거 같기도 한데...깊은 생각을 하게끔 만드는 그런 책이네요.. 좀 생각하시면서 고민하시면서 신앙생활 하시는 분들에게 추천합니다. 재미로 보기에는 좀 그럴수도 있구요^^,3,2008-10-14
2486055,생명없는 종교생활에서 벗어나라,2354630,에버그린,"신앙생활이 또 하나의 인생이 짐이 되시는 분들께 이 책을 추천합니다.
제 신앙을 돌아보게 되고
진정한 신앙생활이 무엇인지
그리도 성도의 축복이 얼마나 크고 비밀한 것인지
깨닫게 해주는
참 소중한 책 이었습니다.",5,2008-10-16
2486055,생명없는 종교생활에서 벗어나라,2347410,darak2010,"모태신앙으로 자라나 그리스도인이라고는 불려졌지만 나의 삶 속에서 기도응답이 되어지지 않고 전도가 가장 어렵다고 느낄때....
종교생활과 신앙생활의 차이도 모르고 살고 있을때...  
목사님의 메시지와 책을 통해서 구원의 확신과 함께 기도, 전도가 되어지는 참 행복한 응답을 받았습니다. 

이 책의 내용은 
특별한 초대_영접, 
영원한 생명_구원, 
하나님이 주신 힘_권세, 
하나님과 통하는 열쇠_기도, 
영혼을 향한 애절함_전도, 
누림이 있는 인생_삶과 전도’로 
인생이 직면한 만 가지 문제의...+ 더보기",5,2008-10-12
2486055,생명없는 종교생활에서 벗어나라,2347011,빛나리,"복음이 너무 소중하기에 다른 것과 바꿀 수 없다는 것을 알게 되었고, 이 복음이 나를 통해서 다른 사람에게 전달될 때 또한 너무 소중한 복음이 된다는 사실을 알게 되었어요. 지금도 복음이 없이 살 수 있다는 사람들에게 꼭 필요한 책으로 추천을 하고 싶네요 그리고 한국 교회가 세상에 조롱거리가 되고 있는 이 시대에 조롱하는 그 사람들에게 보내는 주님의 희망 메시지라고 생각이 됩니다. 부디 복음을 몰라 열심히 봉사 헌신하고 있는 분들이 일고 깨달았으면 좋겠어요",5,2008-10-12
2486055,생명없는 종교생활에서 벗어나라,2346854,missionyouth,우연히 친구의 소개로 읽은 책인데 이 책을 읽고나서 많은 신앙의 오해들을 풀게 되었다. 세상에서 가장 어려운게 전도인줄 알았는데 이 책을 읽고서는 가장 쉬운 것이 전도임을 알게 되었다.종교생활에서만 빠져 나오면 전도는 가만히 있어도 된다니..참 첨 듣는 말이지만 충격이 되는 말이고 또 믿음의 확신을 가지게 된다. 이제는 전도라는 날개를 달고 날아 다니면서 복음을 전할 전도자로 쓰임받을 모습을 그려본다.,5,2008-10-12
2486055,생명없는 종교생활에서 벗어나라,2352891,zip17,"그동안 왜 내가 갈등하고 살았는지 알것같다..
너무 힘들게 방황하고..
교회만 열심히 다니면 되는 줄 알았는데..
정말 이책을 읽으면서 그런 문제에서 해방되는 듯한..
너무 감사하다..",5,2008-10-15
2486055,생명없는 종교생활에서 벗어나라,2353952,arommyda,"너무나 값진 선물과 같은 책입니다

 

문제가 있다면 답이 있듯 인생의 답을 

 

얻고 싶다면 꼭 읽어 보시길 바랍니다.

 

마음이 시원해짐을 느끼게 되실 것 입니다.^^",5,2008-10-16
2486055,생명없는 종교생활에서 벗어나라,2353988,rlfrlftns,"천주교 15년, 교회 13년을 죽어라 다녔지만 얻지 못했던 진정한 해답을 얻었습니다.

이 책을 만나게 하신 하나님께 감사드립니다.

이 세상 모든 분들께 자랑하고 싶은 책입니다.",3,2008-10-16
2486055,생명없는 종교생활에서 벗어나라,2354019,wjsdudah,"이 책을 읽고 감사를 회복할 수 있었다.

내게 주신 생명 감사함으로 받고 누리는 삶이 되길 기도한다.",5,2008-10-16
2486055,생명없는 종교생활에서 벗어나라,2363177,RTrt,"생명없는 종교생활에서
생명있는 복음생활을 누릴수 있도록 많은 것을 깨닫게 해준책입니다.^^",5,2008-10-21
2486055,생명없는 종교생활에서 벗어나라,2369035,k2m16,"이 책을 통해서 종교가 아닌 오직 복음 종교생활이 아닌 생명있는 생활 
자신의 삶 속에서 복음만을 풍요롭게 누리는 시간이 될것입니다",2,2008-10-25
8302423,주 예수 그리스도,7495283,Desiderius,이 책은 두터운 분량에 비해서 매우 단순한 명제를 가지고 있다. 출판사 소개글이나 여러 학자들의 추천사에 구체적으로 언급된 것처럼 1913년에 출간된 Wilhelm Bousset의 <Kyrios Christos>의 명제를 반박하는 책이다. Bousset는 소위 종교사학파(Religionsgeschichtliche Schule)의 일원으로 그의 주장은 Jesus Devotion(예수 경배/헌신/섬김)이 이레나이우스를 거쳐서 2세기 말부터 시작되었다는 것이다. Larry Hurtado는 이 주장에 반박하며 Jesus Devo...+ 더보기,4,2015-04-26
386472472,예수님 십자가 고난과 부활의 여정,17150475,노란가방,"책 제목에 “여정”이라는 표현이 붙어 있긴 하지만, 사실 책에서 다루고 있는 기간은 그리 길지 않다. 흔히 말하는 공생애의 마지막 한 주간(고난주간)과 부활로 마무리 되는 짧은 기간의 사건들을 복음서를 중심으로 정리한 책이다(페이지도 꽤 적다).총 여덟 개의 장으로 구성되어 있는데, 각 장마다 하루 동안의 일정을 담고 있다. 저자의 간략한 설명이 덧붙여져 있기는 하지만, 신학적인 논의로 깊이 들어가는 않고, 대체로 복음서의 기록을 이어붙이거나 연결해 설명하는 방식으로 글이 진행된다.고난주간(과 부활주일)에 하루 한 씩 읽으며 묵상하...+ 더보기",3,2026-03-14
136815762,바울,9994061,이의성,"오래간만이었다. 그간 나름 읽기 편하고 쉬운 에세이나 자기개발서, 혹은 소설 류들에 치중한 독서를 해왔더라면 이번 '바울, 그의 생애와 사역'은 완독하기까지 결코 쉽지 않았음을 먼저 고백하는 바이다. 두터운 책의 두께도 두께거니와 요즘 책 같지 않은 깨알같은 글씨까지 더해진 탓에 완독에 이르기까지 적지 않은 시간이 걸렸다. 크리스찬이 아니라면, 혹은 바울의 생애 전반에 대한 아주 강렬한 호기심이 있는 사람이 아니라면, 이 책을 선택하게 되기까지가 그 자체만으로도 쉽지 않은 여정이지 않았을까.성경보다는 그래도 좀 더 쉽게 그의 일생을...+ 더보기",4,2018-03-30
136815762,바울,9987163,빙혈,"사도
 바울은, 조직적인 교단으로서 기독교가 원활히 기능하는 데에 초석을 놓은 행정가였고, ""서신""을 통해 교리 원형의 기반을 닦은 
""신학자""였으며, 불 같은 정열로 지중해 세계 곳곳을 누비고 다닌 활동가였고, 마음에 티끌만큼도 신앙에의 동요가 없었던 성스러운 
사도였습니다. 예수 그리스도 생전에 
직접 조우한 바 없음에도 불구하고, 그는 자신 앞에 홀연히 나타나 눈 앞의 비늘을 떨구어 준 그 성스러운 체험을 잊지 못 해 
모두와 함께 진리를 공유하기 위해 일생을 헌신했습니다. 이전 그의 행적을 보면 ""믿음에의 길""과는 ...+ 더보기",5,2018-03-27
136815762,바울,9992062,신의딸,"""기독교는 디아스포라의 땅이 아니라 이스라엘 땅에서 유대 공동체 내부에서 하나의 운동으로 일어났다. 이 운동의 창시자는 한 유대인이었고, 그의 제자들도 유대인이었다. 제자들은 그의 선생이 떠나간 후 수년 동안 오직 자기들에게 맡겨진 복음을 유대인들에게만 전하였다. 그런데도 그들의 선생이 죽은 후 채 한 세대도 지나지 않아서 로마 제국 당국자들은 기독교를 큰 세력을 가진 이방 제의로 인정했""다(29). 이 중심에 바울이 있습니다. ""예수, 그는 누구인가?"" 예수를 진정으로 알기 원한다면 우리는 성경을 통해 예수를 만나야 하는데, 바울...+ 더보기",5,2018-03-29
136815762,바울,9991353,숨비북,"근본적인 기독교 사상과 교리의 뼈대를 세워나간 인물로 사도 바울은 2천년 기독교 역사 가운데 빼놓을 수 없는 가장 중요한 인물이며 그가 기록한 13권의 신약성경은 복음의 진수를 담고 있는 로마서를 비롯하여 신학적으로나 역사적, 그리고 문학적 가치로 볼 때 값을 매길 수 없는 보물과 같은 저작들이다.이러한 기독교 사상사에 그 출발을 알린 사도 바울의 생애와 사역에 대한 상세하고 풍부한 가르침으로 가득한 본서가 이번에 CH북스를 통해서 새롭게 옷을 갈아입고 개정판으로 독자들을 찾게 되었다는 ...+ 더보기",5,2018-03-29
136815762,바울,9994888,aprudent,"바울 그의 생애와 
사역F.F.브루스 지음, 박문재 옮김CH북스 (크리스천다이제스트)










주일학교 아이들과 함께 사도행전을 읽고 있다.사도행전은 바울이 쓴 글은 아니지만바울이 
예수님을 만나고 사울에서 바울이 되고나서전도여행을 다니며 쓴 이야기들이 많이 나온다.또한, 신약성경중 많은 서신서들이 
바울에 의해 쓰여진 것을 보며이 책을 통해 이해의 폭이 넓어지길 바라는 마음으로 읽어보게 되었다.이전까지는 서신서인 
갈라디아서, 고린도전후서, 로마서 등을 보면서이 글들을 '헬라 문화의 걸작'이라는...+ 더보기",5,2018-03-30
362205576,티베트불교 반야심경 강해,16430327,퀸워니,"부처님 가르침을 자의적으로 해석하는 난법 시대.언제부터 불교의 공성이 참나의 아트만으로 윤색되었는지 모르겠다. 스스로 한 소식 했다며 하는 누군가의 강의가 불교의 공성을 힌두교의 아트만과 동일하게 보는 지경이다.훼불은 과거 시대만 일어나는 것이 아니라 불교라고 입에 담는 오늘 날의 누군가로부터도 일어나고 있다.그럴수록 헷갈리지 않는 바른 가르침이 필요한 시대가 되었다.이 책은 공성을 포함해서 불교의 여러 깨달음의 단계를 설명하고 있다.대승의 관점을 중심으로 통불교적인 설명을 해준다. 쉬운 부분도 있고, 익숙하지 않은 용어와 어려운 ...+ 더보기",5,2025-05-05
362205576,티베트불교 반야심경 강해,16411115,gudrl32,초기와 대승사이 어디쯤 갤룩은 참나의 존재를 애써 무시하는 그런파다 그렇기때문에 진전이 없고 부처가없다,3,2025-04-28
345847617,광우 스님이 들려주는 기도 가피 이야기,15861063,LilacWine,"9월의 서평 도서
‘기도가피이야기’라는 제목이 궁금증을 불러왔다. 불교와 거리가 먼 집안 분위기로 매월 불교에 대해 하나씩 알아가는 기분이다. 교회에서 기도는 많이 해봤는데, 불교의 기도법문은 또 어떤 느낌일지… ‘불보살님은 간절한 기도에 분명 응답한다’는 ...+ 더보기",5,2024-09-19
345847617,광우 스님이 들려주는 기도 가피 이야기,16064808,우비소녀,"간혹 윤회와 관련된 이야기를 하면 더러 불교는 숙명론이냐고 물으시는 분들이 있습니다. 제 대답은 '아니요'입니다. 불교는 운명이 정해져 있다는 생각을 거부합니다. 지금까지 이야기를 통해 보았듯, 부처님께서 전생의 업보에 대해 강조하시고, 또 지금 당장 조금이라도 더 복을 지으라고 말씀하신 건 내 삶은 결국 내가 만들어 가는 것임을 가르쳐 주고자 하셨던 것입니다.8%​​ 불교의 가르침을 요약하면 결국 '마음을 잘 써라.'라고 할 수 있습니다. 옛날부터 여러 큰스님들이 한결같이 말씀하신 것도 바로 이것입니다. ​ 달마 대사께서 이렇게...+ 더보기",5,2024-12-11
345847617,광우 스님이 들려주는 기도 가피 이야기,15894219,jinalov,"@bkbooks79#광우스님이들려주는기도가피이야기#광우스님 #기도가피이야기 #btn소나무#불교 #수행 #기도 #108배 #사경 #염불#불광출판사서포터즈빛무리 #서평#책스타그램 #북스타그램​어쩌다 보는 불교방송의 소나무란 프로에서 광우스님을 처음 접했었는데, 아이 같은 미소에 장난끼가 잔뜩 묻어나는 표정으로 거침없이 이야기를 펼치던 모습이 참 기억에 남았었다. 이번에 읽은 책이 광우스님의 ""기도 가피 이야기"" 처음엔 암암리 전해지고 있는 불교설화에 대해 모아 놓은 책인가 하고 읽기 시작했는데, 어느 순간부터 우리가 일상에서 접할 수 ...+ 더보기",5,2024-10-01
345847617,광우 스님이 들려주는 기도 가피 이야기,15887793,배윤정,"🐣 나는냐 병아리세상에 나온 사람은 모두 다 병아리인게 아닐까, 하고 엉뚱한 생각을 해본다. 응애에요. 뭐 이런 밈처럼 세상이 처음이고 모든게 새롭고, 지루하고 지치고 고루하고 매일이 똑같은 거 같아도 사실 들여다보면 모두 다르다.기도도 그렇다.제각기 종교마다 기도가 있고, 그런가 보다 했는데 이렇게 들여기보면 새롭고 저렇게 들여다보면 또 처음 보는 것이다. 종교간의 차이뿐 아니라 기도란게 본래 계속 새로운 걸지도 모르겠다. 그동안 고루하게 생각해봐서 똑같아 보였던 거지.<광우 스님이 들려주는 기도 가피 이야기>에는 마...+ 더보기",5,2024-09-30
345847617,광우 스님이 들려주는 기도 가피 이야기,15891697,소나무,"할머니  할아버지 품에서 듣던 이야기가 떠오르는 <광우 스님이 들려주는 기도 가피 이야기>가피加皮는 부처나 보살이 기도를 통해서 중생에게 힘을 주는 일을 의미한다고 한다. <광우 스님이 들려주는 기도 가피 이야기>는 제목 그대로, 중생의 눈높이에 맞는 방식으로 그들에게 기도를 통해 힘을 줄 수 있는 다양한 이야기를 전한다. 광우 스님의 다정한 어체로 줄지어  기도 가피 이야기해주는 것은 마치 구전 설화를 읽는 것 같았다. 옛날에 할머니 할아버지가 해주시는 이야기를 들으면 긍정적인 교훈과 반면 ...+ 더보기",5,2024-09-30
345847617,광우 스님이 들려주는 기도 가피 이야기,15867972,쥬카,"광우 스님의 기도 가피 이야기는 삶의 어려움을 기도와 절을 통해 극복할 수 있다는 희망의 메시지를 전하는 책이다. 최근 과중한 업무와 끊임없이 타인에게 힘을 주어야 하는 상담 일로 인해 육체적, 정신적으로 지친 나에게 이 책은 큰 위안과 깨달음을 주었다. 광우 스님의 따뜻하고 통찰력 있는 법문과 다양한 영험담들은 기도의 힘을 새롭게 일깨워주었고, 마음을 다스리는 지혜를 얻게 해주었다. 특히 '노는 입에 염불하라'는 가르침은 일상 속 작은 실천의 중요성을 깨닫게 해주었다. 이 책을 통해 나는 앞으로 매일 조금씩이라도 기도와 절을 실천...+ 더보기",5,2024-09-22
345847617,광우 스님이 들려주는 기도 가피 이야기,15887355,처피,"BTN 불교 TV 인기프로그램 소나무의 주인공 광우스님의 <기도 가피 이야기>이 책은 기도가 낯설고 어색한 이들에게는 수행의 첫걸음을 쉽게 뗄수 있도록 인도해주고기도가 어려운 이들에게는 수행의 일상화와 지속적 습관화를 이끌어주는 내용으로 구성되어있다.1, 업과 운명, 2. 은혜와 원수로 엮인 인연의 이치, 3. 기도의 이유,4. 기도의 기적까지 총 4개 카테고리로 나뉘어져있으며 불자가 아닌 나 또한광우스님의 공감의 설법안에서 매료되고 공감되는 일상의 기도 이야기로 가득차있다.우리의 삶이란 전생의 복을 쓰면서 살아가는 여정...+ 더보기",4,2024-09-29
345847617,광우 스님이 들려주는 기도 가피 이야기,15890904,jandarc,"결국 우리에게 필요한 것은 바로 마음 공부입니다. 역경과 고비, 아픔과 상처를 극복하고, 나의 중심을 잡을 수 있는 것이 바로 마음 공부이지요.진정한 마음공부의 첫 걸음은 바로 보리심에서 시작됩니다. 이는 위로는 깨달음을 구하고, 아래로는 모든 중생을 제도하겠다는 거룩한 마음입니다. -364p      아버지가 돌아가시고 49재 첫 재를 지낸 9월 9일부터 해서 이 책을 읽기 시작했다. 49재의 5번째 재를 지낸 오늘(9/30)로 이 책을 다 읽었다. 마침 ‘광우 스님의 기도 가피 수행단’을 모집 중이...+ 더보기",4,2024-09-30
366119140,6·25 잊지 말아야 할 그때 그 역사,16541539,kbsbm94244,"6.25 전쟁 75주년을 맞이하여"" 6.25 잊지 말아야 할 그때 그 역사"" 귀한 책이 출간 되었다. 첫 장을 읽자 마자 가슴에 묵직한 감동이 몰려와 마지막 장까지 읽지 안을 수  없었다. 6.25에 대한 생생한 증언과 6. 25 상황 가운데 이 민족에 대한 하나님의 사랑과  섭리를 알게 하셨다. 적극 추천합니다.",5,2025-06-23
366119140,6·25 잊지 말아야 할 그때 그 역사,17269551,최초의악수,리박 뉴라이트 수준. 이런 책 읽을 바에는 만화책 본다,1,2026-05-11
274335420,매력적인 공동체,16546599,이승형,"마크 데버의 건강한 교회 시리즈는 두고 두고 볼만한 가치가 있다. 본 책은 건강한 교회의 9가지 원리가 적용된 건강한 교회, 매력적인 공동체의 모습을 보여주고 있다. 읽으면서 교회를 매력적인 공동체로 만들어가고 싶다는 열망이 생길 것이다.",5,2025-06-25
46735124,예수를 깊이 생각하라,8317015,에어,우리가 현실 세계에서 겪고 있는 이 무수한문제들을 어떻게 받아들여야할지 이 책에서해답을 찾을수 있습니다.주님의 가르침으로 행동하는 주님의 자녀가되도록 도움을 받았습니다.,5,2016-03-11
46735124,예수를 깊이 생각하라,8319443,그란테,예수님을 생각하는 것은 생활이고 습관이지만 때때로 제 신앙심이 흔들리고 믿음이 위태로워질 때가 있는데 그럴 때에 저의 마음을 단단히 붙들어줄 수 있는 책이네요. 주님의 사랑과 따뜻한 손길을 매일 새롭게 느낍니다.,5,2016-03-12
46735124,예수를 깊이 생각하라,11618811,줄라이썬샤인,이 글에는 스포일러가 포함되어 있습니다. 보시겠습니까?회색 영역을 클릭하면 내용을 확인할 수 있습니다.,5,2020-04-01
173285762,2026 바르게 해석하고 알기 쉽게 풀어 쓴 토정비결,12268481,youngjin.koo,토정비결은 음력으로 보는 거라고 합니다.,5,2021-01-01
173285762,2026 바르게 해석하고 알기 쉽게 풀어 쓴 토정비결,10621557,금주,2019년 운세를 보면 정말 좋는 시간을 가져 행복 했습니다,5,2019-01-20
173285762,2026 바르게 해석하고 알기 쉽게 풀어 쓴 토정비결,12500819,terius19,몸이 아프면 병원에 가듯이 마음이 공허 할 때는 토정비결이 마음의 병을 치유 하는 것 같네요,5,2021-03-28
173285762,2026 바르게 해석하고 알기 쉽게 풀어 쓴 토정비결,13006545,윤정희,운세도 찾기도 쉽게 설명도 보기 편하게 되어져 있어 좋아요 . 강추 ~,5,2021-10-09
173285762,2026 바르게 해석하고 알기 쉽게 풀어 쓴 토정비결,14323821,꿈가꿈,현대적 느낌과 고전미가 잘 어울려 칭찬하고 싶어,5,2023-02-04
173285762,2026 바르게 해석하고 알기 쉽게 풀어 쓴 토정비결,12268479,youngjin.koo,"토정비결을 어떻게 봐야 하는지 몰라 출판사에 전화를 했더니,  사장님이 직접전화를 받아 친절하게 대답해주어 주문 했습니다. 우선 토정비결은 음력으로 보는 거라고 합니다. 자신의 나이 태어난 월 , 일을 대입해서 괘를 찾으면 됩니다. 누구나 쉽게 찾아 볼 수가 있습니다.  그리고 한 권 사면 2040년 까지 볼 수 있어  천천히 년도 별로 찾아보면서 무엇을 주의해야 하는지,  언제 기회가 오는지 알 수 있어 많은 도움이 될 것 같습니다",5,2021-01-01
173285762,2026 바르게 해석하고 알기 쉽게 풀어 쓴 토정비결,12500816,terius19,"점 집에 가기에 무서워 친구와 같이 가기로 했는데 친구도 역시 같은 과 라, 토정비결을 사서 운세를 보기로 마음먹고 서점에 들러 샀습니다. 생각보다 보기 쉬워서 선택하는데 별 어려움이 없었습니다.  그리고 좋은 것은 2019년 운세가 귀인을 맞나 승진도 하고, 좋은 사람을 맞나 결혼도 한다고 합니다. 몸이 아프면 병원에 가듯이 마음이 공허 할 때는 토정비결이 마음의 병을 치유 하는 것 같네요",5,2021-03-28
173285762,2026 바르게 해석하고 알기 쉽게 풀어 쓴 토정비결,12130346,금주,"어머님이 무척 좋아햐셔요. 활자도 크고 글자 간격도 넓어 보기 좋아요.  집에 있는 옛날 토정비결은 세로쓰기와 한자와 병행 되어져 있어 읽는 중간에 어느 줄인지 놓쳐버릴 때가 있어는데, 가로쓰기로 되어져있어 정말 편해요. 그리고 한자보다는 한글로 이해하기 쉽게 해석이 되어져있어 읽기도 편하고,  가족들이 함께 모여 서로 2021년 운세를 보면 정말 좋는 시간을 가져 행복 했습니다. 저는 내년에 성적도 더 오르고, 원하는 좋은 학교에 갈 수 있다고 하네요 . 강추 합니다",5,2020-11-10
173285762,2026 바르게 해석하고 알기 쉽게 풀어 쓴 토정비결,14323828,꿈가꿈,"표지 디자인이 정말이뻐요 입금님 용상위의 일월곤륜도에 학을 넣어 십장생도 같은 느낌으로하고, 책 제목은 은박을 넣어 정말  고급 스럽고, 좋아요. 할아버지 할머니가 보는 토정비결이 아니라,  현대적 느낌과 고전미가 잘 어울려 칭찬하고 싶어요. 오래, 오래 소장하고 볼수 있을 것 같아요",5,2023-02-04
210172294,D. A. 카슨의 하나님의 사랑,15844944,노란가방,“하나님은 사랑이시다.” 모 대형교회가 벽에 써 붙이면서 더욱 유명해진 이 문구는 오늘날 많은 사람들이 좋아하는 내용을 담고 있는 것으로 오해된다. 당연히 하나님은 사랑이시다. 그분은 우리가 저지르는 모든 오류와 잘못을 언제나 용서할 준비가 되어 있는 분이다. 그러니 우리는 조금은 더 느슨해져도 된다.이 책의 저자인 D. A. 카슨은 바로 그런 세간의 오해에 정면으로 도전한다. 몇 개의 강연을 모은 이 책의 원제목은 “하나님의 사랑이라는 난해한 교리(The Difficult Doctrine of the Love of God)”다. ...+ 더보기,4,2024-09-12
210172294,D. A. 카슨의 하나님의 사랑,12497446,모션픽쳐스,"『D.A.카슨의 하나님의 사랑』은 책의 제목만 보면 한 사람이 하나님의 사랑에 대해서 느낀점을 서술한 것 같습니다. 그러나 이 책의 원제는 『하나님의 사랑, 그 어려운 교리』(The difficult doctrine of the love of god)입니다. 우리는 하나님이 사랑이시라고 믿고 있습니다(요일4:8). “하나님이 사랑이시다”라는 문구는 굉장히 많이 알려진 문구입니다. 맞습니다. 하나님은 사랑이십니다! 사랑을 제외하고는 하나님에 대해서 논할 수 없습니다.그러나 우리는 ‘사랑’ 그 자체에 대해서 좀 더 고민이 필요합니다. ...+ 더보기",4,2021-03-27
3631147,냅킨 전도,5616329,책읽는여름,정말 복음이 기쁜 소식입니다 하고 전할 수 있게 해 주는 좋은 책. 꼭 읽어보세요. 강추!,5,2012-05-12
3631147,냅킨 전도,9419261,반란을꿈꾸며,제목 : 냅킨전도저자 : 제임스 정옮긴이 : 출판사 : IVP읽은날 : 2017/06/11 - 2017/06/22보통 전도라고 하면 예수그리스도의 십자가를 전함으로 천국에 갈 수 있도록 하는 것이라고 생각한다. 나도 대학을 갈때까지 그게 전도라고 배웠으니까.그런데 어느 순간부터 이런 전도가 잘 먹히지(?) 않는다.가장 큰 문제는 일반인들이 봤을 때 그리스도인을 닮고 싶지 않기 때문이다.죽고나서 천국만 생각하는 종교를 누가 좋아할까? 더구나 요즘처럼 욜로를 외치는 시기에..이 책은 전도에 대한 시각을 교정해준다. 그리스도를 ...+ 더보기,3,2017-06-26
3631147,냅킨 전도,2836411,"공주님짱이야,아니야?","청년 및 대학생 전도를 위해 항상 4영리만을 사용해 오다가 
이번에 이 책으로 전도를 하려고 구입했습니다. 
전도의 도구로 사용하기에 좋은 것 같습니다.",3,2009-05-11
315829555,주께서 사랑하시듯 사랑하라,14795435,Redman,"˝감정은 하나님의 주된 관심사가 아닙니다. 하나님을 향한 사랑이든 인간을 향한 사랑이든, 기독교적인 사랑은 의지의 문제입니다. 하나님의 뜻을 행하려고 노력한다면 곧 '주 너희 하나님을 사랑하라'는 계명에 순종하고 있는 것입니다.˝ C.S.루이스, <순전한 기독교>",4,2023-08-01
315829555,주께서 사랑하시듯 사랑하라,14870967,좋은이웃,"로버타 본디 감리교 신학자의 초기 그리스도인들과의 대화를 읽었다. 특히 사막 교부들이 잔한 하나님 안에서의 겸손, 사랑, 기도가 무엇인지를 안내하고 있다. 신앙의 진수가 무럿인지 찬찬히 궁구할 크리스찬들에게 좋은 영성 자료가 될 것이다.",4,2023-08-31
2131248,과학을 앞서가는 성경 1,3826515,독서광,어떻게 접하다 보니까 이 책을 접하겠는데요.. 과학적으로 도전히 설명하기 어려운 부,5,2010-06-16
2984649,신앙의 기초를 세워라,2550910,쩐디닥,"에이든 토저, 그는 정식 신학 교육을 받지 못했지만 누구 못지 않은 높은 신학적 경지에 올라 많은 저서를 통해 사람들을 깨우치고, 감동을 주고 있다. 그는 꾸미지 않은 사실적 표현, 돌려 말하지 않는 직설적 언어를 특징으로 갖고 있다. 정곡을 바로 찌르는 그의 수사법은, 그러한 그의 메시지는 아픈만큼 성숙하게 하고, 누구의 메시지보다 깊게 그리고 오래 남는다. 현실을 분명히 볼 수 있게 해준다.

　국내에 지금까지 번역 출간된 그의 책이 상당히 많다. 하지만 출간되지 않은 그의 책은 그보다 더 많다. 그러하니 앞으로 발간되는 ...+ 더보기",5,2009-01-26
133995831,청지기 수업,9930674,다윗,"하나님께서 에덴에 동산을 창설하시고 사람을 거기 두시고 에덴동산을 다스리며 지키게 하셨다. 하나님이 주인이시고 사람은 하나님의 동산에 청지기일 뿐이다.     청지기는 소유에 대해서는 종의 의식을 가지고 일에 대해서는 주인의식을 가지고 사는 것이다. 이것이 뒤바뀔 때 인간은 타락하고 방종하게 된다. 하나님이 내게 주신 소유에 대해서는 내 것이 아님을 알고 그 모든 소유가 하나님의 영광과 뜻을 위해서 허락하신 소유임을 알고 주인의 뜻대로 사용하는 것이 청지기이고, 일에 대해서는 종처럼 수동적인 자세로 일하는 것이 아니라 주인...+ 더보기",5,2018-02-28
133995831,청지기 수업,9954367,우연히행복해지다,"매일 주인 뜻대로 사는 훈련 청지기 수업  - 한규삼 지음 - 이 세상에서 하나님 마음에 합한 선한 청지기로 살아가려면 우리는 어떻게 해야할까?part 1대단한 주인에게 청지기가 있다.part 2주인은 재물보다 관계에 관심이 많다.part 3청지기, 하나님이 공급하심을 안다.part 4주인으느 선한 청지기를 든든히 여긴다.이렇게 4가지 part로 나누어져서 쓰여져있다.청지기 수업 책을 읽으면서 '하나님의 은혜' 찬양곡이 계속 떠올란다'나를 지으신이가 하나님, 나를 부르신이가 하나님, 나를 보내신이도 하나님, 나의 나된것은 ...+ 더보기",5,2018-03-11
133995831,청지기 수업,9955065,꿈이있는자유,"청지기의 삶. 신앙의 연륜이 좀 된다면 청지기의 삶에 대해서 고민할 것이다. 그러나 어떻게 사는 것이 청지기로서 사는 것인지 막연하다. 그러다 보니 그저 하나님을 잘 섬기는 것, 다시 말하면 예배 잘 드리고(소위 주일성수), 교회의 일에 충성, 봉사하는 것 정도로 생각한다.      청지기란 주인이 맡긴 것을 관리하는 관리자라고 정의할 수 있다. 주인이 아니기에 선택권이 없다. 하나님 나라와 세상의 가치관이 공존하는 상황에서 청지기의 사명을 감당해야 하기 때문에, 청지기로서 사는 것이 힘들게 여겨진다. 즉, 하나님과 재물을...+ 더보기",5,2018-03-11
133995831,청지기 수업,9956951,오은혜,"충현교회 한규삼목사님의 ""청지기수업"" 온화한 목사님의 해맑은 미소와 웃음이 눈에 선하게 보이는 것 같았습니다. 이 설교집을 통해 진정 청지기의 정신이 무엇이며, 그리고 우리가 주님앞에서 주께서 우리에게 주신 시간과 물질을 어떻게 사용해야 할지 다시 한번 생각해 보게 되었습니다. 자녀들을 주님의 교훈과 훈계로 양육하며, 신실한 주님의 청지기로서, 주님이 나에게 주신 많은 것들을 어떻게 믿음안에서 잘 관리하며, 그것을 주의 일을 위해 사용해야하는지 귀한 많은 깨달음을 얻게 되었습니다.  ""맡은 자들에게 구할...+ 더보기",5,2018-03-12
133995831,청지기 수업,9932318,트와이스,"""하나님께서 우리를 부르신 소명(구원)은 나 혼자 천국에 가는 것으로 끝나지 않습니다. 하나님은 우리를 하나님의 구속 사역 안으로 초대하셔서 하나님의 일에 동참하도록 하셨습니다."" (P.150) 이땅에서 살아가는 우리 크리스천들의 정체성이 무엇이라고 생각하십니까? 한규삼 목사님의 신간, 청지기 수업에서는 이땅에서의 우리의 정체성은 청지기라고 단언합니다. 이 정체성을 잃고 살아가는 우리는 모두 영적 실직자들입니다. 우리는 우리의 본질을 회복하고, 우리의 소명을 마땅히 감당해야 합니다. 그러기 위해서 필요한 것이 바로 청지기 ...+ 더보기",5,2018-02-28
133995831,청지기 수업,9940203,옥잠화,"하나님을 믿고 섬기는 사람은 하나님의 청지기이다. 청지기란 주님을 대신하여 여러 가지 일을 돕는, 즉 시중을 드는 자를 말한다. 청지기란 주인이 아니고 관리자란 뜻이다. 우리는 하나님의 돈을 관리하는 관리자일 뿐이다. 그래서 “내 돈 갖고 내 마음대로 쓰는 데 무슨 상관이냐”라는 얘기를 할 수 없다. 이 재물이 하나님의 것이기 때문에 하나님은 마지막 날 ‘우리가 그것을 어떻게 사용하였는지’ 계산하신다.     이 책은 충현교회를 섬기고 있는 한규삼 목사가 그리스도인들이 어떤 청지기가 되어야 하는지 성경적 원리에 입각해서 기...+ 더보기",5,2018-03-04
133995831,청지기 수업,9954867,Sehnsucht,"p. 98 청지기로서 관리해야 할 것은 주인이 맡긴 모든 것입니다. 다시 말해 사람이 소중하다고 생각하는 거의 모든 것입니다. 재능, 물질, 자녀, 직위, 시간, 자유 등 모두입니다.  p.105 영혼의 청지기는 소유의 넉넉함이 아니라 생명의 풍성함에 마음을 ...+ 더보기",4,2018-03-11
133995831,청지기 수업,9953326,ifnh1001,기억에 남는 구절 우리가 하나님을 섬기면 그분의 종이 되는 것입니다.19p청지기 정신의 핵심은 주인을 향하여 한결같은 충성심을 갖되 아주 오랫동안 자신이 주도하여 행한 주인의 일을 자신의 일이라고 착각하지 않는 것입니다. 47p우리에게 자녀의 청지기로서 받은 사명이 있다는 사실입니다.그 사명중에서 가장 중요한 것은 바로 자녀에게 언약을 가르치는 것입니다.p134     현재를 살고 있는 우리에게 청지기의 삶을 살아라라고 이야기하면 너무 낯선 단어일 것이다.청지기라는 말이 마치 중세 유럽이나 로마시대때 사용되는 말같으며 주인...+ 더보기,5,2018-03-11
79153500,읽기만 해도 신심 나는 법구경 이야기,8424572,깐도리,"책 법구경을 보면서 기억이 났던 것은 사극 여인천하였다.승려 보우를 문정왕후에게 소개시켜 주었던 정난정은 그 당시 불교에 심취했으며 자신의 삶을 불교를 통해서 바꾸려 했던 것이다.그럼으로서 정난정이 문정왕후의 권세를 이용하여 힘을 가졌으며,윤원형과 문정와후 사이에서 자신의 존재감을 드러내게 된다. 그때 정난정이 사극에서 누군가에게 호통을 쳤을 때 꺼낸 책이 바로 법구경이었다.10년이 지난 드라마여서 많은 것이 지워졌지만 그것은 또렷이 기억하고 있었다.법구경은 우리의 인생에 도움이 될 만한 불교 이야기를 시로 지은 책이며,그 안에 담...+ 더보기",5,2016-04-12
79153500,읽기만 해도 신심 나는 법구경 이야기,8442393,곤이랑,"부처님의 가르침을 짧은 경구로 농축한 ‘법구경’은 가장 널리 알려진 불교 경전이다. 법구경은 부처님께서 간결하고 함축적인 게송을 읊어 깨달음으로 인도한 가르침의 정수가 집약된 경전으로 평가받고 있는 경전이다. 보통 '경전'이리고 하면 책을 온통 한자어로 씌어 있어 일반인이 해석하기가 어럽다. 하지만 이 책은 전혀 그렇지 않은게 어려운 법구경을 이야기 형식을 빌려 부처님의 가르침을 옮겨 놓은 책이다. 그래처 이 책을 '부처님의 일대기, 초기불교의 역사서, 불교의 기초교리서'라고 부...+ 더보기",5,2016-04-20
79153500,읽기만 해도 신심 나는 법구경 이야기,8397343,포카리,"<<이 글은 출판사로부터 도서를 제공받아 작성한 것입니다>>읽기만 해도 신심나는 법구경 이야기.원빈 지음에 도서출판 이층버스에서 펴냈다.사실 부처에 관해서도 불교도, 법구경이 뭔지도 모르고 신심이라는 단어에 끌러 이 책을 집어들었다.""난다 난다 사하바""왠지 의심이와 신심이가 떠나는 '법구경' 신심 증장 여행!책 표지에 있는 글로봐서도 이 책은 심히 초심자를 염두에 두고 만들어진 듯 싶다.특히 의심이와 신심이의 대화체로 법구경을 풀어 불교에 대한 손쉬운 접근을 하고 있다.사실, 불교도 법구경도 잘 모르는...+ 더보기",4,2016-04-04
79153500,읽기만 해도 신심 나는 법구경 이야기,8449751,해아름,"난다난다 신심난다 사바하
읽기만해도 신심 나는 <법구경 이야기> 
도서출판 이층버스
​이 책을 지은​ 원빈 스님은 해인사에서 출가를 하고 중앙승가대학교를 졸업, 
대한민국 육군 해군 장교로 임관하여 복무를 하셨네요. 
육군 용사들이 어려움이 닥쳐도 부처님의 힘으로 모든 역경을 이겨 낼 수 있도록 용기를 복돋아 주었어요.    ​
나를 찾아 떠나는 행복 여행 2층버스 와 함께 해요세상을 따뜻하게 만드는 책을 만들겠습니다 라는 슬로건을 내...+ 더보기",5,2016-04-24
79153500,읽기만 해도 신심 나는 법구경 이야기,8391642,하얀민들레,"읽기만 해도 신심 나는 법구경 이야기                 아주 오래전에 마음공부를 할 기회가 있었다. 그때 화엄경, 묘법연화경, 성경 ...에 있는 좋은 말씀을 들려주던 스승이 계셨다. 그 스승을 통해 처음 입문하게 됐던 법구경, 그 당시 좋은 말씀이 참 많아 궁금했었다. 꼭 찾아 읽어야지하고 별렀는데, 이제야 접한다. 꼭 집어 어떤 말씀이었는지 잘 떠오르지 않지만, 가슴이 따스해지던 기억만은 또렷하다. 그때 당시 어떤 측면에서 법화경하고는 사뭇 다른 내용이라는 것만 기...+ 더보기",5,2016-04-03
79153500,읽기만 해도 신심 나는 법구경 이야기,8469373,독서중개사,누구에게 권할까? 명상에 관심이 많은 사람.평소 불교에 대해서 배우고 싶었던 사람.느슨한 마음을 다잡고 심신을 일으켜 수행을 하고픈 불교신자.    두 명의 수행자가 등장하여 법구경 이야기를 이끄는데한 명은 열심히 수행하였지만 수행의 성과가 적어 실망한 의심이 많은 '의심이'와'의심이'를 돕는 '신심이'라는 '의심이'와 '신심이'가 이야기 하는 형식으로법구경의 이야기를 하면서​부처님의 가르침을 알기 쉽게 독자들에게 알려주고 있다.   ...+ 더보기,5,2016-05-02
371560852,쉬운 법구경 담마빠다,16754030,-,필사용으로 좋은 것 같아요~!!,5,2025-09-20
118476860,예수의 보혈의 능력,9685628,rara6363,"결혼하기 1년 전부터 교회를 다니기 시작했으니까 이제 만 7년이 되어가네요. 처음 교회에서 예배를 드렸을 때 너무 낯설고 어려워서 아무런 말도 귀에 들어오지 않았는데 이제는 성경 1독을 목표로 열심히 성경도 읽고, 찬양대원으로 헌신하고, 가정 예배도 자주는 아니지만 드리려고 하는 성도가 되었답니다. 그래도 여전히 모르는 것 투성이에요. 안다고 생각하지만 막상 누군가가 물어보면 대답하지 못하는 것들이 허다하죠. 그 중에서도 보혈의 의미는 머릿속에서 이런 것이라는 생각이 들기는 하지만 럭비공처럼 이리 튀고 저리 튀고 해서 전혀...+ 더보기",5,2017-11-01
118476860,예수의 보혈의 능력,9657156,빙혈,"신앙에
 있어 어떤 영성의 문제는, 말하는 사람의 문맥 전체를 관통하는 것이라고 생각합니다. 텍스트를 읽을 때 정보의 이해와 취합에 
중점을 둘 때도 있고, 줄글 전체를 관통하는 어떤 박력, 영감, 호소력 등을 느껴 가며 읽을 때도 있습니다. 후자는 독서라기보다 
모종의 감동적인 연설을 들을 때의 느낌과 비슷하죠. 종교적 감화와는 직접 관련이 없지만 예컨대 마틴 루터 킹 주니어 목사가 
1963년 링컨 메모리얼에서 행한 ""I have a dream."" 같은 연설을 들어 보면 (그 유명한) Free at last 
대목에서 ...+ 더보기",5,2017-10-17
118476860,예수의 보혈의 능력,9682778,신의딸,"""예수 그리스도의 피 뿌림을 얻기 위하여 택하심을 입은 자들""(벧전 1:2)예수님이 오시기 전까지, 구약의 예배는 짐승들의 피로 얼룩져 있습니다. 어떤 글에서, 유월절 주간에만 25만 5천마리의 어린양이 거래되고 희생제물로 바쳐진다는 이야기를 읽은 적이 있습니다. 실제로 유월절이 되면 예루살렘 성전은 온통 짐승의 피 냄새가 진동을 하고, 핏물이 강물처럼 철철 흘러넘친다고 합니다.  어릴&...+ 더보기",5,2017-10-31
118476860,예수의 보혈의 능력,9661129,다윗,세상에 많은 종교가 있지만 믿는 자에게 영생을 주는 종교는 오직 기독교뿐이다. 생명은 또한 피에 있기에 기독교는 피의 종교라고 할 수 있다. 아담 하와가 범죄 했을 때 하나님은 양을 잡아 그들에게 가죽옷을 입혀 부끄러운 곳과 죄를 가리워 덮어 주셨는데 그 양은 아담 하와의 죄 때문에 피를 흘리고 생명이 죽었다.     모든 생명은 피에 있기에 죄로 죽은 생명을 살리려면 누군가 그 죄인을 대신하여 피를 흘리고 죽어야만 하는데 우리를 위하여 예수 그리스도께서 십자가에서 보배로운 피를 흘리시고 죽으셨다. 그러면 그리스도의 보혈의...+ 더보기,5,2017-10-19
118476860,예수의 보혈의 능력,9683954,아담,"인간사회의 온갖 유혹속에서 살아가는 오늘날 현대인들이 2.000여년전 인류의 죄를 대속하시기 위하여 이땅에 오신 예수 그리스도와 어떠한 
상관관계가 있으며 예수님의 구속사적 은혜의 진정한 능력이 어디에서 나오는지를 깨닫게 해주는 글이었다.
위대한 영성이란 저서로 나에게는 이미 오래전부터 감명을 주셨던 앤드류 머레이 목사님은 ""예수의 보혈의 능력""이란 글로 하나님의 구속사적 
은혜가 어떻게 나타나며 이루어지는 지를 보여주고 있었다.
구속의 피, 화평의 피, 의롭게 하는 피, 완전케 하는 피, 양심을 깨끗게 하는 피, ...+ 더보기",5,2017-10-31
118476860,예수의 보혈의 능력,9687901,블루,"이 책의 저자인 앤드류 머레이는 19세기 네덜란드 개혁교회의 가장 유력한 인물로서 국제적인 신망을 얻은 복음주의자이다. 그는 유럽을 여행하는 중에 예수님의 보혈의 능력에 대해 구체적으로 살펴보아야겠다는 확고한 생각이 들었다고 한다. 그래서 고난주간 동안 그의 교회에서 이 문제를 다루었고, 강론을 책으로 출간하였는데 이 책은 <예수의 보혈의 능력>과 <십자가의 보혈>을 완역 합본한 책이다.책에는 ‘피에 대한 성경의 가르침’에 대한 이야기가 있는데, 먼저 피에 대한 구약 성경의 가르침이 있다. 아벨의 희생을 보면 ...+ 더보기",5,2017-11-02
118476860,예수의 보혈의 능력,9675546,숨비북,"그리스도인들에게 '보혈'의 의미는 무엇일까? 십수년간 교회를 다녔다고 하는 그리스도인들조차도 예수의 보혈, 십자가 보혈의 진정한 의미를 깊이있게 이해하는 사람은 많지 않을 것이다. 대략적으로 예수 보혈의 공로로 우리가 구원을 받는다는 정도. 본서는 대다수 그리스도인들의 보혈에 대한 피상적인 개념과 지식에서 더 한층 진일보한 보혈에 대한 교리적 지식을 선사한다. 그러나 무턱대고 복잡하고 난해한 지식의 나열이 아닌 일반적인 신자들의 지성적 능력으로 충분히 이해하고 받아들이기 어렵지 않을 정도의 평이함으로 전달되고 있다...+ 더보기",4,2017-10-27
118476860,예수의 보혈의 능력,9677499,orchider,예수의 보혈의 능력 크리스천다이제스트(CH북스) 출판사의 '세계기독교고전'시리즈를 좋아합니다. 그동안 기독교 관련 출판사나 책들은 무척이나 많지만 세계적인 고전을 번역해서 출간하는 경우는 이 시리즈가 처음이지 않을까 생각이 들어요. 책을 좋아하는 사람이라면 당연히 세계명작시리즈를 꼭 읽어야하듯이 어쩌면 크리스찬이라고 한다면 꼭 읽어야할 책들이 이 시리즈가 아닐까하는 생각입니다. 사실 어렵고 난해하기도 하지만 한줄 한줄 묵상하고 생각하면서 읽어야할 필독서들이 아닐까 생각합니다. 그런면에서 이책시리즈의 책들이 우리에게 주는 깊...+ 더보기,5,2017-10-28
118476860,예수의 보혈의 능력,9687984,냐냥,"앤드류 머레이라는 이름 만으로도 이 책은 충분한 가치가 있다.이 책은 앤드류 머레이의 강좌를 엮은 것으로 2권으로 나뉘어예수의 보혈의 다양한 능력을 얘기한다.예수의 보혈에 대해 항상 생각하고 기억하고 감사하며 살아야 하는 것이 당연함에도,자꾸 잊고 불평하며 때로는 위축된다.이런 나 자신에게 이 책의 내용은용기와 감사와 기쁨을 주었다.""죄에서 깨끗이 씻는다는 것은 죄의 책임에서 벗어나게 한다는 뜻이 아니라, 죄의 오염에서 구해낸다는 뜻입니다....제물의 경우 그 사람을 위해서 어떤 일이 행해졌습니다만 깨끗이 씻는 일의 경우는 그 사람...+ 더보기",5,2017-11-02
118476860,예수의 보혈의 능력,9677414,박지경,"쉽지 않은 책이였다. 거의 일주일 가까이 붙잡고 있었다. 나는 육아 중이기에 틈틈히 짬내 책을 읽는데 이 책은 그렇게 읽을 수 없었다.집중해서 온 정신과 마음과 영혼을 다해 읽어야 했다. 사실 1부 예수의 보혈의 능력은 이론 같다. 이렇게 저렇게 설명하고 왜 예수 보혈의 능력인지를 알려주는 것에 가까웠다면 2부 십자가의 보혈에서는 설교에 가까웠다 읽으며 눈시울을 붉히지 않을수 없었다.1부에서는 내용이 살짝 어려워 꾸벅 졸기도 했고, 이해가 안되는 부분은 그냥 읽고 넘어가기도 했지만 2부에서는 구절 구절이 내 마음에 다가와 막 후벼팠...+ 더보기",5,2017-10-28
118476860,예수의 보혈의 능력,9695632,오은혜,"앤드류 머레이의 “예수 보혈의 능력” 정말, 많은 은혜와 감동을 받았습니다. 앤드류머레이의 책은 언제나 성경적이며 영성이 깊고 은혜가 풍성합니다. 예수님의 보혈만이 우리의 능력이 됩니다. 예수 보혈의 능력만이 우리가 이 세상가운데 살면서 유혹에서 이길 유일한 능력이요, 예수님이 보혈만이 우리가 하나님의 뜻에 따라 살아갈 수 있는 능력을 주시며, 예수님의 보혈만이 우리가 이웃을 사랑하고 섬길 능력을 주시고, 예수님의 보혈만이 우리의 모든 죄를 흰눈보다 더 희게 씻어주시고, 우리의 모든 죄를 다 사해주시는 능력이 되며, 예수님의 보혈만...+ 더보기",5,2017-11-07
568723,나가사키의 노래,14664928,용PD,"일본 동부에 사망, 실종자의 숫자가 이만 천여 명을 넘는 엄청난 재해가 일어났습니다. 이 재난으로 지진 피해자들이 겪은 절망과 상실감을 쉽게 표현할 길이 없을 것입니다. 피해자들은 무엇보다 사랑하는 가족이 하루아침에 주검으로 변한 현실이 믿기지 않을 것입니다. 그 누구라도 ‘‘왜 우리에게 이런 엄청난 비극이 일어났을까?""하고 한탄하게 마련입니다. 만약 만물을 주관하는 신이 있다면, 그 신을 원망하지 않을 수 없습니다. 막 태어난 아기, 순진무구한 어린이, 그 아이를 사랑하는 부모까지 가리지 않고 데려간 신의 잔혹함에 대해 한 서린 ...+ 더보기",4,2023-06-15
568723,나가사키의 노래,1001184,명예기자,"부산의 성바오로딸의 서점에서 수녀님이 추천해주신 책.
우리본당의 수도회소속의 어느 신부님께서도 ""나가사키""에 관한 책을 이번에 번역을 하셨는데...우연의 일치인진 몰라도 이책을 소개받게 되었다.
가톨릭이 뭔지..그리고 그 영적인 느낌이 뭔지..
가톨릭신자라면 누구나 한번쯤은 느껴봤을 그런 영적인 느낌을 이 책에선 아주 자세히..그리고 세밀하게 표현되어진게 가장 큰 매력이었다.
무엇보다도 실제의 이야기가 이 책의 스토리라는게 더더욱더 책을 읽으면서 책장 한장한장에 그 의미와 감동이 물밀듯이 밀려왔었고...
어렵고 힘든 시기마...+ 더보기",5,2006-11-16
306574055,100년 넘은 시골 교회 젊은 교회가 되다,14208117,다윗,"[100년 넘은 시골 교회 젊은 교회가 되다] 라는 책이 도서출판 브니엘에서 나왔다. 이 책은 경기도 용인의 시골마을에 있는 송전교회 이야기를 담은 것이다.     이 책은 아신대학교 신학과를 졸업하고, 총신대학교 신대원과 일반대학원을 졸업하고 서른네의 젊은 나이에 송전교회에 부임하여 전도, 양육, 다음세대, 지역 섬김을 위해서 헌신하고 있는 권준호 목사의 땀과 눈물, 헌신과 기도가 집약돼어 있는 책이다.     대체로 역사가 오래되고 전통 있는 교회는 목회하기가 힘들다. 후임자는 전임목회자와 장로님들, 권사님들이...+ 더보기",5,2022-12-25
306574055,100년 넘은 시골 교회 젊은 교회가 되다,14599238,행복한미소,저자 권준호 목사는 농촌교회에서 사역하고 있다. 농촌은 인구절벽을 현장에서 볼 수 있는 곳이다. 농촌은 사람들의 기본권을 누리기 어려운 곳이다. 제대로된 문화시설들이 부족하다.  젊은 이들이 떠난 자리에는 연로하신 분들이 감당하고 있다. 청년들의 연령을 상향해야 된다는 것이 농촌의 현실이다.  청년이라고 하면 30대까지 보아왔지만 이제는 40년 중반까지 이어져야 한다는 농촌현실에 모두가 수긍하고 있다.  농촌은 미래가 보이지 않는다고 한다.&n...+ 더보기,5,2023-05-20
306574055,100년 넘은 시골 교회 젊은 교회가 되다,14238181,파레시아,"복음은 모든 믿는 자에게 구원을 주시는 하나님의 능력이다. 복음은 멈출 수 없고, 황무지라도 살리는 구원의 능력이다. 복음이 들어가기만 하면 살아나고, 듣는 사람들의 삶에 놀라운 변화를 가져온다. 그럼에도 불구하고 너무나 많은 사람들이 환경에 매이는 것 같다. 이래서 못하고, 저래서 안 된다는 말들을 많이 하는데, 복음의 능력을 알고 경험했다면 그렇게 말할 수 없을 것이다. 100년 넘는 시골 교회 젊은 교회가 되다는 책을 읽으면서도 복음의 능력을 새삼 느끼게 되는 것 같다.  100년 넘는 시골 교회 젊은 교회가 되다는 ...+ 더보기",5,2023-01-03
16547071,오픈 시크릿,13089607,노란가방,"선교학 교과서로 쓰인 이 책을 손에 든 것은, 순전히 저자의 이름 때문이었다. 대학원에 다니던 시절 처음으로 레슬리 뉴비긴의 책을 읽어본 이래로, 그는 나에게 C. S. 루이스와 더불어 내용의 질은 보장된 저자 목록에 올라 있다. 물론 레슬리 뉴비긴의 글은 루이스의 그것과 달리 유머도 풍자도 거의 없고, 내용도 기발함이나 창의적인 생각보다는 오랜 전통을 새롭게 읽어 내거나 잘 정리해 내면서 새로운 통찰을 보여주는 쪽인지라 조금은 더 딱딱하게 느껴질 순 있지만, ...+ 더보기",4,2021-11-12
186437104,돈과 영성,10774777,쎄인트,"돈이 있는 곳에 마음이 있다는 것은 굳이 크리스천이 아니라도 해당되는 말이다. 저자는 재정과 관련된 모든 문제는 늘 ‘마음’의 문제, ‘정체성’의 문제라고 한다. “돈은 우리가 중요하게 생각하는 것이 무엇인지 정확하게 보여준다.”",4,2019-04-03
186437104,돈과 영성,10786549,쎄인트,"【 돈과 영성 】- 내 마음의 주인 찾기        _폴 트립 (지은이), 최요한 (옮긴이)      두란노 2019-03-13   원제 : Redeeming Money   “이 책의 목표는 돈에 관한 모든 것을 성경적 세계관으로 살펴보는 것이다. 더 구체적으로 말하자면, 그리스도 예수의 복음이라는 렌즈를 통해 돈을 바라본다.” ‘복음의 안경’에 주목한다. 사람들은 누구나 자기만의 안경을 쓰고 살아간다. 시력보조용이나 멋을 위한 안...+ 더보기",5,2019-04-09
186437104,돈과 영성,10800001,안녕반짝,"인생의 주인은 내가 아니라는 사실에 비추어 살지 않으면 우리는 돈을 원래 목적대로 사용할 수 없고 해로운 버릇을 끊을 수 없다. 이 세상은 개인의 행복을 실현하라고 만든 곳이 아니요, 개인의 욕심을 채우라고 돈을 만든 것도 아니다. 20쪽고백하건데 이 책을 읽으면서 꼭 나에게 필요한 책이라고, 분명 완독하고 나면 현재 내가 겪고 있는 돈에 관한 문제가 완전히 풀릴 것이라고 여겼다. 그래서 그동안 내가 돈에 얼마나 마음을 두고 있었는지, 나의 행복을 위해서 얼마나 스스로 합리화를 시켰는지 인정하지 않을 수 없었다. 하지만 책을 덮고 ...+ 더보기",5,2019-04-16
186437104,돈과 영성,10789354,깐도리,"우리의 정체성은 돈에서 가장 많이, 가장 강력하게 드러난다.돈을 쓰는 방식을 보면 그 사람의 정체성이 보인다. 피조물의 정체성이 나타나는 사람은 제 생각을 버리고 창조주의 지혜로운 가르침과 목적에 따라 돈을 이해하고 사용한다. 제 마음대로 돈을 쓰면서 갖고 싶은 것은 무엇이든 갖는 것은 하나님의 피조물이라는 정체성을 부정하는 것이다. 당신의 소비생활에서는 어떤 정체성이 드러나는가? (p38)두번째 요소는 '필요'다.필요는 인간 문화에서 가장 남ㄴ용하는 허술한 단어다. 우리가 필요하다고 생각하는 것은 사실 대부분 불필요하다. 우리는 ...+ 더보기",5,2019-04-10
186437104,돈과 영성,10799818,aprudent,"돈과 영성 
Redeeming Money
내 마음의 주인 
찾기
​
폴 트립 
지음
두란노
​

 
 



돈을 어떻게 사용해야 
하는가.
가진것이 별로 없으니 
이 문제에 자유한 줄 알았습니다. 그런데 아니더군요.
돈이 없어서 
이건못하고, 돈이 있으면 이것도 할텐데...라는 생각이 어느새 밖으로 표출되어 아이들도 압니다. 
물건을 사는데 돈의 
액수가 얼마나 큰 영향력을 갖는지 말이죠.
아이들도 자신의 용돈을 
자신이 좋아하는 것에 사용하려고 합니다.
자신이 돈의 ...+ 더보기",5,2019-04-15
186437104,돈과 영성,10801904,슈퍼맨,"돈과 영성폴트립 지음     ★인상에 남는 구절17p 중립적인 인생관은 없다. 완전히 열린 마음은 없다. 사람은 모두 자신의 세계관으로 세상 만물을 이해하며, 자신만의 의미를 생산한다. 37p 우리의 정체성은 돈에서 가장 많이, 가장 강력하게 드러난다.  61p 인생을 바꾸는 것은 서너 가지 굵직한 사건이 아니라 수천 가지 소소한 사건이다. 대단히 중요한 순간에 우리가 어떻게 행동하는 지도 일상의 작은 선택들이 모여서 흐르는 방향에 따라 결정된다. 129p 우리의 재정관의 문제는 우리가 선물로 받은 예수님과 그 은혜의 가치...+ 더보기",5,2019-04-16
186437104,돈과 영성,10799866,uijinlee,이 글에는 스포일러가 포함되어 있습니다. 보시겠습니까?회색 영역을 클릭하면 내용을 확인할 수 있습니다.,4,2019-04-15
186437104,돈과 영성,10769817,랄랄라,"""은혜는 마음의 변화를 일으킨다. 

돈이 일으키는 어떤 수렁도 

하나님의 은혜보다 깊지 않다.""

<돈과 영성>(p.23)

사람들이 그러더라. 은혜를 받으면 마음의 변화가 일어난다고. 믿지 않을 때는 그게 어떤 것이 되었든 간에 돈이 최고라고 생각했다. 지금도 가끔 그렇게 생각하는 걸 보면 난 아직 신앙적으로 덜되도 한참 덜 되었다.




""하나님의 은혜는 

돈이 전혀 새롭게 보이는 문을 열어 준다. 

하나님이 우리에게 베푸시는 은혜는

그렇게 강력하...+ 더보기",5,2019-04-01
186437104,돈과 영성,10790292,geakuri19,아끼면서 사는데도 늘 돈이 모자라 '얼마가 있다면'이라고 생각할 때가 많다. 성경에도 돈에 관한 내용이 나오는지 몰랐는데 꽤 많은 양으로 다루고 있었다. 역시 돈은 예전에도 지금에도 사람들에게 없어서는 안 될 물건인가 보다.​돈 문제는 내가 내 인생의 주인으로 살겠다는 태도에서 생긴다. 합리적인 경제생활의 첫걸음은 우리보다 높은 하나님의 영광에 순종하는 것이라고 한다. 내가 내 인생의 주인공이기 때문에 돈도 우리가 지배할 수 있다고 생각한다. 재정 문제에 빠져 두려움에 압도당하고 현실을 부정하고 자책하지 않기 위해 남 탓을 하고 희...+ 더보기,4,2019-04-11
186437104,돈과 영성,10793383,책벌레삼남매,돈과 영성폴 트립 지음/두란노 펴냄  '내 마음의 주인 찾기'라는 부제가 마음에 많이 와 닿았다. 그리스도인으로 살고 있지만 하나님을 내 마음의 주인으로 삼는 것은 한번으로 ...+ 더보기,4,2019-04-12
186437104,돈과 영성,10777739,우연히행복해지다,돈과 영성 지금 우리에게 꼭 필요한 책인 것 같다.나에게 돈은 어떤 존재일까?살아가는데 꼭 필요한 것 중에 하나 인 것 같은데...난 돈에 끌려가면서 살고 있을까? 아니면 돈을 잘 사용하면서 살고 있을까?이 질문을 나에게 던지게 됐다.돈을 사랑함이 일만 악의 뿌리가 되나니 이것을 탐내는 자들은 미혹을 받아 믿음에서 떠나 많은 근심으로써 자기를 찔렀도다. - 디모데전서 6:10 말씀 -돈을 쫓는 삶은 결국 그 많은 근심이 나를 찌른다고 성경에서 말해주고 있다.하나님의 자녀로서 돈을 우상숭배하며 탐심을 가득 채우는 삶이 아닌&...+ 더보기,5,2019-04-04
186437104,돈과 영성,10796832,사랑해유,"사람들이 말하는 성공 그리고 행복이라는 개념에는 ‘돈’이 포함되어 
있다. 경제 수단이 삶의 질을 결정하는 현실을 보면서, 인간생활의 수단인 
‘돈’을 사람들은 
‘목표’로 여기며 살아가는 
것은 아닌가라는 생각을 해본다. 
어쩌면 돈에 영향을 받지 않아야 하는 그리스도인의 삶 또한 돈에 의해 
좌불안석인 것은 아닐까라는 생각에 슬프다. 
우리의 삶에서 가장 우선시 되어야 하는 것은 
무엇일까? 생각해보지 않을 수 없다. 지금 이 순간에도 
수많은 사람들이 돈 때문에 울고 웃는 모습을 볼 수 있다....+ 더보기",5,2019-04-14
186437104,돈과 영성,10811710,Sehnsucht,"재정관 바로 세우기 1부 왜 내 믿음은 돈 문제 앞에 무기력할까 | 현실과 믿음 사이에서 주저앉다2부 돈, 하나님 자리를 탐하다 | ‘마음’을 두고 벌이는 매일의 전쟁 3부 돈, 하나님 나라 안에서 제자리 찾기 | 경제생활을 변화시키는 ‘은혜’의 복음 ​'돈과 영성'  영어 제목인 "" Redeeming MONEY'  라는 뜻이 더 마음에 와닿는 책이었다. 그래서 담아두고 싶었던 내용도 많았고, 책에서 모두 담아낼 수 없었던 성경의 내용을 찾아보고 메모하며 큐티하느라 책의 분량은 많지 않지...+ 더보기",5,2019-04-21
186437104,돈과 영성,10788598,호기심소년,"돈으로 시작했다가 은혜로 끝나는 책이 책을 읽고 싶었던 이유는돈과 신앙은 매우 가깝기 때문이다.우리는 돈이 없으면 살지 못하고이는 신앙인도 마찬가지이고 특별히 목회자에겐 더욱 더 다가오는 주제이기에 이 책을 선택하였다.이 책에서 가장 와 닿았던 두 문장이 있다면- 돈의 문제는 단순히 돈의 문제로 끝나는 것이 아니다- 일주일동안 섬기던 신은 우리가 주일날 섬기던 신과 다르다라는 문장이며가난한 한 사람의 고백이 ""나는 신앙인으로서 청빈했던 것이 아니라 돈이 없었기 때문에 청빈했다""라는 고백이 나의 고백처럼 느껴지기도 했다.이 책의 결론...+ 더보기",5,2019-04-10
186437104,돈과 영성,14731594,@motherofprayer,"인생을 살면서 돈과 관계 없는 듯한 고민을 하며 시간을 소모할 때가 있다. 하지만 다시 생각해보면 그건 돈과 관계 없는 문제가 아니다. 오히려 돈과 직결되어있다. 책을 읽으면서 떠올려보니, 현생에서 붙들고 있는 고민 역시 궁극적으로 돈 때문에 나오는 고민이었다. 애써서 '이건 돈 문제가 아니고 다른 관점에서의 문제야'라고 합리화했을 뿐.​세상에 정의된 '수저론'에 의하면 내가 금수저인 것 같지는 않다. 그렇다고 해서 지금까지 한 번도 '돈 한 푼 없어서' 현생에 지장이 있던 적 없었다. 삶은 참 역설적이다. 그렇게 잡힐 듯 잡히지 ...+ 더보기",4,2023-07-10
186437104,돈과 영성,10793828,잡초딸,"폴 트립 목사님은 처음 보는 저자이다.내가 책을 선정할 때에는 좋아하는 저자이거나 출판사를 보거나.. 아니면 내가 관심있는 주제이거나 할 경우 책을 선택하게 된다. 이 책은 세번째 경우인 내가 관심있는 주제이다. 특히 요즘 이 주제에 대해 많이 고민하고 생각하고 있다. 무언가 기독교인이 돈이라는 주제에 대해 생각한다고하면 세속적인것 같아 이렇게 글을 쓰면서도 나도모르게 돈이라는 단어를 잘 쓰지 않고 있는....것을 발견한다. ㅋㅋ​""내 마음의 주인 찾기""라는 소제목에 어울리듯 이 책은 단지 돈에 대해서만 다루지 않는다.이 책은 돈에...+ 더보기",4,2019-04-12
186437104,돈과 영성,10790570,태구나인,"'돈과 영성'이라는 제목을 접했을 때 딱히 어색하다고 표현하기도 어려웠지만, 부자와 바늘귀가 떠오르며 왠지 조화롭지 못하다는 느낌이 들었다. 하지만 책에는 달리 주장하고 있을까? 돈과 영성은 사실 함께 가야 하는 것이라고 적혔을까? 왠지 조화롭고 긍정적인 메시지도 담겨 있을 것 같아서 사뭇 궁금했다. ""내 마음이 실제로 예배하는 것이 무엇인지 파악해야 한다.""(p. 42)그렇다. 인생의 목적과 행복의 기준 그리고 내가 드리는 예배의 본질을 정확하게 파악해야 나를 찾을 수 있다. 하나님 안에서 웃을 수 있는 나....+ 더보기",5,2019-04-11
186437104,돈과 영성,10797888,dusdnaks,"돈, 영성. 이 두 단어를 나란히 놓으면 왠지 이 사이에 “vs”를 붙여야할 것 같은 충동이 들었다. 개인적으로 나에겐 그랬다. 왜냐하면 이 둘은 서로가 갈등의 구조 속에 있는 것처럼 여겨졌기 때문이다.  그러나 이 책의 제목은 돈“과” 영성이다. 돈과 영성? 왠지 책 제목만 놓고 보면은 내용이 뻔해 보였다. 또 돈에 관한 여러 가지 “지침들”이겠거니 생각했기 때문이었다. ​ 하지만 이 책의 원어 제목인 “Redeeming Money”(Re...+ 더보기",5,2019-04-15
186437104,돈과 영성,10785476,천사소녀,"사실 재정사용에 대해 진지하게 고민하거나 기도했던 건 작년부터였다.
그 전에도 이런저런 고민이 있긴 했지만 오래가지는 않았고 별 문제가 없다고 생각했다.
그러다가 작년, 졸업을 앞두고 내가 돈쓰는 것을 꽤나 어려워 한다는 것을 깨달았다.
예수님을 만나면서 베푸는 일에, 가치있는 일에 돈 쓰는 것을 아까워하지 않는다고 생각했던 나는 아직도 내가 돈 문제에서 자유하지 
못하구나 싶었다. 
졸업 후 당장 백수인 나는 알바를 시작했고 다시 재정사용에 대한 계획을 세우기로 했다.
대학시절 훈련받았던 선교단체에서 배웠던 것과 나...+ 더보기",5,2019-04-08
186437104,돈과 영성,10793317,sdye0303,돈을 사랑함이 일만 악의 뿌리가 되나니 이것을 탐내는 자들은 미혹을 받아 믿음에서 떠나 많은 근심으로써 자기를 찔렀도다디모데전서 6:10사람은 자신이 가지고 있는 세계관과 가치관을 바탕으로 돈을 바라본다.인생의 어떤 영역도 개별적으로 생각할 수 없다. 관계와 재정을 온전히 분리할 수 없고 가정과 일터를 완벽히 때어놓을 수 없듯이.그래서 돈을 쓰려면 재정의 영역 하나만 볼 것이 아니다.성경은 돈 자체를 나쁜 것으로 간주한 적이 없다. 다만 어떻게 쓰느냐에 따라 축복이 될 수도 있지만 저주가 될 수도 있다고 했다.그럼 어떻게 돈을 바라...+ 더보기,5,2019-04-12
229204,베이비 네이밍,7396998,액션몽자,"이거 정말 제가 찾던 책이었어요!!!!!!!!!!어떤 받침이 들어가는게 불리기 편한지, 또 영어로 쓰기에도 어렵지 않을지..맏이나 둘째에게 가려야 하는 글자, 우주의 이치에 관한 이야기, 음양이 고루 담기는 이치, 발음과 모음에 따른 이름, 오행을 배합하는 원칙 등이 담겨있어서 신뢰가 갑니다~",5,2015-02-25
229204,베이비 네이밍,7086298,하늘바람,"우리 아가는 신랑이 만두를 좋아한다는 이유만으로 만두라는 태명을 가지게 되었는데 어느덧 공주님?이라는 미명하에 완전히 확정되지 않은 이름도 예비로 가지고 있었다... 그러다 우연히 만나게 된 ""베이비네이밍""    쉽고 좋은 아기이름 짓기라는 부제 때문에 눈에 확 들어온~~~~~~~  기본적으로 아기 이름은 부모가 지어지자고 하면서 한글이름이 만사는 아니고 한자 이름의 획 수나 오행 등이 중요하다는 이야기를 하고 있다.. 아무래도 한글이 있기는 하지만 한자 이름을 병행해서 사용하기...+ 더보기",4,2014-07-26
229204,베이비 네이밍,374447,백혜선,이름은 중요한거라 막 짓기도 뭐하잖아요. 평생 불리우면서 쓰일 이름이라.. 단지 한자뜻만 가지고 좋은뜻으로만 하기에도 뭔가 부족하다 느끼던 차에 이 책을 신랑에게 선물 받았어요. 함께 공부해서 지어보자구요..초보자인 제가 보기에도 내용이 체계적으로 잘 잡혀있어서 정말 보기 좋더라구요. 하지만 이름짓느라 얼마나 골치를 썩었는지 하루만에 다 안되더군요.. 이 이름이 좋겠다 하면 획수에서 안맞고 획수가 맞으면 오행이나 이름운이 안좋고 아무튼 하루를 머리를 싸매고 집중해서 이 책을 돌파했어요. 그렇게 우리딸 이름을 지어주었고 혹시나 하는맘...+ 더보기,5,2004-01-26
229204,베이비 네이밍,349503,정유선,이책의 수준은 거의 전문가나 다름이 없어요.읽다보면 이름짓는다는게 정말 보통일이 아니구나 싶네요.사실 첫애 이름을 작명소에서 지었지만 100%맘에 들지는 않아서 간혹 고민을 하게 됩니다.작명소에서 이름을 짓게 되면 사실 어느정도 안심은 되겠지만 그 짧은 시간안에 두세가지 제시해주는 이름중에 하나를 고르는 것이니 너무 성의없단 생각이 듭니다.지어주는 사람도 좋은이름을 몇 개 빼놓았다가 제시하는 것일 테니 같은이름을 가진 아이들이 많은것도 그런이유가 한몫하겠지요.이 책의 저자도 꼭 좋은 이름만을 원하고 고집하기 보다는 먼저 부모의 마음...+ 더보기,4,2003-02-07
229204,베이비 네이밍,7084109,최최최프로,"아기를 품고 있는 예비 맘이라면  누구나 아기 이름을 어떻게 지어야 할지 고민이 많을 것이다.평생 불릴 이름인지라 신중에 신중을 기해야 할 것인데, 초보 맘들은 어떻게 접근 해야 할지 부터가 막막하다. 나 역시 태중의 공주 이름을 어떻게 지어야 할지 몰라 난감한 와중이었다. 요즘 신세대 부모들은 이름을 지을 때 예쁘게 짓는것에만 신경쓰는 경향이 큰 것 같다.나도 첫째로는 부르기 쉽고 예쁜 이름이어야 한다는 기준을 세우고 있지만,동양 철학을 공부하시는 친정 아버지의 영향으로 사주에...+ 더보기",4,2014-07-24
229204,베이비 네이밍,7093934,oneloveyeon,"쉽고 
좋은 아기 이름 짓기 베이비 네이밍
 
 
 
곧 태어날 
우리 아기에게 좋은 이름을 지어 주고
싶은 부모님의 
마음은 다 똑같겠지요??
 
 
아기가 생기고 
부터는 고민 고민 해온
'우리 아가들 
이름은 어떻게 지어줄까??'
 
 
그러던 중, 
무크 하우스에서 출간된 베이비 네이밍이란 
책을 선택해 
봤어요.
 
 
 
 
 
 
 
평생동안 
...+ 더보기",4,2014-08-02
420245,심령이 약한자의 승리하는 삶,9815168,냠냠맘,내영혼을 보호하며 권능있는 그리스도인으로 살수있도록 도와주는 책,5,2018-01-04
377003058,"옥중서신, 풀어쓴 성경",16929006,kiki7,감옥에 갇힌 듯 답답함을 느낄 때 꼭 읽어야 하는 책,5,2025-12-07
377003058,"옥중서신, 풀어쓴 성경",16929008,kiki7,"벅찬 감동이 사라지기 전에 기록해 두고 싶은 마음에, 부족한 언어로나마 「옥중서신, 풀어쓴 성경」을 읽은 소감을 남겨 본다.책을 덮은 후 하나님께 감사의 고백을 하지 않을 수 없었다. 어려운 고백이지만 사실 나는 약 1년이 넘는 시간 동안 결코 만만치 않은 옥살이를 했었다. 육신이 갇히는 것만이 옥살이는 아니다. '생각의 감옥'에 갇히는 것이 얼마나 큰 고통을 주는지, 살아가다 보면 누구나 경험하게 된다.「옥중서신, 풀어쓴 성경」을 읽기 시작하면서 주님께 간절히 기도드렸다. ""하나님, 부디 저에게 은혜를 주셔서 옥중서신을 읽는 동안...+ 더보기",5,2025-12-07
199657754,에브리데이 어린이 테필린복음,11000936,아벨마임,"일반도서계에서는 별로 알려지지 않았지만 기독교세상에서는 이 책이 엄청 뜨거운 책입니다.신앙으로, 복음으로, 자녀들의 신앙계승으로 돌아가길 힘쓰는 참 그리스도인들이 사랑하는 책입니다.오래전에 ‘15분의 기적 테필린복음‘이 출간되어 사랑을 받아왔고 이번에 어린이 테필린복음이 나왔네요",5,2019-07-28
274264457,교회다움,12789867,용도싸,"리처드 코킨, 당신을 위한 에베소서 교회다움, 2021, 두란노

#리처드코킨 #에베소서
#두란노 #두피플2기

당신을 위한 에베소서 ‘교회다움’은 팀 켈러의 로마서로 시작된 당신을 위한 시리즈 가운데 에베소서를 강해한 책이다. 저자인 리처드 코킨은 영국 성공회 목사로서 영국 교회개척네트워크 코미션Co-Mission의 설립자이며, 청교도와 개혁신학에 영향을 받고 회심한 이후 영국 내 가장 영향력있는 목회자 가운데 한 사람으로 소개되고 있다. 

리처드 코킨은 국내 독자들에게 저자로는 익숙하지 않아 보이지만, 2018년 ...+ 더보기",4,2021-07-19
274264457,교회다움,12789316,사람낚는어부,"교회가 서비스직으로 돌아선지 어느덧 수십년, 고객 확보를 위해 달려오다보니 언젠가부터 잃어버리게 된 '교회다움(엡1:23)'. 애석하게도 제자는 없고, 손님만 있다.책의 마지막 페이지를 덮은 후, 글을 갈무리할겸 나의 생각을 되새겨보니 위의 글상자와 같은 내용이 흰 종이에 남아 있었다. 굉장히, 슬픈 이야기다.현재 교회의 목회자로 살아가는 내 인생에는 교회는 언제나 아픈 손가락이고기도의 대상이며, 걱정과 근심의 공동체이다. 바울도 이런 심정이였을까?젊은 목회자인 나는, 교회를 사랑한다. 주님...+ 더보기",5,2021-07-19
274264457,교회다움,12790668,신의딸,"​ 당신의 교회는 새로운 인류가 회집한 모임이요, 살아 계신 하나님의 성전이며, 영원히 지속될 그분의 작품으로서 천사들이 보기에도 기이한 존재임을 잊어서는 안 된다. 그러니 당신의 교회를 기뻐하라(141). ​​교회의 타락을 비난하고, 모이는 교회에 대한 회의감이 깊어지는 성도를 만나면 늘 '교회론'을 공부해볼 것을 권했고, 특히 <에베소서>를 깊이 묵상해볼 것을 권했습니다. <에베소서>는 교회가 얼마나 놀라운 하나님의 계획인지를 깨닫게 해주기 때문이지요. <에베소서>를 통해 교회를 통한 하나님의 지...+ 더보기",5,2021-07-20
274264457,교회다움,12795271,yangsoodori,"그동안 에베소서 전문은 아니더라도 절반 이상의 서로 다른 본문을 여덟 차례 설교했던 경험이 있었기에

팀 켈러와 존 파이퍼 목사님이 강력 추천한 리처드 코긴의 [교회다움]을 맞이했을 때의 첫 마음은

'이제 에베소서의 남은 구절들도 설교해 볼 수 있겠다' 였습니다.

그러나 이 책의 마지막장을 덮었을 때의 마음은 ... '일단 이 책을 읽도록 추천해야겠다'로 바뀌었지요.

함께 공부하며 읽어갈 책이 아니고서야 어려운 책은 사실상 추천하지 않습니다. 오히려 그 문턱과 장벽만 높여주는 셈이 되니까요. 그래서 정말 유익하면...+ 더보기",5,2021-07-21
274264457,교회다움,12796790,taniry,"<당신을 위한 에베소서 교회다움> – 리처드 코킨



성경교사, 리처드 코킨

/영국 던도날드 교회
담임목사. 영국에서
빠르게 성장하고 있는 교회개척네트워크인 코미션(Co-Mission)의 설립자이며 성경교사, 설교자, 저술가로 활동하고 있다.

케임브리지대학을
졸업하고 변호사로 활동하다가 옥스퍼드에서 신학을 공부한 뒤 2005년에 런던 윔블던에서 던도날드교회를
개척해 건강한 교회로 성장시켰다./



저자 소개에 ‘성경교사’라는 부분이 특이했는데 책을 읽다 보면 왜 그의 소개에 성경교사를...+ 더보기",5,2021-07-21
274264457,교회다움,12780371,juzzi85,"리처드 코킨? 처음 듣는 이름이었다. 인터넷을 살피며 이런 저런 정보들을 수집해 보았다. 우선, 리처드 코킨의 신학적 배경이다. 그는 복음주의자로 널리 알려진 존 스토트와 같은 영국 성공회 소속 목회자이다. 존 스토트가 그랬듯이 코킨 역시 종교개혁에 근거한 복음주의 노선을 지니고 있다. 그는 청교도를 통해 ‘신학적 회심’을 하였다고 한다. 그가 지향하는 신앙의 세계관이 상당히 보수적인 측면으로 돌아섰다는 것이다. 둘째, 이와 같은 충실한 신학적 비전을 가지고 지역 교회의 목사로 섬기고 있다. 그가 섬기는 던도날드 교회는 3개의 목표...+ 더보기",4,2021-07-16
274264457,교회다움,12795632,날아라은댕,"""하나님의 영원한 계획이 교회를 통해 펼쳐지다.""..이 한 문장이 이 책의 나침반이 되어주듯우리로 하여금 책의 내용으로 안내해준다..이 책은 에베소서의 내용을 크게바울이 생각한 교회다움이란 하나님의 마음으로 정의하고그 하나님의 마음을 각 사람에게 부어주신 은사로힘써 하나됨을 지키기 위해 교회가 실제적으로 해야하는부분에 대해 나누어 이야기 한다..에베소서는 언제나 읽을 때마다짧은 장으로 이뤄져있지만 그 안에기독교의 교리와 실천의 핵심들만모아 놓은 핵심교재와 같다는 생각을 했다.그래서인지 한 절, 한 절에 쓰여진한 글자, 한 글자를 절...+ 더보기",4,2021-07-21
24152014,킹덤 패밀리,6215920,하하하엄마,나는 크리스찬이다. 그리고 지금의 나는 신앙생활에 열심인 남편을 만나 8년째 결혼생활이 시작되었다. 작은 말다툼이 있지만 그건 당연하다고 생각이 들었다. 그리고 지난해 나는 어느 누구보다 행복한 결혼생활을 했다. 물론 중간 중간 어려움도 있었지만... 남편은 더 하나님과 가까이 살기를 원했고 그렇게 기도하며 살고 있다. 그런데 나는 지금 행복한가를 되짚어보면 꼭 그런 것 같지 않다. 자꾸 억울한 생각이 든다. 그리고 점점 어긋나는 모습에 어느날 우울해지기까지 하고 하염없이 눈이 났다. 그러던 중에 킹덤 패밀리를 만났다. 저자인 에슐...+ 더보기,5,2013-03-08
24152014,킹덤 패밀리,6253487,로이스,[킹덤 패밀리 - 애슐리 박] 남편은 왕! 아내는 여왕! 가정은 킹덤![킹덤 패밀리 - 애슐리 박] 남편은 왕! 아내는 여왕! 가정은 킹덤![킹덤 패밀리 - 애슐리 박] 남편은 왕! 아내는 여왕! 가정은 킹덤!,4,2013-03-22
221792483,쉽게 읽는 요한복음,11367173,책속에답이있다,쉽고 체계적인 요한복음 해설서가 나왔네요!,5,2019-12-16
321619701,창조와 타락,10881889,sarbor,"현대신서 71번은 창조와타락, 유혹, 두 권이 합본된 책입니다(Schopfung und Fall, Versuchung, Chr. Kaiser 1968, Gebundenes Buch).",5,2019-05-28
105678438,창조: 하나님의 세계를 즐거워하라,9786954,wngk,사변적으로만 흐르는 기독교 세계관이 아니라 현실에 뿌리박은 세계관 담론을 확장시키고자 평생을 노력한 저자의 열심이 드러나는 책이다. 성경공부를 접목시킨 새로운 유형의 세계관 입문서.,4,2017-12-21
108242423,목사 공부,9612085,램프의지식인,정용섭 목사 특유의 성찰과 내면의 반성이 돋보이는 글이다. 목회자 후보생들에게 추천한다.,5,2017-09-22
320051103,에베소서 묵상,14987614,Hanulvn,에베소서 이해와 묵상에 도움이 됩니다,5,2023-10-17
332730470,비움과 숨,15254679,daniel,끊임없이 쌓아가고 숨고르기 할 틈조차 없이 질주하는 우리 시대에 꼭 필요한 비움과 숨의 영성을 신뢰할 만한 한국신학 연구자에게서 들을 수 있다니 기대가 된다.,5,2024-01-27
303285233,"하나님, 저 잘 살고 있나요? 365 묵상 캘린더",14191658,aahhaa123,매일 매일 작가님의 한 문장과 성경말씀을 통해 새힘을 얻을 수 있는 기회! 크리스마스에 소중한 누군가에게 선물한다면 365일 1년 내내 이 선물을 건네는 이를 떠올리며 힘을 낼 수 있지 않을까?,5,2022-12-20
303285233,"하나님, 저 잘 살고 있나요? 365 묵상 캘린더",14038148,제리고고,신앙 에세이 ‘하나님 저 잘 살고 있나요?’를 읽은 적이 있다.어렵거나 부담스럽지 않게 믿음 생활을 점검하고 말씀을 묵상할 수 있는 감사한 책이었다.이번에는 그 감사한 마음을 잊지 말고 매일 되새기라고 이렇게 캘린더를 만들어 주셨다.책의 핵심 메시지를 잘 담고 있는 옹골찬 말씀 묵상 캘린더다.가까운 곳에 두고 하루하루 말씀을 먹고 기도하며 자신을 돌아보는 귀한 시간을 선물해 줄 수 있을 거라 기대한다.쉽게 하나님의 은혜를 망각해버리는 게 인간이다. 눈을 뜨고 감는 순간까지 매일 하나님의 말씀을 보고 듣고 순종할 수 있는 우리가 되면...+ 더보기,5,2022-10-25
49710555,목사의 딸,9388310,metron,"모든 논란과 진실 여부를 떠나서,지금까지의 한국교회에 대한 단상이자 증언인 것은 틀림없습니다.비록 부정적인 측면이기는 하지만요.이런 의미에서 굉장히 상징적인 책입니다.아니 상징 그 자체입니다.이 안에 저도, 또 여러분도 포함되죠...다만, 모든 에너지는 증언으로부터 시작됩니다...",5,2017-06-10
49710555,목사의 딸,17260024,ace,나의 강박적 신앙을 돌아보게 만드는 책. 진짜 믿음은 무엇인가 생각해보게 하는 책.,5,2026-05-06
49710555,목사의 딸,7309070,오!늘~,"복음을 재발견하고 우리 가정에 적용하고자 한다면 이 책을 읽으라!한국 기독교가 짧은 기간내에 성장하면서, 권위주의와 기복주의와 율법주의로 인하여 왜곡된 복음때문에 상처받은 사람이 있다면, 교회에서 상처받은 사람, 교회를 떠난 사람이 있다면 이 책을 읽기를 추천한다. 목회자의 자녀로, 선교사의 자녀로 말못할 가정의 아픔을 경험한 사람들이 있다면 꼭 이 책을 읽기를 추천한다.목회자 자녀가 아니더라도, 신앙이 '좋은' 집안에서 자라면서 복음의 은총과 사랑을 누리지 못한 가정이 있다면 이 책을 읽고 치유함을 받기를 원한다. &nb...+ 더보기",5,2014-12-30
49710555,목사의 딸,9442148,순한마음,"책을 펼쳤을 때 마음 깊히 다가온 말은 이 책을 읽는 모든 이들에게 하나님의 깊은 속삭임이 되길 바란다며 전해준 저자의 신앙관의 터닝 포인트가 되었다는 다음 세 마디였다. Behoding is Becoming.바라보는 것, 그것이 곧 닮아가는 것이다. Not for God but with God.하나님을 위해서가 아니라 하나님과 함께하라. Separation not by lsolation but by Distinction.세상으로부터 물리적인 고립이 아니라 이질적으로 분리되라.&nbsp...+ 더보기",3,2017-07-06
7290519,"히말라야, 내가 작아지는 즐거움",3938270,루사,"법상 스님과 함께하는 쿰부 트레킹

나는 한동안 히말라야 트레킹에 대한 책을 많이 읽었다. 왜 그런지 몰라도 요즈음은 히말라야 산을 트레킹하는 사람들이 많아지고 또 그런 트레킹을 원하는 사람들이 많이 늘어나고 있다라는 생각을 했다. 나는 산을 정말 싫어 한다. 왜 그렇게 까지 힘들게 해서 올라가서 잠시 잠깐 있다가 내려오는 것이 전부인데 왜 그렇게 사서 고생을 하는지 모르겠다. 하지만 이 산 히말라야에는 꼭 한번 힘들게 올라가보고 싶다. 왜 이렇게 산을 싫어하는 나조차도 언젠가는 한번 꼭 올라가고 싶게 만드는 것인지 모르겠다. ...+ 더보기",5,2010-07-20
7290519,"히말라야, 내가 작아지는 즐거움",3985098,규리민서맘,"책이란 참 묘한 것 같다는 생각을 한다. 개인적으로 힘든 시기에
읽은 이 책은 마음의 치유와 위로를 안겨주기에 충분했다.
우리들은 소유하고 있는 것과 소유하고 있다고 착각하는 인간과의 관계에 있어
얼마나 집착의 끈을 놓지 못하고 있는지...이 책을 읽으며
그 팽팽한 긴장을 조금 내려놓으며 삶과 사람에 대한 내려놓음을 배우게 된다.
히말라야 등반을 하면서 느끼는 감상과 필자의 생각이 오롯이 담긴 이 책...
선명한 사진들과 살아있는 눈빛의 현지의 사람들...
나 역시 모두 내려놓고 떠나고 싶지만 아직은 어려운 현실......+ 더보기",5,2010-08-04
7290519,"히말라야, 내가 작아지는 즐거움",3955735,거북이,"많은 여행기를 보아 왔지만 작가가 스님이라는 사실이 책에 대한 호기심을 자극하기에 충분했다. 책을 휘리릭 넘겨보면 예상했던 것처럼 높은 고도의 히말라야를 배경으로 이제까지 본적 없는 맑고 진한 파랑의 하늘과 눈 덮인 설산, 바람에 휘날리는 룽다가 보인다. 사진만으로도 충분히 설레기 시작한다. 
 
작가는 히말라야 등반과정과 등반을 하면서 느껴지는 인생에 대한 생각을 담담하게 이야기하고 있다. 히말라야 등반은 고도와의 싸움이라 해도 과언이 아니다. 높은 고도에 적응하기 위해 하루나 이틀정도 시간을 가지고 몸이...+ 더보기",4,2010-07-25
7290519,"히말라야, 내가 작아지는 즐거움",3944196,호야루,"히말라야 산은 그야말로 인간의 한계를 시험하는 곳 같아요.
한 여름의 더위에 새하얀 눈을 볼 수 있다는 것 자체가 자연의 신비인 것 같은데 그 높은 산을 사람들은 왜 굳이 올라가려고 하는 건지 이해가 안되요.
누군가에게는 다른 사람이 하지 못하는 것을 하고 싶은 마음도 있을테고, 거대한 자연에 대한 도전정신과 정복욕이 있겠지만 그 곳에서 돌아오지 못한 많은 사람들을 보면서 역시 인간은 위대한 자연에 맞서 싸울 수 없다는 것을 새삼 느끼게 되요.
하지만 그 곳에 오른 사람들을 보면서 또한 자연보다 더 위대한 것이 인간인 것 같다...+ 더보기",4,2010-07-21
7290519,"히말라야, 내가 작아지는 즐거움",3905212,book,"'여행을 떠나는 것만으로도 깨달음의 반은 성취 한  것'이라는 말을 남긴 티베트의 위대한 성자로 알려진 밀라레빠(1052~1135)는 12세기 위대한 시인이자, 뛰어난 수행승이었다. 다른 성자들이 여러 생에 걸쳐 최고의 깨달음을 얻은 반면, 그는 단 한생을 통하여 최고의 깨달음을 얻었다고 한다. 이 책의 저자인 법상스님은 '밀라레빠'의 말에 홀린 것처럼 네팔과 히말라야로 구도자의 수행의 길과 다름없는 여행을 떠났다. 

누구나 여행을 꿈꾸고 그것이 이국적인 정취의 해외여행이라면 마다할 이는 없을 것이다. 그...+ 더보기",4,2010-07-12
7290519,"히말라야, 내가 작아지는 즐거움",3935983,레드미르,"최근 사하라 사막 횡단,  히말라야 트레킹, 아마존 밀림 탐험, 남극 대륙 횡단 등 “오지여행”이 새로운 트렌드로 떠오르고 있다.  전문 탐험가들이나 방송사 다큐멘터리 제작진이나 시도해볼 만한, 즉 먼 나라 사람 이야기들로만 들렸던 그런 오지 여행이 색다른 여행을 해보고자 하는 일반 사람들의 참여가 늘어가면서 인터넷으로 검색하면 전문 여행사 리스트나 여행 체험담들이 몇 십개 씩  검색될 정도로 이제는 더 이상 낯설지 않게 되었다.  돈만 들이면 편하고 쉬운 여행들이 신문 일면을&...+ 더보기",5,2010-07-19
7290519,"히말라야, 내가 작아지는 즐거움",3944451,서현맘,히말라야로 트레킹을 이렇게들 많이 가시는군요. 몰랐습니다. 히말라야라고 하면 그냥 전문 산악인이 등반한는걸로만 생각했는데 그 험하디 험한 산을 일반인들이 더군다나 세계 곳곳에서 트레킹을 온다는게 놀라웠습니다. 높은 곳인데 퇴직하신 분들도 가시는것도 놀랍구요. 저도 퇴직하면 꼭 가봐야겠다는 생각이 들었습니다. 나를 위해서 꼭 가보고 싶네요.  30여년 넘게 뼈빠지게 일했는 자신에게 이 정도의 휴식과 명상의 시간은 줘도 될것 같습니다. 제가 제 스스로에게 주는 선물과 같은 시간이 될것 같습니다. 다만 그때까지 히말라야의 순수한...+ 더보기,5,2010-07-21
7290519,"히말라야, 내가 작아지는 즐거움",3935914,사람세상,"불광에서 나온 책을 여러 권 읽었다. 향기나는 책이라고 할까? 많은 생각을 하게 만드는 책이라고 할까? 은근슬쩍 은은하게 가슴을 울리는 그 향내에 취해 불광출판에서 나온 책을 거푸 읽게 된다.

인터넷 생활수행도량 '목탁소리(www.moktaksori.org)'와 다음 카페 '목탁소리 지대방(http://www.moktaksori.kr)의 지도법사인 법상스님이 히말라야 쿰부 트레킹을 다녀온(안나푸르나, 라다크, 미얀마 여행을 한번에 다녀온 것중에서) 경험담과 구도자로서의 산중 체험을 진솔하게 담은 책이 히말라야 내가 작아지는 즐...+ 더보기",5,2010-07-19
7290519,"히말라야, 내가 작아지는 즐거움",3936830,갈꽃,벌써 방학을 맞이한 아이들의 성화에 남들보다 이른 휴가를 떠나는 사람믈도 있고 다른 해보다 빨리 찾아온 무더위와 장맛비로 습도까지 높다보니 도심을 떠나고 싶은 간절함이 절정에 이른다....+ 더보기,4,2010-07-19
7290519,"히말라야, 내가 작아지는 즐거움",3915065,무진無盡,"히말라야는 어디에도 있다
요즘은 걷기 여행에 대한 관심이 유독 높아지는 시대다. 시간과 마음의 여유를 누리는 것 같아 부러운 생각이 앞선다. 비록 건강을 챙기고 유지하기 위한 방편으로 선택하게된 것일지라도 여유로운 마음으로 자연 속의 넉넉함으로 자신을 돌아보는 기회를 만든다는 차원에서 그렇다. 이제 이렇게 자연의 일부이며 자연 속에서 살아가는 존재임을 깨달고 자신을 성찰할 기회를 갖는다는 대단히 긍정적인 접근이라 더 좋아 보인다.

얼마 전 조선 선비들이 유명한 산을 찾아 그 정상을 올랐거나 기슭을 유람하며 느낌을 기록한 유산...+ 더보기",5,2010-07-14
7290519,"히말라야, 내가 작아지는 즐거움",3920254,swimyang,"한 여름 더위 속에서 시원한 눈 산을 느껴볼 수 있어 참 행복했고, 더할 나위 없이 좋은 시간이었다. 그리고 저자인 스님의 산행을 함께 하면서 철학적 사유 또한 함께 할 수 있어 더욱 뜻 깊은 시간이었다. 
나는 특정 종교가 없기 때문에 주제가 흥미롭고, 내용이 흥미롭다면 종교 구분 없이 책을 읽는 편이다. 특히 동양 철학의 서적은 특정한 신을 논하지 않고, 일반적인 자연의 이치를 논하며 인간으로 하여금 대자연과의 합일을 강조하는 것이 대부분이어서 읽는 데 불편함이 없다. 오히려 내 삶의 가치관과 일부분 맞아떨어지는 부분도 있어서...+ 더보기",5,2010-07-15
7290519,"히말라야, 내가 작아지는 즐거움",3948839,채민이랑,"보통 여행지에 관한 책을 접하게되면 가장 먼저 하게되는 생각은 가보고 싶다!!!언젠가 한번 가봐야지... 하는것이다.
하지만 가보고  싶다에만 그치게 되는곳이 있는데 그곳이 바로 히말라야이다.
내게 히말라야는 마음으로만  갈 수 있는 그런곳같다. 요즘은 일반인들도 많이 트레킹을 간다고들 하지만 내게는 가보기는 힘든 차마 갈 수 없고 마음으로 동경하게 되는 그런 곳인 듯하다.
산이 험하기에 그렇기도 하지만 왠지 일반인이 범접해서는 안될 그런 느낌이 든다고나 할까?
책의 제목을 보는 순간 아! 그렇지! 하는 생...+ 더보기",4,2010-07-22
7290519,"히말라야, 내가 작아지는 즐거움",3947500,kimsujinn,"법상스님이 쓴신 히말라야,트레킹이다.

우선 나는 왜 내가 작아지는 즐거움이 뭘까?란 궁금증을 느끼면서 읽게 되었고 

저자의 말을 읽으면서 왜 내가 작아지는 즐거움인지를 알게 되었다. 

지금 우리사회는 항상 내가 커지려는 노력하는 사회에서 많은부를 가지려고 고전분투하며 사는 우리에게, 내가 작아지는 즐거움이란  나 라는 이상과 에고가 작아지고 작아져 무아가 되었을때 비로소 온 우주와 하나 되는 우주적 참된 자아와 만나게 되는 것이다라고 이야기 한다.즉 내가 없어질때 바로 참된 나가 나타난다는 것이다. 즉,스님...+ 더보기",4,2010-07-22
29862251,영혼의 계절들,6541402,zhenglan7,알아감으로 누리게 되는 자유함에 대해 알게된 책,5,2013-08-22
29862251,영혼의 계절들,7542214,Minsu Choi,"오랜 고민이 된 영성의 문제가영혼의 계절들을 읽으며, 자연스러운 하나님과의 관계.그리고 말씀의 사계절을 느낄수있는정말 보면서 쉼을 누리는 책.꼭 읽어보길 바란다.하나님과의 관계에 있어서 부자연스러운 것은 전혀 없다. 자연스럽고 그분의 이야기를 조용히들어볼 수 있는 책이다.^^",5,2015-05-15
221113697,맥아더 성경 주석 (컬러판 양장본),11496166,이영주,21세기 최고의 성경교사 존 맥아더..,5,2020-02-11
237295221,마음의 요가,15102876,파란놀,"숲노래 책읽기 / 인문책시렁 2023.12.1.숲노래 글손질 / 다듬읽기 126《마음의 요가》 스와미 비베카난다 김성환 옮김 판미동 2020.4.8.  《마음의 요가》(스와미 비베카난다/김성환 옮김, 판미동, 2020)를 곰곰이 읽었습니다. 마음을 다스리는 길이란, 마음을 다독이면서 가꾸는 하루입니다. 마음을 살리는 몸짓이란, 마음에 심은 생각을 반짝반짝 별빛으로 일으키는 이야기입니다. 우리는 저마다 스스로 살림하는 나날을 차근차근 느끼면서 마음에 말로 담습니다. 그냥저냥 살아갈...+ 더보기",3,2023-12-01
237295221,마음의 요가,11670863,헬레니즘,"마음의요가요가에 대한 책이라고 하면 심신운동으로서의 요가를 떠올리고 요가 자세이 대한 사진이나 그림을 예상할 것이다. 내가 실제로 요가를 배울 때 한번은  몸매 교정을 위한 수업이었고 또 한번은 명상으로 시작해, 명상으로 끝나긴 했지만 역시 요가동작으로 체력단련에 목적을 두었기 때문이다. '마음'이라는 단서가 달리긴 했지만 나는 여전히 요가에 방점을 찍고 이 책의 제목을 떠올렸다. 나의 짐작은 너무나 보기좋게 배반당했다. 이 책은 요가를 단순히 운동 혹은 마음수련으로만 보지 않는다. 그  이상으로 신의 지혜와 세상의 이치를 향한 가...+ 더보기",5,2020-04-23
237295221,마음의 요가,11658502,따부시향덕,"<마음의 요가>는 19세기 인도에 등장한 후 지금까지 세계인의 마음 속 영적 지도자로 남아있는 '스와미 비베카난다'의 강연집이다. 우리는 그보다 6살 어린 간디는 알아도 비베카난다는 잘 모른다. 인도의 국부이자 위대한 사상가 간디는 ""그의 글을 만나고, 나의 사랑은 1,000배 불어났다.""라는 말로 그를 향한 존경을 드러냈다. 내가 비베카난다를 처음 알게 된 것은 인도서 요가를 배우면서다. 만나는 요기(요가 수행자)들 마다 그를 스승으로 칭송하는 것을 보았다. 후에 그의 사진을 보게 되었을 때, 통통한 얼굴과 투박한 체형...+ 더보기",5,2020-04-18
237295221,마음의 요가,11698621,수수꽃다리꽃,"이 책은 방대한 인도 철학과 그 메시지를 일상의 언어로 쉽게 설명하려 애쓴 흔적이 곳곳에 보입니다. 그래도 가볍게 읽기는 어렵습니다. 요가, 마음, 지혜, 영혼이라는 키워드에 관심이 없다면 책 전체가 '뜬구름 잡는 말'로 들릴 수도 있을 것 같아요. 하지만 조금 인내심을 갖고 마음을 가라앉힌 뒤에 천천히 읽다 보면 마음의 눈이 밝아짐을 단번에 느끼실 수 있을 거라 믿습니다. 나와는 상관없을 것 같았던 인도 철학이 약해진 마음의 힘을 키워줄 수도 있습니다. 우리의 삶이 우주를 포함하고 다른 사람들을 포함할 때, 오직 그때에만 우리는 ...+ 더보기",5,2020-05-06
237295221,마음의 요가,11672492,무파스,모든 것이 영원토록 존재해 왔다.인도는 불교와 힌두교가 시작된 곳이어서 명상과 영혼을 정화하는 철학이 많다고 생각합니다. 서구 철학을 배웠고 수행을 했던 영혼의 스승 비베카난다의 말이 담겨있다니 기대되었습니다.양과 함께 자란 사자는 양처럼 울고 자신을 양이라고 생각합니다. 사자가 연못에 비친 모습을 보고서야 자기가 사자란 사실을 깨닫고 포효했습니다. 우리의 영혼은 그 사자처럼 순수하고 무한하고 완전한 영혼 그 자체라고 합니다.우리는 세상을 우리 식대로 바라봅니다. 우리가 겉으로 볼 수 있는 건 그것이 우리 내면에도 있기 때문입니다....+ 더보기,5,2020-04-24
237295221,마음의 요가,11677628,syanyway,"""우리는 언젠가 반드시 묻게 된다, 이 삶이 진짜일까?""인간은 대체 왜 신을 찾는 것일까요?왜 모든 나라와 모든 민족들이 완벽한 이상을 추구할까요? 그런 관념들이 이미 당신의 내면에 있기 때문입니다.원래는 당신 자신의 심작박동 소리였지만, 당신은 그 사실을 모르고, 그것을 외부에 있는 무언가로 간주해 왔습니다. 하지만 '그'를 찾고 '그'를 실현하도록 부추기는 것은 당신 자신의 내면에 있는 바로 그 신입니다.​ 이번 영성 책은  판미동에서 출판한 <마음의 요가>.아직 배움이 짧아서 그런지 ...+ 더보기",5,2020-04-26
237295221,마음의 요가,11736015,품앗이,"이 책 <마음의 요가>의 저자 비베카난다는 인도 최고의 영적 지도자로 추앙받고 있습니다. 인도의 위대한 영혼 라마크리슈나가 인정한 유일한 계승자이기도 한 그는 스승의 타계 후 스승의 사상을 서양에 알리는 데 중요한 역할을 하게 됩니다.      그는 모든 종교와 사상을 초월하는 가르침을 전했습니다. 어떤 종교도 배척하지 않고, 나름의 쓸모를 인정하며 포용하는 자세를 취했습니다. 그런 관점은 세상 만물에 내재되어 있는 신을 통해 모든 것이 연결되어 있으며, 분리가 아닌 통합을, 우리가 곧 신이라는 결론에 도달합니다...+ 더보기",5,2020-05-23
237295221,마음의 요가,11664906,김은아,이 글에는 스포일러가 포함되어 있습니다. 보시겠습니까?회색 영역을 클릭하면 내용을 확인할 수 있습니다.,5,2020-04-21
237295221,마음의 요가,11732014,글인,"어려운 책이다. 난이도가 높은 책이고 인도 철학에 대한 지식이 있었다면 수월했을 것으로 보인다.이 책은 라마크리슈나라는 인도의 사상가이자 신비주의적 종교가의 제자인 비베카난다의 강연을 모은 내용이다. 비베카난다는 그리스도교가 창궐하는 미국, 영국에서 인도의 철학을 설파하였다. 그 내용은 서양인들이 받아들이기 어려운 철학이었다.""불이일원론""둘이 아니라 하나. 모든 것은 하나라는 것을 주장하는 철학이다. 서양에서는 이미 선과 악, 천국과 지옥, 신과 인간 등 모든 것들을 이분법적으로 이해하고 믿던 시절이었다. 그런데 신과 나의 경계가 ...+ 더보기",5,2020-05-21
237295221,마음의 요가,11670185,이혜영,"<마음의 요가>는 인도의 힌두 개혁자, 민족주의 우상, 전 세계적으로 자타공인 '영혼의 스승'이라는 타이틀이 붙은 '스와미 비베카난다'의 베단타 철학과 다양한 요가에 대한 강연을 엮은 책이다.*참고로 우리가 흔히 '요가'를 운동의 한 종류로 알고 있지만 본래 몸을 가꾸기 위한 운동이 아닌 몸과 마음을 통해 깨달음으로 나아가는 방법을 지칭하는 의미'스와미 비베카난다'의 글은 이번에 처음 읽어봤는데 '지혜'를 중시하며 마음과 생각으로 삶의 본질을 탐구하는 고차원적인 내용이었다. '종교인이고 사유에 대한 생각도 종종 해봤기에 ...+ 더보기",5,2020-04-23
237295221,마음의 요가,11721279,짱구눈썹,"책을 읽기 시작하면 단숨에 읽어내는 스타일이다. 빠르면 하루, 늦어도 3일을 넘기질 않는다. 이 책을 배송 받은 것이 4월 29일, 다음 날 30일부터 읽기 시작했는데 5월 16일이 되어서야 끝냈다. 계속 책을 잡고서 읽기가 참 힘이 드는 책이다. 참 문장을 읽고, 한 페이지를 읽고, 한 챕터를 마치고는 책을 덮고서 생각에 잠기는 시간이 훨씬 더 많아져서다. 문장 하나에 마음이 꽂혀서 사유의 날개를 펴다보면 그날 하루가 끝이 났다.이 책 <마음의 요가>는 라마크리슈나의 제자인 비베카난다가 19세기말에 영국과 미국에서 강연...+ 더보기",5,2020-05-16
237295221,마음의 요가,11670515,mariamagdalene,"'어떤 형상에서도 위로를 찾을 수 없다.'아빌라의 데레사 성녀가 자서전에서 말했듯, 누구나 한번쯤 겪었으리라. 가족, 친구, 연인, 소유, 관계, 돈, 물건 등 어떤 것에서도 위로를 발견할 수 없었던 순간을. 그때서야 보이지 않는 것에 귀를 기울이게 된다. 눈을 열어 하늘을 보면서, 감각으로는 알지 못하는 저 너머의 '힘'을 느끼게 된다. 그 힘은 이미 있고, 항상 존재하는 것이지만, 그것과 늘 함께 있다고 자각하며 살기란 어렵다. 삶은 곧 꿈이요, 꿈이 곧 실재요 현실이라고 믿는 인간이기에. 하지만 '깨달음'이라는 말을 ...+ 더보기",5,2020-04-23
237295221,마음의 요가,11671865,하얀구름,"인도의 영성을 넘어 세계의 스승으로 등극한 스와미 비베카난다의 가르침이다인도 최고의 영적 스승이 말하는 삶의 무상함을 극복하는 지혜의 길이라 칭한다스와미 비베카난다는 누구인가? 그는 인도내에서는 힌두 개혁가이자 민족주의의 우상으로 전세계적으로는 영혼의 스승으로 존경 받는 인물이다 [마음의 요가]는 그가 8년 동안 미국과 영국 전역을 돌며 전파한 즈냐나 요가(Jnanan Yoga, 지혜의 요가)의 가르침을 담은 강연 모음집이다.마음의 요가는 인도경전 베다의 가르침을 전한다. 그 영성적 개념과 관념들로 가득차 있다. ...+ 더보기",5,2020-04-24
8312266,그 청년 바보의사 + 북라이트 기프트 세트,5119786,후애(厚愛),오늘반 반값~! 탐이나네 선물하고픈 책이기도 하다,5,2011-10-04
8312266,그 청년 바보의사 + 북라이트 기프트 세트,4576895,한송이장미,참 의사의 이야기가 너무 감동적입니다. 정말로 하나님을 사랑하는 귀한 분이야기라,5,2011-03-01
8312266,그 청년 바보의사 + 북라이트 기프트 세트,4525105,pure725,"이 책은 나와 좋지 못한 인연으로 맺어졌기에 한동안 부러 읽지 않았다. 작년 상반기에 나를 무척이나 힘들게 했던 TaLK 프로그램과 연관이 된 책이었기 때문이다. 급기야 TaLK 사업을 그만두는 상황에 처했는데 그 때 같이 일했던 국내 장학생이 ""늘 바쁘신 선생님...한 학기가 지났는데 고생의 흔적이 얼굴에 뭍어나는 것 같아 마음이 아픕니다""라는 카드와 함께 선물해준 책이다. 나는 지난 한 해 '늙었다'는 말이 딱 어울리게 많은 고통을 겪었다.  
나는 늘 시간에 쫓긴다. 교사로서 아내로서 엄마로서 딸로서 해야하...+ 더보기",5,2011-02-14
209007895,용수 스님의 코끼리,12429844,한선희,"언제가 경험했는데 풀지지 않았던 일들~또는 미래를 걱정했던 일들~그리고 지금 현제 일어나고 있는 수많은 생각들 때문에 혼라스러운 일들이 해결되면서 마음이 평온해지고 명료하게 정리가 된다.어떻게 생각하고,행동하고, 말해야 할지 스스로 정할 수 있어서 행복하다.",5,2021-03-01
209007895,용수 스님의 코끼리,11193051,파란놀,"숲노래 책읽기인문책시렁 96《용수 스님의 코끼리》 용수 스토리닷 2019.9.28.마음이 천당과 지옥을 만듭니다. 행복과 불행은 마음에 달려 있습니다. (15쪽)우리가 이미 완벽하고 신성한 존재라는 것을 모르기 때문에 좋은 것을 갈망하고 안 좋은 것을 거부하고 두려워합니다. (31쪽)‘앞으로 더 열심히 하라’보다는 ‘지금까지 참 잘했네’ 충분히 인정하고 칭찬해 주세요. (43쪽)자녀들에게 알려주세요. 있는 그대로 괜찮다고, 있는 그대로 좋아한다고요. 바꾸려고 하지 마세요. 바꾸려고 하면 아이는 스스로 가치...+ 더보기",5,2019-10-15
209007895,용수 스님의 코끼리,14432803,Grace,"* 명상을 배우면생각을 알아차리게 됩니다.생각을 접하는 방식이 달라지기 시작합니다.우리는 생각 세계에 삽니다.생각 세계는 매우 좁고, 고통이 많은 세계입니다.우리는 생각으로 몽상과 허상을 계속 만들고 나라는 존재도 구체화하고 제한이 많은고통의 세계를 만들어서 그 세계 안에서 살고 있습니다.그래서 명성의 핵심은 생각을 알아차리는 것입니다. .생각을 그저 관하고, 생각의 순수한 목격자가 되어생각을 담담하게 지켜보는 것을 연습하면감정과 나를 동일시하던 것에서순수자각과 동일시하게 되는 전환이 일어납니다.이렇게 되면 마음이 편안해지...+ 더보기",5,2023-03-17
249782566,신명기역사서연구,11952765,책속에답이있다,신명기역사서에 대한 좋은 책이 나왔군요. 감사합니다,5,2020-08-27
14434210,창세기 1장의 잃어버린 세계,9307016,유결맘,"논문이라 딱딱한 면이 있지만, 창세기에 대한 신학적 의미와새로운 관점을 설득력있게 제시한 책이네요~^^",5,2017-04-28
3581979,바이블 맵,3223598,traitor,"이 책의 가장 큰 장점은 저자의 시각이다. 개신교도들 중에는 실상은 그렇게 믿거나 살지도 않으면서 성서를 비판하면 굉장히 불쾌하게 생각하고 나아가 불안해한다. 그래서 성서를 (잠깐만, 아마 성서라는 말조차가 화가 날지도 모른다. 성경이라고 해야 조금 더 권위가 있다고 생각할 테니) 그 자체로, 문자 그대로 믿어야 한다고 말한다. 신학의 말로 이런 태도를 fundamentalism이라고 한다. 이 태도는 성경을 숭앙하는 것 같지만 사실은 그 반대의 태도- 사사건건 성경의 역사성을 의심하고 권위를 깎아내리는 태도-인 liberalism...+ 더보기",5,2009-11-23
3581979,바이블 맵,8632111,에릭헌트,성경에 대한 큰 흐름에서 스토리의 개괄적인 이해가 가능하다. 성경이 종교 서적인 만큼 묵상하고 해석해야 하는데성경 구절의 의미들을 이해하는 데는 적합하지 않다.성경의 입문서 참고서 정도 되겠다,2,2016-07-18
292588196,내 모습 이대로 기도합니다,14017609,Bookbuff,"분명 알맹이가 있는 이야기임에도 불구하고 읽기가 쉽지 않다. 반복되는 개념도 많고 뜬구름 잡는 듯한 문장들도 많다. 구성도 효율적이라고 보기 어려울 것 같다. 저자 두 명의 목소리가 하나로 녹아들지 못한 탓도 있지 않나 싶다.무엇보다도 기도를 하나의 ‘수련’으로 접근하고 있는데, 수련을 통해 경험적으로 터득해야 하는 개념들을 말로 전달한다는 건 정말 어려운 일이다. (그래서 가이드북을 자처한다) 간절한 마음으로 쫓아간다면 분명 얻을 게 있을 책이다.",3,2022-10-17
292588196,내 모습 이대로 기도합니다,13843249,likehan3,우리는 신앙생활을 하면서 우리의 기도가 괜찮지 못 할 때가 있다. 이런 우리의 모습에 대해서 아닌 척 할 때 있다. 문제는 기도하는데 사막 가운데 덩그러니 홀로 남겨진 느낌을 받는데도 우리의 신앙상태에 대해서 하나님에게 그대로 아뢸 생각을 하지 못한다는 사실이다. 감사한 것은 오늘도 성령은 우리가 마땅히 기도하지 못할 때에도 우리를 위하여 친히 간구해 주신다는 사실이다.기도는 하나님과 대화하는 시간이다.우리가 기도를 하나님에게 진솔하고 솔직하게 아뢰는 것보다 잘 해야 된다는 생각에 사로잡히게 될 때 우리의 기도에 대해서 죄책감에 사...+ 더보기,4,2022-08-12
27486236,적천수강해,6462230,쿵쿵,적천수를 알기쉽게 이해하게 되었습니다. 짱짱!!,5,2013-07-12
27486236,적천수강해,6453689,vonbroun,충실하고 자세한 내용이 좋았습니다.,5,2013-07-08
27486236,적천수강해,8563068,blueboy,세상이치를 알고 싶었고 격물치지의 한 방편으로 사주명리에 관심이 있었다. 그래서 서점에서 책을 몇 권  사서 보기는 했지만 공부가 지속되지도 깊어지지도 않았다. 그러다 우연히 동네도서관 카페에서 스터디하고 계신 선생님을 만나 본격적으로 공부를 &n...+ 더보기,5,2016-06-15
27486236,적천수강해,13769887,sunkey,"적천수 천미는 1846 임철초선생,적천수 징의는 1935 서락오선생인데 적천수 징의가 임철죠선생이라고 얘기하네요!어떤 책을 기본으로 해서 설명한 건가요?",4,2022-07-16
21712287,이땅에서 그리스도인으로 설 수 있을까?,6045611,jann,"디트리히 본회퍼의 설교집을 읽으면서 깊은 감동으로 내 영혼은 떨렸고, 세찬 폭풍우가 지나간 후 대자연이 정화되듯 영혼이 맑아졌다. 지금까지 많은 설교를 듣고 또 설교집을 읽기도 하였지만, 본회퍼의 설교는 한 단어 한 문장이 생생하게 살아나 피를 토하는 외침으로 내 영혼에 메아리 치는 듯하였다. 그는 하나님 앞에 자유가 무엇인지 알고, 살아 계신 하나님 앞에 겸허하게 살아간 진실한 그리스도인으로서, 하나님을 사랑하듯 사람을 사랑할 줄 아는 사람이었다. 그는 이 세상에 두 발을 딛고 책임감 있게 살아가면서도, 별이 반짝이는 하늘...+ 더보기",5,2012-12-30
1021697,거룩한 사귐에 눈뜨다,5478801,책사랑,"최근 각광받고 있는 '영성지도'에 대해서 가장 대중적 눈높이에서 쓰여진 책이 아닐까 생각한다. 영성지도의 의미와 방법, 영성지도의 소그룹 적용인 '영성지도모임'의 운영방법과 실례 등을 다루고 있다. 기대와 흥미를 불러 일으키며 이해하기도 쉽게 잘 썼다. 그러면서도 내용이 가볍지 않아 저자의 내공을 실감케 한다. 영성 지도에 대한 입문서로서 추천할만하다. 허나 탄탄한 이론적 기초를 쌓으며 공부해가기 원하면 다른 책의 도움을 받아야 할 듯 하다.",5,2012-03-08
1021697,거룩한 사귐에 눈뜨다,11311091,반란을꿈꾸며,"제목 : 거룩한 사귐에 눈뜨다작가 : 데이비드 배너번역 : 노종문출판사 : IVP읽은날 : 2019/11/13 - 2019/11/16분류 : 종교영성훈련에 관한 책..내가 취약한 부분이 영성과 관련된 부분이 아닐까 싶다. 기도를 열심히 하는 것도 아니고, 말씀대로 열심히 사는 것도 아닌 날나리 크리스찬이다 보니 이런 생활을 하시는 분들은 존경스럽고 멋지시다.제자훈련이나 성경공부와는 다른 영성사귐에 대하여 본인의 경험과 영성교제의 사례를 통해 영성에 대해 배우게 한다. 무엇보다 무언가를 가르치려고 하지 않고 성령이 직접 지배...+ 더보기",3,2019-11-25
18272410,화나면 화내고 힘들 땐 쉬어,5807794,왕눈이,"이렇게 유쾌하고 상쾌하고 통쾌한 글을 쓴 작가가 신부님이라니 믿을 수가 없다.
카톨릭교의 신부라면 근엄하고 점잖을 것이라는 선입견을 여지없이 무너뜨리는 신부님의 글들이
어찌나 속이 시원한지 읽는 내내 더위를 잊을 수 있는데다 실실 웃느라 곁사람 눈치를 보고야 말았다.
혹시 미친사람 취급을 받으면 어쩌나 하면서도 나오는 웃음이야 방귀만큼이나 참기 힘들걸.
'신부님의 속풀이 처방전 2'라는 부제답게 시원한 속풀이가 한 여름 얼음동동 냉면맛이다.
가족걱정에 근심이 떠날 날 없는 자매에게 '쓸데없는 걱정...+ 더보기",5,2012-08-22
2668669,넷째 왕의 전설,13036982,tadays,1989년판 이 책을 읽었는데 몇 번을 읽어도 가슴이 먹먹한 책...이번 성탄선물을 지인들에게 주려고 구입.정가가 1200원이었는데.,5,2021-10-22
171877279,삶이 지금 어딜 가느냐고 불러세웠다,11629112,송도둘리,"코로나19를 겪으며 종교의 역할에 대해 그 어느 때보다 고민하게 되는 것 같다. 공공의 안전이 우선인가, 교리의 준수가 먼저인가. 또는, 종교의 본질은 집단의 결속과 카타르시스에 있는지, 아니면 개개인의 깨달음과 변화에 있는지 하는 고민들……. 종교가 오히려 사회의 발목을 잡고 있다는 원성도 높지만, 가치 있는 삶으로 가는 이정표로서 기능한다는 사실은 부인할 수 없다. 이 책은 불교 경전에 대한 해설서라거나, 난해한 선문답이 아니라 한 스님의 일기장이다. 따라서, 스님의 고민이 나와 다르지 않다는 점에 훈훈한 공감도 주...+ 더보기",3,2020-04-06
280059624,어쩌다 쿠팡으로 출근하는 목사,13015338,깐도리,"목회자에서, 쿠팡맨 알바일을 하기까지 여정을 쫒아가본다.",5,2021-10-13
280059624,어쩌다 쿠팡으로 출근하는 목사,12999445,열정맘,읽어보길 추천하는 책입니다,5,2021-10-06
280059624,어쩌다 쿠팡으로 출근하는 목사,13018989,렛잇고,한국교회 위기에 직면한 현재 한번 읽어볼 만한 책입니다. 많은 분들이 여기에서 메시지를 읽어냈으면 좋겠습니다.,4,2021-10-14
280059624,어쩌다 쿠팡으로 출근하는 목사,13004843,-,하나님이 무엇을 하고 계시는지 깨닫기 위한 잠시 멈춤이라고 생각하자.성경에 없고 복음이 아닌 그들이 이익과 자리 유지를 위한 정책은 아무런 영향을 끼치지 못한다고 합니다.그저 인간이 만든 바람에 날리는 먼지와 같이 느껴질 뿐 입니다.,5,2021-10-08
280059624,어쩌다 쿠팡으로 출근하는 목사,13019607,papa,"대형교회 부교역자의 삶… 그곳에서 나온 용기있는 삶..축복합니다만…지금도 그저 묵묵하게 하나님 나라를 위해 고군분투하는 교역자들의 삶, 한 영혼의 무게를 무겁게 느끼며 복음을 위해 살아가는 이들의 삶은 비열한것으로 치부하는 듯하며 그 작은 열정이라도 무시하는 듯한 느낌이 강하게 듭니다",1,2021-10-14
280059624,어쩌다 쿠팡으로 출근하는 목사,13052298,소녀시대,오늘날 한국교회의 모습을 적나라하게 보여주는 책,5,2021-10-29
280059624,어쩌다 쿠팡으로 출근하는 목사,13020043,트와이스,"위를 바라보고 달리는 목사가 아닌, 한사람의 신앙인으로 다시 서는 삶이 무엇인지 보여주는 귀한 책입니다.",5,2021-10-15
280059624,어쩌다 쿠팡으로 출근하는 목사,13018061,새벽하늘,글쎄라는 말이 먼저 나온다. 정말 어렵고 힘든곳에 가보았는지.,3,2021-10-14
280059624,어쩌다 쿠팡으로 출근하는 목사,13013414,숌,재미있게 읽었습니다.한국교회 성도라면 꼭 한번쯤 읽어보시기를~,5,2021-10-12
280059624,어쩌다 쿠팡으로 출근하는 목사,13014990,베짱이,"교회 세습, 돈 비리, 권력등에 환멸을 느끼고 8년 간의 목사 타이틀을 내려놓는다. 교회 안에서 알지 못했던 찐 삶에 대해 편의점 알바를 하면서 알게된다. 목사를 그만두었다 하여 하나님을 버린것은 아니다. 사명을 찾아 치열하게 고민한다. 일반인으로 꿈과 비전을 갖고 새로운 미래를 꿈꾼다.",5,2021-10-12
280059624,어쩌다 쿠팡으로 출근하는 목사,13020553,ajtwlsdl036,남이 정해진 길에 따라가는 것이 아니라 스스로 자신의 길을 개척해나가는 점이 멋있다는 생각이 들었습니다. 목사직을 내려놓는다는 선택이 쉽지않을텐데 이 책을 보면서 많은 생각을 하게 되는 것 같습니다.,5,2021-10-15
280059624,어쩌다 쿠팡으로 출근하는 목사,13029332,지구별여행자,"이 책은 대형교회 부목사로 사역을 한 저자가 목사가 된 계기, 목회 현장에서 느낀 회의감, 좌절 그리고 한국교회의 현주소를 이야기하고 있다. Who really are you?우리는 하나님 앞에서 누구인가를 깊게 생각하게 해준다 .*도서는 출판사로부터 서평 작성을 위해 무상으로 제공받았습니다",5,2021-10-19
280059624,어쩌다 쿠팡으로 출근하는 목사,13020931,ratmfreewill,마침내 우리는 신 앞에 홀로 서게 된다. 우리 모두 생각해 볼 이야기.,4,2021-10-15
280059624,어쩌다 쿠팡으로 출근하는 목사,13019101,eunhye,"이런 결정을 한 목사도 있고,교회밖에서도 자신의 믿음을 지키며 변화를 모색하는 목사였던 사람이 있다는 것,그를 응원한다는 것 외에이래 이래서 저래 저래서 나쁘다 큰일이다다 잘못됐다 변화되어야한다고 판단하기에는참으로 다양한 교회와 사역자가 있고나도 저자도 알지 못하는 저마다의 사정과 사명이 있을 것이다.",5,2021-10-14
280059624,어쩌다 쿠팡으로 출근하는 목사,13015269,깐도리,"목사를 ,그리고 목회를 그만두고 살아왔을 때 딱 한가지 후회하는 것이라고는 내가 좁은 문으로 들어가지 않았다는 것이다. 그리고 멸망으로 인도하는 문을 거쳐 약 10년의 인생을 허비한 것이 너무 후회스럽다. 가끔 누군가 또는 친구 목사들이 목회를 다시 할 생각이 없느냐는 질문을 한다. 학부 선배 목사는 같이 사역하자고 선뜻 초빙을 권하기도 했다.그럴 때마자 난 거절했다. (-26-)그래서 그런지 어느 설교이든 부목사들에게 속 시원히 설교할 환경은 주어지지 않는다. 그렇게 이번 설교도 1년에 한 번 돌아오는...+ 더보기",5,2021-10-13
280059624,어쩌다 쿠팡으로 출근하는 목사,13005012,숨비북,"신학교에는 웃픈 농담이 하나 있다. 신대원 청빙 게시판에 유명 대형 교회 목회자 청빙 공고가 올라온다. 전도사들 세계에서는 삼성, LG, 현대와 같은 기업의 신입사원 모집 공고라고 여긴단다. 씁쓸한 농이다. 한국 교회의 담임 목사직 세습, 돈과 스캔들에 얼룩진 교회 강단, 명예와 공명심에 찌든 교회 정치판은 그야말로 진흙탕과 같이 추하다. ​한국 교회의 부끄러운 민낯을 볼 수 있는 책 한 권을 만난다. 장로회신학대학원을 졸업하고 장로교 통합 교단 서울의 한 대형 교회에서 부목사로 사역한 저자가 자신의 삶을 반추하며 참된...+ 더보기",4,2021-10-08
280059624,어쩌다 쿠팡으로 출근하는 목사,12999453,열정맘,"당신이 고민하는 것은 무엇입니까?이 책은 가난한 목회자의 생활고 이야기가 아니다또한 교회나 특정 학교를 비난하는것도 아니다 기독교의 명예를 훼손하는 이야기도 아니다그러, 우리가 어떠헥 크리스천으로 살지를 고민한 젊은 목회자가 누구보다 정직하고치열하게 그리고 아파하면서도 용기있게 써 내려간 교회 현장의 이야기하나님을 가린 그 우상이 목회의 성공일 것이란 착각속에 인간이 만든 우상만큼 인간을 더럽히는 것도 없듯, 목회자가 만든 목회자의 우상만큼 목회자를 타락시키는 것도 없다 이 책은 그 우상을 버린 사람의이야기다&nb...+ 더보기",5,2021-10-06
280059624,어쩌다 쿠팡으로 출근하는 목사,13027342,현동이아빠,[출판사로부터 도서 협찬을 받았고 본인의 주관적인 견해에 의하여 작성함] 목사 안 하렵니다!이 책은 8년간 목사의 일을 감당했던 사람이 왜 그만 두고 현재 어떤 심정인지를 통해 한국 교회의 현 주소를 볼 수 있다. 기독교인으로서 책 제목부터 충격적이었고 무슨 말을 하고 싶은지 너무 궁금했다. 특히 작가 소개란에 백혈병으로 고생을 했고 완치 판정을 받고 고등학교 때 목사의 길을 결심하였고 5:1의 경쟁률을 뚫고 26살이란 이른 나이에 장신대학교 신학대학에 입학을 하게 된다. 그런 그가 왜 목사직을 그만 두고 평신도...+ 더보기,5,2021-10-18
280059624,어쩌다 쿠팡으로 출근하는 목사,13052346,소녀시대,"# 목회신학 # 어쩌다 쿠팡으로 출근하는 목사송하용 지음 | 한사람 | 2021년 09월 27일 출간""왜 목사가 되려고 하나요?""이 책은 이 질문에서부터 시작된다지금은 일반인이 된 젊은 목회자가 앞으로 목회자가 되려는 젊은 목회자에게 자신의 진심을 가득 담아서 쓴 글이다8년간 한국의 대형교회에서 사역하던 30대의 목사는어느날 더러워서 못해먹겠다며 담임 목사님에게 사직서를 던진다그렇게 그는 일반인이 되었고편의점 알바를 거쳐 지금은 쿠팡 물류센터에서 일하고 있다초등학교 시절 사망률이 70프로라는 급성 림프구성 백혈병에...+ 더보기",5,2021-10-29
280059624,어쩌다 쿠팡으로 출근하는 목사,13004830,-,"목회를 하기보다는 성공적인 목회를 바랐고 예수님을 따르기보나는 예수님을 통해 무언가 얻어내기 원했고 조금이라도 잘 살고 유명해지고 무언가 목회자로서 족적이라도 남기고자 그렇게 장신대의 교문을 넓고 큰,그러나 멸망으로 인도하는 문으로 내가 만들었다.

도덕적인 면으로 보면 산에 미리 깎고 들어간 스님들보다 못할 것이다.
결혼도 안 하고  주님을 위해 인생을 바치는 신부님들에 비하면 어떨까!

세상에서 목사는 어찌 보면 어정쩡한 위치에 서 있는 그런 존재였다.

마치 신교와 구교 사이에 서 있는 공통분모라고 해야 할까!
...+ 더보기",5,2021-10-08
280059624,어쩌다 쿠팡으로 출근하는 목사,13014970,베짱이,나는 무 종교인이다. 종교에 대해 대체로 부정적이다. 부정부패의 온상이라는 선입견을 가지고 있고 종교 특유의 분위기에 이질감을 느껴서 일 것이다. 그리고 무엇보다 전문용어로 주일성수를 하는 사람들이 신기하다.(어떻게 매주 일요일마다 하루 종일을 저기에 집중할 수 있지?)그런 내게 종교가 훅 다가왔던 일이 있었다. 한 번은 내가 대학교 들어가고 울 오마니께서 제사 지내는 조건으로 본인의 모태 신앙을 찾아간 것과 외할아버지가 유언 비슷하게 모든 손자들에게 말씀하신 것이다. 하지만 나는 아직도 사명을 찾지 못하고 종교 테두리 밖에서 어슬...+ 더보기,5,2021-10-12
280059624,어쩌다 쿠팡으로 출근하는 목사,13020034,트와이스,"세상 뿐 아니라 교회 내에서도 여전히 축복에 대한 오해가 가득합니다. 우리는 교회 안에서도 밖에서도 내가 잘 되는 것으로 하나님이 영광받으신다고 생각합니다. 교회에선 교회가 부흥해야 하나님의 영광이 드러나는 것이고, 세상에서도 내가 잘 되어야 사람들이 하나님을 믿게 될 것이라고 착각합니다. 8년간 목사로 사역하다가 목사를 그만 둔 송하용 선생님께서 이번에, 어쩌다 쿠팡으로 출근하는 목사라는 신간을 통해 자신이 겪은 한국교회와 교인들의 이야기를 상세하게 풀어 전해주십니다. 송하용 선생님은 가장 입시가 치열했던 시절 ...+ 더보기",5,2021-10-15
280059624,어쩌다 쿠팡으로 출근하는 목사,13018068,새벽하늘,이 책을 읽으면서 안타까움이 몰려 왔다. 왜 이런 책을 썼을까? 나름 치열하게 고민하고 치열하게 싸웠겠지만 조금은 어리둥절한 느낌을 받았다. 서울의 이름만 대면 알만한 대형교회에서 부목사로 사역을 했다 하니 저자의 말대로 그 교회에 들어가려고 많은 노력을 했을 것이다. 그리고 거기서 겪은 여러 가지 불합리한 일들도 봐왔을 것이다. 그리고 거듭되는 고민 끝에 목사직을 내려놓았을 것이다. 충분히 이해가 된다. 어느 직장이나 자신이 살아남으려면 고개를 숙이고 자존심을 꺾어야 할 시점들이 많다. 그런데 저자는...+ 더보기,3,2021-10-14
280059624,어쩌다 쿠팡으로 출근하는 목사,13013409,숌,"​ ​

뼈 때리는 글이다.대한민국 교회의 내부를 적나라하게 드러낸 책. 사도로 산다는 것이 무엇인지, 예수님을 믿는다는 것이 무엇인지에 대해 생각해보게 하는 책이다. 목회자라는 옷을 벗어 던지고 세상으로 나아가 예수님을 묵상하는 저자의 모습에서 참 많이 공감되고 감동이 되기도 했다. 한국 교회 성도들이라면 모두 공감할 수 있을...모두들 대략 짐작은 하고 있었지만 속 시원하게 내부에 대해 알려고 하지도 않았고 또 쉬쉬해왔었던 그런 부분에 대해 아주 속 시원한 사이다 발언을 거듭하고 있는 그런...+ 더보기",5,2021-10-12
280059624,어쩌다 쿠팡으로 출근하는 목사,13022147,라그나로크,"2020년 내가 다니는 교회에 우리 교회에서 사역하셨다가 지금은 담임목사로 목회를 나가신 목사님이 오셔서 말씀을 전했던 적이 있었다. 그 목사님께서 설교를 전하시며 코로나로 어려워진 상황에 교회가 힘들어져 매일 아이들 운전원으로, 또 물류 일을 하며 시간을 보내고 있는데 그곳에서 듣는 이야기들, 그리고 만나는 사람들이 은혜입니다란 이야기를 들은 적이 있다. 이 이야기가 심금을 울렸었는데 비슷한 이야기가 있어 읽어보게 되었다. 그런데 책을 펼치자마자 두 번의 충격을 받게 되었다. 첫번째는 진짜 크리스천이란 삶의 모습에 고민하며 노력하...+ 더보기",5,2021-10-15
280059624,어쩌다 쿠팡으로 출근하는 목사,13033295,알맹이,"제목에 흠칫 놀랐다. '어쩌다 쿠팡으로 출근하는 목사'. 실제 회사 이름을 그대로 인용한 것에 1차적으로 놀랐고, 그 회사로 출근하는 사람이 목사라는 사실에 또 한 번 놀랐다. 글을 쓴 분이 목사님 같은데 어쩌다 이 목사님은 교회가 아닌 쿠팡으로 가게 되었을지 무척이나 궁금했다. 한편으로는 목회를 하면서도 직장에 나갈 수 있나 하는 궁금증마저 생겨났다.     이 책의 저자인 송하용 (전)목사님은 어린 시절 어머니의 서원기도 덕분에 병이 낫게 되었고, 그...+ 더보기",5,2021-10-20
280059624,어쩌다 쿠팡으로 출근하는 목사,13020942,ratmfreewill,"​쿠팡과 목사'님'도 아니고 '목사'의 조합부패한 교회 현실을 고발하는 이야기일까, 아니면 사람들 속에서 목회를 실천하는 목사님의 이야기일까, 궁금했다.​
 저자 송하용님은 책에서는 하나님을 가린 우상을 버린 사람의 이야기, 우상을 버리고 다시 시작하는 한 사람의 그저 그런 이야기라고 소개하고 있다. 책을 읽는 나의 인상은 신랄하고 발칙하다는 느낌이다. 책으로 나오기까지 어느 정도 정제된 내용이 되었겠지만, 그래도 날 것의 형태. 내가 이해한 바로는 이 책은 교회현실을 고발했다기 보다 한 개인의 인생에 대한 고군...+ 더보기",4,2021-10-15
280059624,어쩌다 쿠팡으로 출근하는 목사,13028487,황영주,외적인 부분-표지에서 독자의 궁금증을 자극시켰다. 분명 제목엔 목사가 있는데 표지에 있는 삽화는 목사를 표현하는 게 없다. 오로지 쿠팡이라는 것만 표현하고 있다.작가님께서 교회와 어떤 일이 있었는지 궁금해 본문을 빨리 읽고싶다는 생각이 들었다. -표지를 넘기면 바로 보이는 책날개 또한 인상깊었다. 큰 글씨로 작가님의 일생을 간략하게 적혀있다. 큰 글씨는 나이가 많아 눈이 침침하신 분들도 읽기 좋게 작성한 것 같아 작가님이 얼마나 독자를 신경쓰는지를 알 수 있었다.내적인 부분-본문은 글로만 구성되어...+ 더보기,5,2021-10-18
280059624,어쩌다 쿠팡으로 출근하는 목사,13037704,별모양클로버,"한 명의 기독교인으로서 이 책을 읽으면서 마음이 무겁고 착잡하였다.앞으로 한국 교회가 망할 것이라고 생각하며,교회의 부조리한 부분을 지적하는 저자의 이야기는솔직히 새롭지는 않았다.세상의 손가락질과 달리..대형 교회의 담임 목사님이 아닌 이상-약 8-90 퍼센트는 경제적 어려움을 버텨내야 하는 목회자들의 고된 현실,목회자 가정과 자녀들까지 함께 짊어져야 하는 부담들,그에 따른 가장으로서의 미안함, 책임감과 괴로움,한편 주보 글과 설교 내용까지도 담임목사의 허락과 눈치를 봐야하는부교역자님들의 부조리한 실정,가난하고 소외되고 외로운 사람...+ 더보기",4,2021-10-22
280059624,어쩌다 쿠팡으로 출근하는 목사,13018969,렛잇고,"어쩌면 불편한 내용이었다. 그런 면에서 나는 보수적일지도 모른다. 읽고 싶지 않았다.긁어부스럼 같았다. 가뜩이나 코로나 때문에 가까스로 붙들고 있는 신앙인데, 와르르 무너질까봐 두려웠다.하지만 피할 순 없다고 생각했다. 한국 기독교는 영국과 유럽의 교회를 뒤따라 내리막 길을 가고 있는 건 맞다. 세상 못지 않는 더러운 모습들이 권력을 업고 자신들이 믿고 있는 껍데기가 진리라 주장하고 있는 꼴은 기독교가 아니다. 내가 봐도 역겹다. 그러니 실태가 이렇게 까발려지는 게 맞다고 생각한다. 이렇게나마 실태를 알아야 계란으로라도 바위를 치지...+ 더보기",4,2021-10-14
280059624,어쩌다 쿠팡으로 출근하는 목사,13031247,길동이,어느 시대에나 어디서나 어두운 곳이 있기 마련이지만 마치 2000년 전 예수님 당시 종교지도자들의 모습과 비슷한 현 교회 실상을 보았다. 신학대학교와 대학원에 진학하기 위한 경쟁률도 놀랍고 학원에 다녀야 했다는 것도 놀라웠다.      더 놀라운 것은 조직적이고 체계화된 교회 시스템이다. 시스템이 좋은 것이긴 하다. 국가는 시스템이 작용해야 하고 어느 조직이나 단체에서 시스템이 무너지면 존재하기 힘들다. 그러나 교회가 이처럼 시스템에 따라 조직적으로 움직이다 보면 역동성이 떨어진다. 하나님이 원하시는 인애...+ 더보기,4,2021-10-19
280059624,어쩌다 쿠팡으로 출근하는 목사,13029341,지구별여행자,"사실 책 제목만 보고 코로나로 교회가 어려워지자 부업으로 쿠팡에서 일하시는 목사님 이야기일것이라고 생각했다. 실제로 주변 사역자 들 중 부업을 하는 경우도 많이 보았기 때문이다. 이 책은 대형교회 부목사로 사역을 한 저자가 목사가 된 계기, 목회 현장에서 느낀 회의감, 좌절 그리고 한국교회의 현주소를 이야기하고 있다. 저자는 목사를 그만둔 후 쿠팡, 편의점 등 알바를 하며 새로운 사명과 함께 성도 송하용으로 살아간다. 저자가 말한 한국교회의 현실은 적잖이 충격이었고 안타까운 마음이 들었다. 상처를 드러내고 인정해서 회복되길 바라는 ...+ 더보기",5,2021-10-19
280059624,어쩌다 쿠팡으로 출근하는 목사,13032697,rlawldusdlz,"『어쩌다 쿠팡으로 출근하는 목사』는 교회, 목회, 사명에 대해 고민하는 저자의 이야기다. 처음에 제목을 보고 당연히 생활고 때문에, 아니면 쿠팡 일을 통해 복음을 전하기 위해 쿠팡으로 출근하는 목사님의 이야기인 줄 알았는데 아니었다. 저자는 쿠팡 일을 하는 목사가 아니고 쿠팡 일을 하는 목사였던 사람이다. 저자는 교회 안에서의 ‘목사’, ‘목회’에 대해 문제를 느끼고 목사의 직분을 내려놓는다. 그리고 가장으로서 가정을 책임지기 위해 일을 하고, 진짜 ‘사명’을 찾기 위해 노력한다. 그 가운데 느끼는 생각과 마음들을 솔직하게 표현한다...+ 더보기",5,2021-10-20
280059624,어쩌다 쿠팡으로 출근하는 목사,13019068,eunhye,"선택이유​말그대로어쩌다 목사님이 쿠팡으로 출근하게 되었을까?궁금해서 읽게 되었다.​내용​대형교회의 담임 목사.목사들의 꿈이다.그 내면의 꿈을 좇아 부목사가 된 저자가 실제 대형교회의 부조리를 몸소 체험하며 결국은 그만두게 된다.그 내용이 나도 어린시절부터 알게 모르게 들어왔던 것들의 몇배 이상이어서 충격적이긴 했다.그만두어 믿음을 잃었거나 한국 교회를 저주하기 위해 쓴 책이 아니라 다행이다.하지만 서평을 쓰기에 매우 어려운 책이다.​​이런 결정을 한 목사도 있고, 교회밖에서도 자신의 믿음을 지키며 변화를 모색하는 목사였던 사람이 있...+ 더보기",5,2021-10-14
285895351,스님은 아직도 사춘기,13603142,angie0417,"스님의 출가 전 삶도 영화 같은 인생이고, 출가 후의 삶도 굴곡진 수행자의 삶입니다. 부처님께서 인생은 고행이다. 말씀하셨는데! 한편으로 평탄한 삶은 재미없잖아요. 시대의 스승이신 명진 스님! 좋은 글 감사 감사합니다.",5,2022-05-17
149450687,소예언서 어떻게 읽을 것인가 3,10250321,김정원,신학 공부를 하기 전 신학교에 들어가면 성경을 잘 알 수 있을 것이라 생각했다. 신학을 한 사람은 알겠지만 실상은 그렇지 않았다. 실제로 신학교에서 성경을 많이 가르치지 않는다. 굳이 좋게 포장해서 말한다면 스스로 성경의 의미를 알 수 있는 도구를 공부하는 것이 신학이다. 그러니 목사인 나도 성경을 잘 모른다. 읽어도 무슨 말인지 모르는 것이 수두룩하다. 연구하지 않으면 모른다. 그래서 가끔 성경공부 시간에 한번도 생각해 보지 못한 예리한 질문에 식은땀이 나고 질문한 이가 살짝 밉기도 하다.   이런 측면에서 김근...+ 더보기,5,2018-07-31
149450687,소예언서 어떻게 읽을 것인가 3,10266549,엽사마,"소예언서 어떻게 읽을 것인가 3 (스바냐,학개,스가랴,말라기) 김근주, 성서유니온 기다림, 이 지치는 폭염 가운데서도 겨울을 기다린다. 그 시원한 추위를 기다리며 이 뜨거운 여름을 인내하며 버틴다.  그 가운데 한 가지 소망, 아무리 덥고 괴로워도 이 더위에는 끝이 있다는 것을 기억하며 붙잡는다.  사실, 계절의 순환으로 시원한, 아니 서늘한 바람이 불어올 것이라는 사실을 우리는 믿어 의심치 않는다만, 요즘은 너무 더워 그 사실조차 잊을 때가 있다.  구약의 소예언서도 그러하다. 불의와 폭력이 난무하는 시대 가운데서도 예언자들은 외...+ 더보기",5,2018-08-08
149450687,소예언서 어떻게 읽을 것인가 3,10227392,fisherkim30,"기다리던 김근주 교수님의 책이 나왔기에 묻지도 않고 주문했다. 그것은 아마 전작에 대한 신뢰가 있기 때문일테다. 김근주 교수님의 [특강 예레미야]를 집어 들고 멈출 수가 없었다. 우선 풍부한 배경지식, 본문에 대한 정확한 주석, 그리고 우리 시대에 접목할 적용이었다. 무엇보다 행간에서 읽혀지는 교수님의 열정이었다. 그 열정은 살아 움직였고 예레미야 못지 않은 묵직함으로 다가왔었다.   그가 쓴 소예언서 시리즈 1,2 편을 집어 들고 역시 손을 뗄 수 없었다. 무엇보다 접근성이 약하고 평소 잘 ...+ 더보기",5,2018-07-20
149320170,교회를 사랑합니다,10142027,배준영,"성경이 말하는 교회가 어떤 곳인지 고민하게 하고, 또 깨닫게 하는 책입니다. 교회가 교회답지 않다는 것은 성경이 말하는 교회가 무엇인지 잃어 버린 결과라고 생각됩니다. 교회는 과연 어떠한 모임인지, 교회의 목적은 무엇인지 성경의 가르침을 따라서 가르쳐줄 좋은 가이드북이라고 생각됩니다.",5,2018-06-09
149320170,교회를 사랑합니다,10170530,주일성수,"교회를 사랑하고 싶은 이들에게 꼭 필요한 책입니다. 그리고 교회에 대한 상처가 있는 이들, 무뎌진 마음으로 교회를 지키고 있는 이들, 주변을 기웃거리는 이들에게 정말 귀한 이정표가 될 책입니다.",5,2018-06-23
293685639,부흥의 사도행전,13697045,lulujw7,"#부흥의사도행전 #박대영지음 #선율 #사도행전1-4장 #LIVE성경강해 강해서가 좋은 이유는 '읽고 묵상하는 설교' 이다. 이번에는 전보다 조금 더 느리게 읽고 묵상하는 시간을 가졌다. 일부러 읽는 시간을 보통보다는 한시간씩 더 드려서 딱 제시간에 맞추어서 볼 수는 없었지만 매일 강해서를 통해 깊이있는 묵상을 꾀했다. 사도행전이 전하고자 하는 뜻은 어떤것일까. 초대교회의 모델로써 성령님께서 어떻게 임하고 역사하는지를 알게되었다. 나에게, 가정에, 교회에, 공동체에 성령님이 역사하시기를. 성령님이 임하시어 사도행전을 통하여 성령님의 ...+ 더보기",5,2022-06-21
320669768,문학으로 읽는 레위기,15077638,감사드립니다^^,이 책 발간이 오래된 것 같은데 괜찮은가요?,4,2023-11-23
13134000,붓다 없이 나는 그리스도인일 수 없었다,5099280,무지개,독실한 가톨릭 신자가 기독교의 이원론을 불교를 통해 해소하는 과정이 흥미롭습니다.,5,2011-09-24
13134000,붓다 없이 나는 그리스도인일 수 없었다,5172130,라일락,"종교에 관한 이야기를 한다는 것은 참 조심스러운 일이다. 
자칫 잘못하여 뜻하지 않게 어떤 종교를 비판하는 목소리로 들릴 수도 있기에 항상 사려깊은 생각을 한 후에 말을 하여야 하는 것이다.
역사적으로 보아도 종교로 인하여 전쟁이 일어난 경우도 있고, 민족간의 갈등을 겪는 경우도 있다.
지구상에서는 지금도 끝나지 않고 종교로 인한 다툼이 존재하고 있는 것이다.


 

그런 의미에서 볼 때에, 미국의 저명한 신학자인 '폴 니터'의 <붓다 없이 나는 그리스도인일 수 없었다>는 책은 신선한 충...+ 더보기",5,2011-10-27
338573558,우리 봄날에 다시 만나면,15552264,달,"능행스님이 호스피스 병원을 운영하면서 지켜보았던 많은 사람들의 이야기를 이 책에 담았다. 죽음의 문턱 앞에 다다른 이들이 삶을 찬찬히 돌아보는 모습과, 삶을 정리하고 죽음으로 나아가는 과정 속에서 느끼는 성찰, 다양한 모양을 한 감정들을 잔잔한 문장 속에 녹여냈다. 소중한 사람과 마지막 이별을 준비하는 가족들의 모습이나, 미움이나 증오로 응어리져 채 풀지 못한 마음들을 죽음이 다가오는 시간 동안 함께하면서 조금씩 녹여내는 과정도 인상적으로 다가왔던 것 같다. 단순히 삶과 죽음으로 분리되는 것이 아니라 순환의 과정으로 바라보는 시선이...+ 더보기",5,2024-05-21
338573558,우리 봄날에 다시 만나면,15523930,이다은,죽음이란 참으로 사람을 무력하게 만든다. 분명 인간은 세상에 태어나 죽음을 겪어야 하는 존재임에도 말이다. 죽음은 우리에게 모두 공평하게 다가온다. 멀어지려야 멀어질 수 없는 죽음은 우리와 항상 딱 붙어있다. 우리는 항상 예측할 수 없는 죽음을 기다리고 있다. 그래서 우리는 이 죽음을 어떻게 받아들이고 행동해야 할까?이 책에선 병으로 죽음을 맞이하는 사람들의 이야기를 담고 있다. 국내 불교계 최초로 호스피스 전문병원을 만드신 능행 스님께서 수천 명의 죽음을 돌보면서 깨달은 삶과 죽음의 아름다운 여정을 우리에게 말씀하신다. 이 책에 ...+ 더보기,5,2024-05-08
338573558,우리 봄날에 다시 만나면,15548932,is_kiss,"그저 앞만 보고 달리기 바빴고살아갈 날들이 더 많다고 확신했어요.위염, 감기 같은 흔한 병에서 벗어나무슨 역할을 하는 장기였나 싶은 곳도 하나둘 고장이 나고🥲주변에 안좋은 소식들도 조금씩 들리다보니#웰다잉 에 대해서 생각해보게 됩니다.우리는 모두 이 세상을 떠난다는 것.이것은 변할 수 없는 진실이죠.🌿이 책은 우리에게건강한 삶의 순간순간마다 죽음을 기억하고,죽음에 대해 배우고, 알아가며 이별하는 연습을 하라고 합니다.죽음은 언제 맞이해도 갑작스러운 이별일텐데그래야 담담히 이별의 배를 타고 떠날 수 있다고 합니다.🌿책의 첫 장부...+ 더보기",5,2024-05-19
237801806,"코로나바이러스 세상, 하나님은 어디에 계실까?",13374270,전종현,"저자는 기독교 변증가이지만 목회자가 아닌 옥스포드대 전 명예교수요 수학자라는 다소 이색적인 경력을 갖고 있다. 다소 엉뚱해보이는 저자의 경력은 이러한 코로나 팬데믹을 맞아 모두가 얻고 싶어하는 해법에 대한 갈증을 이 분이라면 풀어줄 수 있지 않을까 하는 생각을 갖게 만든다. 사실 지진 아니 전쟁, 전염병같은 세계적인 이슈가 터질 때마다 비기독교인들이 늘 들고 나오는 질문이 있다. 이런 상황에서 하나님은 도대체 어디에 계실까? 하는 것 말이다.이 책은 코로나19가 한창 세력을 떨쳐...+ 더보기",4,2022-02-26
302116914,그리스도의 승천,14077302,모찌모찌,"종종 중요하고 핵심적임에도소홀히 대하는 교리가 있다.그중에 '그리스도의 승천'이야말로그동안 방치되어 있던 교리 중 하나다.승천은 성경 곳곳에서 중요한 변환점으로 기술되어 있으며,그리스도의 사역을 좀 더 완전하고 풍성하게 완성시켜 준다.이처럼 패트릭 슈라이너(Patrick Schreiner) 교수는'승천'이라는 주제를 성경의 큰 이야기에서 새롭게 조명한다.저자는 그리스도의 승천을 제대로 알게 된다면신학과 교회, 성도의 실제적인 삶에도 매우 큰 유익이 있음을 강조한다.저자는 구약과 신약의 큰 이야기 속에서그리스도의 삼중직 사역이 어떻게...+ 더보기",5,2022-11-08
128638240,기도하고 싶은데 기도를 어떻게 시작해야 할지 모를 때,10057895,마른장작,기도로써 더욱 하나밈과 함께할수있는 행복함과 믿음에 행복한 시간이 되는것 같아요.,5,2018-04-28
339682153,"붓다의 마음이 되는 명상법, 로종",15686277,bokwang68,이 책은 우리가 인생을 살아가면서 어쩔 수 없이 겪게 되는 여러 부정적인 상황에서 우리 생각의 전환을 통해서 이것을 오히려 우리의 영적 성장을 이룰 수 있는 좋은 계기로 삼을 수 있다는 좋은 교훈을 주는 것 같습니다.,5,2024-07-12
193444965,왕을 기다리며,10929058,두크나이트,"제임스 스미스의 이 책은 전통과 균형의 정치신학이다. 그의 정치신학은 은둔과 세속 사이에서, 크리스텐덤와 정치과잉 사이에서, 교부 아우구스티누스를 사유함으로써 현재와 종말의 긴장 사이에서 예전을 통해 구축하는 새로운 정치신학이다.",5,2019-06-23
193444965,왕을 기다리며,10929064,두크나이트,"약 10년 간 지속되어온 제임스 K. A. 스미스의 문화적 예전시리즈가 <왕을 기다리며>를 끝으로 막을 내렸다. 이 책에서도 역시 제임스 스미스는 급진 정통주의자답게 교부신학에 근본을 두고 다른 한 편으로는 다양한 지적 조류를 종횡무진 횡단해가며 대화하고, 자신의 사유를 펼쳐나간다.이 <왕을 기다리며>를 통해 제시된 제임스 스미스의 정치신학의 중심은 전통과 균형에 있다. 지금까지의 정치신학은 정교분리라는 허울 뒤에서 은둔하거나, 아니면 교회라는 공간에서 벌어지는 종교영역의 일을 정치영역으로 환원시켜 종교 고유의...+ 더보기",5,2019-06-23
230887,기독교 예배학 입문,12886703,-,읽어보세요. 추천~,5,2021-08-24
238698594,루미나리스,15038576,metalogos,로완 윌리엄슨의 최신의 신학 연구서입니다. 신학을 깊게 접근하고 신앙적 유익을 얻기 원하는 분들에게 추천합니다. 저자의 관점이 뛰어나고 훌륭합니다^^,5,2023-11-06
635662,성경에 나타난 하나님의 선교,12659330,hmkwon76,"저자인 아서 글라서(Arthur Glasser)는 중국 선교사로 사역하였고, 웨스트민스터 신학교와 풀러 선교대학원에서 선교학을 가르쳤다. 그는 조지 래드와 브로밀리 교수와 하나님 나라의 주제를 연구하였다. 이 책은 신구약 전체를 ‘하나님 나라의 선포’라는 주제로 관통하여 선교하시는 하나님을 힘주어 강조한다. 성경 전체가 “하나님의 선교”에 대한 기록으로 보고, 성경은 선교적인 책이라 강조한다.  하나님 나라를 주제로 한 여러 책들을 읽어 보았지만, 정말 잘 쓴 책이다. 최근 신구약 성경신학은 분절된 연구에 집중하는 경향이 있는데, ...+ 더보기",5,2021-05-31
256860706,아우구스티누스와 함께 떠나는 여정,12164170,likehan3,아우구스티누스의 삶의 여정을 통해  우리가 가야 할 길을 찾도록 도와주는 지도와 같은 저서이다. 이 책은 아우구스티누스의 삶의 여정이기에 기대가 된다. 또한 이 책의 저자가 제임스 스미스가 묵상이기에 더욱 기대가 된다.,5,2020-11-24
16235,구속사적 설교의 실제,899208,박사,"성경은 구속사이다. 그런데 설교에도 구속사가 드러나는가? 이 질문에 ""예"" 하기가 쉽지 않다.구속사 설교가 고민 끝에 등장하기 시작한 것은 20세기 초반이다. 저자는 화란에서 구속사와 구속사 설교에 대해서 연구하며 공부했다. 그리고 저자는 본인이 몸담고 있는 고신대에서 구속사적 관점으로 설교한 본문을 엮어 24개의 설교를 구속사 설교의 예로 제시하고 있다. 구속사 설교의 모델로서 참고할만한 가치가 있는 내용들이라 여겨진다.",5,2006-06-19
290986409,복음서에 나타난 구약의 반향,13486729,Jacob,"책을 보면서 당연한 이야기라고 생각하시는 분들은 공감이 되기 때문에 흥미있고 재밌게 보실 수 있을 것이고, 당황스런 이야기라고 생각하시는 분들은 반감이 되더라도 더욱 집중해서 읽으시면 좋겠습니다.https://blog.naver.com/alsrb10/222691813884",5,2022-04-05
284138432,개역개정 취리히 성경해설 성경전서 NKS87EZU - 특대(特大).단본.무색인,14368325,oden3,"쿠팡에서는 50,850원 여기는 왜 56,500원일까요??쿠팡에서 구매해야겠네요~로켓와우로",5,2023-02-21
6428809,설교자란 무엇인가,5110947,쩐디닥,"'설교자' 하면 아마도 우리는 목회자를 가장 먼저 떠올릴 것이다. 예배 때마다 강단에 서서 말씀은 전하는 자를 말이다. 양들에게 말씀을 먹여 바른 길로 가도록 하는 목회자는 분명히 '설교자'가 맞다. 따라서 그 '설교자'는 참으로 책임이 무겁다. '설교' 즉 가르침을 통해 양들을 바른 길로 이끌어야 하기 때문이다.  
 　'설교자란 무엇인가'

　이 책은 얼마 전 생을 마감한 존 스토트의 책이다. 복음주의권에서 진리를 수호하고 전하며 많은 가르침을 남긴 그는 본서에서도 귀한 가르침을 전한다. 이 책...+ 더보기",5,2011-09-29
6428809,설교자란 무엇인가,3608369,nomad74,"예배의 중심이 말씀이 되어야 한다는 것에는 이견이 없지만, 예배에 대한 생각이 많이 바뀌었다. 소위 <메가처치>를 유지하기 위한 목회적 도구로 설교 외에  다른 것을 생각할 여지가 없다. 불특정 다수가 경기장 같은 교회좌석에 앉아 주목할 것은 오직 강단 밖에 더 있겠다. 주변에 앉아있는 삶의 질곡과 실존이 말씀과 공명하면서 길어 올려진 지혜를 나눌 여지가 없는 그곳에서 오직 강단에서 울려 퍼지는 삶의 정황에서 벗어나도 한 참 벗어난 설교 밖에. 
  
사람에겐 누군가에게 종속되길...+ 더보기",5,2010-04-07
16823127,에덴에서 새 예루살렘까지,5747104,쩐디닥,"이 세상이 존재하는 목적은 하나님의 영광을 위함이다. 우주만물은 존재 그 자체로 하나님의 영광과 위대하심을 보여준다. 그러나 인간의 
죄악으로 하나님의 영광은 손상을 입었다. 물론 여기서 손상이라는 말은 그 영광이 줄어들었거나 변질 되었다는 말이 아니다. 인간의 죄악으로 인해 
하나님의 영광과 위엄이 능욕과 무시를 당했다는 말이다. 피조물에 불과한 인간에게 말이다.
　그런 인간에게 하나님은 벌을 내리셨다. 하지만 동시에 구원의 계획도 마련해 놓으셨다. 하나님은 죄악된 인간을 그대로 두지 않고, 옹서해 
주시기로 하셨다. 그...+ 더보기",5,2012-07-21
8032078,영을 분별하는 그리스도인,4771967,호호코,영을 분별한다는 것은 곧 하나님의 뜻을 분별하는 것입니다. 많은 도움이 될 것입니다,5,2011-05-07
8032078,영을 분별하는 그리스도인,4261671,ansan20213,하나님의 목적을 가지고 힘있는 삶을 살기 원하는 사람들의 필독서^^,5,2010-11-12
8032078,영을 분별하는 그리스도인,4261684,ansan20213,"단순한 형식적 그리스도인이 아닌 하나님의 목적을 가지고 살기 원하는 이들이 꼭 읽어봐야 할 책이다. 이 책을 통해 우리가 모를 수도 있는 그러나 결코 간과해서는 안되는 세 가지 사실에 대해 알 수 있었다.
 
첫번째로 잊고 있었고 또 결코 알고 싶지 않은 원수 사단의 전략들이다. 하나님의 목적을 가지고 사는 삶은 단순히 하나님만 알고자 하는 것을 뛰어넘어 원수 사단을 알고 그 사단의 모든 계획과 목적들을 깨트리는 것에 있다는 것이다. 이것은 하나님의 뜻을 이루는 가운데 우리가 겪고 이겨나가야 할 분...+ 더보기",5,2010-11-12
8032078,영을 분별하는 그리스도인,4262025,굴비맨,"종말의 시대 곧 이 시대는 하나님을 방해하려는 사단의 미혹과 계략이 극에 달하는 시대이다. 이 사단의 유혹에 많은 사람들이 넘어지고 있다. 넘어지는 이유는 악한 영과 하나님의 선한 영을 분별하지 못하기 때문이다. 지금 이 시대에 필요한 것은 악한 영과 선한 영을 분별하는 분별력이 필요할 때다.




이 책 <영을 분별하는 그리스도인>(예수전도단.2010)은 하나님을 방해하려는 사단의 미혹과 계략을 그리스도인과 교회가 분별하도록 돕는 책이다. 




‘미혹’과 ‘무지’는 이 책 전체를 정의하는 본문의 ...+ 더보기",5,2010-11-12
4062949,선생님의 마음,4914789,^♡^,"방황하고 힘들어하던 시절에는 유독 나를 못살게 괴롭히는 사람들만 주변에 득실거린다고 생각했었다. 그런데 어느 순간 내 인생에서 한발 물러서서 바라보니 나에게 바라는 것 없이 사랑해주고 아껴주었던 소중하고 고마웠던 사람들이 매번 있었다는 사실을 깨달을 수 있었다. 은인들 가운데 빼놓을 수 없는 분들이 바로 선생님이다. 학창시절 너무 평범하고 조용해서 있는지 없는지도 모를 정도였던 나를 인정해주시고 칭찬해주시고 관심가져주셨던 몇몇 선생님 덕분에 나는 이렇게 잘 성장할 수 있었다. 
학생들이 볼 때는 이상한 선생님들...+ 더보기",4,2011-07-11
46455059,금강경·반야심경 읽기,8359096,원선생,금강경과 반야심경에는 세상의 지혜와 통찰이 담겨있는 좋은 이야기들이 많아요.나와 남을 차별하거나 나누지 않은 보살행에 대해 마음자세와 실천법을 배울 수 있어요.불교에 대해 잘 모르는 독자들도 읽어보면 좋을 것 같아요.,5,2016-03-24
46455059,금강경·반야심경 읽기,13824651,바라리,하나의 철학으로서 불교에 대한 지적 관심을 불러일으키는 훌륭한 입문서. 불교가 인간의 정신을 이렇게까지 치밀하고 자세히 관찰하고 분석했는 줄 몰랐다. 최기표 교수님을 통해 불교를 공부해 볼 생각,4,2022-08-05
2874615,엄마아빠가 지어주는 우리아이 명품 이름,2466487,나무,"瑞 雪

마치 한권의 수필집을 읽은 것 같은 느낌이다.
저자의 유려한 필치가 나를 그렇게 느끼게 했던가 보다. 
일반적으로 작명에 관한 책이라면, 길 흉수나 따지고 
작명‧간명하는 기술이나 가르치는 내용일 것이라는 
선입견을 불식해 주는 책이었다. 
전광님의 이 책 “우리아이 명품이름”에는 
깊은 철학과 처세학 마저 담겨있는 책이라고 느꼈다. 
또한 나는 이 책에서 저자의 인생관까지 읽을 수 있었다. 
이름에 관한 온갖 속설과 금기사항이란 것이 대부분 근거가 희박하다는 것을 
조목조목 실례를 들어 논...+ 더보기",5,2008-12-18
2874615,엄마아빠가 지어주는 우리아이 명품 이름,2646314,금연님,...+ 더보기,5,2009-03-05
2874615,엄마아빠가 지어주는 우리아이 명품 이름,2491166,rlarlcjf,"이제 곧 2세가 태어나고 나도 곧 아버지가 된다. 

가끔 단란한 세식구를 그려보곤 한다.

요즘은 자연히 작명에 관심이 생겼다.

서점을 기웃거려 보다가 이 책이 눈에 띄었다.

뒤젹여 보다가 앞부분 서술내용이 그럴듯하여

'이름과 운명'이라는 대목까지 읽어보고는 구입하고 말았다.

이외로 술술 읽어졌던 것이다.


세식구 

집에 와서 저자 사진과 소개를 보았더니   
몇년전 내가 독후감으로 한시를 한수를 올린적 있는 
  그 사주책...+ 더보기",5,2008-12-30
2874615,엄마아빠가 지어주는 우리아이 명품 이름,2446367,sodas,"우리이름 교과서에 이어 또다른 이름책의 진수를 보여주시는군요.

발전에 발전을 거듭하여 내용면이나 구성면에서 요즘 신세대 부모들 스타일의 책이었어요

정말 쉽게 풀어져 있네요 실존인물들의 이름풀이와 '아사달과 아사녀' '바이킹'의 유래 등 예시들이 너무 재미있고 몰랐던 새로운 사실을 알게 되었습니다.

그에 맞는 사진과 그림들 역시 내용을 한층 돋보이게 해주네요 

볼수록 이름에 대한 중요성을 깨닫게 해주더군요.

우리 엄마 아빠들이 소중한 아이의 이름을 직접 지어줄 수 있다는게 더 큰 선물일 것...+ 더보기",5,2008-12-08
323643922,오늘날에도 기적이 일어난다,15628235,나처럼검은,"기독교의 기적에 대해 기초적인 신학적 배경과 수많은 실제 예들을 제공한다. 너무 과하게 기적에 의존해도 안 되겠지만, 그 자체를 부정할 필요도 없겠다.",5,2024-06-20
323643922,오늘날에도 기적이 일어난다,15848527,Misun,이 책에 대한 반박은 의학 전공자이자 기독교 변증가이기도 했던 피터 메이가 비판적 반론을 게재한 바도 있으니 참조하세요.https://www.skeptic.org.uk/2022/07/miracles-today-a-medical-critique-of-craig-keeners-miracle-claims/,1,2024-09-14
284186845,기도 많이 걱정 조금,13148834,lulujw7,"제목처럼 걱정이 많은 요즈음, 그리고 기도의 자리로 나아가게 될 때에 필요한 책인 것 같아요. 코로나시대로 햇수로 2년이 되어가고 있네요. 여기저기 아픔과 슬픔으로 신음하고 근심걱정으로 힘들때에 기도로 하나",5,2021-12-05
284186845,기도 많이 걱정 조금,13154827,lulujw7,"#기도많이걱정조금 #도나K말티즈지음 #보배그릇옮김 #사자와어린양 #근심걱정이찾아들때힘이되는181가지말씀묵상 #아마존여성묵상분야베스트셀러  하나님을 알게된 후 막연한 걱정, 근심, 불안은 작아지고 평안함으로 충만한 삶이 주어졌다. 힘든 일, 어려운 일도 주변에 털어놓아도 편치 않고 짐을 지어주는 것 같아서 담아두는 나인데 그런 마음을 하나님께 얘기하듯이 터놓고  기도하면 해결되지 않아도 언제나 나의 편인 하나님이 계시다는 그것만으로도 큰 위로와 안위를 주셨다. 기도를 잘하는 편이 아니어서 미사어구와 말씀으로 무장한 기도의 사람을 볼 ...+ 더보기",5,2021-12-07
589856,즐겨라 위험하게 사는 즐거움,1527889,goforit1013,"삶, 인간, 우주 전체를 꿰뚫어 보는 그의 지혜와 통찰력에 절로 고개가 숙여진다.
역시 그는 위대한 영적 지도자이며 스승임에 틀림없다. 감히 그의 책을 평가한다는 
것조차 무례한 짓이리라,, 지식이 아닌 깊은 깨달음을 주는 책,
새로운 도전과 기회 앞에서 망설이고 있는 요즘 나에게 용기과 확신을 준 책.",5,2007-08-28
385813557,걷는 동안 믿음이 된다,17145425,다윗,"‘출판사로부터 도서를 지원받아 주관적으로 작성한 리뷰입니다.’     나는 40년간의 목회현장에서 은퇴를 하고 나서 두 번의 암 수술을 받고나니 몸의 근력은 예전 같지 않고, 무릎의 통증은 세월의 훈장처럼 따라다닌다. 하지만 죽음의 문턱에서 살아난 것만 생각하면 얼마나 감사한지 모른다. 육체적 고통도 하님의 은혜였음을 고백하지 않을 수 없다. 이제 고통을 불평의 대상으로 삼지 않고, 오히려 ‘나’라는 아집을 깨뜨리는 통로로 삼게 된다. 육신이 약해질 때 비로소 영혼의 눈이 밝아진다는 역설적인 진리는, 노년기를 살아가는 나에...+ 더보기",5,2026-03-12
385813557,걷는 동안 믿음이 된다,17160423,antibsy,"당신이 그 늪에서 도움을 받았다면 이제는 다른이를 도와 줄 차례입니다. P38진리를 위한 고난은 결코 헛되지 않습니다. P130​‘천로역정’(Pilgrim’s Progress) 살아있는 하나님의 말씀으로 그 시대의 사회와 종교의 부조리를 파헤치며 강하고 생명력 있는 말씀을 세상에 선포하다 1660년 감옥에 투옥되어  더럽고 추운 시멘트 바닥 감옥에서 쓴 글로 기독교인들이 반드시 읽고 깨달아야 할 책이다. 필그림 하우스에 있는 천로역정 순레길을 따라 40일간의 묵상을 하도록 마련되어 더욱 의미가 깊다. 사순절을 지나며 질문과 나눔, ...+ 더보기",5,2026-03-19
385813557,걷는 동안 믿음이 된다,17158060,새벽하늘,"**출판사로부터 도서를 제공받아 주관적으로 쓴 글입니다.     천로역정은 이미 오래전부터 성경을 제외한 책 중에 가장 많이 판매된 책이다. 많은 버전들이 있음에도 이 책을 읽고 싶어진 이유는 순례자가 ‘멸망의 도시’를 떠나 ‘천성’에 이르는 여정을 40일 동안 함께 묵상하며 삶에 적용할 수 있도록 돕고 있기 때문이다, 그래서 더 관심 갔고, 더 읽어야겠다는 생각이 들었다.      이 책은 천로역정의 순례길을 갈 수 있도록 다양한 공간과 인물들의 사진들을 배치해 놓았고, 개인 또는 소그룹에서 활용할 수 있도록 질...+ 더보기",5,2026-03-18
385813557,걷는 동안 믿음이 된다,17158259,우연히행복해지다,지은이 장재훈지구촌 목회 리더십센터 총괄 목사이며 지구촌 비니스트 네트워크 섬김이래서 이동원 목사를 도와 한국 교회의 목회 리더십과 선교사들을 섬기며 사역에 헌신하고 있다.지구촌교회 가평 필그림하우스 '천로역정 순례길' 조성의 전 과정에 참여했으며 순례길 완공 이후 지금까지천로역정 순례길 안내를 통해 <천로역정>의 성경적 지혜와 말씀의 은혜를 수많은 그리스도인들에게 전하고 있다. 이 책은 <천로역정>의 순례자가 멸망의 도시를 떠나 천성에 이르는 여정을 40일 동안 함께 묵상하며 삶에 적용할 수 있도록 돕고 있다...+ 더보기,5,2026-03-18
385813557,걷는 동안 믿음이 된다,17164194,Josep0509,"기독교 고전 가운데 가장 많은 사랑을 받아온 책을 꼽으라면, 아마 많은 분들이 존 번연의 「천로역정」을 떠올릴 것입니다. 한 번쯤 제목은 들어보았지만, 막상 읽어보려 하면 '고전'이라는 말 때문에 조금 멀게 느껴지기도 합니다. 어렵고 무거울 것 같아서 쉽게 손이 가지 않기 때문입니다. 그런데 사실 「천로역정」은 우리의 마음을 깊이 붙드는 이야기입니다. 그리고 정재훈 목사님의 「걷는 동안 믿음이 된다」는 그 고전을 오늘 우리의 삶 가까이로 다정하게 데려다주는 책입니다.​이 책은 「천로역정」의 주인공 크리스천이 걸어가는 순례의 길을 따...+ 더보기",5,2026-03-21
385813557,걷는 동안 믿음이 된다,17158066,kim0908,지구촌교회 원로목사 이동원 목사님이 예수님을 믿기 전 영어를 배우기 위해 나갔던 교회에서 선교사님에게 선물받은 원서 천로역정을 읽고 감동받아 이 이야기를 테마파크로 현실화하고 싶다 생각했다고 합니다약 오십년의 시간이 지나 2016년 9월5일 가평에 위치한 필그림하우스 천로역정 순례길이 오픈됩니다1Km의 순례길로 39개의 처소와 40여점의 인물 형상멸망의 도시에서 천성까지 이르는 길을 따라 걷다보면 영성훈련이 됩니다그 훈련에 깊이를 줄 수 있는 인내서이자 영성훈련 묵상집이 되겠습니다천성 가는 그 길 여정 가운데는 많은 유혹과 난관과 ...+ 더보기,5,2026-03-18
151440485,말씀세대,10162224,데이지무,"노년의 삶으로 바라보는 성경은 어떠할까? 상실의 세대가 아닌 새로운 소명을 발견하는 세대, 꿈을 꾸는 세대로의 발걸음에 함께 할 책이 아닐런지.. 일단은 큰글씨가 너무 좋다.",4,2018-06-19
250096,행복한 임신 아름다운 태교,253871,intj3,일반 임신에 관한 책을 보고 친구가 권유해서 이 책을 사 보았는데 신앙과 접목이 되어서 좋았다.일반책에 비해서 산모운동에 관한 부분은 좀 부족했지만 나머지 정보는 일반책보다 훨씬  좋았다. 매일 말씀을 묵상할 수 있도록 꾸며 놓았고 남편도 같이 임신에 대한 정보를 얻고 남편의 역할을 할 수 있도록 해 주어서 좋았다.태교에 관한 정보나 임산부의 식사나 생활등에 대해 정보를 주어서 이석이조라고 할 수 있다.,4,2003-01-08
250096,행복한 임신 아름다운 태교,356838,keomtusa,기독교적인 관점에서 임신정보를 얻고자 구입을 했다. 임신정보와 함께 신앙정보 및 음식관련 기사들은 적잖은 도움을 얻을 수 있어 좋았으나 생각만큼 많은 정보를 수록한 것 같지는 않았다. 오히려 신앙관련 기사가 많은 반면 임산부와 관련한 정보의 수록은 늘 부족한 듯 했다. 결론적으로 임신백과사전으로써는 약간 부족하나 신앙적인 면과 함께 보기를 원한다면 꽤 괜찮은 책이다.,3,2002-09-24
123055176,스펄전의 전도,9748336,다윗,스펄전은 설교의 대가로 불리우고 있다. 19세기 중반 영국의 목회자였던 그는 설교로 전 세계 교회에 지대한 영향을 끼치며 ‘설교의 황태자’라는 칭호를 얻었다. 동시에 19살이라는 믿기지 않은 나이로 뉴파크스트리트 교회에 부임해 38년 간 목회하면서 세기적인 부흥을 주도한 탁월한 목회자이기도 했다.     이 책은 극단적 칼빈주의와 아르미니우스주의를 반대한 복음주의적 칼빈주의자인 찰스 스펄전이 전도에 대해 그리스도인들이 필히 알아야 할 모든 분야를 다루고 있으며 영혼을 구원하기 원하는 사람들에게 실질적인 도움과 용기는 물론 ...+ 더보기,5,2017-12-02
123055176,스펄전의 전도,9780362,깐도리,"찰스 스펄전의 전도 입니다. 이 책은 주님의  뜻에 따라 사역을 하며, 전도를 신천으로 하는 것, '전도란 무엇인가?' 라는 질문의 본질적인 대답을 말하고 자 합니다.주님께서 워하시는대로 삶을 바꿔 나가며, 죄를 지은 이들은 주님의 곁으로 머물게 하는 방법과 길잡이 역할을 도와줍니다. 전도에 있어서 방향을 잃고 해메는 양들에게 제 갈길을 가도록 도와주는 책입니다.찰스 스펄전은 영국 침례교 목사입니다. 16세에 이사야 45장 22절을 본문으로 하는 설교를 듣고 회심하였다 합니다. 그리고는 1854년 뉴파크스트리트 침...+ 더보기",5,2017-12-18
123055176,스펄전의 전도,9754346,행복한미소,"설교가이며, 영성가인 스펄전의 글은 심금을 울리는 강력함이 있다. 세계기독교고전으로 ""스펄전의 기도"" 읽게 되어 감사했다. 
 
 이 책은 전도의 개념부터 정리하면서 시작한다. 수많은 전도책들이 나와 있다. 전도에 대한 구체적인 대안과 방법들을 나열해 주기도 한다. 
그러나 동기부여를 위한 대안들은 많지만 말씀에 따른 전도의 능력은 많지 않다. 
 
 이 책은 스펄전으로 하여금 전도에 대한 분명한 가이드라인을 제시해 준다. 전도자가 갖추어야 자격을 하나님의 입장과 인간의 입장에서 
바...+ 더보기",5,2017-12-05
123055176,스펄전의 전도,9753272,신의딸,"""단순히 수가 많아지고, 교회의 규모가 커지는 것으로 전도가 이루어졌다고 생각해서는 안 됩니다""(11).그동안 단순히 교회의 규모가 커지는 것을 전도로 착각한 탓일까요? 교회사에 유례가 없는 급성장이라고 흥분했던 한국 교회인데, 어느새 대한민국이 선교강국이 아니라 선교대상국이 될 위기에 놓여 있다는 말들이 흘러나오고 있습니다. 교회의 가장 큰 위기는 전도의 위기가 아닐까 싶습니다. 그래서 영적 거장 스펄전에게 전도를 배워보았습니다!<스펄전의 전도>에서 전도자는 곧 목회자이며, 복음선포는 곧 설교이고,...+ 더보기",5,2017-12-05
123055176,스펄전의 전도,9753939,life7joy,"침체된 한국교회는 필사적으로 전도를 많이 강조한다. 그런데 오직 자신이 속한 교회의 수적 성장에만 관심을 갖다 보니, 다른 교회의 신자를 자신의 교회에 나오게 하는 것까지 전도로 인정한다. 대부분의 목사님들이 들어내 놓고 그렇게 주장하지는 않지만 암묵적으로 그렇게 여긴다는 말이다. 이런 현실 속에서 전도에 관한 스펄전의 설교들은 큰 도전이 된다. 스펄전 목사는 전도의 개념을 분명하게 말한다. 전도는 영혼들을 ‘우리 교회에 속한 개종자’로 만드는 것이 아니라, 그들을 ’그리스도께 인도하는 것‘에 그 목표를 두어야 한다고 설교...+ 더보기",5,2017-12-05
123055176,스펄전의 전도,9754589,아담,"주님께서 남기신 최후의 유언으로 지상끝까지 주의 말씀을 전하라고 하실정도로 전도는 그리스도인들에게 있어서는 당연하면서도 더할나위없이 
중요한것임에도 불구하고 전도하는데 열의를 띄우는 사람이라면 목사님이나 전도사,전도폭발훈련을 마친 특정인들을 떠올리게 되는것이 오늘날 
교회의 전도하는 모습이다.
마침 찰스H.스펄전목사님은 ""스펄전의 전도""라는 저서를 통하여 사역은 하나님의 자녀들이 하는것이지만 이루어주시는 분은 하나님임을 상기시켜 
주고 있었다.
전도라는 것으로 만인들을 향한 구속의 은혜가...+ 더보기",5,2017-12-05
123055176,스펄전의 전도,9751086,rara6363,"아직까지 
스스로를 초신자라고 생각해서 그런 걸까요? 전도는 신앙생활을 오랜 한 분들만 하는 것이지 저처럼 아직 신앙이 뭔지 제대로 알지 못하는 사람들은 
자신의 신앙을 추스르기에도 바빠 다른 이들에게 다가가 복음을 전하는 일이 쉽지는 않다고 생각했어요.그러다 
교회에서 종교개혁 500주년을 맞아 담임 목사의 설교를 듣는데 그게 아니라는 것을 깨닫게 되었어요. 한 사람, 한 사람이 제사장의 역할을 
감당해야 하는데 그런 제사장의 역할에는 자신을 위한 것도 있지만 세상을 위한, 이웃을 위한 제사장 역할이 분명히 있다는 것을 깨...+ 더보기",5,2017-12-04
123055176,스펄전의 전도,9781308,블루,"그리스도인이라면 누구나 전도의 중요성을 알고 있지만, 생각처럼 전도를 한다는 것은 쉬운 일이 아니라는 것을 느낄 것이다. 이 책을 통해서 전도에 관해 바르게 알고 싶었다. 전도의 사전적 의미를 보면 기독교의 교리를 세상에 널리 전하여 믿지 아니하는 사람에게 신앙을 가지도록 인도는 일이라고 명시되어있다. 이 책의 저자인 찰스 스펄전은 설교의 황태자로 불리는 분이다. 책의 구성은 전도의 개념부터 시작해서 하나님과 인간의 입장에서 본 전도자의 자격, 전도에 합당한 설교, 전도의 장애물, 전도의 비결, 전도자의 삶과 사역, 전도에 대한 지...+ 더보기",5,2017-12-18
123055176,스펄전의 전도,9772262,숨비북,"본서는 설교의 황태자라 불리었던 19세기 영국의 '찰스 스펄전' 목사가 신학생들, 목회자들, 다양한 부류의 신자들에게 자신이 가지고 있는 성경적 전도관에 대한 담론을 책으로 엮은 것이다. 쉽게 말해서 전도에 관한 설교라고 보면 된다. 저자가 근대 개신교의 워낙 큰 영적 거인이었기에 그의 이름은 교회를 다닌다고 하는 사람이라면 익히 한번쯤은 들어보았을 것이다.     그러나 본서는 우리가 흔히 알고 있는 전도에 관한 개념과는 사뭇 다르다. 많은 기독교인들이 배우고 알고 있는 그 전도의 개념이라는 것이 무조건 자신의 교회에 숫...+ 더보기",5,2017-12-14
123055176,스펄전의 전도,9753831,풀한포기,"이 책은 스펄전 목사님의 전도를 주제로 한 설교 모음집입니다. 그러나 단순하게 
전도하라는 내용이거나 어떻게 전도해야 한다는 방법론보다는 전도자가 어떤 자세와 태도를 가져야 하느냐에 주로 초점을 맞추고 있습니다. 특별히 이 책은 평신도보다는 목회자를 대상으로 한 내용들이 더 많습니다. 
목회자로서 전도자의 사명을 어떻게 할 것인가? 다른 말로 하자면 목회자가 갖추어야 할 
덕목과 자세와 태도에 대해서 많은 내용을 하례하고 있습니다. 당연히 반대급부인 잘못된 목회자의 모습에 
대해서도 많이 지적합니다 그래서 자칫 잘 못 읽으면...+ 더보기",5,2017-12-05
123055176,스펄전의 전도,9780830,책벌레삼남매,"2004년 출간된 <스펄전 전도설교>가 이번에 디자인만 새로 입고 나온 책이다. 19세기 영국 침례교의 
목사였던 찰스 스펄전은 '설교의 황태자'라는 별명을 갖고 있다. 그의 수천편의 설교는 당대에 많은 청중들에게 뿐 아니라 후대의 수많은 목회자, 
설교가들에게 또한 큰 영향력을 끼쳤다. 이 책은 그 중에서도 특별히 '전도'를 주제로 한 설교집이다.
 
 





      ...+ 더보기",5,2017-12-18
123055176,스펄전의 전도,9772570,진리,"설교가이며, 영성가인 스펄전의 글은 심금을 울리는 강력함이 있다  이 책은 전도의 개념부터 정리하면서 시작한다 수많은 전도 책들이 나와 있다 전도에 대한 구체적인 대안과 방법들을 나열해 주기도 한다 그러나 동기부여를 위한 대안들은 많지만 말씀에 따른 전도의 능력은 많지 않다  이 책은 스펄전으로 하여금 전도에 대한 분명한 가이드라인을 제시해 준다 전도자가 갖추어야 자격을 하나님의 입장과 인간의 입장에서 바라보게 했다 우리 사회는 전도에 호의적이지 않다 전도에 대한 상대적 반응은 인권침해까지 받았다...+ 더보기",4,2017-12-14
123055176,스펄전의 전도,9779951,이현석,"◆제목 :  스펄전의 전도◆지은이 :  찰스 스펄전◆출판사 : CH북스◆리뷰/서평내용 :-> 스펄전 목사님은 설교의 대가로 불리우시고, 지금 이 시대에도 많은 설교가들이 그가 했던 말들을 인용하곤 합니다.저도 신앙생활 하며 스펄전 목사님께서 해 주셨던 귀한 말들을 들어왔지만, 정작 그 분이 했던 설교집이라던지, 가르치셨던 내용들에 대해서는 아는 것이 전무하였습니다.이번에 이 책을 통해 스펄전 목사님이 전도에 대해 가지셨던 생각과 마음, 그리고 그 당시의 상황들을 읽...+ 더보기",5,2017-12-18
84095403,신약성경은 신뢰할 만한가?,8541024,이천사랑,"이 책 ‘신약성경은 신뢰할 만한가?’을 보는 순간 속으로부터 ‘당연하지!’라는 답변이 자동적으로 튀어나왔습니다. (어떤 목사님은 이 책 사진을 포스팅하시면서 [F. F. 브루스 형님의 답: - 암요. 그렇다마다요. 읽어보시라니까요.]라고 쓰시기도 했습니다. ㅎㅎㅎ) 그리고 책을 펼쳤는데, 브루스 형님은 마치 제 생각을 읽고 있었다는 듯이 글을 전개하고 있었습니다. ㄷㄷㄷ     “기독교 신앙의 진리가 명백히 신약성경의 역사성과 밀접하게 연관되어 있다 할지라도, 그 기록의 역사성 문제는 기독교 진리를 다른 근거를 바탕으로 부...+ 더보기",4,2016-06-05
375424783,일본 선교의 그루터기,16885320,reader,"이 책은 한일 양국 부모를 둔 일본 교회 목사님이 들려주는 일본의 기독교 역사와 일본 교회 이야기, 그리고 일본에서 목사로 살아가는 한국인 선교사님의 이야기이다. 오랜 시간과 인내가 필요한 일본 선교이기에 현재 시점에서의 이야기 뿐만 아니라 일본 기독교의 뿌리와 오랜 시간의 이야기를 훑어보는 것도 중요한 부분인 것 같다.            일본은 우리에게 좋은 이미지로만 다가올 수 없는 나라이다. 그러나 기독교의 역사를 보면 우리는 일본에 빚진 나라이다. 조선의 마케도니아인이라고 불리는 이수정에게 복음을 전했던 쓰다 센, 영화 &...+ 더보기",5,2025-11-19
375424783,일본 선교의 그루터기,16860836,마음광부,".일본 선교의 그루터기(박철민 / 세움북스)저자는 우리가 일본 기독교에 빚진 자들이라고 말한다. 빚을 갚는 심정으로 일본에 가 있지만, 눈에 보이는 성과를 얻기는 힘든 것 같다. 일본 교회는 노령화되어 있고, 언제 없어져도 이상할 것 없는 상황이다. 공식적으로 일본의 복음화율은 0.4%라고 한다. 아주 오래전부터 그랬다. 그럼에도 불구하고, 저자는 ""단순하지만 친밀한 교제와 동행""으로 선교 현장을 지킨다. 끝도 밑도 보이지 않는, 허공을 달리는 일을 오늘도 내일도 한다. 가족을 챙기기에도 바쁘지만 저녁에는 허무한 마음이 드는 일상을...+ 더보기",5,2025-11-07
375424783,일본 선교의 그루터기,16858196,sky794279,"감사하게 나는 하나님의 은혜로일본 단기선교를 5번 정도 다녀왔다.여행을 합하면 10번은 넘게 밟은 일본 땅,언젠간 가족이 함께 일본선교를 꿈꾸며 책을 읽었다.니시후쿠오카그리스도교회를 섬기고 계신 박창민목사님께서 일본선교를 하시면서 겪으신 간증과상황들을 이야기해주시는 책이라 읽기가 편했다.우리는 일본이라고 하면 좋지않은 감정들을 가지고있는데,나 역시도 좋은감정은 아니었던 것 같다.하지만 이 책에서 일본 교회와 일본 그리스도인들을 통해우리나라의 복음이 전해졌고, 우리는 빚진자라는 것을 말씀해주셔서 더 일본선교에 대해 감동이온다.선교사님...+ 더보기",5,2025-11-06
375424783,일본 선교의 그루터기,16885162,라파,"나에게 일본이란 크게 반감이 있지도 그렇다고 너무 호감이지도 않은 그냥 이웃나라, 여행하기 좋은 나라 정도 였던 것 같다. 하지만 이 책을 읽으면서 저자 목사님의 삶과 일본과의 관계, 그럼에도 역사하시는 하나님의 손길들을 보며 특히 많이 언급하셨던 믿음의 부채라는 것을 다시 생각해보고우리가 품고 더 눈물로 기도해야 하는 곳이란걸... 여전히 해결되지 않은 역사적인 문제들과 어려움이 있지만, 분명 복음은 그 사건과 경계를 뛰어넘는 것임을 기억해본다. 일본은 일찍이 복음이 ...+ 더보기",5,2025-11-19
375424783,일본 선교의 그루터기,16861230,hyojin114,"일본 선교의 그루터기일본이라는 나라와 선교 그리고 그루터기의 조합이 만들어내는 이야기가 무척 궁금했다. 일본에 대해 큰 관심이 없기도 했고, 선교에 대한 열정도 사라진지 오래이고,그루터기라는 단어가 주는 의미도 처음에는 생소했지만 이 책을 읽고 나서 나의 마음과 생각이 많이 바뀌게 되었다. 가까운 나라 일본이 조금은 친근하게 다가왔고 사라진 줄 알았던 선교에 대한 열정도 생겨나고 그루터기라는 단어가 주는 힘이 얼마나 큰지도 알게 되었다. 나의 첫 선교는 대학교 1학년 여름 방학학(2000년) . 전공이 중어중문과였던 나는 마침 다니...+ 더보기",5,2025-11-07
375424783,일본 선교의 그루터기,16884937,-,"1. 아마도 나의 인생에서 가장 큰 비중을 차지하는 선교라는 키워드.. 역시 앞으로도 계속 그 안에 담겨있고 싶다는 생각을 하게 했던 책이었다.지금은 잠시 멈춰 있는 듯한 시간이지만, 그렇지 않다는 걸 알고 있고 다시 걸어갈 수 있다는 것도 알고 있기에..2. 책을 읽으면서 짐 엘리엇의 전능자의 그늘이 떠올랐다. 나도 그처럼 매일 타오르며 살고 싶다는 생각을 했었는데, 이 책의 일기를 읽는 듯한 솔직하고 세세한 글들 또한 내가 하루하루 얼마나 치열하게 하나님 앞에 서고 있는지 돌아보게 만들었다. 잔잔하지만 진솔한 문장들이 깊게 와닿...+ 더보기",5,2025-11-19
176718283,가정교육,15236209,mintmk,고전이지만 지금도 정말 유용한 정보들이 많네요,5,2024-01-19
361442924,부부 플랫폼,16407998,아이작,"#부부_플랫폼 #서상복<부부 플랫폼>은,구수함 속에 담긴 그리스도의 사랑을 ‘부부 관계’로 적용하면서, 부부 관계가 하나님의 나라로 세워가기를 소망하는 마음을 담았다. 성경적 부부 관계를 한국적인 담백함으로 담아내면서 부끄러울 수 있는 자신의 사례를 소개하면서 성숙함의 의미를 담아 ‘환승’ 하기를 바라고 있다. <부부 플랫폼>은, 행복에 머물지 않고 행복을 넘어 거룩한 가정 공동체를 추구하며 플랫폼마다 ‘언약과 십자가’를 마주하게 하는 지혜로운 책이다. 인격 대 인격으로 만난 부부의 성격이 환승하고, 성(性)의...+ 더보기",5,2025-04-26
361442924,부부 플랫폼,16371631,reader,"""하나님 나라를 누리고 나누는 가정""이저희 부부의 결혼 예배 말씀 제목이었습니다.올해 10주년인데'가정에서 이루는 하나님 나라 가이드북' <부부 플랫폼>을 읽게 되어 뜻깊고 감회가 새롭습니다. 아내와 남편이 행복하고 만족해서서로를 볼 때 '예수님이 보이는 것 같습니다.'라고 헛것이 보일 때까지, 계속적으로 사랑하고 의지를 들여 노력해야 합니다.이 책을 읽고 적용점을 찾는 것 또한 그러한 노력의 일환이겠지요😊     행복을 위해 사는 세대입니다.행복하기 위해 서로 섬김을 받고자 하면 다툼이 일어납니다.그러나 거룩을 추구하...+ 더보기",5,2025-04-10
361442924,부부 플랫폼,16391425,축복오복,"결혼 10주년을 돌아보며 읽는 <부부 플랫폼>은 더 특별하게 다가왔습니다. 

신혼시절과 아이들이 어렸을 때 자주 부부 싸움을 했어요. 나름 결혼 예비학교도 수료하고, 신앙 안에 가정을 이뤘다고 생각했거든요. 그런데 막상 살아보니 부부관계가 어렵고 힘들더라고요..🥺 

결혼하기 전에 이 책을 읽었으면 더 좋았겠지만, 지금이라도 이 책을 만난 게 감사라고 생각했습니다. 부부관계에 갈등이 있다면, 가정사역에 지침서가 필요하다면 꼭! 읽어보시길 바랍니다. 

✨️ 결혼의 목적
하나님 나라를 이루고 하나님께 영광을...+ 더보기",5,2025-04-19
361442924,부부 플랫폼,16397090,라일락,"🤍결혼은 원래 이렇게 힘든 것인가? 라는 질문으로 시작하여 결혼 생활이 힘든 부부들의 원인을 6가지로 설명한다. 이 부분을 읽으며 과거의 미성숙하고 무지했던 내가 떠올랐다.결혼 후 4년 동안 남편을 이해하고 수용하는 데 지난한 시간을 보냈었다.그 시간동안 내가 얼마나 죄성에 갇혀 미성숙했는지, 알면서도 올바른 대화법을 사용하지 않았는지, 남녀의 차이에 무지했는지, ...... 주마등처럼 스쳐지나갔다. 나만 힘든 줄 알았는데 ‘남편이 참 힘들었겠다.’ 새삼 느껴지며, 그 시간을 잘 버티고 견뎌, 지금의 모습이 되어 감사했다.💚이 ...+ 더보기",5,2025-04-22
361442924,부부 플랫폼,16374487,sky794279,"가정사역의 대가라고 알려지신 서상복 소장님.서상복소장님은 개인적인 친분이 있는 것은 아니지만10년전 쯤 교회에 협력사역자이면서 교회에 많이 초청되어서 부부학교와 설교를 많이해주셨다.그때 나는 솔로였지만 하나님이 서상복소장님을 통해아내로 준비시키고 계셨던 손길을 느낄 수 있었다.내안에 많은 가시들을 발견하게 하셨고,내안에 많은 회복이 일어나도록 통로가 되어주셨기 때문이다.이 책을 읽는 내내 그때의 시간들이 되짚어지기도 하면서소장님의 특유의 웃음포인트와 함께확실하게 이야기해주시는 부분들에 대해 다시 한번 생각해보게 되었다. (음성지원되...+ 더보기",5,2025-04-12
361442924,부부 플랫폼,16379603,라파,"가정 안에서 하나님 나라를 세워가는 슬기로운 길잡이 🧑‍🏫가정사역자로 유명하신 서상복 목사님의 책이나 특강을 한 번쯤은 접해 봤을 것이다. 이미 목사님의 좋은 책들이 많지만 이 시대에 가장 무너지고 있는 부부생활에 대한 가이드북이라는 소개에 더 기대가 되기도 했다.신앙생활하면서 부부나 가정에 대해  많이 들어왔던 이야기들이라 자칫 뻔하게 여길 수 있는 내용들을 신선한 용어(플랫폼, 레시피 등)들을 사용하여 호기심을 자극할 뿐 아니라 결코 뻔하지 않은, 단순한 결혼 생활 지침서를 넘어 부부가 함께 신앙 안에서 가정을 세워가는 데 ...+ 더보기",5,2025-04-14
361442924,부부 플랫폼,16375657,hyojin114,결혼 15년차가 되는 우리 부부에게 필요한 이야기가 가득!아이들을 키우느라 정신없이 지내다보니 서로를 배려하고 신경 써주지 못한 우리의 모습을 발견하게 되었지만 익숙한 듯 그냥 지내왔던 시간들이 있었는데 다시 한 번 서로의 존재에 대해 귀하게 생각하며 어떻게 하면 가정에서 하나님 나라를 누릴 수 있는지 알게 된 책이다. 읽는 것에 그치지 않고 함께 나누며 실천하면 더 좋을 듯 하다. 예비 부부부터 갈등이 있는 부부까지 모든 부부가 읽으면 너무나 큰 도움이 될 것 같다. 특히 인상적이었던 것은 저자의 시였다. 시를 통해 보여주는 마음...+ 더보기,5,2025-04-12
361442924,부부 플랫폼,16381168,-,"4월 우리 부부가 만난지 5년이 되는 달, 생각보다 많은 시간을 함께 했다. 부부가 되고 자녀를 낳아 기르는 여정을 함께 하면서 서로를 더욱 깊이 알게 되었지만 여전히 너무너무 다른 우리..ㅎㅎ5년이 되는 이 시기에 ‘부부플랫폼’ 책을 만나 나는 나의 남편에게 어떤 아내인가 되돌아보는 시간을 갖게 되어 유익했다.저자는 아내와 남편이 각각 자신의 플랫폼에서 해야 하는 네 가지 환승을 제시했고, 그에 대해 자세히 설명하는 레시피 또한 제공한다.아내의 입장인 나에게 아내 플랫폼의 내용도 물론 유익했지만 남편 플랫폼의 내용이 왠지...+ 더보기",5,2025-04-14
470220,무례한 기독교,576731,젠카,"한국땅에서 '기독교', '기독교인'은 어떤 이미지를 갖고 있을까요? 세상의 빛과 소금과 같은 존재로서 가난하고 약한사람들을 돕고, 사랑으로 우리사회를 밝게 하는 존재...였다면 얼마나 좋겠습니까만, 그렇지 않은점이 부각되고 있는 것이 현실입니다. 특히 기독교인이 비난받고 있는 부분은 그 특유의 아집, 꽉막힌 사고방식입니다. 따라서 비기독교인의 입장에서 '기독교인'은 (조금 과장해서)'앞뒤좌우 다 막히고 고지식하며 자기 주장만 내세울줄 알고, 보수적이고 변화를 싫어하는 바보들, 그러면서도 남들을 불쌍하다고 여기는 역겨운 존재들'인 것...+ 더보기",3,2004-11-22
43859743,확신,11181068,온기,천국 가는 거 맞습니까?현대 종교인들.,5,2019-10-11
276167954,"그의 나라, 그의 왕, 그의 백성",12874002,새벽하늘,저자의 본문을 향한 깊이있는 해석이 놀랍다.,5,2021-08-19
276167954,"그의 나라, 그의 왕, 그의 백성",12874006,새벽하늘,"이 책은 오롯이 말씀에만 집중한다. 처음부터 끝까지 말씀이 이끄는 대로 말씀의 길을 따라 그 내용을 깊이 있게 강해하면서 묵묵히 그 길을 따라가게 한다. 시중에 나와 있는 설교집은 모두가 그런 것은 아니지만 많은 예화와 본문과는 전혀 동떨어진 이야기를 하는 책들이 있다. 그런데 이 책은 그런 것들이 전혀 보이지 않아 좋다. 저자는 하나님과 교제하지 않으면 목회자라 할지라도 타락한다고 말한다. 목회자의 타락이나 교회의 타락, 기독교 타락 역시 하나님과의 교제의 부재(不在)라고 말하고 있다. 하나님과의 교...+ 더보기",5,2021-08-19
185908984,구약성서 입문,17226749,레삭매냐,장 루이 스카 신부님의 이 책 <구약성서 입문>의 표지는 자못 도발적이다. “조금 알거나 거의 알지 못하는 사람”들을 위한 책이라고 표시되어 있다. 나는 조금 아는 사람인가? 아니면 거의 알지 못하는 사람인가. 양심상 전자라고 말할 수 있을 것 같지 않다. 조금 안다고 말하기보다 거의 알지 못한다고 고백해야할 것 같다.     장 루이 스카는 이 책에서 다루는 구약성서를 “이스라엘 국립도서관”이라고 명명한다. 그에 따르면 모세오경으로 알려진 토라는 현대 이스라엘을 모든 것을 주관하는 모체가 아닐까 싶다...+ 더보기,4,2026-04-19
71448296,쓰는 기도,8038689,리자몽즈,지칠 때마다 마음을 힐링시켜주기 위한 좋은 책이었습니다. 특히 마음에 있는 말씀을 소리 내어 읽고 손으로 적어가며기도하는 부분이 참신했습니다. 기도문 라이팅 북 추천합니다.,5,2015-12-11
71448296,쓰는 기도,8255361,모1,"그냥 읽기만 하는 것과 한번 써보는 것은 느낌도 다르고 기억도 훨씬 잘 되는 것 같아요. 좋은 기도문 열심히 쓰다보면 마음의 평온을 얻는데 조금이나마 도움이 될 듯 합니다. 본인의 마음수양을 위해서도 좋을 것 같고, 선물용으로 자신만의 책을 만들어서 줘도 종교인에게는 좋은 선물이 되겠네요.",3,2016-02-22
71448296,쓰는 기도,8174145,닉네임은사치다,흐음...추천을 드리겠습니다.,5,2016-01-22
71448296,쓰는 기도,8120558,안뿌슝,필사라고 하지요. 좋은 글을 손으로 옮겨적으면서 내 안에 담아두는 행위는 자신을 성장하게 하는데 큰 도움이 된다고 하더라구요. 올 한해 쓰는 기도 책을 열심히 활용하면서 제 안에 평온과 믿음으로 행복하게 살 수 있었습니다. 좋은 책을 만드는 일은 쉬운 일이 아닐 것 같아요. 좋은 책 감사합니,5,2016-01-04
71448296,쓰는 기도,8124241,백,믿음이 흔들리거나 신앙이 약해질 때에 필사하면 좋을 책입니다. 필사하다보면 마음이 차분히 정리되기도 하고 신앙심을 다시 돈독하게 다질 수 있어서 좋아요. 손으로 써서 기도를 올린다는 생각도 들어서 마음도 편안해집니다. 참 좋은 책입니다.,5,2016-01-05
71448296,쓰는 기도,8242607,그란테,손으로 기도문을 하나하나 쓰다보면 마음 깊숙한 곳에 새겨질 것 같습니다. 마음이 혼란스럽거나 정리하고 싶을 때에 쓰는 기도를 쓰면서 기도해보면 정신적으로 무척 도움이 될 것 같습니다.,5,2016-02-17
71448296,쓰는 기도,8188238,원선생,성경인물과 신앙위인의 기도문을 하나하나 손으로 적으며 필사하면서 기도를 하면 마음속에 큰 위로가 되며 하나님의 사랑을 크게 느낄수 있어 좋아요,5,2016-01-27
71448296,쓰는 기도,8142899,키위향기,"주옥같은 기도의 마음을 필사하며 마음을 다스리고, 더 힘차게 살아갈 커다란 사랑과 용기를 선물 받으리라 믿어요.",5,2016-01-12
71448296,쓰는 기도,8517898,_,"힘들고 어려울 때, 자신이 삶에 지쳤을때 읽으면 위로가 됩니다. 다시금 힘차게 한발을 내딛을수 있게 힘을 주는 것 같아요. 기도문을 한 자씩 필사하다보면 마음이 차분해집니다.",5,2016-05-25
365269255,홀리베베 사운드북 : 소망,16569631,로라로라,아기있는집에 선물했어요. 노래가사도 귀엽고  음질도 좋아서 선물했는데 엄마입장에서 후기 들어보니 all 버튼이 있어서 전곡듣기 가능해서 편하고 아침~밤 까지 하루 아기 일과가 들어있어서 아기한테 흥미롭다네요. 돌 앞둔 아가가 노래 듣다 잘 잠들었대요,5,2025-07-04
234273684,바울을 읽다,13240215,라파엘,한 인물의 사상을 해석하기 위해서는 먼저 그 시대를 올바르게 이해해야 한다는 역사적 연구의 기본에 충실한 책이다. 저자는 바울이 당시 사회에 어떤 변화를 일으킨 것인지 바울 서신을 중심으로 풀어낸다. 이 과정에서 그는 환대의 개념을 사회철학이 아닌 신학적 맥락으로 새롭게 해석한다.,5,2022-01-07
234273684,바울을 읽다,11562694,바람처럼,"대가의 흔적이 곳곳에 베어있는, 평이하면서도 깊은 책.",5,2020-03-10
234273684,바울을 읽다,15038556,metalogos,로완 윌리엄슨의 최신의 신학 연구서입니다. 신학을 깊게 접근하고 신앙적 유익을 얻기 원하는 분들에게 추천합니다. 저자의 관점이 뛰어나고 훌륭합니다^^,5,2023-11-06
234273684,바울을 읽다,11551079,eremitus,바울의 핵심 개념을 붙들어 사상 전체의 윤곽을 그려냈다. 고수의 솜씨! 무엇보다도 참 쉽고 명쾌했다. 교회가 바라야 할 이상이 무엇일지를 돌아보게 하는 책.,5,2020-03-05
4698192,성경 파노라마 + 성경 익스프레스 세트 - 전2권,6566435,아린레일,"이두책은 성경을 전혀 모르는 분에게 진정한 성경이 어떻게 이루어져있는지알려주는
가이드책입니다.
 
오직 예수님만을 중심으로 만들어져있는 성경과 
성경의 각각의 구성
성경속의 의미 
성경속의 숨겨진 예수님에 대한뜻 이 
이안에 숨겨져 있습니다
 
꼭 읽어보시고 성경 1독할때 각 부분 시작전에 부분별로 읽으면 이해가 빨라지는 좋은 책입니다",5,2013-09-04
6801054,주님은 나의 최고봉 한영합본 (양장),3722569,미라남편,"지금까지 여러 종류의 번역본으로 '주님은 나의 최고봉'을 읽어 보았습니다. 어떤 책은 번역이 조금 어렵게 되어서 이해하는 데 어려움이 많았지만, 그 점이 오히려 내용을 기억하는 데에 크게 도움이 되었었고, 어떤 책은 번역이 아주 쉽게 되어서 이해하기에는 어려움이 없었지만, 오히려 내용을 가볍게 만들어 그 깊이를 느끼기에 어렵게 만들어 놓은 것 같은 느낌을 받았더랬습니다.

이번에 오스왈츠 챔버스 목사님의 저서를 꾸준히 한국에 소개해 오고 계신 스데반 황 목사님의 새로운 번역으로 출간된 주님은 나의 최고봉을 읽으면서 이해하기 어렵...+ 더보기",5,2010-05-14
6801054,주님은 나의 최고봉 한영합본 (양장),3658127,알라딘사랑,"주님은 나의최고봉 한영합본은 영어과 한글로 동시에 써있는책입니다.

전에나온최고봉 책과 비교해보니 글씨가 더 큼지막해져있고  크기가 더 커졌지만  내용의깊이라던지 묵상할때

적용가능하도록 쉽게 나온거같습니다.

 

영적인삶과 하나님을 바라보는것과 태도 에있어서 어떻게 해야할지 궁금했던삶의진리를 풀어놓은책입니다.

 

책내용은  하나님과 더 가까이할수있도록 영적인면을 토대로  써놓은거같습니다.

한장 한장  넘기면서 그날 묵상해야할 주제와...+ 더보기",3,2010-04-26
6801054,주님은 나의 최고봉 한영합본 (양장),3720986,신의딸,"My Utmost for His Highest!


나는 영의 사람입니다. 눈에 보이는 것이 전부인 줄 아는 세상 속에서, 눈에 보이지 않는 하나님을 믿고 섬기며 살아가는 영의 사람입니다. 나는 하나님 나라의 백성입니다. 세상 가치관이 아니라, 하나님 나라의 법에 지배 받는 하나님 나라의 백성입니다. 그런데 세상에 살지만 세상에 속하지 않는 자로서 살아가는 일이 갈수록 어려워지고 있습니다. 생명을 위협하는 핍박이나 세상의 왕따 때문이 아닙니다. 신앙 안에 자꾸만 불순물이 침투해 들어오기 때문입니다....+ 더보기",5,2010-05-13
6801054,주님은 나의 최고봉 한영합본 (양장),3773739,조나단,"오늘 나는 어떻게 살았을까? 

주님이 보시기에 잘했다 칭찬하실까? 

주님이 아닌 다른 이에게 보이기 위해서 살지는 않았을까? 

 

그 질문에 답을 구할 수 있는 책. 『주님은 나의 최고봉』

한영합본으로 내 앞에 놓여져 있다. 

토기장이 고전시리즈중 하나이고 너무나 유명해서 어떤 미사어구가 필요없는 책이 『주님은 나의 최고봉』이다.

 

365일 묵상집『MY UTMOST FOR HIS HIGHEST(주님은 나의 최고봉)』. 한영합본으로 원서와 번역본을 함께 묵상할수 있도록...+ 더보기",5,2010-05-30
6801054,주님은 나의 최고봉 한영합본 (양장),3717925,아담,"붉은색 장미꽃은 그자체의 향기와 함께 누구눈에 띄던지 아름답다고 탄사가 터져나올만한 꽃이다
반면에 장미꽃나름대로 들짐승으로부터 자기자신을 보호할수있는 기능으로 이쁜 꽃송이와는 색다른 모습인 건조하고 날카로운 모습의 뾰족한 가시를 지니고 있다
하지만 장미나무가 제대로 살아남기 위해서는 보다 구체적인 무엇인가가 필요하다
비가오나 추위가올때 비바람과 추위를 막아주는 따뜻한 온실속의 화훼농부의 손길이 그것이다

오늘날 이세상의 인간들이 자기잘난맛에 취해서 살아가고는 있지만 아무리 영리하고 똑똑한척해도 우리인간들뒤에는 하나님의 ...+ 더보기",5,2010-05-13
6801054,주님은 나의 최고봉 한영합본 (양장),3719475,강한팔,"오스왈드챔버스에 대해서는 교회에서 목사님께서 간혹 인용하시곤 하셨다. 강의를 들을때면 그의 책을 언제가는 꼭 읽어봐야지 하면서 지나치곤했다. 최근에 주님의 나의 최고봉이 토기장이에서 새롭게 번역되어 출간된 소식이 전해졌고, 주변의 몇몇 분들이 구입하는것을 보았다. 주님은 나의 최고봉은 사실 오래전에도 출간된적이 있어 얼핏 본기억이 난다. 매일성경묵상을 위해 다른 교재를 활용하고 있기때문에 다시 한번 이 책을 구해보겠다는 생각은 그다지 없었지만, 한영합본이 나오면서 생각이 달라졌다. 얼마전부터 TOEIC 영어를 공부하고 있다...+ 더보기",5,2010-05-13
6801054,주님은 나의 최고봉 한영합본 (양장),3705862,tdfrg,"인상깊은 구절

하나님께서는 우리를 구원하시기 위해 예수 그리스도 안에서 자신의 모든 것을 거셨습니다. 
이제 주님은 우리가 그분만을 믿은 믿음 아네서 우리의 인생을 주께 걸기를 원하십니다. 


오스왈드 챔버스 목사님의 [주님은 나의 최고봉] 번역본이 처음 나왔을 때, 솔직히 별 관심이 없었다. 챔버스 목사님의 책은 그 전에 [산상수훈] 한 권만 읽었고, 탁월하다는 생각은 했지만 큰 관심을 갖지 않았었다. 또한 개인적으로 묵상집을 그다지 선호하지는 않았기 때문이다. 그 후로 챔버스 목사님의 책들을 읽지 않다가 얼마 전 ...+ 더보기",5,2010-05-10
6801054,주님은 나의 최고봉 한영합본 (양장),3704826,jsbeeline,"신앙서적을 읽으면서 그 책에서 언급하는 책이나 신앙인물들에게 주목하게 되고, 그 책을 읽는 것이 습관화되었다. 그리고 나름의 독서방법 중 하나가 신간 3권 읽으면 고전 1권은 읽어야 한다는 것이다. 이 점을 고려해 두고 기독고전을 살펴 보면서 눈이 가장 들어왔던 책이 ‘오스왈드 챔버스의 주님은 나의 최고봉’이었다. 

오스왈드 챔버스의 주님은 나의 최고봉(한영합본)이 내 손에 있기 전에 타 출판사에 이미 출판했던 주님을 위한 나의 최선이라는 제목의 책과 그 책으로 만족할 수 없었고, 좀 더 저자의 의도와 깊이를 알고 싶어 원서를...+ 더보기",5,2010-05-09
287120,토미 넬슨 어린이 성경,4751834,행복한미소,"성서원에서 다음세대를 위한 성경책을 발간했다. 
특히, 세계적인 명성을 얻고 있는 넬슨사와 독점 계약으로
아이들에게 가장 간결하면서 쉬운 성경을 출판하게 되어 기쁘다. 
어른이나 아이들에게 성경을 읽힌다는 것은 쉬운 일이 아니다. 
성경을 통해 우리에게 하나님은 새로운 세계관을 보게 하신다. 
성경은 하나님의 창조의 역사가 지금도 이루어지고 있음을 보여준다. 
아이들에게 생명과 같은 말씀을 먹인다는 것은 귀한 일이다. 
아이들의 삶과 미래를 세계관속에서 펼쳐가야하는 ...+ 더보기",5,2011-04-28
287120,토미 넬슨 어린이 성경,3593861,옥잠화,"토미 넬슨 어린이 성경
토미 넬슨 어린이 성경을 상품으로 받아 읽고 살펴보았는데 매우 간결하면서도 아주 쉬운 성경 이야기와, 생동감 넘치는 그림, 그리고 매 페이지마다 본문과 관련된 짤막한 영어 문장과 단어가 소개되어 있어 영어학습도 가능하도록 했을 뿐 만 아니라 초등학교 아이들이 보기에 너무 좋게 나온 어린이 그림성경이다.
토미 넬스 어린이 성경은 120가지의 구약과 신약성경에서 가장 핵심적이면서도 반드시 알아야 하는 기본적인 내용을 차례로 나열하여 일반 성경구절을 찾는 것도 상당히 쉽게 되어 있으며,...+ 더보기",5,2010-04-02
287120,토미 넬슨 어린이 성경,4756693,반딧불이,"시중에 나와 있는 어린이 성경이 종류가 많고 단권으로도 많이 나와 있어서 막상 고르라고 한다면

어떤 것을 골라야 할지 한참을 골라야 할 것 같다는 생각이 든다.

예전에 아장아장 어린이 성경을 갖고 있었는데 성경의 내용이 많이 나와 있었고 내용과 그림도 참 좋았던 것으로

기억이 된다. 이번에 보게 된 <토미 넬슨 어린이 성경>도 그와 비슷한 성경이었다. 내용도 그림도 좋았고 무엇보다 그림이

복잡하지 않고 단순하며서도 색이나 표현 자체가 거친것이 없어서 어린이가  받아 들이기에 부담감이 없어 보...+ 더보기",5,2011-04-30
85354,숫타니파타,11861888,윤사랑,"범계역에 있는 자유문고에 숫타니 파타는 이 책밖에 없어서 구매했는데. 나름 대조할 다른 책이 없어 이 책만 보고 평가하자면, 쉽고 빠르게 이해할 수 있는 번역의 보편성이 뛰어납니다. 정말 좋습니다. 다만 사람들에게 잘 알려지지 않아 다른 출판사 책을 사시는데 개인적으로 이 책도 좋습니다",4,2020-07-19
85354,숫타니파타,2897886,우림,"가장 오래된 경전 숫타니파타이다.
그런만큼(?) 읽기 쉽다. 부담없는 운문체의 글들이다.
일상사에서의 마음가짐부터 수행자의 자세에 이르기까지, 술술 기록하고 있다.

그런만큼 좀 가벼워 보일지도 모르나(동일한 패턴의 글이 무수히 반복된다), 그만큼 다가가기 쉽다는 장점. 어느 때이고 머리맡에 두고 아름다운 경구들을 읽을 수 있다. 번역자의 성실한 노력이 엿보인다.  그리고 무엇보다 첫 번째 경전이다. 그 이상 무슨 말이 필요하랴.

다만 아쉬운 점은 직역이 아니라, 중역이라는 점이다.
옥스포드판과 일본판을 대조...+ 더보기",4,2009-06-10
36931144,구름기둥,6941765,노박사,『구름 기둥』을 읽고솔직하게 내 자신은 아직 종교를 갖고 있지가 않다. 그렇다고 절대 부정적인 입장은 아니다. 주변에 많은 사람들이 독실한 믿음 아래에서 주어진 생활에 열심히 임하고 있는 모습을 얼마든지 볼 수가 있기 때문이다. 내 자신도 기회가 주어지면 어디서든지 찾아가서 참여할 수 있을 정도로 개방적이다. 그래서 모든 경우에 항상 동참하려는 모습을 견지하고 있다. 어차피 우리 인간은 더 좋은 세상을 향해서 더욱 더 열심히 살아가야 할 운명이라 생각한다. 이렇게 가는데 진정한 믿음을 바탕으로 활동할 수 있다면 확실하게 더 큰 힘...+ 더보기,5,2014-03-16
36931144,구름기둥,6937798,THEGREENOCEAN,"나는 때로 주님께 여쭈어 본다.""주님,고난이 언제 끝날 줄 모르기 때문에 이렇게 힘들잖아요.고난이 끝나는 날을 제게 살짝 귀띔이라도 해주시면 안 될까요? 그렇게 해 주신다면 제가 훨씬 견디기 쉬울 텐데요.""사랑하는 딸아,내가 이미 말해 주지 않았느냐? 성경에는 너희 믿음의 선진들이 통과했던 모든 과정이 기록되어 있지 않느냐? ​나는 그들이 갔던 그 길을 너희도 본받으며 가길 원한단다.​​한동대 총장 김영길 장로를 도와 눈물의 기도로 하나님께 간구한 김영애 권사의 구름기둥은 오늘을 살아가는 크리스천들에게 믿음의 본보기로 남아...+ 더보기",5,2014-03-12
36931144,구름기둥,6945997,"Hello,Stranger","세월이 이렇게 빠르던가. 김영애 
권사의 전작 '갈대상자'가 나왔던 때가 10년 전이니 말이다. 당시 갓 결혼한 새댁이었던 나는 이제 초등학생의 엄마가 되었고 당시 한동대 
이야기를 감동적으로 전하던 김영애 권사는, 지난 2월 이십년 가까운 한동대 사역을 마무리한 김영길 총장과 함께 이제 평범한 일상으로 돌아와 
있다. 광야와 같이 척박한 환경 속에서 승리의 찬가를 전하던 그들의 이야기, 그리고 한동대의 
이야기를 '구름기둥' 속에 담고서 말이다.   
2004년 김영애 권사의 
'갈대상자'를 ...+ 더보기",4,2014-03-19
36931144,구름기둥,6927858,jhizz,"구름기둥..
 구약시대 애굽에서 빠져나와 광야생활을 겪었던 이스라엘 백성들을 낮에는 구름기둥으로 밤에는 불기둥으로 인도하셨던 하나님. 그 사랑이 
많으신 하나님의 인도하심을 따라 사는 저자의 삶을 느낄 수가 있다.늘 순종하며 
산다는 것, 하나님의 인도하심을 따라 살아간다는 것은 참 어렵다.이스라엘 백성들의 
불평과 불만이 우리에게는 과연 없을까?완전하게 
부...+ 더보기jhizz2014-03-05공감(1)댓글(0)Thanks to공감",26,2014-03-05
36931144,구름기둥,6960017,ejan9115,"'갈대상자'라는 책을 오래전에 잠깐 읽은 적이 있는데, 그때는 이상하리만큼 전혀 관심이 없이 책을 훓었던 기억이 납니다.
 
하지만 이번에는 달랐습니다. 
19년의 한동대학의 총장직을 수행하면서 생긴 갖가지 사건,사고(?)는 조그만 일에도 일히일비하는 저에게는 감당할 수도 상상할수도 없는 
일들로 다가와서 너무나도 충격적으로 다가왔습니다.
 
너무나도 힘든 길을 감당해나가는 한동대 총장님부부가 정말 안쓰럽게 느껴지기도 했습니다. 
 
그런데 그길을 끝까지 믿음과 ...+ 더보기",3,2014-03-31
36931144,구름기둥,6935086,행복한미소,"김영애 사모는 갈대상자를 통해 수많은 독자를 확보하고 있는 분이다. 그녀는 갈대상자를 통해 한동대를 세우시는 하나님의 마음을 보여주었다. 그녀는 갈대상자를 통해 자신이 만난 하나님을 눈물로 간증했다. 갈대상자를 눈물로 읽었다. 한번에 읽지 못했다. 책장을 넘길 때마다 울고 또 울었다. 갈대상자의 감동은 지금도 내 안에 가득하다. 눈물로 하나님을 만났던 이야기였다. 
 
이후 10년이 지났다. 세월의 흐름속에도 한결같은 하나님의 관심과 사랑은 한동대에 가득했다. 오늘날 한동대는 세계적인 대학이 되었다. 세계적인 ...+ 더보기",5,2014-03-10
36931144,구름기둥,6949735,아담,"이세상을 살아가노라면 미쳐 예측하지 못한일들로 인하여 좌절에 빠지므로 삶의 방향감각을 잃어버리게 되는수가 있다.
이처럼 자신의 앞날에는 늘 이끌어주고 지침이 되어 함께하므로 자신이 헤쳐나가야할바를 모색하게 되는데 그것을 어디에서 찾는지에 따라 진정한 
그리스도인과 비그리스도인의 모습이 구분지어진다.
삶의 시간을 보내는곳을 이책에서는 광야에 비유하고 있는데 예수님이 공생애를 시작하실때 마귀들의 시험을 물리치시던 광야는 이스라엘사람들이 
마귀들이 활동하는장소로 인식되어 있는곳이었다.
이처럼 광야와 같은 세상속에서 사탄의 시험이...+ 더보기",5,2014-03-22
36931144,구름기둥,6927866,hsg4560,"""Why Not Change the World!"" ""배워서 남주자"" 언제부턴가 많은 분들이 이 구호를 외치고 다녔습니다. 가만히 생각해 보니, 이 구호가 바로 한동대학의 구호였습니다. 이름없는 한동대학교를 일류대학으로 만든 김영길 총장님, 총장님의 삶은 전편인 '갈대상자'라는 책을 통해 조금 알고 있었지만 후속편 '구름기둥'이 출간되었다는 소식을  듣고 꼭 읽어보고 싶다는 욕심이 들었습니다.저자인 김영애 사모님 특유의 대화체의 글들은 마치 내가 현장에 있는 듯한 생동감을 느끼게 해 줍니다. 또한 이번 후속편을 통해 한동대가 지금의 ...+ 더보기",4,2014-03-05
36931144,구름기둥,6941412,shinmilee,고난의 현실에 부딪혀 간절히 기도해야만 했던 절박함 그 속에 하나님은 언제나 동일하게 역사하셨다.고난속에서 좌절하지 않고 믿음을 지킨 믿음의 용사고난 가운데 축복과 은혜의 많은 열매를 체험하는 나의 길이 아닌 한동의 길을 보여 준다.,4,2014-03-15
107645490,보이지 않는 공급자,10498098,굉장한걸,"‘ 풍요의 DNA ’‘ 보이지 않는 무한 공급자 ’‘ 진정한 성공을 이루는 가장 빠른 길은, 아무것도 하지 않은 상태에서 멍때리면서 고요하게 자주 긴 시간을 가지는 것입니다 ’          책 곳곳에 보석같은 글귀가 적혀있는 책입니다.     태양빛을 받는 것과 같이 조건없이 누릴 수 있는 공급의 원천이 있음을 알고 공급의 원천의 주파수에 맞춰서 어린아이와 같이 순수한 마음으로 살 수 있는 방법을 알려줍니다.      하나님을 찾겠다고 노력하는 외부로 향하는 마음을 안으로 거두어, 내 안에서 ...+ 더보기",5,2018-11-28
42960970,"상처 입은 예언자, 헨리 나우웬",7056733,Soli,"내 기억에, 헨리 나우웬은 21세기를 목전에 둔 시점에 개신교 독자들에게 본격적으로 소개되었다(물론 그의 책은 저작권과 상관없이 가톨릭 출판사에서 이미 오래전부터 출간되었지만). 두란노를 시작으로, IVP와 좋은씨앗 등이 그의 책을 '남김 없이' 출간했다. 가톨릭 사제의 책이 보수적인 개신교 독자들에게 이렇게 폭발적인 반응을 보일지는 출판사들도 놀랐을 것이다. 그의 책 판매량이 정점에 달했을 때, 두란노는 <영혼의 양식>을 출간하며 ""헨리 나우웬은 보물입니다""라는 카피를 썼다. 그리고 그즈음 마이클 포드가 쓴 전기 &lt...+ 더보기",5,2014-07-01
42960970,"상처 입은 예언자, 헨리 나우웬",11020473,양배추,"예언자란 누구일까? 아브라함 헤셸이 그의 대표작인 <예언자들>(삼인, 2004)에서 밝힌 바에 따르면 ""예언자는 자기 말로써 하나님을 보이게 하는 사람""이다. 그렇다면 나우웬은 예언자임에 틀림없다. 그가 숨지기 전 10년 동안 봉사했던 데이브레이크 사람들은 나우웬을 향해서 '하나님을 보여 준 예언자'라고 스스럼없이 말했다(346). 그들이 10년 동안 나우웬을 직접 보고 내린 결론이니 다른 의견이 있을 리 만무하다. 그는 숨지기 3주 전에 다음과 같은 의미심장한 말을 남겼다. ""우리는 예언자들이 죽은 이후에야 그들을 칭송...+ 더보기",5,2019-08-07
422249,로마서,4471493,5만명회원,성경책에 로마서가 있는데 어떻게 해석되어 있을지 궁금하네요.,5,2011-01-26
8549085,새번역 성경 - 무색인 (RN62ET),11345756,옌,정직한 가격  정의로운 가격,5,2019-12-07
8549085,새번역 성경 - 무색인 (RN62ET),12902268,행복남,좋아요. 추천,5,2021-08-30
615125,위대한 만남,3692803,좋지 아니한가,위대한 만남을 위한 당신의 첫걸음!,5,2010-05-06
139417112,성모님과 함께라면 실패는 없다,10013008,데레사,성모님에 대해 어려울 수 있는 부분들을 매우 이해하기 쉽게 쓰여진 것이 이 책의 큰 매력이라고 생각됩니다. 성모님에 대해 궁금한 분들에게 강추합니다. 사전 지식 없으신 분들도 읽는데 아무 무리가 없습니다.,5,2018-04-09
139417112,성모님과 함께라면 실패는 없다,10064271,성격급한나무늘보,"5월입니다. 봄도 오고. 한반도에도 평화의 기운이 가득합니다. 자고 나니 5월. 올한해가 무지하게 바쁘게 정신없이 돌아갑니다. 세례받고 어느새 9년차. 사춘기아들을 키우고 삶을 알아가며성모님을 바라봅니다.함께 합니다.흔들리지 않고 곰곰히 생각하는 삶.성모님과 함께라면 실패는 없습니다,",5,2018-05-01
139417112,성모님과 함께라면 실패는 없다,10021889,이섬,"[성모님과 함께라면 실패란 없다]성모님, 가장 훌륭한 신앙 롤모델
 
 
토요일에도 4교시까지는 수업하던 시절, 토요일마다 교문 앞에 전도사들이 와서 어린이들에게 사탕이나 과자를 
주며 ‘교회에 가자’고 전교하였다. 모태 가톨릭 신자인 필자가 곤란했던 점은 종교를 밝히며 제안을 거절할 
때마다, 애고 어른이고 할 것 없이 개신교 신자들이 눈을 세모나게 
뜨며 “그거 마리아교야, 가면 안돼, 이단이야!” 몰아세우는 것...+ 더보기",4,2018-04-12
139417112,성모님과 함께라면 실패는 없다,10085257,박상아,"책의 표지는 눈에 잘 띄는 하늘색입니다. 제목도 눈에 잘 들어옵니다. 양승국 신부님께서 쓰신 이 책을 읽으며 술술 잘 읽혔습니다. 상반부에는 가톨릭 교회의 마리아와, 하반부에는 성모 신심과 식별 등에 대해 얘기해주고 있습니다.     이 책에서 자주 나온 단어는 ‘겸손’입니다. 성모님은 무슨 일이 있어도 항상 겸손하셨습니다. 오늘날 많은 사람들은 교만하고 자만해합니다. 이럴수록 성모님의 겸손을 더욱더 생각해봐야겠습니다. 성모님은 겸손을 가장하거나 하느님이 주신 선물도 거절하지 않으셨습니다. 또한 하느님의 은총에 두려워 도망...+ 더보기",5,2018-05-12
139417112,성모님과 함께라면 실패는 없다,10064318,성격급한나무늘보,"뭐이리 시간이 빠를까.매일매일 읽어야할 것들, 생각해야할 것들. 결정해야할 것들 투성이다.막중한 책임도 맡았고 대학원도 갔고. 아들은 사춘기로 접어들었다. 미사를 드릴때마다... 성체를 영할 때마다 기도해야할 것이 한무더기. 성체성가가 다 끝나가도록 나는 기도하고 기도한다. ""성모님과 함께라면 실패는 없다""는 마리아교를 이야기하는 책이 아니다.되려 마리아교는 가톨릭이 아니라는 사실을 다독다독 다독이며 알려준다. 조선의 선교를 위해 파리외방전교회 신부님이 파견받고 순명하실 때신부님들은 정원구석에 계...+ 더보기",5,2018-05-01
139417112,성모님과 함께라면 실패는 없다,10013709,기분 좋은 날,"표지 색상이 아름다운(개인적으로 좋아하는) 멋진 제목의 책이네요.
 
 

얼른 펼쳐 읽었는데
이 부분이 와 닿았어요.
""우리의 선악과 구원을 위해서라면 체면이고 뭐고 다 던져 버리시는 분입니다.""
꼭 두 주먹 불끈 쥔 정의에 불타는 모습이 상상이 되는데 
도움이신 성모님에 대한 설명이었어요.^^
성모님이라면 늘 온화하고 부드러운 이미지로만 생각되었는데
이렇게 강인한 인상의 설명은 처음이었어요.
마치 한국 아줌마를 떠오르게 하는... 

    &...+ 더보기",5,2018-04-09
139417112,성모님과 함께라면 실패는 없다,10013003,데레사,성모님을 간단히 소개한 책이지만 성모님 관련 교리에서 핵심 내용들을 너무나도 잘 요약했으며어렵거나 오해할 수 있는 부분들을 아주 쉽고 간결하게 설명해주어 얇지만 매우 공들여 만든 책이라는 느낌을 받았다.성모님이 지니신 여러 측면의 덕행들과 면모들을 비유와 사례를 들어 이해에 도움을 주었고유명 박물관에 있는 성모님에 관한 명화나 사진들이 아주 많아서 시각적 즐거움도 주었다.각 장이 끝날 때마다 성모님과 관련된 교회 지식이 요약된 '성모님 Tip'은 매우 유용하게 쓰일 것 같다. 또한 성모님에 대해 ...+ 더보기,5,2018-04-09
362521,사후생,458479,혜덕화,"<우리가 이해 할 수 없는 것들을, 단지 이해 할 수 없다는 이유만으로 존재하지 않는다거나 실재하지 않는다고 말해서는 안된다>는 작가의 말에 동의한다.
임사체험을 했다는 많은 사람들의 말이나, 깨달은 사람들이 하는 말의 많은 공통된 부분은 어쩌면
보이지는 않지만 실재하는 무엇인가에 대한 똑같은 경험의 소리가 아닌가 싶다.
 과학이라거나 물질문명이라는 이름으로 불과 일이백년 사이에 묻혀버린 <실존>의 소리가 아닌가,  생각할 때가 있다. 
큰 성찰이 담긴 책이다.",4,2004-05-07
261717,그곳에선 나 혼자만 이상한 사람이었다,320601,yagummidor,"호주 원주민들을 보면서 우리는 '그들은 자연친화적 삶을 사는 이들이다' 라고 말한다. 그러면서 원주민들을 자연적인 미신을 믿고 살아가는 특이한 사람들이라 생각한다. 하지만 그들은 묵묵히 자신의 삶에 충실할 뿐이다. 자연을 느끼면서. 호흡하면서. 함께 생활하면서. 그냥 삶의 일부로 받아들일 뿐이다. 우린 그들에게 자연친화적 삶이란 단어를 붙여줄 필요가 없는 것이다. 오히려 그런 수식어를 붙일수록 그들은 우리에게서 멀어저만 간다. 파리가 귀,입,눈,코로 들어가도 그것들은 원주민들에게 있어 몸 청소부일 뿐이지 더 이상 귀찮은 존재가 아니...+ 더보기",4,2002-01-24
261717,그곳에선 나 혼자만 이상한 사람이었다,313357,달팽이,"여행은 준비되고 예측되지 않을 때 진정한 의미를 가진다. 이미 계획된 여행은 계획되고 준비된 대로의 의미만을 가지기 때문이다. 반면 느닷없이 닥쳐 온 여행은 그 여행의 의미에 대해 선험적인 결론을 내리지 않으며 우리의 마음먹기에 따라 천차만별의 의미를 가진다. 그 여행의 경험을 얼마나 값진 것으로 만드느냐는 그 여행에서 우리가 얼마나 가슴을 열고 세상의 이치를 받아들이려 하느냐에 달려 있다.우리의 인생 역시 하나의 여행이다. 그것은 예측할 수 없으며, 계획할 수 없는 것이다. 우리의 삶은 어느 순간 뜻하지 않는 일들로 인하여 완전히...+ 더보기",4,2002-12-21
261717,그곳에선 나 혼자만 이상한 사람이었다,308674,사무라이밍키,어린시절 우리막내고모가 읽던책이었다 고모가 좋다고 그랬었는데 글쎄 별로 안 땡겨서 읽어보진 않았었다.... 그로부터 오랜시간이 지난후 중고서점;; 에서 우연히 이 책을 다시발견해서 냉큼 집어왔다 그때가 2001년이었고 같이 집어든 책은 소피의 세계1 이었다 (여담이지만 그때 모리와 함께한 화요일 도 같이 사려고했으나 다시 내려놨는데 지금은 엄청난 베스트셀러가 돼버러서 선뜻 손이 안간다 ㅋㅋ) 그해 가을 한학기 휴학을 하게됐고 엄마가 병원에 입원하게 되셔서 그 책을 들고 가서 엄마침대에서;; 봤다근데 너무 잘 읽혔다 술술 잘 읽어나갔...+ 더보기,5,2003-08-06
261717,그곳에선 나 혼자만 이상한 사람이었다,417067,미하엘,1995년 나는 길을 찾고 있었다。 나는 어디서 와서 어디에 있으며、 어디로 갈 것인가? 에 대한 존재론적 물음에 빠져 허위적거리고 있었다。 뭐 그렇다고 거창하게 구도의 길을 걸어간 것은 아니었으며、 구도의 길을 걷기에는 세파에 너무나 찌들어 있는 영혼이었던지라 나와는 동떨어진 별나라의 이야기였고、 구도는 코흘리게 어린애들 동화책 한 언저리에 나오는 신선들에게나 해당되는 이야기 속의 허무맹랑한 거짓말 정도로 여기고 있었다。 직장이라고 다니고는 있었지만、 그날이 그날인 무료한 일상의 늪에 빠져 이러지도 저러지도 못하고 있었다。오뉴월 ...+ 더보기,4,2003-12-14
261717,그곳에선 나 혼자만 이상한 사람이었다,374795,zsiddhi,"뭐랄까.....신세계같은 기분이 들게 하는 책이다. 이 지구에서 사는 사람같지 않은 명상적인 종족;이랄까. 과연 이런 사람들이 정말로 있는 걸까라는 의심이 아직도 남아 있다. 정말로, 그렇게 자연과 공존하는 이상적인 인간이 있을까?한편으론 슬프기도......우리는 그렇게 도저히 살지 못한다. 자연의 주어진 것을 그런식으로 자연스럽게 이용하면서 살지 못한다. 나만해도 그곳에서 그런식으로 살 수 있을 것 같지 않다. 우리는 어쨌든 현대문명에 찌들어 사는 사람이 아닌가.사실은 정말 부럽다. 가장 인상깊었던 것은 그곳의 문화와 현대문화를 ...+ 더보기",3,2003-08-29
261717,그곳에선 나 혼자만 이상한 사람이었다,289443,허승희,"모든 것을 버리고, 문명세계의 갑갑함을 벗어나 자연으로 가서 생활하고 싶다는 생각, 누구나 한 번 쯤은 해봤음직한 생각이다. 하지만 그것을 실제로 실천하기란 여간 쉬운 게 아니다. 나의 사회적 지위, 귀속 지위 등등에 의해 '책임'이라는 것을 갖고 있는 한 말이다. 처음엔 이 책을 의심했었다. 대충 봤는데 너무나도 당황스런 체험, 그래서 문명인인 나로서는 도저히 이해가 안 되는 이야기들로 넘쳐나던 것이었다. 하지만 실화를 바탕으로 쓰여진 이야기라는 말에 그래도 믿어보자 하는 마음으로 책을 읽었다. 여행기간동안 그녀는 벌레와 뱀, 캥...+ 더보기",5,2002-11-07
495123,목회자의 책읽기 혁명,4085935,낭만인생,경건생활을 위한 목회자의 책읽기 제안.. 지성과 영성의 균형을 위한 적절한 안배,3,2010-09-05
495123,목회자의 책읽기 혁명,4086006,낭만인생,"책 읽기 혁명?  
너무 혁명적이지 않는가? 조그만 더 차분하게 제목을 정했으면 좋으련만.... 
처음 부흥과 개혁사를 만든다고 할 때 기대반 걱정반이었다. 양질의 도서를 찾고 보급하기 위해 거창?하게 시작된 부흥과 개혁사이다. 백금산 목사님의 꿈이요 열정인 부흥과 개혁사는 이렇게 시작되었다. 
 
서론은 집어 치우고 백사님께서 알려주시는 독서 노하우를 알아보자. 
머리말에서 백목사님은 -영적 성숙을 위한 신 독서법이라고 소개한다. 그의 새로운 독서법은 무...+ 더보기",3,2010-09-05
495123,목회자의 책읽기 혁명,2603592,쩐디닥,"목회자의 책읽기 혁명
백금산 / 부흥과개혁사
가격 : 3,000원→2,700원

 
 


　목회자는 성도들을 돌보는 사람이다. 성도들이 이 세상에서 하나님이 원하시는 대로 살아가도록 하기 위하여 그분의 말씀을 설교라는 도구를 통하여 전한다. 그 말씀을 바르게 전하기 위해 성경을 많이 읽고, 연구한다. 부가적 도움을 얻기 위하여 책도 많이 읽는다. 그것을 통하여 학문과 세상에 대한 식견을 넓히는 것이다. 자, 목회자에게 요구되는 사항이 몇...+ 더보기",5,2009-02-18
495123,목회자의 책읽기 혁명,1857901,자유혼,"짧은 책이기도 하고, 이전에 같은 저자가 쓴 [책 읽는 방법을 바꾸면 인생이 바뀐다]도 보았었기 때문에 가벼운 마음으로 책을 손에 들었다.


1부는 [책 읽는 방법을...]에서 본 내용의 요약판 정도라고 할 수 있고, 2부와 3부는 좀 더 구체적/실제적으로 ‘로이드 존스’와 [기독교 강요]에 대해 다루고 있다.


로이드 존스에 대한 소개를 보면서, 이런 방식의 ‘가이드’가 있으면 한 사람과 그의 저작을 이해하는 데 많은 도움이 되겠다는 생각을 했다. 전에는 그냥 책을 읽는 수준이었다면, 이제는 좀 더 체계적으로 보...+ 더보기",3,2008-01-23
303176,참으로 소중하기에... 조금씩 놓아주기,352675,卓秀珍 탁수진,"언제 죽을지 모르지만, 나는 죽기전까지만 잘 살고 싶다. 그래서 나는 지금까지 '잘' 살기위해 이것도 해보고 저것도 해보고, 여러가지를 배우기 위해 노력하고 또한 많은것을 깨닫기 위해서 노력했다. 하지만 잘 사는 것에 대한 기준자체가 유동적이어서 많은 시간을 꽤나 허우적거렸던 감이 없지 않아 있었다. 그러던 내 앞에 이 책이 나타났다.사실 이 책이 내게 운명처럼 다가온것은 아니다. 그냥 잘 살아보려는 노력아래 이 책 저 책 읽다가 우연히 내 손에 집혔을 뿐이라고 생각한다. 그러나 원하면 이루어진다는 말이 맞나보다. 책을 집어서 한 ...+ 더보기",5,2002-07-02
303176,참으로 소중하기에... 조금씩 놓아주기,1505262,짜우,"'밥퍼 목사 최일도가 가슴으로 써내려간 가족이야기'라는 부제를 단 ""참으로 소중하기에... 조금씩 내려놓기""란 책을 읽다. 300쪽이 채 안되는 얇은 부피에 비해 가족의 소중함을 진솔하게 밝힌 아름다운 이야기이다. 물론 가족의 개념은 한 이불 속에서 혹은 한 집에서 생활하는 작은 가족의 개념을 벗어난다.
  588이야기나 혹은 밥퍼의 이야기를 읽던 것이 언제였던지.. 한 십년쯤 된 이야기 아닌가 모르겠다. 수녀였던 아내의 이야기외에도 청년으로 자란 큰 아들 산이의 이야기, 그리고 우리집 둘째...+ 더보기",4,2007-08-18
303176,참으로 소중하기에... 조금씩 놓아주기,356216,badamall,"최일도 목사님의 책은 빠지지않고 읽었는데 이 책은 특히 목사님개인의 가정이야기를 꾸밈없이 보여주고있다. 밖으로 어려운 이웃,소외된 이들을 위해 열심히 뛸수 있었던 그원천은 어머니의 기도와 아내의 인내와 수고 그리고 아이들의 희생이 없이는 이룰수 없는 일이었다. 그런 완벽한 가정속에서도 가족간의 갈등이 없지않았다는것은 우리 평범한 가정에게 조그만 위로가된다. 정말 너무나 사랑하기에 조금씩 물러나 상대를 바라보아야 하지 않을까? 그렇게 해서 나의 가족이 진정자유롭고 더큰 세계로 나갈수 있도록 도와 주어야하지않을까?",5,2002-06-14
303176,참으로 소중하기에... 조금씩 놓아주기,381515,michaella5,"몇 년전 TV를 통해 목사님을 뵙게 되었다. 그리고 그 분의 책'밥짓는 시인 퍼주는 사랑'을 읽고 그 분에 대한 존경심이 생겼고 내 삶의 가치관도 많이 바뀌었다. '참으로 소중하기에 조금씩 놓아주기'를 읽고 난 후 난 이책을 5번 이상은 읽었던 것 같다. 그냥 시간이 나면 읽었던 책이다. 너무나 내가 소중하고 좋은 책이기에 손에서 놓기가 싫었다. 정말 내 가족, 내 친구..너무나 가깝기 때문에 그들에게 따뜻하게 대하지 못했는데 이 책을 읽고 내 자신을 많이 반성하게 되었다. 내 삶에 있어 참으로 소중한 책이다....",5,2003-03-27
390658752,창조론과 창조신학,17216022,best7key,"세포 속의 특정화 정보의 기원과 질서, 현재의 유지는 설명할 엄두도 못내는 박쥐들 조합이 블라~ 블라~ 신학을 논해요?",1,2026-04-14
91272118,유식삼십송,12861433,AliceSaraOtt,쉽게 배우는 유식,5,2021-08-14
8412060,네가 하나님의 아들이라면,4447526,쩐디닥,"언제부터인가 예수가 만들어지기 시작 했다. 예수에 관한 설들이 난무하기 시작했다. '성혈과 성배', '예수는 신화다', '다빈치 코드' 등을 중심으로 하여 허구적인 이야기들이 예수를 왜곡하기 시작 했다. 급기야 학자들, 바트 어만의 경우 그의 책 '예수 왜곡의 역사'에서 예수에 대한 회의적인 시작을 견지한다. 일단의 신학자들은 신인인 예수의 신성과 인성을 분리하여 연구하기 시작 했다. 신이자 인간인 예수가 아니라 신 혹은 인간 예수로 나누어 연구하여 예수를 훼손하기 시작 했다. 예수는 복음서에 있는 그대로 받아들여지지 못하고 만신...+ 더보기",5,2011-01-18
8412060,네가 하나님의 아들이라면,4415979,다윗,"‘악’은 우리 성도들에게 늘 “네가 하나님의 아들이라면”하는 식으로 우리의 신분을 흔들고, 우리의 정체성을 흔들어 보는 질문을 던진다. 특히 우리의 약점과 연약함을 파고들어 우리와 하나님과의 관계를 분리시킬 뿐만 아니라 우리로 하여금 수치심과 좌절을 불러 일으켜 하나님께 가까이 가지 못하게 만든다.

이 책의 저자 자끄 엘륄은 이 책에서 인간예수가 겪었을 참담함의 고통과 그의 영혼이 가닥가닥 아픔으로 치렀을 고뇌의 편린들을 우리에게 분명하게 일깨워 주고 있다. 그는 우리의 무딘 지각에 성경의 말씀을 보는 눈을 열어주어 예수에 관...+ 더보기",5,2011-01-08
8412060,네가 하나님의 아들이라면,4447559,풀한포기,"예수는 참 하나님이요 참 사람이다. 그러나 이 교리를 인간의 이성으로 완전히 이해하기란 거의 불가능하다. 이해하기 힘든 이 교리로 인해 초대 교회 때부터 많은 오해와 이단들이 발생했다. 오늘날에는 적어도 교회 내에서는 이 교리에 대한 논쟁은 더 이상 없다. 예수를 믿는다고 고백하는 신앙인이라면 온전히 이해하지 못한다 할지라도 이 교리를 받아들인다. 그러나 우 예수님이 참 사람이요 참 하나님이라는 사실을 믿는다 고백하지만, 우리의 이성이 한계로 인해, 예수를 신적인 측면을 더 크게 바라보던지 혹은 인간적인 측면을 더 크게 바라보게 된...+ 더보기",5,2011-01-18
8412060,네가 하나님의 아들이라면,4472448,그래도,"네가 하나님의 아들이라면 



이 책은 우리가 잊고 있었던 것에 대해서 이야기해주고 있다. 아니 우리가 알고 있었지만 미쳐 생각하지 못했던 것, 우리 잘 못 생각하고 있던 부분, 그냥 “그럴꺼야.”라고 아무 생각 없이 지나친 부분을 시원하게 꼬집어 주는 책이다. 별 것 아니라고 할 수 있는 내용이지만 이 사실 하나로 정말 많은 것을 느끼게 해주고 우리가 생각하던 것보다 더 큰 감동과 은혜를 느낄 수 있었다. 



이 책에서 다루고 있는 내용은 예수님의 인성이다. 예수님이야 말로 신성과 인성을 동시에 가지고 계시는 ...+ 더보기",5,2011-01-26
408111,Sex Signs,8572411,뽈쥐의 독서일기,"책을 많이 읽는 사람 중에 소설은 전혀 안 읽는 사람도 많다. 자기계발서, 실용서, 인문 경영학 저서, 외국어 학습서 등등... 처음에는 어떻게 그렇게 재미없는 책만 계속 읽을 수 있단 말인지 놀랐지만 그들도 나에게 비슷한 의견을 가지고 있는 것을 확인하곤 역시 세상은 다양한 사람으로 가득하다는 생각이 들었다. 그리고 그들의 취향을 무의식적으로 약간 폄하했던 나를 반성했다. 현실적으로 그들이 더 잘(?) 나가는 경향이 있었으므로.(어디까지나 개인적이고 협소한 관찰에서 나온 의견입니다.)나는 사실 영양가 없는 소설만 읽는 게 아니다....+ 더보기",5,2016-06-20
408111,Sex Signs,428201,^♡^,"이 책은 심리학과 점성학이 그대로 녹아있는 그야말로 여성만을 위해 만들어진 책이다. 책이 꽤 두꺼운데 책에 대한 정보없이 제목만 봤을때는 오해의 소지도 다분하다.(그래서 들고 다니며 보기에는 여러모로 부적절 하다.)나는 항상 나에 대해서 갈망한다. 이 세상 그 누구보다도 더 상세하고 많이 내 자신에 대해서 알고 있는 나 임에도 불구하고 나는 항상 나를 알고 싶어하고 나의 내면으로 빠져들곤 한다. 그 것은 불확실만 미래에 대한 불안과 결합되어 심리학이나 별자리 운세, 사주등을 통해 나를 알아가고 재확인해 가며 미래에 대한 확신을 얻고...+ 더보기",3,2003-09-09
408111,Sex Signs,507808,도넛공주,"솔직히 뭔가 철학적인 책인 줄 알고 샀다. 음. 내 기억이 정확하다면, 이 책 광고 또한 그랬었다.그런데 그냥 별자리 책이다.좀 분량이 압도적이긴 하다. 두껍고, 아주 상세하고 12자리에 대해 써놓았다.중요한 건 여자들만을 대상으로 썼다는 것.그런데 내용이 너무 방대하고, 예들이 몹시도 구체적인지라 오히려 공감하기도 쉽지 않았고 잘 맞는다는 느낌도 없었으며결정적으로 여자들이라면 모든 별자리가 다 내 별자리같은 생각이 들 것같다.혹은 모든 별자리가 다 나랑은 다른 것같다는 생각이.별자리와 혈액형으로 사람을 나누는 걸 펄쩍 뛰며 싫어하...+ 더보기",2,2004-08-01
408111,Sex Signs,374867,들꽃,예전부터 이 책을 읽기로 마음먹다가 우연한 기회에 내 손에 들어 왔다. 꽤 묵직한 책이지만 책안의 내용이 신선했다. 별자리를 13개로 나누었고 (실은 원래의 12개의 별자리에다가 우주적 여성=이상적인 여성 의 별자리를 한개 첨가했음) 나를 더 잘 알 수 있게 도와준 책이었다. 사람들이 자신의 별자리를 알아서 자신의 운명을 안다면..여성들을 위한 책이라고 정말 감히 말씀드리고 싶다. 내 안의 내가 원하는 사랑이라든지 이상형이 거의 맞는다. 단지 지금까지 내가 알지 못했을뿐 내 속의 난 그런 걸 원할지도 모른다는 생각이 들었다.물론 별...+ 더보기,4,2003-10-11
161463820,NSBT 레위기 성경신학,10774866,책 읽을 수 있겠니?,"19년에 읽은 책 중에 베스트!레위기 뿐만 아니라 오경 아니, 성경 전체의 흐름을 잡아주는 책",5,2019-04-03
329885299,최강의 포식자 논 형충회합,15205913,Ajna,대단한 넓이와 깊이를 가진 책. 다만 명리에 대한 여전한 의문들. 이론을 많이 알면 삶의 비밀도 정말 잘 알게될까? 현대와 맞지 않는 이론들도 많은데 여전히 붙잡혀 있는 건 아닐까. 결과를 놓고 이론을 끼워맞추는 건 많은데 이론과 맞지 않는 결과에 대한 사례와 설명은? 진짜 고수는 뭐라고 할지.,5,2024-01-07
241008438,친구를 위한 복음,12921169,새벽하늘,청소년 전도에 정말 좋은 책이다,4,2021-09-05
241008438,친구를 위한 복음,11818017,aprudent,"친구를 위한 복음
​
서창희 지음
생명의말씀사



 

 





최근 한 책을 읽으며, 구루로 이야기되는 멘토를 만나 변화되는 
사람들의 이야기를 본 적이 있습니다. 내게도 그런 이가 있었으면 좋겠다는 생각과 함께 마주한 현실은 그런 조언을 들었다 하더라도 결국 그것을 
풀어내야할 것은 나라는 것. 그 말을 받아들이느냐 마느냐, 그대로 행동하느냐 무시하느냐에 따라 삶이 달라지겠구나 싶었지요. 더 근본적인 삶의 
질문들에 대해 고민을 할 때도 누군가가 대신 살아주는 것이 아니었습...+ 더보기",5,2020-06-30
241008438,친구를 위한 복음,12921172,새벽하늘,"시대가 변하면서 복음을 전하는 것도 어려워졌다. 많은 이들이 복음에 대한, 아니 교회에 대한 불신감으로 복음을 듣기를 꺼리는 현실 속에서 이 책은 가뭄에 단비같이 우리에게 어떻게 하면 복음을 전할 수 있는가를 보여준다.     이 책은 제목을 봐서는 누군가에 복음을 전하는 책으로 오해하기 쉽다. 책의 내용은 그렇지 않다. 복음을 전하는 방식이 책을 통해서 전하는 방식을 채택하여, 단순히 복음만 전하는 방식에서 벗어나, 전도를 받는 대상자의 관점에서 이야기한다. 기독교와 삶의 연관성은 교회를 다니지 않는 사람들에게는 어려운 ...+ 더보기",4,2021-09-05
241008438,친구를 위한 복음,11792811,오후4시,불쑥 전도지 내밀며 ‘예수 믿으세요’하기엔 세상 사람들에게 복음은 무시당하고 버려지는 시대이다. 복음을 전하기 위해 많은 시간의 관계가 이루어져야 하고 그 관계 역시 꾸며지는 관계여서는 안 된다.삶의 모습에서 ‘그리스도를 믿는 사람은 다르구나. 또는 ‘교회다닌다더니 좀 다르네’하는 다름을 보일 수 있어야 그 진정성을 더할 수 있다.‘친구를 위한 복음’ 주위에 오랜 시간을 함께 해 왔지만 복음을 전하지 못한 친구들에게 그들의 고민에 공감하며 고민의 해결을 성경말씀에서 찾으며 마침내 복음을 전하는 책이다. 여기서 친구는 바로 ‘이웃’이...+ 더보기,5,2020-06-19
241008438,친구를 위한 복음,11817185,givej114,이 글에는 스포일러가 포함되어 있습니다. 보시겠습니까?회색 영역을 클릭하면 내용을 확인할 수 있습니다.,5,2020-06-30
241008438,친구를 위한 복음,11817624,박성아,"언제부턴가 인스타그램에 '친구를 위한 복음' 이라는 책의 발췌문들이 자주 눈에 띄었다. 평소 인스타를 통해 여러 기독교 신간을 알게 되기도 하고, 찰떡 같은 은혜를 받기도 하기에, 왠만하면 놓치지 않고 꼼꼼하게 읽는 편이다. 나역시 비기독교인이었고, 주변에 교회를 다니지 않는 친구가 많기에 '친구를 위한 복음'이라는 제목 자체가 내게 참 솔깃했다. 믿지 않는 지인들을 위한 간절한 기도가 있기에, 도움이 될 것 같은 맘에 반갑기도 했고, 나 역시도 신앙이 이래저래 흔들리던 터라 '아메리카노를 마시며 내 인생을 응원해봐도, 어쩐지 마음...+ 더보기",5,2020-06-30
241008438,친구를 위한 복음,11803216,해바라귀,"‘친구를 위한 복음’ 제목이 참 정겹다. 책 표지가 ‘아메리카노’한잔으로 디자인되어있는데 딱 그런책이다.친구랑 아메리카노 한잔 마시면서 두런두런 이야기하는 느낌. 누군가가 세상의 여러가지 힘든 일을 토로할 때, 성경내용과 예수님에 대해서, 깊고도 따뜻하게 이야기형식으로 대화하듯 맺힌 부분을 풀어주는 것 같다.핸디사이즈라, 가볍고 한손에도 착~감겨 작은 핸드백에 넣고출퇴근길에 읽기에도 좋을 듯하다. 나도 그랬듯~  목차를 보면 현실의 문제와 공허함(파트1) -> 도우시고 채우시는 하나님 (파트2) 로 ...+ 더보기",5,2020-06-24
241008438,친구를 위한 복음,11817934,예삐,"모태신앙인 내가 그동안 수없이 고민하고 기도했던 ""전도""에 대해서 용기를 얻을 수 있지 않을까 싶어 꼭 읽고 싶었다. 20대 크리스천으로 지금의 시대를 살아가고 있는 나는 전도에 대해 고민이 많았다. 세상의 것이 너무나도 풍요롭고, 가치관이 흔들리는 이 시대의 나의 친구들과 주변 사람들에게 복음을 어떻게 전할지.. 주변을 돌아보면 술과 남자, 돈, 명예 등 세상의 것에 가치를 두고 살아가는 친구들과 삶의 문제와 가정의 문제들로 상처에 허덕이는 친구들도 참 많고, 남과 비교하여 자신을 깎아내리는 친구들도 많다. 세상의 것으로 채우다 ...+ 더보기",5,2020-06-30
200641789,톰 라이트는 처음입니다만,11332364,검은백조,톰 라이트의 책이 워낙 많기 때문에 쉽게 톰 라이트에 접근 하기가 어려운 측면이 있다. 그러나 이 책이 간략하면서도 쉽게 톰 라이트의 주장을 담아내고 있어서 톰 라이트의 입문서로 추천할만하다.,5,2019-12-02
200641789,톰 라이트는 처음입니다만,11011409,toqur,"라이트 책이 어려워서 못 읽겠다는 생각을 했다면, 이 책부터 읽어 보기를 권한다. 핵심만 잘 요약해 놓은, 시험 전에 봐야 할 ‘톰 아저씨 요약 노트‘ 느낌!",5,2019-08-02
200641789,톰 라이트는 처음입니다만,11435644,키키위당,톰라이트를 입체적으로 접근한다. 그래서 재미와 내용 두가지를 다 챙기는 책이라고 본다. 톰라이트의 방대한  생각을 한 눈에 보기 좋게 전해준다. 책을 다 읽고 나서는 톰의 책을 슬그머니 장바구니에 넣게된다.,5,2020-01-14
200641789,톰 라이트는 처음입니다만,11173447,phs0535,기독교는 무엇인가? 이 질문에톰 라이트만큼 깊이있게 대답해주는 이는 없었습니다. 이 책을 읽으면 그의 다양한 저서에 녹아 있는 기독교에 대한 스케치를 빠르게 엿볼 수 있습니다.,5,2019-10-08
200641789,톰 라이트는 처음입니다만,12628707,바벨의도서관,"톰 라이트 전문가라고 하기는 어렵지만, 나름 열심히 공부했다. 그가 쓴 것이나 그에 대해 쓴 것 모두 적잖이 읽었다. 하지만 턱도 없이 부족하다 여긴다. 워낙 많이 써제끼니 제대로 따라잡을 수 있겠나. 흡사 신학계의 지젝을 보는 것 같다. 톰 라이트가 많이 써내려가는 이유는 무엇일까? 그저 수다쟁이라서거나 타고난 달변가라서일 수도 있지만, 그보다는 새로운 패러다임을 열어가고자 하는 고투의 결과일 것이다. 16세기에 루터가, 20세기 바르트가 어마어마한 분량의 글을 남긴 이유도 마찬가지일 것이다. 이들의 핵...+ 더보기",4,2021-05-19
31788867,길 없는 길 4,17085644,몽이엉덩이,"경허스님을 필두로 우리나라의 큰스님들,수월스님, 혜월스님, 만공스님들의 행적과 불경들이 마음공부를 다시하게 해준다.",5,2026-02-11
630860,신비주의,9441287,nama,‘인간 없이 신은 아무것도 할 수 없다.‘ 작지만 야무진 책.,4,2017-07-06
630860,신비주의,882781,tnwjd,"영화 다빈치코드의 상영문제로 기독교인들과의 갈등이 표출되고, 웰빙시대의 조류를 타고 요가, 명상, 우리 고유의 선도 수양법 등이 붐을 일으키고 있으며, 정보화의 물결을 따라 감성적 개성주의, 신 인본주의 사조가 대두되고 있는 현상들이 서로 무관하지 않아 보인다.
  기독교를 비롯한 기존의 거대 종교 교단들은 인간의 자유를 확장시키고 내재한 신성을 신장시켜 왔는가? 오히려 인간을 구속하고 한정시켜 오지는 않았는가?  시대를 넘어 일관되어야 할 종교의 본질, 신성과 인성의 관계를 왜곡해 오지는 않았는지 ...+ 더보기",5,2006-05-23
7125620,집으로 돌아가는 길,6986561,cyrus,"“너희 아버지의 자비로우심같이 너희도 자비로운 자가 되라” (누가복음 6:36)   작은 아들은 결국 떠났다. 녀석의 말은 내 심장을 찌르는 것 같았다. “아버지, 장차 내게 돌아올 재산의 몫을 미리 주십시오.” 결국 녀석의 몫을 주었다. 떠나버렸다. 먼 타국으로. 멀리서 온 객들에게 간간이 아들의 소식을 듣는다. 흥청망청 돈을 쓰고 창기와 몸을 섞는 방탕한 삶을 살고 있단다. 타들어가는 이 마음, 큰 아들은 결코 알지 못하리라. 큰 아들은 묵묵히 집안을 세우고 있다. 들에 나가 종일...+ 더보기",5,2014-04-23
119628495,타로카드와 어스트랄러지,13684064,Ajna,"‘동시성‘ 에 대해 관심을 갖고 타로 서적들을 보고 있다. 우리는 얼마나 많은 편견과 알량한 지식으로 세계를 받아들이고 혹은 거부했는가, 하는 생각을 해본다. 가독성 높은 번역이란 무엇인지 출판사는 연구해보길 바란다.",5,2022-06-16
119628495,타로카드와 어스트랄러지,10691399,Azrael,번역서라 자연스럽지 못한 표현으로 전혀 읽어지지 않네요,1,2019-02-22
76536062,오쇼의 액티브 명상,10177350,하이스,작지만 강한 책! 베리 굿!,5,2018-06-27
76536062,오쇼의 액티브 명상,9962690,kangds,너무 애쓰지 말라.. 선택하지 말라.. 자신을 있는 그대로 수용하라..마음이 편해지는 글귀입니다.절판되었었는데 다시 나왔네요~~,5,2018-03-15
76536062,오쇼의 액티브 명상,9507240,아리,그동안의 공부들이 정리되는..너무 좋네요,5,2017-08-04
926331,기도의 영을 받는 법,1364199,♡러브러브♡,"규장에서 나온 책은 내용도 내용이지만 포장을 참 잘한다.
기도의 영을 받는 법이 나오면서 'R.A.토레이 파이어 시리즈'를 강조했고,
시리즈 1탄인 '성령세례 받는 법'이 다시 판매되기 시작했다.
'성령세례 받는 법'에 비해 조금더 대중적이고 무난(?)한 내용을 다루고 있는 이 책은.. 
뭐랄까... 기도의 교과서라고 할까?
이미 알고 있는 내용임에도 실천이 잘 안되는, 
자꾸 잊게되는 기도의 기본 자세에 대한 교과서적인 책이라고 할 수 있다.
책에 나오는 내용 중에 두가지가 오래도록 기억에 남았다.
먼저는, 기도를 ...+ 더보기",5,2007-06-30
926331,기도의 영을 받는 법,1420731,이카루스,"힘으로 되지 않는 일 가운데 기도만큼 어려운 일도 없을 것이다. 기도는 '호흡', '친밀한 관계로 들어가는 통로'라는 등등의 기도에 관한 다양한 정의들이 공감을 얻고 있지만 그렇다고 그런 공감이 자연스럽게 기도생활로 이어지느냐 하면 그렇지 않은 경우가 많다. 무기력과 답답증의 원인이 기도하지 않은 채 분주하게 살아온 삶에 있음을 알고도 그 생활이 반복되고, 해결할 수 없는 염려와 근심이 심중을 눌러 극심한 고통에 내몰리고 있는 가운데서도 '익히 아는' 해결방법에 기대지 않는 근본적인 이유는 무엇일까? 
 

19세기말...+ 더보기",4,2007-07-17
353788198,주빌리 성경공부 2 : 관계편,16088216,안규식,"보통 내용 중심으로 가르치려 하는데 이 책은 거의 다 질문으로 되어있어 참신했다. 질문을 통해 성찰하게 하고 변화시키는 책이라는 생각이 든다. 이 책은 신념, 관계, 신비, 헌신이라는 주제별로 출판되었다. 주제별로 다양한 질문으로 모임을 풍성하게 하는 책이다.",5,2024-12-21
107434671,나도 기적이 필요해,10142527,yffmin,사람들에게 찾아 온 기적의 이야기를 읽으며 나도 모르게 박수를 쳐준다. 그들의 힘든 삶속에 찾아온 단비이기에...가볍고 행복하게 읽을수 있어 좋았다.,5,2018-06-09
107434671,나도 기적이 필요해,10223275,최지연,이 책을 읽은것이 제 기적입니다!,5,2018-07-18
107434671,나도 기적이 필요해,10144304,정유리,"나도 기적이 필요해. 세상에 없을 것이라 생각했던 기적을 찾았습니다. 아니, 사실 기적이 아니라, 기적처럼 보이는 변화와 체험의 사례들. 눈앞에 실제하는 기적을 이 책 속에서 보았습니다. 오랜만에 평생 소장하고 싶은 책을 만났내요.",5,2018-06-10
107434671,나도 기적이 필요해,10057799,muz7572,좋은책 많은 사람들과 함께 했으면 좋겠습니다 |!추천합니당,5,2018-04-28
107434671,나도 기적이 필요해,10213532,jeongsola,"기적이라는 말이 아니고서는 표현할 수가 없네요! 이 책의 내용도, 책을 만난 후 제게 일어난 일들도...!",5,2018-07-14
107434671,나도 기적이 필요해,10104896,han E,기적이 필요한 많은 분들께 추천하고 싶은 책이다.,5,2018-05-21
107434671,나도 기적이 필요해,9976132,황의정,이 책을 읽으면 마음 속 한 켠에 따뜻한 빛을 놓아주고 가는 기분이 듭니다. 항상 부정적이고 기적따윈 없다라고 생각하는 분들에게 이 책을 추천해 드리고 싶습니다.,5,2018-03-21
107434671,나도 기적이 필요해,10017179,vamps44,제목처럼..모두에게 각자의 기적이 찾아오는 행복을 느껴보았으면 좋겟다.,4,2018-04-10
107434671,나도 기적이 필요해,9301353,juha,나도 기적이 필요해~이 책의 제목을 보고 한눈에 반했습니다.누구나 기적을 바라고 기적이 필요하지요~미세먼지 유전자 조작식품 핵 전쟁의 공포 불황의 늪에서 우리는 무슨 생각을 하면서 살아가나요너무너무 힘든 이 삶에 이 책은 한줄기 빛과 같은 기적을 가져다 줍니다.꼭 읽어보시길 추천,5,2017-04-25
107434671,나도 기적이 필요해,10058642,ukhyojo,"지팡이에 의지하던 고 김대중 대통령이 지팡이를 놓게된 사례, 김수환 추기경의 빛viit요청, 자월스님의 기적같은 간암회복, 이태석 신부의 사례등 유명한,정치,종교인들이 체험한 기적같은 일들이 담겨져 있고, 마음준비 자세에 대해 쓰여 있다. 기적이 필요한 사람 읽어봄직 하다.",4,2018-04-29
107434671,나도 기적이 필요해,10012194,A12084,힘든 일상에 지치신 분들이라면 이 책을 추천드립니다.누군가에게 손 내밀기 힘들때 이 책을 읽어보세요,4,2018-04-08
107434671,나도 기적이 필요해,10142525,yffmin,기적을 싫어하는 사람은 없을 것이다.직장을 다니고...스트레스...힘들고 어려운삶속에서...늘 나도 기적을 꿈꾼다...그러다 보게 된 책...나보다 더 어렵고 힘든 상황에 놓인 여러사람들에게...기적적인 빛이라는 힘으로~그들이 행복하지고 삶을 살아가는 원동력을 찾게되는 것을 읽으며 내 가슴에도 희망이 차올랐다.또 어느새 그들에게 찾오온 기적에 마음속으로 박수를 치며 축하를 해주는 내모습을 보면서...나에게 올 행복한 기적도 꿈꿔본다.세상 모든 사람이 만족하는 삶을 살 수는 없을지라도빛이라는 이 힘으로 서로 돕고 기...+ 더보기,5,2018-06-09
107434671,나도 기적이 필요해,10223707,최지연,"살다 보면 술술 풀리는 날도 있지만 마음먹은대로 되지 않은 날도 있습니다.또 때때로 별일 없이 울적한 날도 있습니다.그런날엔 나에게도 행복이란 기적이 일어나면 좋겠다라는 생각을 하곤 합니다.그리고 제 마음을 들여본듯한 제목에 저도 모르게 책을 집어 구매하였습니다.책을 읽으며 김수환 추기경님과 김대중 대통령등 낯이 익은 이름들에 놀랐고, 그분들을 포함하여 수많은 사람들의 말하지못할 고민과 걱정이 '빛'으로 해결된 일화들에 다시한번 놀랐습니다.작은 고민부터 큰 고민까지, 아이를 바라는 소망에서 불치병이 낳기를 바라는 소망까지, 그 내용...+ 더보기",5,2018-07-18
107434671,나도 기적이 필요해,9931742,박선하,인생을 살면서 한번 또는 여러번 어려움과 고난에 부딪히게 됩니다저 또한 그런 시기에 이런 좋은 책을 만나게 되어 큰 어려움 없이 위기를 극복하고새로운 인생을 살 수 있었습니다한번도 책을 읽으면서 나를 되돌아보고 나의 내면을 깊게 들여다 본적이 없었는데이 책은 좀 달랐던 것 같습니다또한 나도 기적이 필요해 라는 책을 접하고 난 후 부터는 행복과 감사를 느끼고 정말 기적이라는 것이 존재하는지에 대한 의문을 해결할 수 있었습니다 그 부분이 가장 마음에 들었습니다처음에는 의심으로 시작하였지만 이 책을 다 읽고 나면 의심이 확신으로 바뀌게 ...+ 더보기,5,2018-02-28
107434671,나도 기적이 필요해,10144327,정유리,"솔직히 처음에는 제목을 보고 고개를 갸우뚱했다.  기적이라니. 세상에 기적이 어디 있어? 라면서.하지만 책을 읽으면서, 이름을 들어본적 있는 사람들과, 과감하게 밝혀져 있는 실명의 사례들을 보며 묘한 희망이 점점 들기 시작했다.이 책이 내게 기적을 가져다주었다.그리 큰 변화는 아니었다. 그저 우울함에서 벗어나고, 세상이 좀 더 긍정적으로 보이고, 집안이 평화로워지는. 그런 사소한 변화들.하지만 이것들 모두 나에게는, 내가 그토록 바라던 기적이다.이 책을 읽을 수 있었던 것에 감사한다.",5,2018-06-10
107434671,나도 기적이 필요해,10057803,muz7572,누구나 편하게 읽을 수 있는 책입니다. 지금 이 책을 읽는 당신의 삶에 아주 큰 변화가 있을 거라 생각합니다.,5,2018-04-28
107434671,나도 기적이 필요해,9903135,흑진주,"「나도 기적이 필요해」반복되는 일상에 지쳐 있는 요즘 내게도 특별한 일이 생겼으면 좋겠다... 라고 입버릇처럼 말하는 중 내게 놓여진 책 한 권신기하고 특별한 경험,동화같은 사례의 주인공의 이야기를 읽어가며내게도 특별한 일이 생길 것 같은아니 벌써 생긴 것 같은 기분 좋은 예감이 들게 하는 책입니다.책을 읽는 동안지쳐있는 나를 위로하며나를 돌아보고새로운 희망을 꿈꿀 수 있습니다.반복되는 일상이 무료하다면특별한 경험의 주인공이 되고 싶다면이 책 추천드립니다.",5,2018-02-13
107434671,나도 기적이 필요해,9951693,whtngh,"저는 평소에 '기적'을 바라면서 살아가고있었습니다.인생이 항상 평탄할순없었고,평탄하지 않은 순간이 올때마다 '기적'을 바랐습니다.그리고 평탄하지 못할때 이 책을 알게되었고 저도 모르게 제목에 이끌려 이 책을 읽어보게되었습니다.이 책에 소개된 수많은 '기적'같은 사례들을 읽어보게 되면서사례속에 나오신 분들에 비하면 '저의 평탄하지 않은 순간은 별거아니구나' 라는 생각을 하게되었습니다.이 책을 읽기전에는 오직 '나'만 생각하던 제가 책을 읽은후에는 주변을 돌아볼수있게되었습니다.그리고 지금 제가 이렇게 살아갈수있다는 것에 감사함을 배울수...+ 더보기",5,2018-03-10
107434671,나도 기적이 필요해,9965986,황의정,책을 보자마자 기적이라는 말이 눈에 보였습니다.항상 부정적이고 기적같은건 없다고 생각했던 저에게 이 책을 만날 수 있었다는 것이 가장 큰 기적같은 일이 되었습니다. 책에 있는 신비롭고 기적과 같은 빛의 이야기들이 놀라울따름이었습니다. 이 책을 만나고 난 후 저는 하루하루 행복하고 긍정적인 마음을 가지게 되었습니다.,5,2018-03-16
107434671,나도 기적이 필요해,10104902,han E,"이 책을 접하게 되었을 때 그닥 신뢰가 가지 않았다.하지만 '빛'을 받으며 일어난 일들을 찬찬히 읽어보니 나는 믿을 수 없었고 이 '빛'과 함께 할 수 있음에 감사하였다.기적을 바라는 당신, 이 책을 읽어보길 바란다.",5,2018-05-21
107434671,나도 기적이 필요해,10213539,jeongsola,"세상엔 마음대로 되지 않는 일들이 참 많아요. 건강도, 마음도, 사람과의 관계도.. 그래서 힘든 일들도 참 많았고 다가올 날들이 무섭기도 했었지만, 이제는 더이상 무섭지 않습니다! 나도 기적이 필요해를 만난 후 매일매일이 감사하고, 행복해요~",5,2018-07-14
107434671,나도 기적이 필요해,10012195,A12084,누구나 인생을 살아가며 힘들지 않은 순간은 없을 것이다.나 또한 그랬듯이 말이다.이 책을 읽은 후 많은 것이 변화하고 나 자신을 관조하게 될 것이다.행복은 그리 먼 곳에 있는 것이 아니며 기적도 이 책을 통해 일어날 것이다.어둠속에서 누군가가 불 빛을 환하게 밝혀주듯이 나에게 빛을 밝혀준 책이다,4,2018-04-08
107434671,나도 기적이 필요해,10058643,ukhyojo,"옛날 이야기 처럼 실제 사례를 통하여 알 수 있는 기적같은 이야기들..초광력, 태양빛이 아닌 실질적인 현실변화의 에너지 빛(viit)을 알 수 있는 내용이 담겨져 있어현실변화와 기적을 원하는 사람이 읽어보면 좋을 것 같다.",4,2018-04-29
565759,자유,891760,달빛천사,"우리교회 소모임에서 하는 교재이다.
그 모임에 소속되어 있지는 않지만 나에게 꼭 사서 읽어보라고 추천한 사람이 있다.
제목에서 있듯이 성경적인 자녀양육을 위하여 어머니라면 꼭 읽어야 될 책이다.
따로 읽을 시간이 많지 않아 이 책으로 QT를 할 생각이다.
이 책에 추천한 도서들도 좋은 책이 많다.",5,2006-06-06
565759,자유,4816429,버섯돌이,"심리학이나 아동학이 아닌  
성경에 근거를 두고, 자녀를 어떻게 양육하고 
어머니, 아내로서의 역할을 하는데 갈등을  
어떻게 풀어갈지에 대한  
저자의 경험과 성경구절과, 여러 tip이 함께 있고, 
그때그때 실천해 볼 수 있는 사항들까지, 
유익한 구성으로 되어 있다. 
소모임 5-6명이 교재로 쓰면서 함께 하기에 좋은  
책이다. 강추. 
다 끝내고, 다음 편 지혜를 공부하고 있...+ 더보기",5,2011-05-27
20634955,일반 은총과 문화적 산물,10991163,온기,감사합니다~!,5,2019-07-22
257772,하룻밤에 읽는 성서,251576,ysjae,"전반적으로 성경을 조그마한 노트로 요약해 놓은 듯한 느낌이다. 그러나 저자가 성경에서 말하는 창조론을 어떻게 이해하는 가에 대해서 의심스럽다는 생각이 든다. 책 299페이지를 보면, 저자는 칼럼에서 단세포 생물이 진화되 궁극적으로 인간이 탄생했다고 말하고 있다. 이것은 명백히 성경에서 말하는 창조에 대하여 부정하고 거스리는 것이다. 성경을 하나의 역사적인 책으로 생각하여 그것을 요약해서 만들 수는 있지만, 성경을 올바로 본다는 것은 성경안에 숨어있는 복음의 메시지를 올바로 읽는 것이라고 생각해볼때, 성경을 올바로 이해하려는 사람들에...+ 더보기",1,2002-10-22
257772,하룻밤에 읽는 성서,388167,박정수,"하룻밤에 읽는 성서를 나는 '비기너용 성서'라고 평가하고 싶다. 이 책은 절대로 성서 중 중요한 것을 추려놓은 것에 불과하지 않다. 성서에 대한 객관적 평가가 들어가 있는 것이다. 나는 이 책을 일본인이 썼다는 것에 대해서 상당한 신뢰감을 느낀다. 일본에는 무수히 많은 신들이 있고, 종교에 탐닉하지도 않는다. 따라서 일본인이 쓴 종교적인 책은 어느정도 신뢰감이 간다. 하지만 이 신뢰감은 내가 책을 펼치자 마자 '상당함'이 아닌 '절대적'인 신뢰감이 와닿았다. 이 책은 절대로 기독교인이 홀리 바이블을 신봉하는 마음에서, 절대적인 책이...+ 더보기",4,2002-12-28
257772,하룻밤에 읽는 성서,332069,몰라,이것이 내새운 이 책의 특징이란 무엇인가제목처럼 하룻밤에 성서를 읽을수 있다는 것이다.그러나..조금은 무리였던것 같다..우선 책 인쇄글자가 너무 작다.그리고 도표를 사용했다는데 도표가 너무 조잡하고 복잡하다내용을 다 잊어버릴 지경이다.별로 하룻밤에 읽는다는 의미가 잘 전달 되었다고 보지 않는다.다만그 두꺼운 여러권인 구약과 신약을 자~알 추려서 한권의 책으로 뽑아 냈다는 장점이 있기는 한것 같다.하지만 그닥 그 장점이 활용되지는 않은듯.....조금 아쉬운 마음이다.,1,2003-01-04
257772,하룻밤에 읽는 성서,10398772,걸으며자는사람,"이 책이 아니였더라면 미로와 같은 성경을 읽어내지 못했을 것이다. 전에 사람들은 말한다. 네가 믿음이 없기 때문에 성경을 읽지 못하는 것이라고. 하지만 이 책을 옆에 놓고는 성경을 읽게 되었다. 믿음의 문제가 아니라 성경의 구조와 문체가 문제다. 신앙심 하나로 성경을 직접 읽을 수 있으리라고는 생각지 않는다. 그건 너무 어렵고 견디기 힘든 인내를 필요로 하기 때문이다. 과연 얼마나 많은 신자들이 성경을 펼쳐 보며 고개를 끄덕일 수 있는지 의아스럽다. 게다가 전부 오역 투성이의 완전히 원본과 다른 번역 성경들, 그런데 원본...+ 더보기",5,2018-10-13
257772,하룻밤에 읽는 성서,241289,빅마우스,성경을 처음 부터 모두 읽어 보려고 몇번 시도해 보았지만 성공한 적은 없습니다. 교회에 가면 목사님이 매주 성경에서 일부를 발췌해서 설교를 해 주시지만 그동안 숲을 보지 못하고 나무만 보아온 것 같습니다. 이책은 성경을 상당히 객관적이 시각에서 요약 정리해 놓은 책입니다. 주관적인 해석은 뒤로하고 사실 중심으로 서술했습니다. 성경의 전체 짜임에서 부터 시간의 흐름에 따라 이해하기 쉽게 서술하고 있습니다. 여러 지도와 도표들이 이해를 돕습니다. 실제 성경과 대조 해가면서 보면 더욱 흥미롭습니다. 정말로 숲을 보았다고는 할 수 없겠지만...+ 더보기,4,2003-06-15
60859346,보리수 가지치기,7606182,tvam,"미시마 유키오, 가와바타 야스나리, 모토오리 노리나가, 그리고 미하엘 엔데의  『모모』에 대해서도 심층적 비평이 돋보이는 역작입니다.^^",5,2015-06-20
110562741,주님 없는 복음,9480617,낭만인생,"복음은 그리스도다. 그런데 주님, 즉 그리스도가 없는 복음이 존재할까? 물론 존재할 수 없다. 그러나 현실적으로 그리스도 없는 복음은 얼마든지 존재한다. 우리는 그것을 '가짜 복음'이라고 말한다. 사도 바울은 갈라디아 교회를 향하여 가짜 복음을 버리고 그리스도에게 돌아오라고 외친다. 이천 년이 지난 현대교회는 바울이 피를 토하며 소리쳤던 갈라디아교회와 많이 닮아 있다. 복음은 있는데 주님이 없기 때문이다. 존맥아더 목사는 현대 교회의 가짜 복음을 향해 강하게 외친다. 주님 없는 복음을 버리고 참 복음인 주님께로 돌아 오라고. 이 책...+ 더보기",4,2017-07-23
26632155,할,8247659,nama,"최인호의 마지막 소설. 경허 스님과 그의 제자인 수월, 혜월, 만공의 소설 같은 일대기. ｀깨달은 자｀들의 이야기를 읽으며 마음을 깨운다. 할!",4,2016-02-19
26632155,할,7367171,흙사람,읽고 있는 중,3,2015-02-06
26632155,할,6526802,즐거운나의집,경허 큰 스님의 일화를 보니 많은 것을 느끼게 된다,5,2013-08-15
353782391,성경을 따라가는 52주 가정예배 5 : 복음서와 사도행전,16162969,reader,"'아무리 바빠도 가정예배'라지만,가정예배는 (적어도 저희 가정에게는) 언제나 도전해야 할 과제 같았어요.코로나 기간에 여러 상황에 따라현장 예배와 온라인 예배를 왔다갔다 할 수밖에 없을 때는오히려 매일 가정예배에 힘썼는데 말이죠.지금은 일주일에 한 번 가정예배를 드리기도 쉽지 않아요.그래도 매일 아이들과 함께 큐티와 말씀 암송을하고 있는 것으로 위안을 삼고 있지만,부담은 늘 있는 것 같아요.   📖그러던 와중에 이 책을 만나게 됩니다! 두둥!✨️ 성경 말씀을 따라가는 52주 가정예배 ✨️말씀을 따라 매주 가정예배를 드릴 수 있도록...+ 더보기",5,2025-01-19
353782391,성경을 따라가는 52주 가정예배 5 : 복음서와 사도행전,16137029,soninjesus,"<성경을 따라가는 52주 가정예배>교재는성경의 핵심 본문을 따라가며가정예배를 드릴 수 있습니다.어린 아이를 둔 가정에서 부터연령에 상관없이 편안하게 접근할 수 있는교재입니다.일 주일에 한 번,1년 52주 동안 꾸준히 가정예배를드릴 수 있도록 안내합니다.총 6권으로 구성되어 있는데,일 년에 한 권씩 6년 동안 사용할 수 있습니다.제가 처음 사용하게 된 책은5권 복음서와 사도행전 부분입니다.책에는 그 날 함께 부를 찬송, 성경 본문, 질문이잘 안내되어 있습니다.교재를 매개체 삼아함께 성경을 묵상하고, 은혜를 나누고,삶을 나누...+ 더보기",5,2025-01-08
353782391,성경을 따라가는 52주 가정예배 5 : 복음서와 사도행전,16285852,cherrybob2,"ㅣ성경을 따라가는 52주 가정예배ㅣ복음서와 사도행전📚 성경을 따라가는 52주 가정예배✒️ 지은이  김태희 목사✨ 펴낸곳  세움북스⠀""가정 기도회는 신자의 당연한 의무이므로 가정마다 행할 것이니 매일 성경을 읽고, 기도하며, 찬송함으로 행할 것이다."" (P5.서문)⠀아이들이 어릴적엔 가정예배를 드리고, 감사일기도 매일 쓰고 나누는 시간을 가졌지만, 하교시간이 늦어지고 아이들과 시간을 맞추기 어려워지면서 가정예배가 무너졌어요.⠀어떻게 다시 회복해야 할까?를 고민하고 있을 때, 큰 아이의 군입대 발표가 나고, 세움북스로부터 이 책을 받...+ 더보기",5,2025-03-08
353782391,성경을 따라가는 52주 가정예배 5 : 복음서와 사도행전,16150856,새벽이슬,"한국 교회의 크리스찬 부모의 상당수가 가정예배의 중요성에 대해 인식하고 있다고 생각한다. 그런데 지속하기가 왜 이렇게 힘든 것일까. 나 역시도 신앙의 가정에서 태어나서 자라왔지만 자녀된 입장에서 가정예배는 부담이었다. 규칙적으로 한 것도 아니었지만, 아버지께서 가정예배로 모이라고 하시면 괜히 짜증이 날때도 많았다. 특히 사춘기 즈음 가정에배를 드릴 때는 인도하시는 아버지도, 앉아 있는 가족들도 뭔가 편치 않은 마음일때도 앉아 있다가 마칠때도 있었고, 부모님들은 ‘오늘은 했다’의...+ 더보기",5,2025-01-14
353782391,성경을 따라가는 52주 가정예배 5 : 복음서와 사도행전,16138197,jena,"공과공부 교재나 소그룹 활동에 관심이 많아 어떤 구성으로 책이 이어질지 기대하는 마음으로 읽었다. 큐티는 매일 성경을 읽는 습관을 들이는 것에 도움이 될지는 모르겠지만, 성경을 조각내서 읽는 것이기에 올바른 성경 읽는 습관은 아니라고 생각한다. 왜냐하면 성경은 전체성과 통일성으로 앞, 뒤 맥락을 잘 따져봐야 하며, 본문만 봐서는 그 내용을 정확히 알 수 없기 때문이다. ​크리스천이 되기 전에 ""네 시작은 미약하였으나 네 나중은 심히 창대하리라""라는 욥기서 말씀으로 된 구절의 말씀패를 선물받은 적이 있었다. 그때는 좋은 구절이라고 생...+ 더보기",5,2025-01-08
353782391,성경을 따라가는 52주 가정예배 5 : 복음서와 사도행전,16139498,sjh1593,"성경을 따라가는 52주 가정예배 복음서와 사도행전편을 읽어보니 성경을 읽으면서 놓쳤던 부분을 이 책의 저자목사님이 잘 설명해주셔서 말씀을 깊이있게 읽을수 있었습니다.꼭 기억해야 할 말씀 구절이 2~3절이 되는데, 그 설명이 어렵지 않으면서도 새로운 부분도 있고, 생각해볼만한 여지를 주네요.함께 예배드릴 아이들도 어렵지 않게 같이 읽고 이해할 수 있도록 쓰신것 같습니다. 그리고 마지막 묵상 질문과 기도로 말씀을 더 풍성하게 나눌수 있도록 구성이 잘 되어있습니다.진도에 맞춰서 매주 한번씩 가정예배를 드린다면 성경을 통독하며 가정예배를 ...+ 더보기",5,2025-01-09
269424036,알리스터 맥그래스의 지성적 회심,12683733,새벽하늘,과학과 신앙그리고 의심의 길 가운데 답을 찾아준다. 믿음의 흔들림이 있는 자들에게 추천하는 책이다.,5,2021-06-10
269424036,알리스터 맥그래스의 지성적 회심,12691157,likehan3,오늘은 알리스터 맥그래스의 저서 〈지성적 회심〉에 대해서 나누려고 한다. 처음 제가 그의 저서를 보게 된 책은 2003년 IVP출판사를 통해서 출간된 ‘자존감’이었다. 이 책은 십자가와 그리스도인의 자존감에 대한 내용이 담긴 훌륭한 저서였다. 이 후 그의 책을 사서 보기 시작하게 되었다. 우리는 그의 이력과 저술들에 대해서 자세히 이야기하지 않아도 될 만큼 많은 사람들에게 잘 알려진 분이다. 특히 우리가 이번 출간된 지성적 회심에 대해서 기대하는 점은 앞서 저자가 출간하였던 여러 책에서 애기되었던 그가 과학자에서 신학자가 된 배경이...+ 더보기,5,2021-06-13
269424036,알리스터 맥그래스의 지성적 회심,12688048,misojium1205,"누군가의 신앙여정을 살펴본다는 것은 참 의미있는 일이다.다른 한 그리스도인의 삶과 그의 회심을 들여다보는 것만으로도나의 신앙이 한 걸음 나아가게 된다.그가 과학자이자 무신론자였다면 더더욱.     저자 알리스터 맥그래스는 수학, 물리, 화학에 관심이 많았다.증명하고 사실을 확인하고 명확한 답을 갖게 되는 학문에 매력을 느꼈고,인생의 모든 부분들 또한 명확한 것, 증명할 수 있는 것만 인정하고 받아들였다.그리고 그는 무신론자로 살아가기를 선택했다.     그러나 그는 더 깊은 학문을 공부하면서증명할 수 있는 것이 전...+ 더보기",5,2021-06-12
269424036,알리스터 맥그래스의 지성적 회심,12683752,새벽하늘,"『지성적 회심』은 알리스터 맥그래스의 개인적 회심에 관한 이야기이다.『지성적 회심』은 알리스터 맥그래스의 자서전은 아니지만, 자서전적인 내용을 상당히 포함하고 있다.그래서 이 책을 접하는 독자들에게 혼란을 줄 수도 있겠다는 생각이 들었다.책을 시작하면서부터 자신의 성장 과정에서 어린 시절부터 익숙하게 부딪혀 온 신앙과 과학의 공간 사이에서 갈등하는 모습을 보여주기 때문이다.​1부, 2부, 3부로 나뉘어 쓰인 책 속에서 호기심 많고 과학을 추구하던 그가 뜻밖의 사...+ 더보기",5,2021-06-10
269424036,알리스터 맥그래스의 지성적 회심,12675831,오후4시,"어쩔 수 없이 알리스터 맥그래스의 자서전으로 읽힌다.자신의 삶 속에서 '과학'이, '신학'이 어떻게 자리를 잡아 왔었고 둘 중 어느 하나의 선택이라기보다 거대하게 솟아있는 이 두 개의 산을 어떻게 올랐고 오르고 있으며 이 둘을 세상에 어떻게 전하고 싶은가를 말하고 있는 책이다. 저자의 삶을 정말 가득히 채우고 있는 과학과 신앙에 대한 진솔한 이야기를 만날 수 있다.     '회심'에 대해 이야기한다. 그것도 저자가 직접 경험한 회심이다.무신론자였고 과학도였고 성공한 과학자로 박사학위를 받은 지성인이 자신를 둘러싼 세계를 이...+ 더보기",5,2021-06-07
269424036,알리스터 맥그래스의 지성적 회심,12691565,givej114,이 글에는 스포일러가 포함되어 있습니다. 보시겠습니까?회색 영역을 클릭하면 내용을 확인할 수 있습니다.,4,2021-06-14
269424036,알리스터 맥그래스의 지성적 회심,12688945,바라봄,"한때 유행했던 성격유형검사에 따르면 나는 감정 보다는 이성/논리적인 성향에 가까운 사람이다. 그렇기에 이런 나에게 이 책의 제목을 구성하고있는 두 단어 ‘지성적’ 그리고 ‘회심’ 은 나의 흥미와 호기심을 사기에 충분했다. 회심이라는 것이 즉흥적이거나 단순한 감정적인 결단 혹은 반응이 아닐텐데, 과연 이 저자는 어떤 삶을 살았으며 어떤 경험과 결론을 내렸을까 궁금해하며 책의 첫 페이지를 읽어가기 시작했다. 자서전 형태로 서술되어있는데 책의 앞부분에서는 마치 친구의 일기장을 읽는 듯한 느낌이 들기도 하고, 또 후반부로 진행되면서는 교수...+ 더보기",4,2021-06-12
314804880,내가 죽어야 성령이 산다,16070360,eun770129,"영에 속한 삶을 살기 위해 어떻게 해야 하나?첫번째  내안에 자리잡고 있는 자아를 죽이느냐, 살리느냐?     모든 문제의 근원은 자기!     죽기까지 자신을 겸허히 낮추는 겸손!    ->겸손은.... 자아를 포기하는 것을 의미한다     =>하나님앞에서 완전히 아무것도 아닌 존재의 자리로 나아가는 것을 의미한다.     예)예수님은 자신을 겸손히 낮추셨으며 죽기까지 순종하셨다.   -> 예수님은 죽기까지 순종함으로써 하나님의 영광이 되셨고 우리를 죽음에서 구워하셨다. 우리 안에 성령님이 내주하시게 하셨다.두번째...+ 더보기",5,2024-12-13
199689,영가천도,282542,평범한 소인,"주위에서 흔히 보면 사이비 종교에서나 무당 등에서 주로 천도 이야기를 많이 한다. 조상영이 잘못되었으니 천도를 해야한다는 둥 말이다. 하지만 이 책을 보면 실제 불교에서 그런 천도라는 행사가 꽤 오래전부터 스님들을 통해 해 온 것 같아 보인다.(사실 나는 불교신자가 아니라 이런 것에 대해 잘 알지 못한다.) 처음부분은 흔히 귀신이라 불리는 영가에 대한 특성과 죽음후의 세상에 대해 설명하고 있고, 그 다음은 영가들이 자주 깃드는 사람의 종류를 소개하고 있으며, 그 후 천도의 기본자세와 천도 방법에 대해 책의 분량에 비해 제법 상세히 ...+ 더보기",3,2001-08-16
467654,라임 바이블,423452,rosejin,제가 아이들에게 영어랑 성경을 같이 가르치게  되었는데 교제때문에 고민을 많이 했어요 그런데 이책을 보면서 성경도 가르치면서 영어도 가르칠수 있어서 너무 좋아요 영어 수준도 어렵지 않아서 초등학생 수준에 딱 맞고 그림과 내용이 너무 좋아서 추천하고 싶습니다 영어도 어려운단어가 많이 나오는 그런 어린이수준책이 아니라(미국애들에게는 그런 단어가 쉽겠지만 우리 한국어른들도 잘 모르는 단어가 많아요 ) 미국표준언어로 구성된 영어가 정말 맘에 들어요 또 개정판에는 CD가 있어서 영어로 말을 들려줄수 있어서 발음이 나쁜 나로서는 최고입니다,5,2004-02-27
467654,라임 바이블,4191781,반딧불이,"어린이를 위한 아주 밝고 따듯한 감성을 가진 성경책이 출간 되었다.

<아름다운 시로 엮은 성경>이란 모토가 신선하다.

 어린이용 성경이 너무 화려한 것만 강조하거나 눈을 붙잡아 두려는 시도로 인해서 
때로는 너무 화려한 컬러가 복잡해서, 내용은 간곳이 없고 그림에만 머물 때가 종종 있는데
이번에 나온 라임 바이블은 산뜻하면서 깨끗하고 밝은 이미지에 유아용 성경으로는 아주 
제격인것 같다.
여기에 CD가 함께 있어서 어린이가 잠들 때나 놀고 있을 때 틀어 주면 스스로 들으며
자기 할일을 할 수 ...+ 더보기",5,2010-10-14
467654,라임 바이블,2782561,도론,"처음엔 어른의 입장에서 그림이 세련되거나 맘에 쏙 들어오지는 않았다. 그런데 보면 볼수록 그림이 정감있고 성경적인 내용과 상황을 잘 담아냈다는 생각이 든다. 익살스런 그림도 자꾸보니 정겹다. 책을 참 좋아하는 우리 아들이 두돌이 지났는데 보여달라고 가져오고 그림을 보면서 자기도 뭐라고 뭐라고 한다. 
성경적인 사건이 일일이 적혀있다기 보다는 주요 사건이나 하나님의 마음등을 시적으로 표현하였다. 아이에게 질문하듯이 하면 대답도 듣고 대답해 줄수도 있겠다.
성경전체적인 내용이 구약신약 간단하게 여러주제들로 이루어져 있고...+ 더보기",5,2009-04-13
8535810,만화 한눈에 읽는 교회사 - 상권,4668206,낭만인생,교회사를 만화로 보니 정말 시원시원하고 정리가 잘 됩니다. 감샤 감샤~~~,4,2011-03-26
8535810,만화 한눈에 읽는 교회사 - 상권,9788716,푸르미원주,지난 여름에 읽었다. 교회사를 처음 사작하는 입장에서는 입문용으로 좋다. 만화를 빙자한 신학서적이다. 일단 설명이 무지 많다. 이원복 스타일이라고나 할까. 하권까지 어서 보고 싶다. 근데 진도 잘 안나간다. ㅎㅎ,5,2017-12-22
246390341,"성령, 위로부터 오는 능력",11915951,신의딸,"​""신약성경에서 성령을 나타내는 첫 번째 상징은 비둘기로서, … 구약성경에서 성령을 나타내는 첫 번째 상징도 비둘기이다. … 둥지를 품어 새끼를 돌보는 어미 비둘기의 모습. 그런데 그런 모습에 비해 이 그림은 얼마나 이상한 배경인가! 혼돈, 황량함, 소용돌이치는 물, 타오르는 화염, 심연, 별빛 하나 없는 흑암, 폐허와 죽음과 황량함이 지배하는 상태! 영원한 사랑과 평화의 어미 비둘기가 둥지를 짓기 시작한 배경은 바로 이런 장면이었다""(13).​<성령, 위로부터 오는 능력>은 성경에 처음 등장하는 성...+ 더보기",5,2020-08-11
246390341,"성령, 위로부터 오는 능력",11918753,오랜친구처럼,"삼위일체 하나님의 제3위이신 성령은 외적으로 보이지 않으면서 영향을 미치고 영향을 받는 내적으로 일하시는 하나님의 힘을 말한다.‘성부’, ‘성자’와 함께 동등한 인격을 가지고 계시는 ‘하나님’이시다. ‘진리의 영’으로 믿는 자를 가르치시고, 진리 가운데로 인도하시며, 또한 장래 일을 알려주신다.그는 죄에 대하여, 의에 대하여, 심판에 대하여, 사람의 눈을 여신다. 또한 기도하는 것을 가르쳐 주시고 연약을 도우시며, 말로 할 수 없는 탄식으로 우리를 위해 친히 간구해 주신다.     “내가 아버지께로부터 너희에게 보낼 보혜사...+ 더보기",4,2020-08-12
246390341,"성령, 위로부터 오는 능력",11917899,숨비북,어린 시절부터 청년 시절까지 다소 긴 시간 동안 유독 성령 세례를 강조하는 은사주의 계열의 교회를 출석했기에 성령에 대해서는 왠지 낯설지가 않다. 그러나 그동안 내가 알고 있었던 대부분의 성령에 대한 생각과 이해는 균형을 잃고 한쪽으로 치우친 오해에 기반한 것들이었음을 오랜 세월이 흘러 건강한 개혁주의 신학을 만나고 나서야 알게 되었다. 성령을 무엇인가 눈에 보이는 현상과 느껴지는 감정적 요소에 한정 지으며 그러한 경험과 체험의 바탕위에서 설명하려는 시도는 기독교 2천 년 역사 속에서 끊임없이 이어져 왔다. 이렇듯 성령...+ 더보기,5,2020-08-12
246390341,"성령, 위로부터 오는 능력",11915533,파레시아,"한국교회와 성도들을 보면 성령에 대한 오해와 잘못된 이해를 하고 있는 것 같은 마음이 든다. 심지어 성령에 대해서 잘 모르면서도 마치 성령에 대해서 잘 아는 것처럼 이야기 할 때는 난감하기까지 한다. 너무 현상적인 것에 갇혀 있는 것은 아닌가라는 생각도 든다. 특히 오늘날은 예수님이 승천하시면서 또 다른 보혜사이신 성령의 보내시겠다고 약속하셨고, 그 일이 오순절 마가의 다락방에서 성취됨으로 지금은 성령의 시대이다. 그러기 때문에 성령에 대한 바른 이해와 함께 성령의 권능을 받는 것이 너무...+ 더보기",5,2020-08-11
246390341,"성령, 위로부터 오는 능력",11912705,3진맘,"앨버트 심프슨의 ""성령, 위로부터 오는 능력""은 세계기독교고전 시리즈 중에 36권에 해당한다.​""심프슨 박사가 쓴 이 책은 성령의 인격과 사역에 관한 많은 책들 가운데 비교할 수 없을 정도로 중요한 자리를 차지하고 있다. 깔끔한 문체, 폭넓은 논의, 영적인 메시지가 책의 특징을 이루고 있는데, 그것은 저자의 다른 책들에서도 공통적으로 나타나는 특징이다. 성경을 깊이 공부하는 사람이나 새로 믿기 시작한 사람이나 저자의 책들을 읽고 풍성한 영적 교훈을 받았다. 구약의 모형과 상징과 예언, 신약의 약속과 기록, 그리고 계시에 타나난 성령...+ 더보기",5,2020-08-10
246390341,"성령, 위로부터 오는 능력",11917168,길동이,하나님의 제 삼위인 성령을 통해 우리는 온전한 그리스도인으로 살아가게 될 것이다. 예수님이 사도들에게 이 성령을 기다리고 받으라고 하셨듯이 주님은 우리에게도 동일하게 성령의 인도함을 받으라고 하심을 본다. 시대가 혼란스럽고 또한 한치 앞을 내다 볼 수 없는 펜더믹에 있다. 더욱 깨어 그를 의지해야 하리라.     저자는 창세기부터 신약성경 전반에 걸쳐 성령의 역사가 어떻게 일어났는가를 상세하게 설명해 주고 있다. 하나님께서 세상을 창조하실 때부터 성령으로 우리와 함께 하셨고 하나님의 사람을 택해 또한 하나...+ 더보기,4,2020-08-12
246390341,"성령, 위로부터 오는 능력",12035569,trytrue777,"와~563p의 두꺼운 이 책은 처음에는 부담이었다. 개념정리를 보는듯한...딱딱한 느낌?마치 성령에 대한 개념제시부터 정의들, 각 책에 나온 성령에 대한 파헤침을 모조리 적어놓았다. 처음에는 성령에 대한 역사나 풀어놓은 산글이 아니라, 마치 개념정리를 하듯 1,2,3...등 딱딱한 어조로 풀어놓은 듯 해서 읽기가 싫었는데,,,,이건 웬걸~하나하나 깊이있게 들어가보니 얼마나 통찰력있는 글들이고말씀들인지 모르겠다. 깔끔한 필체, 폭넓은 논의, 영적인 메시지가 어우러져서 더욱 풍성하게 성령에 대해서 생각해보는 시간이었다. 이 얼마만에 읽...+ 더보기",5,2020-09-30
409902,복음이란 무엇인가,239875,kwangma,책명 : 복음이란 무엇인가?저자 : 김세윤출판 : 두란노복음이란 무엇인가? 라는 주제로 청년회 교육을 마치고 두 달정도 후에 출판된 김세윤 박사의 책을 인터넷에서 봤으니까 약 4-5월쯤이었을까? 책의 목차만을 보고서도 마음이 흡족했다. 국내에 나와있는 복음을 설명하는 그 어떤 책들보다도 흡족했던 것은 그가 예수님이 선포하신 하나님 나라의 복음과 사도들의 복음을 잘 설명하려고 했기 때문이다. 다른 책들은 후자에 대해서 제한적으로 설명하는 경향이 강하다. 저자에 대해서 알게 된 것은 올해 초인 듯 싶다. 그의 책들을 읽게 되면서 코드가...+ 더보기,5,2003-12-04
409902,복음이란 무엇인가,345857,사나이,김세윤교수는 복음에 대해서 잘 정의를 하고 있다. 우리나라 기독교인들이 많지만 복음도 나름대로 알지만 체계적으로 알고 있는 사람은 드물 것이다. 이 책은 그런분들을 위한 책이다. 복음의 정의에 대해서 사도들이 말한 복음과 하나님께서 말한 복음이 다르다고 하는데 왜 이런 오류가 발생하느냐에 대해서 잘 나와있다. 하나님의 나라는 언제 오는가?에 대해서도 잘 나와있다. 그는 이렇게 말한다. 지금 하나님 나라가 도래 되었다. 하지만 아직 완성은 되지 않았다. 예수그리스도가 다시 오실때 완성될 것이다. 그럼 지금 어떻게 하나님의 나라가 도래...+ 더보기,5,2004-01-26
409902,복음이란 무엇인가,271946,Hansang Cho,"8. ‘복음이란 무엇인가’ 김세윤, 두란노한마디로 좋은 책이다. 요즘 복음에 대한 잘못된 상식, 아니 적어도, 한국 교회가 지닌 잘못된 사고를 잘 짚어 내고 있다. 구원은 분명 은혜다. 우리쪽에서 어떻게 할 수 있는 부분이 아닌, 하나님의 전폭적인 사랑에 의한 완전한 은혜이다. 하지만, 그 구원의 일방적인 계약에 있어서, 한쪽 계약 당사자인 하나님은 그 할 일을 다 했다면, 다른 한쪽인 인간은 그 구원에 반응해서 하나님의 주권을 인정하고 순종해 감으로써 그 계약이 완성된다. 즉 하나님을 주인으로 섬기고 순종하는 삶이 동반되지 않는 ...+ 더보기",5,2003-08-14
409902,복음이란 무엇인가,2938767,풀한포기,"한국이 낳은 세계적인 석학인 김세윤 교수의 복음과 하나님 나라에 대한 강의집이다.

한국에서 김세윤 교수 만큼 열정적이고 진지한 학자는 찾아보기 힘들다. 이 책은 김세윤 교수가 한국 교회에 꼭 들려주고 싶어하는 복음의 본질에 관한 내용들 담고 있다. 

복음은 기독교의 근간이다. 그러나 아이러니하게도 복음에 대해 바른 이해를 가지고 있는 기독교인들은 아주 드물다. 저자는 복음을 하나님 나라의 관점에서 설명하고 있다. 하나님 나라는 구약에서 부터 신약에 까지 일관되게 진술되고 있는 내용이요, 성경이 가장 중요한 주제 중의 하나...+ 더보기",5,2009-07-02
409902,복음이란 무엇인가,1494954,다윗,"2005년도 학생회 교사로 헌신하고 있을 그 해 추석즈음에 학생회 전도사님으로부터 선물 받은 책이다. 당시 받자마자 가벼운 통독으로 읽긴 했지만 읽은 후 머리 속에 하나도 남아 있지 않음을 느꼈던 기억이 난다. 깊이 있는 내용인 만큼 읽는 이의 자세에도 깊이가 있어야 했는데 그저 문자만 주욱 훑은 것이 원인이었다. 2년여의 시간이 흘러 책장 한구석에 꼽혀 있던 이 책이 내 눈에 들어왔고 주말을 기회삼아 재차 읽을 수 있었다. 
 

 신학의 대학자가 쓰신 책 답게 평범한 여...+ 더보기",4,2007-08-14
665073,고린도전서,5043736,낭만인생,"고린도전서의 최고의 주석, 최고의 신약 학자에게서 듣다.",4,2011-09-01
665073,고린도전서,5050615,마하네임,"고린도교회를 향한 하나님의 비전과 꿈, 복음주의학자에게서 듣다.",5,2011-09-03
7524882,미술관이 살아있다 7 : 위대한 왕 다윗,6504615,엄띵,"어린 다윗이 형들에게 음식을 가져다주라는 아버지의 심부름으로 전쟁터에 가게 되었다. 그곳에서 골리앗이 하나님과 이스라엘을 모독하는 것을 본 다윗은 자신이 직접 골리앗과 싸우겠다고 용감하게 나섰다.
 
  다윗은 어린 나이에 골리앗을 이기고 사울왕과 백성들에게 인정받았다. 그리고 이미 선지자를 통해 이스라엘의 왕이 될 것이라는 예언을 듣고 기름 부음도 받았다. 하지만 다윗이 이스라엘의 왕이 되는 길은 험난했다. 자신을 끊임없이 죽이려는 사울왕을 피해 다니느라 오랫동안 너무도...+ 더보기",5,2013-08-03
226223,목사와 설교,9500892,손재익,"대학교 3학년 때 구입해서신학대학원 1학년 때 완독한 책인데12년 후다시 읽었다.역시 설교학의 고전이다.번역이 매끄럽지 못하고, 강의를 옮겨적인 것이다 보니 가독성을 떨어지지만설교에 있어서 중요한 내용을 잘 담고 있다.오랜 만에 다시 읽으면서 나의 설교를 돌아본다.나의 설교는다행히도로이드 존스가 가르쳐 준 설교에서크게 벗어나지 않는다.그러면서 로이드 존스의 견해에 동의하지 않아서따르지 않는 것도 있다.",4,2017-08-02
226223,목사와 설교,906564,박사,"본서는 설교학 분야의 고전에 해당되는 책이다.저자는 역사적 칼빈주의에 입각하여 복음주의적 바탕, 영적인 예리함, 통찰력이 뻔뜩이는 위대한 설교자이다. 아마 20세기 최고의 설교자라고해도 결코 지나침이 없을 것이다. 본인의 40여년에 걸친 목회사역과 설교사역을 담아 본서를 저술하였다. 이 책은 단순한 책이 아니라 설교의 혼이 담긴 책이다. 신학생들은 반드시 읽어야 하며 목회자들은 수시로 읽으며 설교자로서의 자신의 자아상을 세워 나가는 기준으로 삼아야 할 것이다. 본서는 설교 사역의 영광을 깨닫게 하는 책이다.설교학의 백미로서 적극 추...+ 더보기",5,2006-07-01
234033308,"충만한 삶, 존엄한 죽음",11660041,sunflower,"삶과 죽음에 대해 직설적이자 현실적으로 접근한 책! 죽음을 앞둔 환자 본인을 대하는 태도와 아픈 이를 돌보는 가족들과그 구성원들의 마음을 헤아리는 방법적인 요소들을 많은 사례로 알려준다~ 문화적 차이를 이해할 수 있는 부분과 공감, 동조되는 부분, 죽음을 바라보는 시선에 대해 알 수 있다!",3,2020-04-19
234033308,"충만한 삶, 존엄한 죽음",11591588,하나의책장,"『하나, 책과 
마주하다』다른 것은 몰라도 이 한 가지는 확실히 압니다. 원하는 것을 전부 
얻지는 못할 것입니다. 하지만 정말로 필요한 것은 항상 얻을 것입니다. _저자 「엘리자베스 퀴블러 
로스」세계 최초로 호스피스 운동을 일으켰던 저자는 병원에서 죽음을 앞둔 환자들의 정신과 진료를 맡았었다.그 경험을 바탕으로 그녀는 삶과 죽음에 대한 자세, 생각들을 수많은 강연회와 책들에 녹여냈다.(내 기억으론, 타임지에서 선정한 20세기 사상가 중 한 명으로 알고 있다.)그렇게 나는 「인생 수업」과 「상실 수업」에 이어 ...+ 더보기",5,2020-03-22
234033308,"충만한 삶, 존엄한 죽음",11593523,얼음별대탐험,"세상 그 무엇도 한 면만 있지 않습니다. 죽을병에 걸릴 수도 있고, 참을 수 없는 고통으로 괴로워할 수도 있고, 이야기 나눌 사람 하나 없을 수 있습니다. 아직 제대로 살아보지도 못했는데 이렇게 죽어야 한다니 너무너무 억울하고 원통할 수도 있습니다. 그럴 때 다른 면을 보세요. 그 순간 여러분은 여태 끌고 다니던 공허함을 단박에 던져버릴 수 있는 소수의 특혜자가 될 것입니다. 그렇게 한다면 여러...+ 더보기",5,2020-03-22
234033308,"충만한 삶, 존엄한 죽음",11584224,bobea80,"이 책의 저자인 엘리자베스 퀴블러 로스는 스위스 출신의 정신과 의사이며 호스피스 운동의 선구자로 평생 죽음에 대한 연구를 멈추지 않았다. 이 책은 그중 뛰어난 통찰을 담은 네 번의 강연을 선별하여 담은 강연집이다.​​죽음을 맞닥뜨린 사람들은 자연스럽게 삶에 대한 철학적인 고민을 할 수밖에 없다. 남은 삶을 어떻게 살아야 할 것인지, 자신이 겪는 고통이 어떠한 의미가 있는지 절실한 마음으로 고민한다. 죽음을 앞두고 마무리 짓지 못한 문제를 해결하려 하는 사람들은 그 과정에서 진정한 삶이 무엇인지 깨닫기도 한다. 죽음을 앞둔 사람들과...+ 더보기",5,2020-03-19
234033308,"충만한 삶, 존엄한 죽음",11675800,로나스토리™,"『충만한 삶, 존엄한 죽음』, 엘리자베스 퀴블러 로스 지음, 장혜경
옮김. 갈매나무. 2020.



<충만한 삶, 존엄한
죽음>은 ‘죽음학’의
대가이자, 우리에게 <인생 수업>(2006, 이레)의 작가로 더 잘 알려진 엘리자베스 퀼블러
로스가 “죽음”에 대한 강연한 내용을 엮어 낸 책이다.



죽음은 나쁜 것이 아니라 아름다운 것입니다.
걱정할 필요가 없습니다.
죽음 걱정은 접어두고 오늘 무엇을 할 것인가 고민해야 합니다.
오늘 매사에 가장 윤리적인 결정을 내린다면,
행동 뿐 아...+ 더보기",5,2020-04-26
234033308,"충만한 삶, 존엄한 죽음",11591755,두근두근 제이,"우리 시대의 품위 있는 삶, 그리고 두려움 없는 죽음에 대하여P73 불치의 병을 앓는 아홉 살 아이는 늙은 현자입니다 고통을 겪은 아이, 사춘기가 되기 전에 신체의 사분면이 이미 아주 아픈 상태인 아이는 모두가 늙은 현자입니다 신은 인간을 정말로 놀랍게 창조하셔서 보통은 사춘기가 지나야 형성되는 영성의 사분면이 그런 경우엔 일찍부터 발달하여 손상된 신체의 능력을 메워준답니다 그래서 죽음을 앞둔 꼬마들은ㅡ여러분이 이런 상징적인 표현을 허락하신다면ㅡ 아주 늙은 현자랍니다 온실에서 자란 건강한 아이들보다 훨씬 더 지혜롭지요그래서 우리는 ...+ 더보기",5,2020-03-22
234033308,"충만한 삶, 존엄한 죽음",11553367,건방진닭,이 글에는 스포일러가 포함되어 있습니다. 보시겠습니까?회색 영역을 클릭하면 내용을 확인할 수 있습니다.,5,2020-03-06
234033308,"충만한 삶, 존엄한 죽음",11676179,koya,죽음학의 대가 《인생수업》의 작가 엘리자베스 퀴블러 로스가 들려주는 네번의 강연  강연 녹취록을 기틀로 하여 한권의 책이 만들어졌다.총 4편의 강연속에 죽음에 대한 저자의 이야기가 앞에 청중을 두고 말하는 것처럼 진행이 되고 청중의 반응이 괄호 안의 지문으로 표시가 되어 현장의 소리가 들리는듯한 느낌이 나는가 싶더니 중간 이후부터는 환청이 들리는듯 했다.엘리자베스 퀴블러 로스는 죽음에 대한 전문가로 유명한 사람이라고 하는데 난 처음 접하는 분이다.죽음은 지금도 사실 입에 올리기 조심스러우며 그녀가 활동하는 1960년대에는 ...+ 더보기,5,2020-04-26
234033308,"충만한 삶, 존엄한 죽음",11591570,쫑이파,"p.81. 
하지만 여러분에게 닥친 그 어떤 것도 
정말로 나쁜 것은 없습니다. …(중략)…여러분에게 닥친 나쁜 일은 몯 여러분에게 주어진 
기회요,가능성입니다. 성장하고 성숙할 수 있는 기회이지요. 성숙은 지상 모든 존재의 유일한 목표입니다.
​p.185. 성숙할수록, 발전할수록 더 많은 것을 얻을 
겁니다. 다만, 바란다고 해서 얻는 게 아니라 준비가 되었을 때 얻을 것입니다.
 ​인간의 죽음에 
대한 연구에 일생을 바친 저자 엘리자베스 퀴블러 로스(ElizabethKubler-Ross)는 미국 시사주간...+ 더보기",5,2020-03-22
234033308,"충만한 삶, 존엄한 죽음",11591798,sophia80,최근에 책을 읽으면서 이렇게 울어본 적이 있을까.원래도 눈물이 많지만 이 책 한 권을 끝까지 읽는 건 정말 힘들었다.눈물이 멈추지 않았기에 마음을 추스르고 다시 읽기까지 꽤 오랜 시간이 걸렸다.어린아이들이 부모의 죽음을 받아들이는 상황을 읽기만 해도 숨이 턱턱 막혔는데빨리 하늘나라로 데려가 달라는 죽음을 앞둔 어린 소녀의 기도는 참을 수가 없었다.하루라도 더 곁에 두고 싶은 부모들의 간절한 기도와아직 죽음을 잘 모르지만 이 상황이 싫기만 한 어린 동생들의 투정까지무엇 하나 그냥 지나칠 수 없었다.죽음을 받아들이는 게 자연스러운 감정...+ 더보기,5,2020-03-22
234033308,"충만한 삶, 존엄한 죽음",11591722,ggussy,"이미 국내에 여러 책이 소개되면서 죽음학의 대가로 불리는 엘리자베스 퀴블러 로스의 신간이다. <충만한 삶, 존엄한 죽음><고치와 나비> <우리 시대의 치유> <모든 인간은 완벽합니다> 네번의 강연내용을 담았고 큰 챕터 네 개에 각 강연이 배정되어 있다. 이 책을 읽으며 정말로 나는 죽음에 대해 몰랐고 관심도 없었다는걸 깨달게 되었고 어떤 대목에서는 놀랍고 완전히 새로운 개념을 배우는 기분이었다. 특히 죽음은 고치에서 나비가 되는 과정이란 말은 충격이었다.&nbsp...+ 더보기",5,2020-03-22
234033308,"충만한 삶, 존엄한 죽음",11593565,leeyoujin486-1,"죽음을 앞둔 사람들에 대한 이야기들을 들을 수 있었다.그리고 그 아이들과의 겪었던 이야기들과 느낀것을 이야기하고 있다.아이들의 이야기가 많았는데 아이들이 죽음을 앞두고 있다는 걸 알고 있다는 것에도 놀라웠지만 형제,자매인 아이들도 죽음에 대해서 알고 있다는것도 놀라웠다.어리다고 모를거라고 생각했는데 다 알고 있었다.그리고 솔직하다는 사실도 알게 되었다.아이이들이 오히려 더 느끼고 표현할 줄 아는 모습을 보면서 숨길 필요가 없다는 것을 알게되었다.아이와 아직 죽음에 대해서 이야기를 나눠본적은 없는데 주변의 죽음을 몇 번 본적은 있다....+ 더보기",5,2020-03-22
234033308,"충만한 삶, 존엄한 죽음",11677372,kyung2709,"내가 생각하는 충만한 삶, 존엄한 죽음은 내 운명대로 살다가 편안히 잠을 자면서 생을 마감하는것을 항상 꿈꿔왔다. 내가 생각한대로 죽음을 맞이할수 있다면 큰 축복이라고 생각한다. 왜냐하면 삶과 죽음은 떼어놓을수 없는 단짝친구이며, 죽음은 항상 내 주변에 맴돌기 때문이다. 그래서 하루하루 최선을 다해서 살아가려고 노력한다. 이 책은 죽음 전문가로 유명한 강의를 엮은책이다. 죽음을 함부로 입에 올리수 없었던 1960년대에 미국에서 처음으로 죽음을 주제로 강연을 하고, 죽음을 앞둔 사람들과 그 가족을 도와 편안한 임종의 길로 인...+ 더보기",5,2020-04-26
234033308,"충만한 삶, 존엄한 죽음",11668140,별새꽃,"충만한 삶,존엄한 죽음엘리자베스 퀴블러 로스 지음장혜경옮김갈매나무죽음을 앞둔 사람들에게서 삶의 의미를 배우다.인생 수업의 작가의 책이라 더 신중하게 읽었다.많은 생각을 하게 되고 어떻게 살아야 함을 알게 해주는 책이다.난 할머니의 임종을 마주한 적이 있다.뇌출혈로 쓰러져 아무것고 하실 수 없는 동안 진정으로 내가 해 드릴 수 있는 것은 하루 빨리 편하게 잠드시길 바랬다. 임종 당일날에도 난 할머님의 임종이 다가 옴을 느끼고 편하게 보내드리려 했다. 깨끗하게 온 몸을 닦아 드리며 편히 쉬세요. 고생 많으셨습니다. 꼭 손을 잡아 드리고...+ 더보기",5,2020-04-22
234033308,"충만한 삶, 존엄한 죽음",11582303,일신우일신,"정신과 의사이자 #호스피스 운동의 선구자이며, 인간의 죽음에 대한 연구로 평생을 보낸 #죽음학 권위자 #퀴블러로스 가 1980년에서 1985년 사이에 했던 네 번의 강연을 생생하게 담은 강연집이다.이 책은 충만한 삶을 살기위해, 존엄한 죽음을 맞기위해 어떻게 해야 하는 지에 대해 이야기하고 있는데, 죽음을 앞둔 사람들과 그 가족들, 그들을 도우고자 하는 사람들, 나아가 언젠가는 죽게 될 우리 모두를 위한 안내서라 할 수 있다.* 아이를 둔 엄마나 아빠가 죽음을 앞두고 있다면 그 사실을 아이에게 알려야 할까? 다가올 형제의 죽음을 아...+ 더보기",5,2020-03-18
234033308,"충만한 삶, 존엄한 죽음",11593572,김수연,"2007년에 “인생수업”이란 책으로 처음 만났던 엘리자베스 퀴블러 로스1976년부터 1989년까지 있었던 그녀의 8개의 강연을 기초로 품위 있는 삶과 죽음에 관해 4가지의 강연으로 엮은 새로운 신간이 나왔다.시선을 사로잡는 그라데이션 표지의 ‘충만한 삶, 존엄한 죽음’최근 상황이 상황인지라, 코로나19로 목숨을 잃는 사람들을 숫자로 접하면서, 갑자기 예기치 않은 전염병으로 인해 죽음을 맞이하는 사람들도 이 책에 쓰여진 사람들처럼 죽음을 준비할 시간이 있을까?란 질문을 떠올려보았지만, 이 책에 주로 다루는 사람들, 그리고 그들이 삶을...+ 더보기",5,2020-03-23
234033308,"충만한 삶, 존엄한 죽음",11593440,임희진,지금하고 있는 고민은 정말 아무것도 아님을 느끼게 된 책,5,2020-03-22
70329819,지금이라도 알아서 다행인 것들,8061132,좋은세상,"본디 서평을 이렇게 쓰면 안되는 것이지만, 그냥 솔직담백한 내 마음을 이 책의 서평을 핑계로 옮길까 합니다.이 책을 읽기 전 마음이 많이 어지러웠습니다.시기적으로 단지 연말이기에 지난 1년에 대한 회고가 아니라, 새해를 맞이하여 지금까지와는 다른 내 길을 걸어야 할까란 고민때문이였습니다.그래서인지 이 책을 보면서도 글자를 읽되 그 내용이 잘 들어오지 않았습니다.그런데, 아래 문구를 보는 순간 정신이 확 깨는 것 같더군요.   분명 난 많은 망설임의 시간을 가졌고, 힘든 선택을 하였습니다.그러나 그 선택에 대한 확신...+ 더보기",5,2015-12-16
70329819,지금이라도 알아서 다행인 것들,8126307,gazahbs,"지금을 기준으로 생각하면 이 순간은 내 인생의 가장 마지막 날이자, 가장 젊은 날이기도 하다. 
그러니 이렇게 늦은 것을 후회할 수도 있고 그래도 아직은 젊다는 것에 희망을 가질 수도 있다. 무엇을 선택할 것인지는 각자의 몫인 
셈이다.
 
그럼에도 이 둘의 공통점을 생각하면 마지막 날인 동시에 가장 젊은 날이니 더이상의 시간을 
낭비해서는 안된다는 것이다. 지난 간 일에 연연해서도 안 될 것이며, 아직 다가오지 않은 일에 대해서 미리 지레짐작해 겁먹고 걱정해서도 안될...+ 더보기",5,2016-01-06
70329819,지금이라도 알아서 다행인 것들,8078732,soon,이 책의 저자는 불교방송 라디오 '아침풍경'을 진행하는 원영 스님이다. 저자는 불교대학 교수이자 상담가로 활약하며 수많은 사람의 인생 멘토로 활동하며‘마음 간호사’라는 별칭을 얻기도 한 분이다.사람들은  '스님'이라는 존재를 세상을 초월하여 스스로 고행의 길을 선택한 수행자라는 측면에서 특별하게 생각하는데 본질적으로 '스님'이란 직업도 행복해지기로 결심하고 선택한 또 하나의 길이라고 말한다.스님은 불우하고 불안했던 과거와 수행자로서 겪는 고민을 진솔하게 드러내며 삶의 크고 작은 어려움을 어떻게 건...+ 더보기,5,2015-12-21
70329819,지금이라도 알아서 다행인 것들,8061799,빙글빙글빙그르르,"마음이 차분해지는 책 <지금이라도 알아서 다행인 것들>! 
노란 표지가 참 예뻐서 기분이 좋았고, 읽으면서 또 한 번 힘을 내게 해주는 이야기들을 많이 만나서 좋았다. 어떤 것을 보고 받아들일 때 확실히 
부정적인 부분만 보는 것보다는 긍정적인 부분을 보는 게 좋다. 에너지도 덜 빼앗기고(오히려 좋은 에너지를 얻을 수 있고) 불필요한 감정 소비도 
하지 않을 수 있고... 하지만 항상 긍정적이고 좋은 부분만 보는 것은 쉽지는 않은 일인 것 같다. 그럴 때 또 이런 이야기들을 꼭꼭 씹어 
삼켜야지.
​

총 4...+ 더보기",4,2015-12-16
70329819,지금이라도 알아서 다행인 것들,8061531,해아름,"<지금이라도 알아서 다행인 것들> 
원영스님 지음. 
나윤찬그림. 
불광출판사
 
 
 

 
 
 

 
 
<지금이라도 알아서 다행인 것들> 
원영스님 지음. 
나윤찬그림. 
불광출판사
 
별처럼 반짝이는 꽃들~ 
꽃처럼 살랑이는 별들~ 
아름다운 그림이 가득한, 
스님의 아름다운 이야기책입니다.
​
​
<지금이라도 알아서 다행인 것들>이라는 큰 제목에 (인생을 좋은 쪽...+ 더보기",5,2015-12-16
200634644,스가랴,11113421,온기,감쟈합니다!,5,2019-09-21
247801420,독서꽝에서 독서광으로,11893911,독서가답이다,독서는 신앙생활이다. 예배 참석만이 신앙생활이 아니다.일상이 예배와 분리되는 것이 아니라 일상이 예배여야 한다고 말한다. 마찬가지로 독서가 신앙생활이다.- 독서꽝에서 독서광으로 중 -크리스천이 왜 독서해야하는가? 그 질문에 답을 주는 책입니다.,5,2020-08-01
247801420,독서꽝에서 독서광으로,11886023,good,독서를 통해서 점점 다운되고 변방으로 밀려나는 교회를 살리고자하는 저자의 열정이 가슴에 해머질을 한다.이 책을 읽은 독자들이 독서 광으로 변화기를 기대해본다.,5,2020-07-29
247801420,독서꽝에서 독서광으로,11897649,천호남자,최고입니다. 내 삶을 바꾸는 책이었습니다.주저하지말고 집어서 읽으시길 바랍니다.이 책을 읽고 인생의 터닝포인트가 생겼습니다.매일 1권의 책을 읽고 있습니다저는 독서꽝이었습니다. 독서광으로 다시 태어날겁니다. 리더는 리더입니다.,5,2020-08-03
247801420,독서꽝에서 독서광으로,11915693,슈브,"이방선교를 위해 인문학에 정통한 바울을 선택하셨던 것처럼, 나와 다른 문화와 생각을 가진 세상과 대화하고 선한 영향력을 끼치는 능력이야말로 이 시대에 가장 필요한 그리스도인의 능력일 것이다.  세상속의 그리스도인으로 우뚝 서기를 소망하는 모든 그리스도인에게 일독을 권한다.",5,2020-08-11
247801420,독서꽝에서 독서광으로,11950465,희나리,이 책은 솔직한 자신의 경험담과 여러 책들을 인용하며 그리스도인이 왜 책을 읽어야 하는지를 때로는 어르고 달래고 때로는 사정하고 때로는 으름장을 놓아서 결국 독자에게 책을 읽겠다는 항복을 받아낸다. 강추!,5,2020-08-27
247801420,독서꽝에서 독서광으로,11920593,재서비,"한국 교회에는 독서 운동을 하는 사역자나 단체가 있습니다. 크리스찬북뉴스(대표 채천석 목사)도 독서 운동에 기여하려고 헌신하는 단체입니다. 한국 교회에서 독서 사역자로 생각되는 분은 송광택 목사(크리스찬북뉴스 고문)와 안산에서 사역하는 장석환 목사(하늘기쁨교회, 하늘기쁨목회자독서회)입니다. 김도인 목사(주담교회 담임, 아트설교연구원 원장, https://cafe.naver.com/judam11)는 “독서 운동과 함께 (치열하게) 설교 연구 활동”을 하는...+ 더보기",5,2020-08-13
247801420,독서꽝에서 독서광으로,13126083,lulujw7,"#독서꽝에서독서광으로 #김도인지음 #목양 독서가 삶이고, 독서가 그리스도인에게 얼마나 중요한지, 목회자에게 독서만큼 중요한 것이 없다며 외치는 그는 목회자를 대상으로 설교글쓰기 강의와 글을 쓰고, 책을 꾸준히 집필하고 있는 노력하는 목회자이자 작가이다.  제목에서처럼 저자는 독서꽝이었다. 남다른 독서력으로 하루 1독을 하기도 하며 지천명 때 독서를 시작해 10년만에 5,000권을 읽었다. 저자의 글을 읽으면 독서에 대한 열정이 정말 가득하다. 내가 책을 읽는 속도나 마음이 뒤쳐질라치면 저자의 글을 한번 읽고나면 다시 그 열정에 불을...+ 더보기",5,2021-11-26
247801420,독서꽝에서 독서광으로,13055829,아이작,독서‘꽝’에서 독서 ‘광’으로 💕 #김도인_저몇 년 전에 설교 목사로 섬긴 적이 있다.새로운 목회자를 기다리는 교회였다.한 달간 설교로 섬기기로 하였다.한 달이 지난 후에 다시 연장해서 섬겨주기로 했다.그때 교회 리더들이 저에게 지난번에 계시던 목사님에 대해 이야기를 하였다.‘목사님이 토요일인데 설교를 준비하지 않고 텔레비전만 보고 있더라’는 것이다.설마 그랬겠는가? 그렇지만 이 책을 읽으면서 오버 랩이 되어서 아쉬운 마음을 금할 길 없었다.🌳 기독교인이 되었다는 것은 독서가가 되었다는 뜻? 타락한 가톨릭에 반기를 든 마르틴 루...+ 더보기,5,2021-10-30
247801420,독서꽝에서 독서광으로,11898836,tiger-junwha,"복사뼈에 세 번이나 구멍이 났던 정약용손가락이 움직이지 않을 만큼 절실하게세상을 어떻게 살고, 어떻게 복음화하나? “내가 그동안 독서를 하지 않았던 것은 독서와 설교의 상관성을 몰랐기 때문이다.”(P.290) 다산 정약용은 18년간 강진에서 유배생활을 했다. 두문불출하며 독서에 전념했고 복사뼈에는 세 번이나 구멍이 났다. 저자는 지난 10여 년간 5천여 권의 독서를 감행했다. 눈이 충혈 될 정도로 독서했고 울면서 기도하면서 독서했다고 했다. 읽은 책을 손가락이 움직이지 않을 정도로 노트북에 입력했다고 했다.&nbs...+ 더보기",5,2020-08-04
269128470,이야기 뵈뵈,12599732,ldlcool,"1. 추천존 바클레이(John M. G. Barclay)의 <Paul & the Power of Grace>(2020)(=감은사 2021 출간예정)의 CHAPTER 13 각주에 보면 <Phoebe: A Story>라는 책이 등장한다. 이야기(Story)라는 단어와 여성 리더십에 관한 내용으로 언급된 뵈뵈(Phoebe)의 동시 등장은 호기심을 자극했다. 수많은 책들 중 바클레이의 손에 쥐어지고, 그의 저서에 참고할만한 책으로 소개할 될 정도면 믿고 볼 수 있는 책이 분명하다고 생각했다.​2. 출판사그렇게 책이 스...+ 더보기",5,2021-05-07
269128470,이야기 뵈뵈,12608152,겸허한다윗,<이야기 뵈뵈>시공간적 거리를 두고서 바울서신을 읽고 해석한다는 것은 결코 쉬운 일이 아닙니다. 유독 바울서신은 친절하지 않습니다. 이야기를 명시적으로 전달하는 방법을 선택하지 않습니다. 암묵적으로 알고 있을법한 이야기를 전제한 상태에서 다시 환기시키고 권면할 뿐입니다. 텍스트로 기록된 바울서신을 입체적으로 읽고 해석하기 위해서는 상상력이 필요합니다. 먼저 바울서신은 어떤 과정을 거쳐서 기록되고 유통되었을까요? 바울서신을 읽고 해석하는 교회 공동체의 교우들은 어떤 방식으로 바울의 메시지를 받아들였을까요? 더 나아가 바울서...+ 더보기,4,2021-05-11
269128470,이야기 뵈뵈,15194007,채혜숙,"선물 받아서 읽었는데, 너무 재밌게 휘리릭 읽어서 처음으로 리뷰 남겨봐요. 이젠 바울 서신서를 읽을 때, 문안에 등장하는 인물들의 이름을 볼 때, 이 책을 읽으며 상상한 얼굴들과 배경이 떠오를것 같아요. 상처받은 뵈뵈라는 한 인간의 회복을 중심으로 로마의 초대교회의 여러 인물들을 입체적으로 다루었어요. (브리스가와 아굴라가 누군지 드디어 알게됨!) 반전도 많고 묘사도 찰져서 재밌게 읽히고, 로마서와 바울서신서의 글들을 주인공들이 인용하는데 그 성경구절들이 묵직하게 다가왔어요. 강추!",5,2024-01-02
78683,[POD] 성서의 문학유형과 설교,411109,라미닌,온라인 서점을 이용하고부터 생긴 풍속도다. 어떤 책은 머리말만 읽고 내동댕이친다. 책 내용이 기대에 못미치기 때문이다. 어떤 책은 참고문헌까지 읽고 책꽂이에 고이 모셔둔다. 제목을 볼 때마다 내용을 기억해 내려고 애쓴다. 어떤 책은 눈에도 잘 띄고 손에도 잘 닿는 곳에 놓아둔다. 이런 책은 얼마 지나지 않아 다시한번 읽고 싶어진다. 처음에 느꼈던 진한 감동이 은빛 물결이 되어 어김없이 밀려온다. 나는 책읽기의 즐거움에 흠뻑 빠진다. 이런 책은 서평도 쓰고 동료에게도 권한다. 이 보다 더 높은 단계도 있다. 자신만 알고 싶은 책말이다...+ 더보기,5,2004-02-24
32726616,주와 함께 하라,6798691,스누피,"가난한 시골마을에서 태어나고 자란 그가 
하나님을 만나고 어찌보면 허황되리만치 원대한 세 가지 꿈
(박사학위를 받고, 큰 회사의 사장이 되고, 100개의 교회를 세우는)을
꾸고 이루어 가는 과정을 적은 책들 중 가장 최근 출판 된 책이다.
앞선 책들처럼 여전히 그는 열정적이며 열정의 하나님의 일하심에 적극적으로 순종하며 
동행하는 과정 중의 놀라운 일들을 뜨겁고 벅찬 감동으로 고백하고 있었다.
지난 12월 초 이 책의 저자인 채의숭 장로님이 우리교회에서 간증을 하셨었다.
그때 그분의 친필사인을 받고 싶어 구입한 책.
...+ 더보기",4,2014-01-06
99246475,성철 평전,9057350,무언,백일법문도 50주년이라고 들었습니다 큰스님의 평범한 가르침인 부처님 법대로 살자 자기를 바로 봅시다 자기를 속이지 맙시다 남을 위해 기도합시다 듣기만 해도 마음을 먹먹하게 합니다 평범한 진리 속에 큰 가르침과 울림이 있어 그 많은 사람들이 지금도 큰스님을 따르나 봅니다,5,2017-01-16
99246475,성철 평전,9025134,미트라,부처님 법대로 살자고 다짐하며 봉암사에서 결사를 한 지가 올해로 꼭 70주년이네요.성철스님을 존경하는 불자로서성철스님을 객관적으로 이해할 수 있는평전이 나왔다는 것은 굉장히 의미있는 일이라고 봅니다.이 책을 계기로 한국불교가보다 바람직한 방향으로변화되길 기원합니다.,5,2017-01-03
99246475,성철 평전,14076342,hoteda,1029참사(이태원)를 겪으며 허망한 마음에 쩔쩔매다... 희망을 찾고 싶어서 읽기 시작했습니다. 위로받았습니다. 희생자들의 명복을 빕니다.,5,2022-11-07
99246475,성철 평전,12321856,mecury03,책을 읽는 중간 중간 두번에 눈물이 났다어떻게 저렇게 살 수 있다는 말인가..내가 책을 보고 눈물을 흘린적이 있던가..!!삶의 방향을 제시 해준 책꼭 불자가 아니더라도..왜.. 성철스님인지..왜 큰 스님인지 말해준다..산은 산이요 물은 물이요...조금은 아주 조금은 그 뜻을 알 것 같다...,5,2021-01-20
226186136,설교자와 묵상,13074237,dptkfkd1004,수많은 시행착오를 거치며 각고의 노력 끝에 완성된 저자의 묵상법을 통해 성도들의 반응이 달라지는 것을 보고 싶다면 꼭 사서 그렇게 해보시라. 나도 변하고 성도도 변화는 것을 경험할 것이다.,5,2021-11-06
226186136,설교자와 묵상,11436311,하태연,"설교자에게 묵상에 대한 절대적 필요성을 강조하며 왜? 무엇으로? 어떻게?의 해답을 말해준다.저자는 설교자와 함께 한 걸음씩 내딛으며 묵상에 대한 시작과 끝으로 걸어가준다는 느낌이든다.신학과 인문학의 만남으로 들려지는 설교, 적용으로 하나님을 위한 삶의 변화가 있기를 추구한다. 굿!!",5,2020-01-15
226186136,설교자와 묵상,13173966,lulujw7,#설교자와묵상 #김도인지음 #CLC #창조적성경묵상을하라  설교와 묵상은 하나라고 해도 과언이 아니다. 청중이 들리는 설교를 하려면 창조적 성경묵상을 하라. 저자가 묵상을 시작하게 된 이유는 청중에게 설교할 때 전달되어지는 설교를 하는 설교자가 되고 싶어서 묵상과 설교를 연결하는 묵상법을 만들게 되었다고 한다. 목차로는 제1장 묵상과 설교는 하나다. 제2장 묵상을 힘있게 한다. 제3장 창조적 성경묵상을 하라. 제4장 묵상에서 설교로 어떻게 연결할 것인가. 로 되어있으며 저자의 오랜 연구와 실습에서 기존의 큐티와 다른 창조적 성경묵상...+ 더보기,5,2021-12-15
226186136,설교자와 묵상,11437357,good,"설교자의 고민 중 하나는 청중의 변화이다.   ""만약에 청중에게 변화가 일어나지 않는다면 묵상에 문제가 있음이다. "" p.17. 저자는 이 고민의 해결책으로 묵상을 강조한다. 묵상을 통해 자신과 청중의 변화를 원하는 설교자들에게 묵상의 좋은 길잘이가 될 것이다. 이 좋은 책을 한 번만 읽지말고 여러번 읽고 정독하기를 바라는 마음이 간절하다. 읽으면 읽을 수록 자신의 설교가 업 그레이드 될 것이다.    무라카미 하루키는 자기의 독서법을 독자에게 은밀하게 소개했다.    ...+ 더보기",5,2020-01-15
226186136,설교자와 묵상,11437481,thankyou,"설교자에게 묵상은 가장 기본적인 시작이면서, 가장 무거운 짐이기도 하다. 묵상이 잘 되어야 바른 설교가 나올 수 있음을 설교자는 누구나 알고 있다. 그러나 바쁜 목회 환경 속에서 묵상을 대충 적당히 하고자 하는 마음은 에덴동산에서 하와의 유혹처럼 넘어가지 않을 수 없는 매력이 있다. 많은 이들이 이 유혹에 넘어가 묵상을 철저히 하지 못하고 마침내 평범한 설교에 머물고 만다. <설교자와 묵상>은 이런 관념을 깨는 망치소리와도 같다. 결국 치열하고 깊이 있는 묵상만이 감동을 주는 설교를 만들어낼 수 있음을 강조한다. 알고 있...+ 더보기",5,2020-01-15
335095,교회에서 쉬쉬하는 그리스도교 이야기,5150913,곧미남,정직한 사람이라면 기독교인이라도 고개를 끄덕일**,5,2011-10-18
335095,교회에서 쉬쉬하는 그리스도교 이야기,12360982,신승철,신앙을 갖기 전에 읽으면 신앙을 평생 갖지 못하게 될 것이다. 하지만 개인적인 신앙 경험이 충만한 사람이 읽으면 자신의 신앙이 어느 정도 내구성이 있는지 알게 될 것이고 궁금해하던 것들이 해결되면서 더 정치한 신앙인이 될 것이다. 다 떠나서 일단 재미있다.,4,2021-02-02
335095,교회에서 쉬쉬하는 그리스도교 이야기,16381435,군자,재출간좀 합시다,1,2025-04-15
335095,교회에서 쉬쉬하는 그리스도교 이야기,347360,sayonara,"'교회에서 쉬쉬하는 그리스도교 이야기'는 정말 교회에서는 쉬쉬하면서 꺼내지 말아야 할 이야기들이 수록되어 있다.'만행'의 저자인 현각스님은 한때 기독교 학교에서 왜 장애인이 태어나느냐고 질문했다가 황당한 대답을 받은 기억이 있다고 하는데, 개인적으로도 그러한 경험이 몇 번 있다. 그렇게 때문에 교회에 가서는 그냥 입다물고 기도나 하고 찬송을 부르는 게 상책임을 알게 되었다.만약 우리 동네의 교회에 가서 '교회에서 쉬쉬하는 그리스도교 이야기'의 내용들을 꺼낸다면 어떻게 될까? 사탄의 하수인으로 화형을 당하지는 않을까?우리나라는 유독 ...+ 더보기",3,2003-01-02
335095,교회에서 쉬쉬하는 그리스도교 이야기,327761,rainmaker,"읽는이가 크리스트교신자라면 상당한 혼란을 안겨줄것이다. 적어도 나는 그랬다. 그리고 믿음이 흔들릴때 이 책을 본다면 아마 더 혼란스러워질 것이다. 교회의 이면,  크리스트교의 이중적인 면들, 잔인한점등등을  다루고 있다. 무서운 책이다. 그리고 어려운 책이다. 저자가 많이 조사를 하고 책을 썼음을 알수 있다. 나는 정말 어렵게 읽었는데 성경구절 나오면 하나하나 찾아보면서 읽었는데 절망이였다. 내가 믿는 종교가 이렇게....잘 읽어야 할 책이다. 대충읽으면 저자의 논리에 그냥 먹혀버린다.조심하지 않으면 그냥 삼킬 기회를 주니  주의해...+ 더보기",5,2002-09-24
335095,교회에서 쉬쉬하는 그리스도교 이야기,2159995,JULIE,"교회에서 절대 언급하지 않는 이야기를 저자가 엮은 책이다.
교회라는 커다란 사업장에서 공급자(=목회자)와 수요자(=신도)가
결코 인식해서는 안되는 이야기들이 주를 이룬다.
기독교라는 재밌는 꿈을 주고받는 사람들이 읽으면 불쾌해 진다.
진실을 알고싶은 사람들에겐 미소가 지어진다.
다양한 사진자료와 더불어 쉽게 풀어쓴 작가의 열정이 돋보인다.",4,2008-06-28
323294,기독교 변하지 않으면 죽는다,1506067,피트초이,"탈레반에 피랍되어 있는 23명의 한국 선교봉사단원들 중 2명은 벌써 운명을 달리했고 2명의 여성이 석방되어 한국에 도착했다.
그러나 이들을 보는 한국 사회의 시선은 차갑다 못해 매정하며 소름끼치도록 잔인하다. 연일 인터넷 악플로 이들을 비난하고 기독교를 개독교로 칭하면서 공격을 퍼붓고 있다.
이러한 시점에서 한국 교회를 돌아보고 기독교를 돌아볼 수 있게 해주는 책이다. 저자인 스퐁 감독은 미국 성공회 목사로서 미국에서 가장 논쟁적인 인물로 불려지고 있는 인사로 소개되고 있다.
스퐁은 현재의 기독교인들을 교회의 교인이면...+ 더보기",4,2007-08-18
323294,기독교 변하지 않으면 죽는다,610205,천사뚱,"내가 교회를 다니고 있다는 것을 아는지.....성경공부 발제가 있어 <기독교 변하지 않으면 죽는다>(한국기독교연구소)를 읽는다.처음에는 그저 그런 책이겠거니 생각했는데, 아니다. 도전적인 책이다.인격적인 하나님을 부정하고, 천국과 지옥을 부정한다. 그동안 전통적으로 전승되어온 기독교 신앙의 대부분의 전제는 무너졌다고 고백한다.그런 의미에서 지금 기독교를 믿는 사람들은 유배된 사람이라고 정의한다.무신론적 맥락에서 기독교의 가능성을 고찰한다. 그리고 평온함에 도달한다.글쓴이가 교회밖의 사람이었다면 놀랄만한 일이 아니다. 글쓴...+ 더보기",4,2005-01-19
324302600,"바울, 마케도니아에 가다",15045573,모찌모찌,"우리는 다른 사람에게 무관심할 때가 많습니다. 그들이 들려주고 싶어 하는 이야기를 주의 깊게 듣지 못하여, 오해를 할 때가 종종 있으니까요. 그들의 진심을 충분히 느끼지 못하고, 그들이 말하고자 하는 바를 이해하지 못할 때가 많습니다. 상대방의 의도를 곡해하고, 내가 원하는 바대로 상대를 재단할 때도 있습니다.지금 현재 마주 보고 앉아 이야기를 나누는 사람과도 완벽한 의사소통은 힘듭니다. 눈을 마주치고, 마음을 열고, 에너지를 쏟아야만 소통이 시작됩니다. 2000여 년 전, 우리와 다른 문화와 세계관을 가진 사람과의 대화는 더욱 힘...+ 더보기",5,2023-11-09
149527493,윤회와 인과의 실제 이야기,11193165,바우,윤회의 진실과 인과에 대해 실제 사례를 중심으로 소개하고 있어 재미있고 교훈적이다.,5,2019-10-15
204047936,스펄전 구약설교노트,11108458,신의딸,"어떤 설교자들은 목발에 의지해서 설교를 합니다. 그들은 남이 준비한 설교를 거의 읽어 내려갑니다. 그러나 이것은 정말 절름발이 작업이 될 것입니다. 우리들 가운데 대부분은 지팡이가 필요하고, 필요할 때 가끔 의지하곤 합니다. … 이제 나는 이 지팡이를 자신의 설교 여행에서 필요하다고 느끼는 사람들에게 제공하고자 합니다(5).​목회자에게 설교 준비만큼 중요한 것도 없지만, 설교 '준비'만큼 우선순위에서 밀리는 일도 없을 것입니다. 현실적으로 설교의 가장 큰 어려움은 설교를 '준비할 시간'이 절대적으로 부족하다는 점일 것입니다. 모든 ...+ 더보기",5,2019-09-19
204047936,스펄전 구약설교노트,11083906,트와이스,"크리스천 여러분은 명설교가하면 누가 떠오르십니까? 여러 인물이 있겠지만, 누가 꼽든 반드시 열손가락 안에 들어가는 희대의 설교가가 있습니다. 바로 찰스 스펄전 목사님 입니다. 찰스 스펄전 목사님을 설명하는 가장 중요한 단어는 바로 설교입니다. 찰스 스펄전 목사님은 설교로 한 영혼을 변화시키는 데 평생을 던지신 분입니다. 찰스 스펄전 목사님께서 소천하신지 한세기가 훌쩍 넘게 지났지만, 아직까지도 찰스 스펄전 목사님의 설교로 많은 영혼들이 주의 품으로 돌아오고 있습니다. 이런 명설교가의 설교에는 어떤 내용이 담겨 있을...+ 더보기",5,2019-09-10
204047936,스펄전 구약설교노트,11135947,숌,"이 책은 보물과도 같은 찰스 스펄전 목사의 설교 노트를 엮어놓은 책이다. 구약과 신약 두 편으로 나뉜다. ​영국의 침례교 목사인 찰스 스펄전은 복음주의적 칼빈주의자로 알려져있다. 말씀 그 자체의 능력이 설교노트만 읽어도 그대로 되살아난다. ​스펄전의 설교노트는 총 264편으로 구성되어 있는데 1~129편은 구약편이고, 130~264편은 신약편이다. 그리고 현대지성의 기독교 라인 CH북스에서 출판한 이 책은 그 순서대로 번역되었다. ​근본적으로 이 책은 목회자들을 위해 쓰여진 책이다. ​스펄전 목사는 서언에서 ""...+ 더보기",5,2019-09-27
204047936,스펄전 구약설교노트,11160815,hye-ju0526,교회를 다닌적은 없다.  하지만 성경공부를 한다는 친구들 애기는 많이 들은적이 있다  성경은 두께도 만만치 않아 다 읽는게 무척 힘들다는 애기를 들었다.  그럼에도 성경읽기를 쉬지 않고 한다는 친구들을 보면 사실... 좀 의아헸다.. 저렇게까지...    가끔 식당을 가면 성경말씀에 액자를 본적이 있는데 참좋은 글귀가 많다 (물론 성경에 나온 애기 있지만) 세계 기독교 고전이라하여 더 궁금했다. 책에 구성이 이렇다. *서언으로 시작한다.'설교자들의 게으름을 조장...+ 더보기,5,2019-10-05
204047936,스펄전 구약설교노트,11096060,3진맘,"설교가하면 빠질수 없는 분이 스펄전목사님이다. 그의 설교를 모은 책이 출간되었다. 구약 39권의 말씀중에 129편의 설교가 성경 순서대로 실려있다. 설교자들에게 도움을 주기 위해서 책을 출간했다고 한다. 이 책은 우리가 보통 접할 수 있는 설교집 묶음의 형식과는 다르게 설교를 요약해놓은 형태이고, 마지막에 이해를 돕기 위해서 예화나 도움이 되는 글들이 있어 설교가 어렵게 느껴진 사람들의 이해를 돕고 있다. 초신자들이 읽기에는 조금은 버거울 수도 있다. 내용도 많고, 쉽게 풀어서 섰다기 보다는 요약되어 있는 설교집이라 어렵게...+ 더보기",5,2019-09-15
204047936,스펄전 구약설교노트,11108210,숨비북,"스펄전 목사가 어느 날 예배 설교를 마치고 단상에서 내려오자 기다렸다는 듯이 한 남성이 찾아와서 스펄전 목사에게 ""목사님! 설교가 정말 은혜로웠습니다. 이런 깊은 은혜의 설교를 준비하시기 위해서 목사님은 몇시간이나 설교 준비를 하시나요?"" 라고 질문했다. 이 질문을 받은 스펄전 목사는 한치의 주저함도 없이 대답했다. ""평생이요!""​본서는 19세기 영국 침례교 목사로서 설교계의 황태자라는 별칭으로 불리웠던 '찰스 해돈 스펄전' 목사의 구약설교를 기록해놓은 저작이다. 총 264편의 신구약 설교를 담아낸 본서는 구약과 신약 ...+ 더보기",5,2019-09-19
204047936,스펄전 구약설교노트,11109808,맥드리미83,"교회를 다니면서도 예배 이외에 성경을 읽거나 기도를 하거나 QT를 하지 않아서 일요일 빼고는 기독교인이라고 말하기도 좀 그런 위치에서 한참을 살았다. 생명의 삶으로 QT를 해보기도 했지만 그것 또한 잘 되지 않았다. 그 때에는 성경, 말씀이라고 하면 조금 어렵기도 했고, 하루에 하나씩 날짜가 적혀져 있는 것도 부담스럽기도 했다. 그러던 중에 설교노트라는 제목의 책을 접하게 되어 읽게 되었다. 찰스 스펄전은 기독교에서 꽤나 유명한 목사인 듯 하다. (나는 잘 알지 못하지만) 3대 째 목사를...+ 더보기",5,2019-09-19
256382292,한눈에 명화로 보는 구약 성경,12213987,sunny,크리스찬은 아니어서 성경에 대해서는 그리 잘 알지 못하지만 성경이 그리스 신화와 더불어 서양 문명의양대 산맥이다 보니 성경 속 여러 이야기들이 문화 콘텐츠들에 사용되어 성경의 내용을 잘 이해하는 게서양문화를 이해하는 데 큰 도움이 된다. 특히 서양 미술 작품은 성경을 제대로 모른 채 이해한다는 건 상당히 어려운 일인데 그렇다고 무작정 성경을 공부할 수도 없고 하던 차에 구약 성경의 내용을 이를 다룬 미술 작품으로 간략하게 설명한 이 책이 딱 내 취향에 제격이라 할 수 있었다.  ...+ 더보기,4,2020-12-12
256382292,한눈에 명화로 보는 구약 성경,12220555,seyoh,"한눈에 명화로 보는 구약 성경    이 책은?   이 책 『한눈에 명화로 보는 구약 성경』은 성경의 한 부분인 구약 성경을 명화를 통해 읽어보는 책이다.    편자는 이선종, <정음사, 아가페출판사, 성서교재간행사에서 편집장을 역임하였다. 『핸드릭슨 성경주석』과 『칼빈성경주석』을 책임편집했으며, 『큐티성경』과 『라이브성경』 등을 기획 및 책임 편집하여 세간의 화제를 일으키기도 했다. 지금까지 인문고전, 문학, 철학, 경제경영등 다양한 분야의 양서들을 기획 및 집필하고 있다.>   이 책...+ 더보기",5,2020-12-15
256382292,한눈에 명화로 보는 구약 성경,12220212,해피신디,"코로나의 기간 동안 교회를 못 갔으니까교회에 못 간 지 이제 1년이 다 되어가는 거네요.그만큼 믿음이 흔들릴까봐 걱정되어주일마다 영상으로 예배에 잘 참여하고 있어요.이번 기회에 성경을 읽어볼까, 필사할까, ... 여러 생각이 많았지만쉽게 도전하지는 못하겠더라고요.그런데, 명화로 보면서 성경을 읽을 수 있는 책이 출간되었다고 하니안 읽어볼 수 없죠. 와우!한눈에 명화로 보는 구약성경 (이선종 편저, 아이템하우스)최고의 성경 입문서!멋진 그림을 통해 성경을 잘 이해하게 되고,성경말씀을 통해 명화의 내...+ 더보기",5,2020-12-15
256382292,한눈에 명화로 보는 구약 성경,12190156,나난,성경은 구약 39권 신약 27권 모두 합해서 66권으로 구성되어 있다. 각 권은 각기 저마다의 특색을 가지고 있어서 어디를 읽어도 독특한 매력을 접할 수가 있다. 그것이 아마도 세상에서 가장 잘 팔리는 책이 성경이라는 것을 입증하는 것이리라.  구약에서는 왕들의 이름과 업적이 담긴 열왕기서가 있는가 하면 선지자들의 이야기들을 담은 사무엘서나 하박국 같은 책도 있고 한 여자의 이야기를 담은 에스더나 룻기 같은 이야기도 있다. 욥기나 요나서는 한 남자의 이야기를 그리고 있고 조금은 야하게 느껴지는 사랑 이야기를 담은 애가서나 ...+ 더보기,5,2020-12-03
256382292,한눈에 명화로 보는 구약 성경,12200211,현동이아빠,"명화(名畵)와 함께 읽는 구약 성경 이야기이 책은 성경 중 <구약>을 명화와 함께 볼 수 있도록 구성 되어 있다. 세계에서 가장 많이 팔린 책은 단연코 ‘성경’일 듯 하다. 성경은 구약과 신약으로 구성 되어 있으며 총 66권, 1189장으로 되어 있다. 방대한 양만큼이나 입에 담기도 힘든 여러 가지 사건들로 구성 되어 있다. 현재 상식으로 납득이 되지 않는 근친상간, 집단살인, 인신매매 등이 나와 있다. 왜 이런 것들이 성서에 기록되어 있을까? 텍스트로만 보던 성경을 명화와 함께 봄으로써 더욱더 쉽게 이해할 수...+ 더보기",5,2020-12-07
256382292,한눈에 명화로 보는 구약 성경,12216549,트와이스,"여러분은 세계에서 가장 많이 읽힌 책 성경에 대해 얼마나 알고 계십니까? 성경은 역사적으로 전세계 수많은 지역에서 수많은 국가와 사람들에게 지대한 영향을 끼쳤습니다. 성경을 이해하는 것은 곧 서양사를 이해하는 것과 같고, 더 나아가 세계사를 이해하는 것과도 같습니다. 그런데 이 성경이 애초에 읽는 목적으로 전해지지 않았다는 사실을 알고 계십니까? 글자를 모르는 사람들이 많던 시절, 사람들은 스스로 성경을 읽을 수 없었고 성경을 이해하기 위해선 그림이 필요했습니다. 성당이나 교회를 가득 채운 스테인글라스 그림들과 역사적으로 ...+ 더보기",5,2020-12-13
256382292,한눈에 명화로 보는 구약 성경,12209072,life7joy,"기독교의 권위 있는 경전(經典)이며 최고의 고전(古典)인 성경 이야기는 서양 화가들에게 언제나 중요한 모티프(motif)를 제공해 주었습니다. ‘한눈에 명화로 보는’이라는 표현이 맘에 쏙 들어와 이 책을 펼쳤습니다. 기존 성경에 익숙해서인지 서술된 이야기는 평범하고 무난합니다. 아마도 성경 내용을 잘 모르는 분들을 염두에 두고 아주 쉽게 풀어놓아서 그럴 것입니다. 그래도 성경을 체계적으로 읽어보지 않은 분들에게는 꽤 유용하겠다 싶습니다. 천지창조부터 시작해, 족장들 이야기, 출애굽, 가나안 정복, 사사들, 사울, 다윗, 솔로몬, 분...+ 더보기",5,2020-12-10
256382292,한눈에 명화로 보는 구약 성경,12211958,mangosoda,성경은 기독교의 경전으로 세계적인 베스트셀러이자 기독교의 전부라고 한다. 당연히 기독교인에겐 필독서이겠지만 분량도 방대하고 많은 상징과 비유로 되어 있어서 그 의미를 제대로 이해하는 것이 쉽지 않다. 그리고 문장도 일상적으로 사용하는 일상어가 아닌 경우가 많아서 성격의 언어에 익숙하지 않은 사람에겐 어렵게 느껴진다. 그래서 이렇게 어려운 성경을 좀 더 쉽게 다가갈 수 있게 이 책에서는 성경의 주요 사건이나 인물을 소재로 그린 명화들을 삽화처럼 사용하여 명화를 통해 성경의 내용과 주제를 시각적으로 쉽게 이해할 수 있도록 ...+ 더보기,5,2020-12-11
256382292,한눈에 명화로 보는 구약 성경,12219852,Oxford,고등학교때 이런 질문을 받았다. 현재까지 전 세계에서 가장 많이 읽힌 책이 무엇이냐고? 과연 무엇일까 생각했는데 성경이라고 선생님께서 알려주셨다. 교회에 가면 항상 펼쳐놓고 목사님께서 말씀하시던 기억이 났다. 사실 종교에 대한 믿음이 크지 않았기에 성경에 대해 제대로 읽어본적도 없고 진지하게 교회를 다녀본 적도 없다. 하지만 흔히들 베스트 셀러를 말할때 '성경 다음으로 많이 읽힌~'이라는 표현을 자주 사용한다. 그만큼 성경의 위력은 대단하기 때문일 것이다. 굳이 교회를 다니지 않아도 기독교를 믿지 않더라도 상식으로라도 ...+ 더보기,5,2020-12-15
256382292,한눈에 명화로 보는 구약 성경,12198347,3진맘,성경말씀 중에 구약을 어려워 하는 아이에게 어떻게 하면 말씀을 쉽게 이해할 수 있도록 제대로 가르쳐 줄 수 있을지가 늘 고민이었다. 만화성경을 읽어보길 권하지만 너무 쉽게 표현된 만화를 보고 성경을 읽으면 문장이 더 어렵게 느껴진다고 한다. 이런 고민해결에 도움을 받을 수 있는 책을 발견했다. 글로만 이해하는 것보다 입체적인 그림을 통해 성경을 읽을 수 있는 '한눈에 명화로 보는 구약성경'을 만난건 축복이다.​'한눈에 명화로 보는 구약성경'과 '한눈에 명화로 보는 신약성경'으로 각각 구성되어 있다. '한눈에 명화로 보는 구약성경'은...+ 더보기,5,2020-12-06
256382292,한눈에 명화로 보는 구약 성경,12216254,의생의사,이 글에는 스포일러가 포함되어 있습니다. 보시겠습니까?회색 영역을 클릭하면 내용을 확인할 수 있습니다.,4,2020-12-13
256382292,한눈에 명화로 보는 구약 성경,12209067,퍼플러,"이 책은 2020년에 제가 받은 최고의 선물입니다. 많은 책을 읽으려고 노력하지만, 늘 가장 읽고 싶은 책은 성경책이었어요. 죽기 전에 꼭 읽어야 할 책이나, 무인도에 가져갈 책 한 권을 고르라면 마땅히 성경책을 고르겠습니다. 종교적인 이유를 떠나서, 성경 속에는 인간이 배워야 할 삶의 가치와 방향이 들어있기 때문이죠. 하지만 솔직히 성경책을 읽어도 무슨 내용인지 잘 모르겠고 어렵게 느껴졌습니다. 목사님의 설교를 들으면 조금 이해가 쉬워졌지만, 설교로 성경책 전체를 알 수는 없었죠. 그래서 성경 통독이 큰 숙제처럼 느껴졌어요. 이런...+ 더보기",5,2020-12-10
256382292,한눈에 명화로 보는 구약 성경,12205849,mazinga,"이선종 편저 “한눈에 명화로 보는 구약성경(아이템하우스)”은 명화를 감상하며 성경말씀을 들을 수 있어 풍성한 은혜를 경험케 한다. 신약과 구약을 각각 한 권으로 담았기에 두 권 모두 소장하고 싶어진다. 어릴때부터 들어온 말씀은 특별한 광휘를 띄고 기억 속에 몇 개의 장면을 구축하고 있는데, 위대한 예술가들은 어떻게 해석하고 표현했을지, 사람들에게 어떤 영향을 끼쳤을지 나의 소박한 상상과 비교해보는 일은 신선한 즐거움이었다.      구약편은 창세기부터 에스더까지 총 여덟 개 장으로 정리했다. 각 장은 성경 속 중요한 주제를...+ 더보기",5,2020-12-09
256382292,한눈에 명화로 보는 구약 성경,12205545,천재폭발,"나 같은 무신론자들이 왜 성경을 알아야 할까? 한 가지 예를 들어보자. 할리우드에서 만들어지는 영화의 주제는 크게 두 가지로 나눌 수 있다. 첫째는 위대한 미국이며, 두 번째는 바로 오늘 이야기할 성경이다. 패션 오브 크라이스트, 십계, 벤허와 같은 영화들은 쉽게 성경을 배경으로 했다는 것을 알 수 있다. 그러나 ET나 나니아 연대기, 쉰들러 리스트, 쇼생크 탈출, 인디아나 존스, 스타워즈와 같은 영화들도 놀랍게도 성...+ 더보기",5,2020-12-09
256382292,한눈에 명화로 보는 구약 성경,12222157,팔미호양,"#서평 #서평이벤트 #시답잖은뒷말 #팔미호양 #한눈에명화로보는구약성경
.
✔️나는 종교는 없지만 성경에는 관심이 많다. 예전에 읽고 봤던 서양 문학이나 미술에 성경의 어구나 내용이 참 많이 인용되고 그려지기 때문이다. 때문에 좀 더 깊은 이해를 위해서라면 성경을 아는 게 좋겠다고 줄곧 생각하고 있었다. 내가 좋아하는 소설 《빨강 머리 앤》의 이름 끝에 N이 들어가는 앤 셜리는 성경에는 장엄하고 멋진 말들이 많아서 황홀하다고 했다. 하지만 우리의 엄한 마릴라는 내용과 속뜻을 이해해야지 겉모양만 신경 쓰면 어떡하냐고 앤을 꾸짖었다....+ 더보기",4,2020-12-15
256382292,한눈에 명화로 보는 구약 성경,12223340,희망,서양미술의 배경이 되는 가장 큰 2가지을 꼽으라면그리스·로마 신화와 기독교가 아닐까 싶다.작품을 소개하며 그리스·로마 신화 이야기나성경이야기를 하는건 보았지만 반대로성경 이야기를 하며 명화를 소재로 하는 것은이번에 <한눈에 명화로 보는 구약성경>로 처음 보았다. 기독교인이 아니라면 아마 성경 이야기에알러지 반응을 일으키지 않을까 싶다.하지만 명화를 통해 이야기한다면의외로 관심을 가지는 사람이 많을거라 생각된다.어릴 때 한번쯤은 잠시라도 교회 다닌경험이 다들 있을거라 생각한다.하지만 의외로 성경이 예수의 탄생을기준...+ 더보기,5,2020-12-16
256382292,한눈에 명화로 보는 구약 성경,12222800,초코별공주,"나는 어렸을 때 부터 교회를 다녔다.
그리고 매년 마음먹지만 잘 지켜지지 않는 스스로와의 약속이 바로 성경통독, 1년에 1독씩 하는 것이었다. 
아무래도 꾸준히 읽는 것도 어려웠고, 특정한 부분으로 넘어가면 진도 나가기가 워낙 어려웠기 때문이다.&nbs...+ 더보기",5,2020-12-16
256382292,한눈에 명화로 보는 구약 성경,12203123,릴리슈슈의모든것,이 글에는 스포일러가 포함되어 있습니다. 보시겠습니까?회색 영역을 클릭하면 내용을 확인할 수 있습니다.,5,2020-12-08
639717,소그룹으로 변화되는 역동적인 교회,1423797,rafter,"소그룹으로 변화되는 역동적인 교회 

모든 사람은 혼자서는 살아갈 수 없는 사회적인 존재이므로 공동체를 필요로 한다. 교회는 기존 교인들의 신앙심 강화나 비교인들에의 전도 등을 위하여 소 그룹을 필요로 한다. 즉 모든 구성원 들이 강한 소속감을 지닐 수 있는 의미 있는 관계를 개발하는 것이 교회의 중요한 존재 목적 중에 하나이다 즉 하나님이 선택한 사람들의 모임을 통해 서로를 보살피는 진정한 공동체로 거듭 나야 한다. 
이런 공동체의 유지를 위해 교회의 목표를 확실히 하여야 한다. 즉 사람들이 교회활동을 통해 어떠한 사람으로 ...+ 더보기",5,2007-07-18
319094975,물러서지 마,14760848,Don｀t put a ceiling on yourself.,"이 시대를 살아가고있는 모든 크리스천에게 도전하고싶은, 책! <물러서지마> ! 우리는 무엇에 물러서지 않아야 하는지,그러기 위해서는 우리가 어떤 복음의 기준을 가지고 살아가야하는지를 책을 통해서 다시 한 번 질문하고 알아갈 수 있기를 !",5,2023-07-20
319094975,물러서지 마,14761147,에디터D,"#물러서지마 #데이비드플랫 #dontholdback #래디컬 #두포터 #나를복음으로살게한문장복음은 좋은 소식이다.복음은 주님의 초대이자, 약속이다. 6-7쪽데이비드 플랫의 <물러서지 마>의 부제는 예수를 온전히 따르기 위하여다. 저자는 교회가 이미 많은 부분에서 타락하고 있음을 숨기지 않는다. 오히려 그렇게 비난받고 신도들 마저 교회에서 발생하는 정치싸움에 휘말려 크게 실망하여 심한 경우 교회를 완전하게 떠나버리는 일이 비일비재한 현실을 숨김없이 말한다. 아메리칸 드림에 이어, 여기에 종교적인 부분을 더해 ‘아메리칸 복음...+ 더보기",5,2023-07-20
319094975,물러서지 마,15049590,lulujw7,"#물러서지마 #데이비드플랫지음 #두란노 #예수를온전히따르기위하여 말의 힘. 글의 힘. 이번에도 제목이 나를 끌어당겼다. 믿음앞에 물러서지마. 힘든일이 너의 앞을 가로막아도 물러서지말고 맞서서 앞으로 나아가봐라고 하는것처럼. 일주일을 본다면 일주일내내 힘든나날 그래도 그 순간순간중에 아주 잠깐 찾아오는 행복과 즐거움이 있는데 그 일주일에서 내가 예수님을 본받으며 살자고 생각하는 건 거짓말보태서 일주일내내라고 할 수 있다. 하지만 그런 실행을 얼마나 하면서 살지는 일주일지나고 보면 고개가 숙여진다. 부정적인 언행, 확인도 안하고 단정짓...+ 더보기",5,2023-11-11
319094975,물러서지 마,14761202,북쉐프,"""오늘날 우리가 교회 안에서 경험하고 있는 깊은 낙심과 환멸과 상처와 의심과 분열은우리 마음속에서 거짓 복음을 받아들인 결과다.하지만 진정한 복음으로 돌아가기 위한 겸손과 용기가 있다면 예수님을 따라 다른 미래로 나아갈 수 있다.""- 《물러서지 마》 19p-《래디컬 Radical》을 통해서 현대 그리스도인들에게 신선한 충격을 주고, '진정한 제자도'가 무엇인지 강력한 메시지를 던져준 미국의 차세대 목회자 데이비드 플랫이 이번에는 '진정한 복음'이 무엇인지 전해주기 위해, 새로운 책으로 우리에게 찾아왔다. ...+ 더보기",5,2023-07-20
319094975,물러서지 마,14752262,Esther,예수를​온전히 따르는 것에서하나 되는 것에서용납하는 것에서말씀을 먹는 것에서정의를 위한 것에서복음 전파를 위한 것에서복음을 살아 내는 것에서물러서지 말라! 뒷장의 핵심 말처럼데이비드 플랫 목사님의 첫 프롤로그의 내용처럼낙심과 환멸과 상처와 의심과 분열을 겪고 있는 이시대 크리스천들을 위해.. 그리고 더 중요하게는진짜 그리스도를 보기 원하는 다음세대에게 이책을 바친다라는 말씀처럼..어쩌면 우리는 나를 들어내려 하지 않않고 있지 않나 아니 나는..그랬던거 같다라는 생각이 들며 반성도 되는 책이였다.39p 현재 가장 많...+ 더보기,5,2023-07-17
319094975,물러서지 마,14774415,황재혁,"이번 7월의 날씨는 둘 중의 하나인 것 같습니다. 비가 많이 오거나 아니면 무덥거나 말입니다. 이렇게 습하고 무더운 시기를 보내면서 사역자의 몸과 마음에 피로가 누적됩니다. 특히 여름에는 교회마다 성경학교와 수련회를 진행하는 경우가 많은데 사역자는 여름사역을 몇 주 준비하다보면 지친 상태가 되기 쉽습니다. 사실 여름사역을 준비하다가 지친 설교자에게 추천할만한 책은 그리 많지 않습니다. 지나치게 어려운 책은 설교자가 끝까지 읽기 부담스럽고, 지나치게 쉬운 책은 설교자가 읽더라도 그리 도움이 되지 않을 겁니다. 그런 점에서 미국의 차세...+ 더보기",4,2023-07-25
319094975,물러서지 마,14760213,사막여우,"진짜 예수님과 교회는 지금 우리가 보는 세상과 전혀 다르다. 우리는 그런 교회를 경험할 수 있다. 그런 예수님을 경험할 수 있다. 예수님의 놀라운 경의로움과 그분의 교회가 보여주는, 세상과 다른 아름다움을 경험할 수 있다. 하지만 그렇게 되려면 무언가가 달라져야 한다. '저 사람들'이 아니라 먼저 '당신과 내 안에서' 무언가가 달라져야 한다.​ (p17-18)​낙심하고 좌절하고 지친 크리스천들에게, 교회에 환멸을 느끼거나 상처를 받은 크리스천들에게, 예수님은 다를 줄 알았는데, 교회는 다를 줄 알았는데 하며 고개를 돌리는 이들에게 ...+ 더보기",5,2023-07-20
319094975,물러서지 마,14765954,슈퍼맨,"물러서지마                                                               *인상 깊은 문장41p 우리가 서로 이견을 품어도 되는 문제들에 대해서는 서로 의견이 다르더라도 서로를 형제애로 사랑해야 한다.(롬 12:10) 서로를 받아주고, 단순히 비본질적인 문제에서 의견이 다르다는 이유로 서로에게 비성경적인 비판을 가하지 말아야 한다. 왜냐하면 우리는 서로에게 “사랑으로 행”해야 하기 때문이다.(롬 14:1-3,15)46p 예수님을 중심으로 연합하고 우리와 다른 사람들의 말에 유심히 귀를...+ 더보기",5,2023-07-22
319094975,물러서지 마,14760403,오렌지,"바르게 알기[물러서지마]라는 이 책은 현 기독교회들의 모습을 잘 보여주고 있어요.교회 안의 분열과 아픔들이 한국교회만의 일이 아니었네요.미국에는 인종차별까지 더불어 많은 진통이 있다는 것을 보았습니다.교단이 다르다고, 섬기는 방식이 다르다고, 이래저래 다르다고 서로 배척하고 나누어버리는 모습.그로 인해 상처주고 상처받는 모습들.사실 책을 읽으며 많이 마음이 아팠어요.처음 읽을때는 속이 시원했어요.나와 의견이 달리했던 사람들이 이 책을 꼭 보면 좋겠다는 생각을 했는데 다시 읽으니 반대로 와닿았습니다.성경을 본다면서 혹시 내가 성경을 ...+ 더보기",5,2023-07-20
319094975,물러서지 마,14751832,jina502,"<물러서지 마>는 데이비드 플랫 목사가 낙심과 환멸, 상처와 의심, 분열을 겪고 있는 이 시대 크리스천들을 위해 쓴 책이다. ​핵심은 지금 내가 가지고 있는 나의 복음을 깨뜨리고 다시 제대로 선 예수의 복음을 마음에 세우라는 것. 이 과정에서 힘들고 포기해야하는 것이 있더라도 물러서지 말라는 강한 응원의 메세지도 함께 담겨있다.현실은 바램과는 멀다. '먼저 그의 나라와 그의 의를 구하라'는 예수님을 높이는 성경적인 복음을 버리고, 그 자리에 개인의 안위와 권력, 풍요를 위해 예수님을 이용하는 아메리칸 복음이 이미 많은 사...+ 더보기",5,2023-07-17
319094975,물러서지 마,14761741,부르도,"이전에 데이비드 플랫 목사님의 책을 몇 권 읽었던 적이 있다. '복음이 울다', '카운터 컬쳐' 이 두 권의 책을 블로그 포스팅 한 링크를 아래에 기록해놓았다. 이 목사님의 책을 읽어보면 복음의 열정이 대단한 분이라는 사실을 알 수 있다. 이번에 나온 신작 '물러서지마' 역시 복음에 식어져 있는 기독교인들을 향한 외침을 들을 수 있다. 저자는 서두에 '복음은 좋은 소식이다'. '복음은 하나님의 은혜로운 초대이다.' '복음은 약속이다.' 라고 시작한다. 가장 기본 중에 기본이라고 할 수 있는 '복음' 에 대해 우리가 얼마나 그 의미를...+ 더보기",5,2023-07-20
319094975,물러서지 마,14760114,골무아내,"“성경적인 복음을 받아들이자!!!어떤 대가가 따르든지 오직 예수님 안에서만 발견되는 치유, 확실한 소망, 흔들림 없는 기쁨, 이해할 수 없는 연합, 형언할 수 없는 사랑, 영원한 생명을 ‘경험’하고 다른 사람에게도 ‘전해’주자”(256P)     예수님 안에서 치유를 경험하고 있나?예수 안에서 확실한 소망을 붙잡고 살아가고 있나?나의 상황이나 세상의 흐름과 상관없이 흔들림 없는 기쁨이 있나?예수로 하나된 공동체안에서 이해할 수 없는 놀라운 연합을 경험하고 있나?형언할 수 없는 그 분의 사랑 가운데 머물고 있나?예수 안에서 ...+ 더보기",5,2023-07-20
319094975,물러서지 마,14761340,Josep0509,"오늘날 교회와 기독교인들을 향한 세상의 시선은 싸늘하기만 하다. 기독교를 향한 냉소적인 사회적 시선에 대해 쉽게 반박할 수 없는 상황 가운데 놓여 있다. 그간 무슨 일이 있었기에 이러한 현상이 나타난 것일까? 참으로 안타까운 것은 기독교의 이미지가 실추된 주된 원인은 교회와 기독교인들에게 있다는 것이다. 스스로 자멸한 것과 같다. ​입술로는 예수님을 사랑한다고 열렬하게 외쳤지만, 실상 예수님을 온전히 따라는 사람들은 적었다. 예수님은 온 인류를 구원하기 위해 사랑과 헌신, 용서와 정의 등을 이 땅 가운데 실현시키기 위해 자신의 생명...+ 더보기",5,2023-07-20
319094975,물러서지 마,14780688,라파,"항상 돌아가야 할 성경적 복음 - 복음은 좋은 소식이다, 복음은 하나님의 은혜로운 초대이다. 복음음 약속이다.. 우리가 신앙안에서 누구나 고민할 수 있는 복음에 대해, 거짓복음과 바른복음이 우리 삶에서 어떻게 다르게 나타나는지, 왜 그렇게 나타날 수 밖에 없는지.. 그럼 바른복음을 위해, 예수를 온전히 따르기 위해 우리는 어떤 선택을 해야하며, 무엇을 포기해야 하며, 어떻게 살아나가야 하는지에 대해, 더 이상 교회의 모습이 이래서는 안 된다는 깊은 고민들을 나누게 해 준다.      교회는 가족이다. 인종과 신분, 지역과 ...+ 더보기",4,2023-07-27
319094975,물러서지 마,14760814,김민선,"#래디컬 #복음이울다 등 그리스도인이 진정한 제자로 살아가길 외쳤던 데이비드 플랫 목사님이 이 책을 쓰기 시작한 이유가 바로 이 부탁 때문이 아닐까. “목사님, 꿋꿋이 버티세요. 포기하지 마세요.”거짓 복음 앞에 타협함으로 무너지는 수많은 그리스도인과 목회자들을 바라 보며 버텨보자. 포기하지 말자는 결단으로 이 책은 외친다.Don't hold back.!!크리스천들은 서로 싸우는 것이 아니라 서로를 위해 싸워야 한다. 우리의 죄를 용서하셨고 우리를 자녀로 입양하신 하나님 아버지의 자녀된 우리의 삶의 자세를 들여다 봄으로 이 책을 열...+ 더보기",5,2023-07-20
319094975,물러서지 마,14761779,러블리쏘,"<래디컬>로 유명한 데이비드 플랫 목사님의 신간. 분명 미국은 우리 나라에 선교사도 많이 파송하고 불과 100년전까지만해도 복음을 전파하기 위해 모든 나라 가운데 앞서던 나라였다. 그런데 요즘은 다음 세대가 떠나가 문 닫는 주일학교, 분열에 빠진 교회, 꺠어진 가정 등…분명 예수님이 원하시던 크리스천의 모습은 아닐 것이다.이 책은  우리의 탐심을 채우기 위해 예수님을 이용하고 있는 거짓복음으로 물든 요즘음의 우리에게 진정한 복음이 무엇인지 되돌아보게하고 , 그리고 우리에게 거짓 복음에서 벗어나 다시 예수님를 따름에 있어서...+ 더보기",5,2023-07-20
319094975,물러서지 마,14753092,피선주,"#물러서지마 #데이비드플랫 🏷예수님을 중심으로 연합하고 우리와 다른 사람들의말에 유심히 귀를 기울이기 위해서는 오늘날 세상에서 보기드문 무언가가 필요하다. 바로 겸손이다.P.47🏷우리가 불의를 보고도 아무렇지 않게 살아가는 대신, 하나님 앞에 었드려 ,""이 일에 관해 제가 무엇을 하기를 원하십니까?""라고 묻는 습관을 기른다면 어떤 일이 벌어질까?P.I18🏷하나님의 선물을 모두 합친 것보다 하나님 자신이 더 낫다.P.213🏷성경은 우리의 삶 전체를 투자활 만한 가치가 있는 보물이다. 따라서 하나님의 말씀을 알기 위해 삶 전체를...+ 더보기",5,2023-07-18
319094975,물러서지 마,14760879,우선희,"※ 요즘 우리 교회(언덕위의 신흥교회)에서 새벽예배, 주일 설교, 묵상 말씀이 '사도행전'이다. 사도행전을 묵상하다 보면 내가 정말 그리스도인이 맞는가? 도대체 나는 하나님을 무엇 때문에 믿는지 궁금했다. 지금 상황이 너무 힘드니깐 주님을 찾는 것은 맞다. 그리고 하나님도 간구할 것이 있으면 주님 앞에 나오라고 하셨다. 하지만 정말 요즘 내가 느끼는 것은 기도의 주인이 '나'이고 내 삶의 주인이 '나'라는 것이다. 고민이 되고 있는 상황에 '베스트셀러 래디컬 저자 데이비드 플랫 물러서지 마' 두포터를 통해서 만났다. 정말 나를 점검...+ 더보기",5,2023-07-20
8260804,땃뜨와 슛디,9617982,이하라,"""성취한 많은 딴뜨라 수행자들은 딴뜨라에 대한 다양한 해석이나 논평에서 격찬되는 어마어마한 철학들을 알지도 못한다. 왜냐하면 그들은 단지 철학에 의해 깊은 감명을 받거나 사로잡힌 것이 아니라 모든 차원의 경험을 통해 의식이 변형되었기 때문이다.""머리말에 나온 이 설명과는 다르게 이 책 전체 중 서너개의 장을 제외하고는 딴뜨라, 요가에 대한 제반철학이 주 내용이다. 그러나 분명한 것은 이 책은 실수행의 한 방편이 주제라는 것이다. 이 책의 주제인 《땃뜨와 슛디》는 원소의 정화를 이르는데 《요가 우파니샤드》 중 '요가타트바 우파니샤드'...+ 더보기",5,2017-09-25
320211575,겸손의 규칙,14909595,모찌모찌,"인생의 막다른 골목에 다다랐다 생각이 들 때도,자신을 내려놓기는 참 힘들다.'철저하게 낮아져야 하는 상황을 만들어주신다'라고 입버릇처럼 말하지만,정작 자신의 영향력을 끝끝내 행사하고 싶어 한다.겸손은 인간의 본성에 역행한다.인간은 높아지려 하지만, 하나님께서는 낮아진 인간을 높이신다.성 베네딕도는 수도 생활 중에 자연스레 발생할 수 있는 상황에 대처하기 위해『수도 규칙』이라는 규칙서를 작성했고, 이후에 대부분의 수도원이 사용하기에 이른다.세인트루이스 베네딕도 수도회 사제인 어거스틴 웨타(Augustine Wetta)는『수도 규칙』의...+ 더보기",5,2023-09-15
371474984,하나님 나라와 세상 나라,16750063,reader,"이 책은 창세기 36장의 말씀을 강해한 설교집으로 어렵지 않게 페이지가 잘 넘어간다. 그럼에도 쉽게 한 자리에서 다 읽고 넘겨 버리기가 싫어서 여기 저기에 들고 다니면서 읽었다. 특별하진 않지만 안정적인 해석으로 창세기를 이해하고 이를 통해 우리의 삶을 돌아보게 한다. 특히 마지막 부분에 '창세기 *장의 교훈'이라고 한 번 더 정리를 해주시니 그동안 성경이 어려웠거나 많이 읽지 않았던 분들에게도 쉽게 다가갈 수 있을 것 같다. 📖성경은 '하나님 나라와 세상 나라'의 이야기이다. 그 둘 중 어디에 속할 것인가의 싸움이고, 어떻게 구...+ 더보기",5,2025-09-18
371474984,하나님 나라와 세상 나라,16757090,sky794279,"우리가 가정 예배책으로 잘 알고있는 김태희목사님의창세기 1장부터 36장까지의 강해집이다.자녀양육서가 아니고 강해집인데,가정예배와 자녀양육에 대해 고민이 많으셔서일까?아니면 지금 내가 자녀양육에 대한 고민이 많아서일까?책을 읽으면서 세상적기준이 아니라 하나님의 기준에 대해명확하게 설명해주셔서 감사하게 읽어나갈 수 있었다.우리가 너무나도 잘알고있을 것같은 창세기!나 역시 비슷한 내용들이 담겨있을 것 같았는데,1장부터 36장까지 매 챕터마다 새로운 내용들이 눈에 들어와""오~~~오~~~그렇구나!""하며 재밋게 읽어나갈 수 있었다.특히 노아가...+ 더보기",5,2025-09-22
371474984,하나님 나라와 세상 나라,16773203,라파,"하나님 나라와 세상 나라     하나님이 펼치시는 창조세계, 창세기 1~36장 강해     완전하고 무오한 성경을 읽으면서 가장 많이 읽는 부분이 창세기가 아닐까 생각해 본다. 창세기 중에서도 특히 창조의 말씀이 믿어지지 않으면 우리는 하나님 앞으로 한 걸음도 나아갈 수 없다. 이 창조가 믿어진다는 것은 순전히 은혜인 것이다.      그러므로 우리는 기도하는 사람이 되어야 합니다. 잔소리하는 사람, 비판하는 사람, 정죄하는 사람이 아니라 하나님께서 일하여 주시기를 바라는 ‘기도하는 사람’이 되어야 합니다...+ 더보기",5,2025-09-29
371474984,하나님 나라와 세상 나라,16763483,soninjesus,"하나님나라와세상나라_김태희 창세기 1~36장을 다시 만나는 은혜의 시간이었습니다.창세기의 전체적인 흐름을 따라가며,각 장의 필요한 부분을 이해하기 쉽게 잘 설명해 주어360쪽 분량의 책을 흠미롭게 읽었습니다.각 장마다 본문 메시지와 교훈, 결론으로구성되어 각장이 주는 하나님의 메시지를 또렷하게이해하도록 했습니다.그리고 되새겨 보기와 생각해보기를 통해질문에 답해보며 본문에 대한 깊이 있는 이해와신앙 고백으로 까지 이어지도록 하는 구성이참 좋았습니다.믿음의 조상 한 사람 한 사람의 인생을 통해구속역사를 이뤄가시는 하나님의 일하심과그들의...+ 더보기",5,2025-09-24
371474984,하나님 나라와 세상 나라,16803091,yangsoodori,"모두를 위한 설교 시리즈12<하나님 나라와 세상 나라>‘아니 창세기 1장부터 36장까지 총 37편의 설교가 359쪽의 책에?’처음 이 책을 받아들고 들었던 생각입니다. 여기에는 감탄이나 경이로움보다는 우려와 의심이 짙게 서려 있었습니다.이 정도 분량의 책에 37편의 설교가 들어가려면 각 장의 핵심 내용을 집약적으로 설명해야 하고, 설교문도 압축적으로 작성할 수밖에 없는데 그렇게 되면 본문에 대한 주해도, 본문을 통한 교훈과 적용도 제대로 할 수 없다는 것이 설교자의 세계(?)에서의 통념이기 때문입니다.그러나 책을 넘겨가며...+ 더보기",5,2025-10-12
371474984,하나님 나라와 세상 나라,16744170,hyojin114,하나님 나라와 세상 나라_김태희이 책은 창세기에 관한 설교를 모아놓은 설교집이다. 이 책을 읽으면서 매주 교회에서 예배 중에 설교 말씀을 듣는 것처럼 은혜가 가득했다. 태초에 하나님이 천지를 창조하신 이야기부터 야곱과 에서에 관한 이야기까지창세기 1장부터 36장까지의 이야기를 담고 있다. 창세기는 늘 새해 성경 1독을 다짐하며 읽었던터라 다른 성경 말씀보다는 익숙하고 많이 알고 있는 이야기들이 많았다. 그래서 그런지 이 책을 읽어나가는게 큰 어려움은 없었던 것 같다. 중간 중간 잘 몰랐던 내용도 있었지만 이해하기 쉽게 내용을 설명해...+ 더보기,5,2025-09-15
371474984,하나님 나라와 세상 나라,16775445,cherrybob2,"이 책은 창세기 설교집입니다. 저자가 비전 교회에 부임한 첫해에 설교한 내용을 책으로 엮은 것입니다.⠀⠀첫째, 창세기가 성경 전체의 배경이 되기 때문에둘째, 창세기가 다양한 주제를 다루기 때문에: 구원과 심판, 출생과 죽음, 사랑과 복수, 용서와 미움 등셋째, 창세기는 '하나님 나라'를 가르치기에 좋은 본문이기 때문에⠀⠀첫 설교로 정했다는 창세기에는하나님 나라와 세상 나라 사이의 갈등이 전반에 나타납니다. 바벨탑사건, 애굽과 소돔, 동방의 나라들이 계속해서 하나님 나라를 위협하고 공격하지만, 하나님은 어떠한 상황에서도 하나님 나라를...+ 더보기",5,2025-09-30
371474984,하나님 나라와 세상 나라,16772032,-,"모든 세대가 들어도 이해하는 데 무리가 없을 만큼 쉽고 명확하게 성경을 풀어주신다. 한 장 한 장 본문을 따라가며 그 안에 담긴 의미들을 차분하게 풀어주시고, 오늘을 살아가는 우리가 이 말씀을 어떻게 적용할 수 있을지까지 친절하게 인도해주신다. ‘되새겨보기’, ‘생각해보기’ 질문을 통해 각 챕터의 내용을 다시 리마인드하며, 창세기 말씀을 꼭꼭 씹어 소화하며 읽을 수 있는 것도 참 좋았다.설교자들에게도 유익한 책이라는 생각이 든다. 건전하고 안전한 주석을 바탕으로 한 설교집이기에 신뢰하며 마음 놓고 읽을 수 있고, 각 장의 중점적인 ...+ 더보기",5,2025-09-28
381597421,부와 재물에 대한 40일 묵상 기도,17038148,크롱츄,작년과 올해 가장 많은 고민이 되는 부분이 돈이였는데 마침 출판사의 추천글을 보고 책을 심도있게 읽어 볼 기회가 되었다.첫번째 파트에서 저자는 성경속의 주요 인물들이 어떻게 하나님께서 주신 재물과 부와 사회적 지위를 하나님의 선하신 뜻에 맞게 사용했는지 알려준다. 그리고 계속적으로 우리가 이 세상에서 누리며 사는 것들은 모두 절대적인 하나님의 은혜임을 강조한다. 우리는 아무것도 없이 이 땅에 왔다가 아무것도 없이 하나님께 간다.하나님께서 주시는 부와 재물을 청지기의 자세로 사용하고 다뤘는지 계속 반성하게끔 한다.  그리고 두번째 파...+ 더보기,5,2026-01-22
381597421,부와 재물에 대한 40일 묵상 기도,17034407,reader,"물질에 대한 것은 항상 조심스럽고중요한 부분입니다. 하나님은 필요를 채우시며 재물 얻을 능력도 주십니다.물질을 얻을 재능과 건강, 여건과 환경 등하나님께서 주관자가 되신다는 것을 책을 통해 다시 한 번 확인할 수 있어요. 우리가 수고하여 얻은 물질이라도하나님의 은혜가 곳곳에 있었다는 것을 인정하고먼저 주님을 경외하길 원합니다.이 땅에서 물질을 쌓는 것이우리의 목적이 되면 안됩니다.그 모든 물질의 축복보다하나님을 만나는 것,하나님 자체가 가장 큰 축복임을 잊지 말아야겠어요.   우리에게 주신 재물을 잘 관리하여나와 내 가족에게 뿐만 ...+ 더보기",5,2026-01-21
381597421,부와 재물에 대한 40일 묵상 기도,17049048,beatrix612,"#부와재물에대한40일묵상기도#생명의말씀사 #북챌린지#북서번트#서평단​※본 도서는 생명의 말씀사 제공받았으며 서평단 선정되었습니다.본 서평은 지극히 주관적으로 작성되었음을 알려드립니다.​20일 동안 북챌린지에 참여하면서 한 권의 책을 천천히 읽는 방법을 배웠으며, 충분히 좋은 말씀이 적힌 책은 한 번 읽고 또 읽고 하는 훈련을 통해 나의 삶을 돌아보는 시간이 되었다. 성경말씀 가운데 부와 재물에 대한 구절과 성경 속 인물을 소개하며 어떻게 우리는 삶에 적용할 수 있는지 이 책에서는 찬찬히 말한다. 호흡을 차분히 가라앉히며 청지기의 기...+ 더보기",4,2026-01-27
381597421,부와 재물에 대한 40일 묵상 기도,17045159,냐옹이,말씀과 기도로 만나는 참된 기도의 책 이라는 부제에 맞게재물에 대한 소망이나 고민이 있을 때아침 묵상으로 하루를 시작하기 좋은 책입니다. 저는 아침 든든히 먹고 커피 마시면서 이 책으로 시작합니다.성경속의 인물들 이야기를 중심으로하루 분량이 3~4페이지 정도로 짧아서 부담없이 말씀을 가까이 하기 좋아요.또 매일매일 기도문이 함께 있어서참고하셔서 읽은 말씀 묵상하시며바로 기도할 수 있어요.40일 묵상이라빠르게 한 번 완독하고여러 번 돌아가면서 읽을 수 있어서 더 좋을 듯 해요#40일묵상기도 #부와재...+ 더보기,5,2026-01-25
381597421,부와 재물에 대한 40일 묵상 기도,17043037,샤론,새해가 되면 해마다 많은 다짐들을 세우곤 하는데 올해 1월 1일부터 시작한 묵상기도는 다른 다짐들보다 값진 결정이었다.부와 재물에 대한 묵상을 하루에 한 챕터씩 읽고 주어진 말씀을 묵상하는 어찌보면 간단한 것 같으나 결코 그렇지만도 않은 내용들이었다.성경의 예화와 인물을 통해서 그들의 삶을 통한 축복과 하나님의 역사하심을 작가는 조목조목 짚어가면서 설명을 곁들인다.내용의 깊이는 묵상하는 것만큼 깊어질 수 있으며 깊이진 만큼 하나님의 역사하심을 체험하게 되는 말씀들이었다.할 수만 있다면 40일을 무한반복으로 한 챕터씩 읽고 묵상하는 ...+ 더보기,5,2026-01-24
381597421,부와 재물에 대한 40일 묵상 기도,17034948,말이,"하루 2장(4페이지) 분량으로 매일 읽기에 부담없어요!그러면서도 중요한 내용을 다루어주어서 좋네요!짧게 묵상+기도를 꾸준히 하기에 좋은 책입니다특히 4페이지 중 1페이지는 기도로 되어있어서,그냥 따라 읽기만 해도 됩니다 :)매일 묵상하면서 반복되는 메세지들이 있었고,재물에 관한 내용들이 결국은 '내 마음의 중심'을 다루는 말씀이라는 생각을 하게 됩니다그리고, 하나님께서 이미 내게 주신 충분한 것들에 감사하게 되었고,단지 부유함을 위해 구할 필요는 없겠다고 생각했습니다 ㅎㅎ필요하면 주실 것이니까요 !모든 것에서 하나님의 주권을 인정하...+ 더보기",5,2026-01-21
173285248,청정도론 - 비쑷디막가,12386624,내기억,"초기불전연구원 것으로 보다가 설명이 거칠어 이 책을 구입 후 벌써 2회독째인데, 진심으로 추천합니다.ㅎ 분량 많으나 설명이 충분하기에 생각보다 진도가 잘 나갑니다.물론 이 책을 보고자 하시는 분들의 성향이 두께를 신경쓰지 않으니 더욱 좋습니다.",5,2021-02-13
29788306,"성령, 그 위대한 힘",11268775,새바,성경적 관점에서 성령님에 대해 주제별로 자세히 상고할 수 있었다. 구원의 진리는 동일한 반면 방언과 성령세례에 관해서는 아직 여러 가지 의견이 있는 것 같다. 우리가 지금은 거울로 보는 것 같이 희미하나 그때에는 얼굴과 얼굴을 대하여 볼 것이요 지금은 내가 부분적으로 아나 그때에는 주께서 나를 아신 것 같이 내가 온전히 알리라(고전 13:12)라고 하신 것처럼 언젠가는 이러한 궁금증이 모두 해결될 날이 올 것이다. 중요한 것은 성령님과 지속적으로 동행하며 인도하심에 순종하며 살기 위한 분명한 목적을 가지고 이러한 은사와 체험을 사모...+ 더보기,4,2019-11-09
392998676,토마스와 함께하는 성지순례,17297788,김데레사,토마스 형제님의 성지순례 책 출간이 되었군요. 유럽수도원 뿐 아니라 한국천주교회의 성지가 포함되어 있어서 의미가 큽니다.,5,2026-05-26
335590725,설교는 글쓰기다 3,15420319,solom21,﻿어릴적 흑백으로 된 만화를 좋아했다. 신문에 만화로 된 만평을 먼저 읽었다. 이 책을 읽으면한글로 된 책이지만 만화가 눈에 보인다. 세종대왕이 만든 글자로 썼지만 만평이 눈에 띈다.특히 설교자들이 읽으면 등가려운 부분을 시원하게 긁어주는 책이다.,5,2024-03-29
335590725,설교는 글쓰기다 3,15375589,012frees,"[ 책 소개 ]- 책 제목: 《설교는 글쓰기다 3》- 저자:  김도인 목사님“어떻게 하면 청중(성도)에게 들리는 설교를 할 수 있을까?”1. 설교는 글쓰기다설교자라면 누구나 좋은 설교, 청중의 귀에 잘 들리고 마음에 울림을 주는 설교를 할 수 있기를 희망한다. 그러한 목표를 이루고자 설교문을 잘 준비하는 일에 노력한다. 설교는 강단에서 선포하는 행위이지만, 그것이 가능하도록 설교를 준비하는 과정은 글로 원고를 작성하는 서재의 시간에서부터 시작한다. 그렇기 때문에 저자는 설교를 ‘글이자 말이다’라고 정의한다. 설교는 말 이전에 글이며...+ 더보기",5,2024-03-12
335590725,설교는 글쓰기다 3,15397731,lulujw7,#설교는글쓰기다 #김도인지음 #글과길 #들리는설교에서보이는설교로 글쓰기에 관심이 있고 청중의 한사람으로써 현재 내가 살아가는 시대의 설교자는 어떤 설교를 중점적으로 해야하나 알고 싶기도 해서 읽게되었다.   책을 읽지 않거나 여러 매체를 보게되지 않으면 매번 같은 패턴의 전달과 경험으로 듣는이에게 지루함을 줄 수 있다고 본다. 이마골로기시대로 감성적인 이미지에 지배받아 살아가는 존재라고 한다. 듣는 설교를 이미지로 생각하게 하도록 이끌어야 한다. 나는 듣는 설교도 좋아하지만 읽는 설교도 좋다. 아마도 이런 이미지설교에 최적화된 강해...+ 더보기,5,2024-03-21
335590725,설교는 글쓰기다 3,15381175,tiger-junwha,"저자인 김도인 대표는 설교 글쓰기 분야를 개척했다.[설교는 글쓰기다 3]는 그 세 번째 결과물로,<이미지 글쓰기>를 다루며, 전체 6개의 파트로 구성돼 있다.<이미지 글쓰기>란 무엇이며,왜 써야 하며, 어떻게 써야 하는가를'예수님의 비유'를 기반으로 알아본다.이미 이미지가 세상을 지배하는 '이마골로기' 시대이고,인간의 뇌는 정보를 이미지로 저장하고,이미지는 청중을 변화시키는 힘이 강하고,'예수님의 비유'도 이미지(묘사, 비유, 은유)로 되어 있고,소설, 시, 수필뿐 아니라, 성경도 이미지 글이므로,'설명하는 설...+ 더보기",5,2024-03-14
379404632,기문둔갑의 맥 : 연국기문 편,16978954,북콜렉터,"이번 책 리뷰는 #지식과감성 출판사로부터 책 두 권을 제공받아 읽고 저의 주관을 담아 자유롭게 쓴 독후감입니다.오래 전부터 #기문둔갑 이라는 말에 몹시 끌렸지만, 유튜브 등을 통해 토막지식만 섭취해오던 차에 읽고 싶은 다양한 분야의 책을 내주시는 '지식과감성' 출판사를 통해 《기문둔갑의 맥》이라는 타이틀의 책 두 권을 발견했고 즉시 온 신경이 그리로 향했다.위 사진은 책을 받자마자 독서의 기회를 주신 감사함을 담아 기념촬영(?) 해 둔 '동국기문' 편과 '연국기문' 편 합해서 두 권의 모습이다. 각각 456쪽과 678쪽 합...+ 더보기",5,2025-12-28
321900000,기도의 세계,14892388,emillucius,"그리스도교 교인들에게 기도는 빼 놓을 수 없는 습관이고 그만큼 소홀해지기 쉬운 활동이다. 나는 그리스도를 믿으면서도 기도를 그리 습관적으로 하지 못하는 편이다. 소득 없음과 세금 문제로 사업을 한 달 만에 폐업하고 며칠을 가슴 졸여 온 터라 기도에는 그리 집중하지 못했다. 묵주기도를 하고 나도 내 문제를 꼭 안고서 그것을 하느님께 내려놓지 못하고 있다. 그저 하느님께 내려놓기만 하면 될 일인데. 그렇다고 내가 할 수 있는 일들마저 하느님께 일임한다면, 그것은 게으름이다. 내가 할 수 있는 일은 내가 하되 어쩔 수 없는 일들은 하느님...+ 더보기",5,2023-09-07
321900000,기도의 세계,14945597,버터럼,"우리에게 기도란 무엇일까? 우린 단순히 무언가를 바랄 때마다 기도하고 있지 않은가? 기도는 '하느님과의 대화'라는 사실을 알면서도 자꾸 잊는 경우는 왜일까? 등등 - 수많은 궁금증에 대한 답이 이 책, <기도의 세계>에 담겨있었다.영성 작가이자 신비가였으며, 의사로도 활동한 아드리엔 폰 슈파이어의 많은 글들 중 '기도를 주제로 한 글'만 엮은 이 책은 기도의 본질을 알려준다. '우리가 왜 기도해야 하는지, 어떻게 기도해야 하는지, 그 기도가 이루어지는 과정은 어떤지, 기도를 통한 효과는 무엇인지 등' 신앙생활을 ...+ 더보기",5,2023-09-30
321900000,기도의 세계,14944293,-,"기도라는 행위를 두고무언가를 부탁하는 기도 또는무엇이 어떻게 되었으면 좋겠다고청하는 기도가 여전히 내가 생각하는 기도의대부분을 차지하고 있는데그 생각에서 몇 발짝 벗어날 수 있도록시야를 점점 넓혀주고 있다.가령, 하느님께서 내게 주신 것에 감사하며찬찬히 사색에 잠기는 것도 기도고성경필사를 하며 구절들을 곱씹어보는 것도기도의 범위에 속하는 행위들인데나는 아직까지도 청원 기도만을기도라고 여길 때가 많았던 것이다.또, 사도신경 역시도 하나의 기도이다.마찬가지로 주님의 기도 역시 당연히 기도인데특히 주님의 기도는 예수님께서 우리에게이렇게 ...+ 더보기",5,2023-09-29
321900000,기도의 세계,14992594,꿈꾸는실비아,"캐스리더스 9월 도서 중 하나인 <기도의 세계> 서평을 기한 내에 쓰지 못해서 늦게나마 쓰게 되었습니다. 이 책은 572 페이지에 달하는 꽤 두꺼운 책이여서 솔직히 부담이 되었는데 다행히 완독을 할 수 있었습니다. 저는 지난주 금요일부터 2박 3일 동안 대침묵 피정을 했는데 피정 중에도 이 책을 읽고 묵상을 했습니다. ​이 책의 저자이신 아드리엔 폰 슈파이어는 1902년에 스위스 개신교 집안에서 태어났습니다. 그녀는 1940년에 가톨릭으로 개종했고, 현대 신학자 한스 우르스 폰 발타사르에게 세례를 받았습니다. 이후 그와 ...+ 더보기",5,2023-10-19
321900000,기도의 세계,14952690,allen135,"이 책을 처음 봤을때 두께에 놀라 읽기도 전에 지쳐버렸다.내용도 조금 어렵게 다가왔었다.그래도 읽다보니 기도하기에 앞서 조금씩 읽다보면기도를 좀 더 풍성하게 할 수 있도록 많은 도움을 주는 책이라고 느낄수 있었다.또한 이 책은 중간부터 읽어도 되고, 처음부터 읽어도 큰 무리가 없을것 같다.하느님과 가까이함에 있어 봉사와 나눔, 그리고 기도로충만하고 풍성한 삶을 살아가도록 도와주는 책 같다.",5,2023-10-02
321900000,기도의 세계,14939528,belleunhi,"찬미예수님 😊🙏🏻✨9월 가톨릭 북 캐스 리더스 리뷰 도서는 아드리엔 폰 슈파이어가 쓴 기도의 세계입니다. 처음 책을 받자마자 엄청난 두께에 기도의 세계는 참으로 심오하구나 직관적으로 알았더랍니다. ^^ 특히 책 초반부 2장 1절 삼위일체 하느님 안에서 이루어지는 기도 부분은 이 책의 핵심이자 가장 어려웠던 부분이었지만 다행히 그 부분 이후로는 무난하게 읽혔습니다.리뷰는 이 책의 핵심내용을 담고 있는 2장 기도의 원천을 중심으로 해보겠습니다. 기도는 하느님과 함께 사는 영적이고 신비스러운 삶이자, 그분의 현존하심에, 그분의 신적...+ 더보기",5,2023-09-27
321900000,기도의 세계,14940338,winds08,"이 책의 저자 슈파이어는 기도에 대해 다방면의 시각으로 이야기를 풀어냈다. 단 한 번에 내용을 모두 이해하기는 힘들지만, 여유를 두고 읽어본다면 저자의 영성을 알 수 있을 것이다. 나 또한 모든
장이 이해되지 않았지만 기도의 본질, 마리아의 기도, 기도의 과정 등이 가장 와닿았다. 글 구석구석 담긴 저자의 철학적 색채에서 남성성을 느껴 여성작가라 생각하지 못했는데, 여성작가인 것을 책의 마지막 부분에서 알고 놀라지 않을 수 없었다. 또한 영성가들 중 개신교에서 개종한 사람들이 종종 있는데, 슈파이어는 어린 나이였음에도 불구하고 그...+ 더보기",5,2023-09-27
321900000,기도의 세계,14946005,hyne81,"신앙인에게 기도라는 것은 무엇일까?

일반적으로 단순히 내가 원하는 것을 청하는 것을 포함해서 '하느님과의 대화'가 기도라고 말한다.

​

하지만 기도를 하면 할수록 과연 제대로 기도하고 있는 것인가 하는 의문이 들 때가 많다.

더 깊이 있게 알고 싶다는 생각이 들어서 이번 책 『기도의 세계』를 선택하게 되었다.



『기도의 세계』는 영성 작가이자 신비가였으며 의사로도 활동한

아드리엔 폰 슈파이어가 쓴 많은 글들 가운데 기도를 주제로 한 글을 선별하여 엮은 책이다.

신앙 생활의 핵심이자 그리스도...+ 더보기",5,2023-09-30
321900000,기도의 세계,14943858,bogoomi,"#살아있는복음#보금의기쁨#보금자리영성#기도의세계🙋‍♀️ 기도는 되는 것이 아니라 하는 것이라는 말을 마음 속에 새기고 살아가면서도, 기도는 여전히 어렵다. 그럼에도 불구하고 어떤 간절함이 있을 땐 기도하는 아이러니함. 어쩜 기도는 어려움보다고 가장 쉬운 것일 수 있다. 성호경과 영광송은 짧지만, 그야말로 언제든 쉽게할 수 있는 기도이기에 마음을 다하여 해야함을 알고 있다. 하느님과의 대화, 그 안에서의 체험이 여실히 담겨있던 책이 기도의 방향성을 설정해준 수단이 되었다.p.23""너 어디 있느냐?""(창세3,9)이때부터 비로소 하느님...+ 더보기",5,2023-09-29
321900000,기도의 세계,14930072,꼬꼬이,"""기도""를 생각할 때 마음 한 구석이 슬쩍 무거워지는 저에게 500쪽이 넘는 책은 구원이자 숙제였습니다. ""기도는 믿음 안에서 관계를 회복하는 것이다.""책의 제 1장, <기도의 본질에 관하여>에서는 관계로 기도를 풀어갑니다. 책의 저자는 기도란 ""내가 바라는 것을 말씀드린다.""는 일방적인 행위가 아니라 하느님과 나의 관계를 설명하거나 드러낼 수 있는 통로라는 점을 강조합니다. 하고 싶은 말만 혼자 쏟아내는 사람과의 대화는,사실 대화라고도 할 수 없지만 이야기를 듣는 쪽의 피로감이 크죠. 할 말만 하고 자리에서 일어서려는 ...+ 더보기",5,2023-09-23
321900000,기도의 세계,14951038,파도마루,"이 책에 나오는 기도의 세 종류, 흠숭/감사/청원 가운데 제가 진정으로 마음을 다해 하고 있던 기도는 '청원'밖에 없었습니다. 가끔 감사기도를 하곤 했지만 흠숭 -> 감사 -> 청원의 순서가 아니라 결국 저는 청원한 것을 얻었을 때만 그 감사기도를 하는, 청원 -> 감사 라는 역방향의 신앙생활을 하고 있었음을 깨닫고 마음 한켠이 부끄러워집니다.성장하고 변화된 기도를 하고 싶은 모든 분께 이 책을 권합니다. 다만 앞부분은 커다란 신학적 지식을 가지고 있는 분이 아니라면 다소 어려우니까, 머릿말을 잘 읽어보시고 책에서 ...+ 더보기",5,2023-10-01
379389506,기문둔갑의 맥 : 동국기문 편,16982797,마음이동하는아동,*출판사로부터 도서를 제공 받아 읽고 주관적으로 작성했습니다.복잡한 공식 이전에 상황을 읽는 눈을 기르고 동양 역학을 삶의 언어로 이해하고 싶은 이에게 《기문둔갑의 맥》은 좋은 길라잡이가 될수 있을 것이다. ​단순 점술보다 판단과 통찰에 관심이 있다면 도움 되는 책이라 생각된다.,5,2025-12-29
379389506,기문둔갑의 맥 : 동국기문 편,16978932,북콜렉터,"이번 책 리뷰는 #지식과감성 출판사로부터 책 두 권을 제공받아 읽고 저의 주관을 담아 자유롭게 쓴 독후감입니다.오래 전부터 #기문둔갑 이라는 말에 몹시 끌렸지만, 유튜브 등을 통해 토막지식만 섭취해오던 차에 읽고 싶은 다양한 분야의 책을 내주시는 '지식과감성' 출판사를 통해 《기문둔갑의 맥》이라는 타이틀의 책 두 권을 발견했고 즉시 온 신경이 그리로 향했다.위 사진은 책을 받자마자 독서의 기회를 주신 감사함을 담아 기념촬영(?) 해 둔 '동국기문' 편과 '연국기문' 편 합해서 두 권의 모습이다. 각각 456쪽과 678쪽 합...+ 더보기",5,2025-12-28
308755462,예수님은 법 받은 미륵존여래불,14637618,유심청풍,미륵불 믿는 불교도는 예수가 미륵이니이제 예수 믿으라는  말인가!제대로 알지도 못하면서 세상 어지럽히지 말라,1,2023-06-04
21242076,성령과 성령의 은사들,5977388,THEGREENOCEAN,"우리속에 성령께서 내주하시는지를 분명히 인식하는 것이 필요하다.""너희가 믿을 때에 성령을 받았느냐?"" 이것은 제자들이 믿는 자로서 인식한 것이다.목마른 사람이 열심히 물을 찾듯이 병에 걸린 사람은 의사를 찾는다.그러면 영적으로 갈급한 사람은 물론 성령님의 내주 하심을 갈망해야 함에도 불구하고 세상에서 그 해답을 찾는것을 볼 때도 있다.
 
 
 
 
우리는 우리의 마음을 스스로 부족하다는 마음을 깊은 확신으로 가득 채우고 하나님이 주시는 것이 무엇인지를 갈망하며,그것을 위해 기꺼이 모든 ...+ 더보기",5,2012-11-25
21242076,성령과 성령의 은사들,6007774,jotaaa,"케네스 해긴 목사님의 성령론에 대한 이 책은 
모든 그리스도인이라면 반드시 읽어야 하는 책이다. 
사실, 성령론에 대해서는 말도 많고 탈도 많지만, 결코 포기할 수 없는 중요한 부분이다. 
한국교회는 성령과 은사에 대한 부분들을 말하려면 먼저 알레르기 반응을 나타낸다. 
그리고 이단시 하는 것을 서슴치 않는다. 
그만큼 한국교회가 성령과 은사에 대한 문제들이 많았음을 짐작케 하는 부분이다.
 
그런데, 왜 가장 중요한 성령과 은사에 대한 부분이 가장 큰 문제로 남아 있는가? 
그것은 성경적인 성령과 은사가...+ 더보기",5,2012-12-12
21242076,성령과 성령의 은사들,5995594,Peniel,"해긴 목사님이 소천하신지 오랜 시간이 흘렀지만 여전히 그분의 가르침은 오늘 날 교회에 대한 선지자의 외침을 가지고 있다.""형제들아 신령한 것에 대하여 내가 너희의 알지 못하기를 원하지 아니하노니""(고전 12:1) 해긴 목사님의 지적 대로 오늘 날 영적 은사들에 대한 총체적인 무지가 난무 한다. 오순절 교단이 꽤 많이 생긴 지금도 교계의 전체적인 상황은 여전히 그렇다. 말씀을 강조하는 많은 교회들이 정작 그들이 사랑하는 말씀인 성경에서 강조한 영적 은사들에는 관심이 없으니 그들은 말씀을 강조하지만 ...+ 더보기",5,2012-12-05
13013166,파스칼의 팡세,5090714,호야루,"파스칼하면 생각나는 말이 있죠.
""인간은 생각하는 갈대다""
이 말은 인간의 나약함을 말해주지만 반대로 인간의 위대함을 동시에 보여주고 있는 것 같아요.
이처럼 위대한 철학자이고, 수학자인 그는 프랑스가 낳은 위대한 천재라고 볼 수 있죠.
그런데 여기에 덧붙여서 신학자로서의 그의 모습을 볼 수 있는 것 같아요.
팡세는 이런 파스칼의 유고집인데, 그가 인생의 마지막에 완성하려고 했던 ""그리스도교의 변증론"" 하지만 이 글의 초고를 그의 사후에 정리해서 간행한 것이 바로 ""팡세""라고 하네요.
1623년 프랑스 오베르뉴 지방에서 ...+ 더보기",4,2011-09-20
13013166,파스칼의 팡세,5098604,yyllssdd,"어린시절부터 습관적으로 교회에 다녔었기에 교회는 나에게 간식과 선물을 주는 곳, 친구들을 만나는 곳, 학교 생활기록부의 종교란에 기독교라는 세글자를 적어넣는 것 그 이상의 어떤 의미도 갖지 못했다. 그러던 어느날, 삶에 대한 회의에 직면했고, 어린시절부터 습관적으로 배워왔던 기독교의 가르침이 거짓이라면 차라리 당장 죽어버리는 게 가장 행복한 결말이 아닐까 라는 생각이 들었다. 그때부터 불교, 유교, 도교, 기독교 등 다양한 종교서적들을 읽으며 진리를 찾아 헤메기 시작했다. 한번도 읽지 않았던 성경도 몇번씩 읽으면...+ 더보기",5,2011-09-24
357419065,연애학교 결혼예비학교 워크북,16267984,강은영,"사실, 결혼하고 육아가 시작되면 정말이지 사랑이 넘치는 부부들도 위기가 한 번씩? 찾아오기 마련인 것 같아요. (더 끈끈해 지시는 부부도 계시지만요^^)  아이가 어린이집에 다니게 될 즘 이 워크북을 통해! 천천히 부부가 돌아보면 정말 좋을 것 같아요❤​",5,2025-02-28
357419065,연애학교 결혼예비학교 워크북,16267994,강은영,"이 워크북은 20대 초반 남녀 대학생들뿐만 아니라, 결혼을 준비하는 커플들 더 나아가 결혼 후 결혼생활을 다시 점검하고 싶은 분들에게 정말 필요한 워크북이 될 것 같아요.사실, 마더와이즈를 온라인으로 진행하면서 많은 엄마들의 기도 제목 중에 하나가 남편을 더 섬기고, 이해하고 사랑하며 순종하게 하소서였어요.하지만,  ""근데 왜 늘 아내들만 이렇게 노력해야 해요?""라는 마음의 소리를 들을 때마다 어떻게 하면 부부의 회복을 더 잘 도울 수 있을까 했는데.. 이 워크북을 통해서 부부가 함께 천천히 읽고 이야기 나누는 것도 것도 정말 좋을...+ 더보기",5,2025-02-28
288521348,기도 돌판,14801481,이경옥,최인규 목사님의 『기도 돌판』은 남녀노소 누구나 쉽게 따라 할 수 있는 기도 안내서입니다. 하나님과 친밀한 교제를 위하여 필요한 기도 최인규 목사님의 열정에 감사드립니다. 한국교회가 기도로 어려움을 극복했으면 좋겠습니다.,5,2023-08-03
322399630,한 새사람,14852353,djqjd,이스라엘에 대해 갖는 오해를 거부감 없이 따뜻하게 풀어줄 것으로 기대합니다,5,2023-08-24
155740034,진리를 말하다,14233523,권일한,"1. 저자 : 비크너는 독특한 사람이다. 고개를 기울여서 본다. 사람들이 보는 방식과는 다른 눈으로 바라본다. ‘삐딱한 그리스도인을 위한’『통쾌한 희망사전』이라는 책 제목에 드러나듯이 꽤나 삐딱한 사람이다. 무뎌진, 뻔한, 변화가 필요한 사람들에게 낯선, 새로운, 뒤통수를 탁 치는 이야기를 들려준다.     2. 독자 :『진리를 말하다』는 진리를 말하는 사람이 말하는 내용이 무엇인지(무엇이어야 하는지) 말한다. 이 책에서는 진리를 말하는 사람을 설교자라고 해석했지만, 사람에게 영향을 준다면 누구나 진리를 말하는 사람이다. ...+ 더보기",5,2023-01-01
294408101,말씀이 육아가 되어,13638267,chivfer,"말씀이 육아가 되어     책을 읽으면서 혼자만의 상상의 나래를 펼친다. 만약, 예수께서 결혼해서 육아를 하셨더라면 복음서는 어떻게 쓰여졌을까? 모르긴 몰라도 육아에 대한 비유가 꽤 많이 삽입되었을 것이다. 그 만큼 책을 읽으면서 아빠의 육아일기는 굉장히 생소했다. 그러나 그 생소함이 점차 생생한 모습과 훈훈한 부정으로 스며들었다.      “말씀이 육아가 되어”가 아닌 “육아가 말씀이 되어” 느낌으로 읽어갔다.  26화에 걸친 육아일기를 구약과 신약의 관점으로 진행한 방식이 경쾌하다.  1화 창조: 사랑은 너를 ...+ 더보기",4,2022-05-30
294408101,말씀이 육아가 되어,13625337,eldad01,"읽을 수가 없네... <말씀이 육아가 되어>를 읽고조정래가 그랬다.  ‘제목이 그 소설의 절반을 결정 짓’는다고(황홀한 글 감옥, 334). 제목이 그렇게나 중요하다. ""말씀이 육아가 되어"". '어... 제목 괜찮은데.' 이런 생각을 하며 시원하고 따뜻한 표지를 넘겨 '김정태'라고 적힌 작가 소개 글을 읽는다. 압권이다. ""... 아들 결이와 함께하는 시간을 통해 말씀과 하나님 나라를 몸으로 새롭게 읽어가는 시간을 보내고 있다..."" 소개 글 전부를 옮겨 적고 싶을 만큼 좋다. 받아야 할 은혜를 이미 다 받은 듯...+ 더보기",5,2022-05-25
294408101,말씀이 육아가 되어,13647313,s2-jesus,"‘말씀이 육아가 되어’. 일단 제목에 끌렸다. 다 읽고 난 뒤 그 끌림에 후회했냐고? 전혀 아니다. 페이지를 넘길 때마다 공감하며 고개를 끄덕였고, 깊은 울림을 얻고, 구렁텅이에 빠진 내 생각을 새롭게 해주었다. 사역하다가 육아에 전념한 아빠로서 느끼는 감정들, 생각들이 비슷한 상황인 내게 친숙하게 다가왔다. 의미 있어 ‘보이는’ 사역을 하다 도무지 의미가 ‘보이지 않는’ 육아로 뛰어들어 느꼈던 자괴감, 우울감, 외로움. 감정은 여전하지만 이 책은 내가 ‘엄마모드’로 좀 더 전환할 수 있도록 도와주었다.   각 챕터의 전체적인 ...+ 더보기",5,2022-06-02
294408101,말씀이 육아가 되어,13665799,엽사마,"말씀이 육신이 되어 우리 가운데 거하시매종교개혁 이후, 모든 삶의 영역에서 하나님의 주권을 높여드린다고 배웠다. 그런데 육아는?이 곳은 영 아닌거 같다. 하나님께서 늘 동행하시고 그분의 영광을 높여 드려야 하는데 도대체 우째 해야하는가 싶다.첫 아이가 태어난지 50일이 막 지났다. 지금도 아이를 재우고 숨죽여키보드를 두드린다. 20분 후 아이는 깰 예정이다. 분유를 준비해두었고,기저귀도 미리 세팅을 해두었다. 남은건 나의 마음가짐 뿐… 육아는 ‘함께’ 하는 것이며, ‘아빠’가 주도적으로 하는 것이라고 그랬다.맞다 ...+ 더보기",5,2022-06-09
334530,"사랑의 또 다른 얼굴, 분노",5323702,바람파편,"분노라는 감정에 대한, 그 처리방법에 대한 책이다.
다섯가지 사랑의 언어라는 책을 쓴 게리 채프먼의 책으로서 오랜 기간 목사로서 상담가로서 상담하면서 축적된 경험과 방법들과 생각을 정리해 놓은 책이다.",4,2012-01-02
46462918,귀납법적 성경연구,7601279,Desiderius,"먼저 이 책의 문제 제기를 살펴볼 필요가 있다. ""쿠이스트는 개신교 안에서 발생한 성경의 “재카톨릭화” 현상의 실체를 분명히 확인해 주었다. 그는 개신교인들을 포함한 일반적인 그리스도인들의 경향성에 대해서 (목회자와 성도들 모두) 그들이 자기 자신을 위해 성경을 읽거나 해석하는 신뢰받지 못한 사람들처럼 행동하고 있다고 묘사한다. 그는 사람들이 성경을 읽기 위해서 오직 권위를 인정받은 사람이 행한 해석의 도움을 받아 성경을 읽어야 한다고 지적했다. 개신교의 경우 교황이나 교권을 가진 사람(magisteriu...+ 더보기",5,2015-06-17
934202,"섬기는 사람, 느헤미야",1400369,라미닌,"얼마 전 한국교회의 신세대 리더로 각광받는 젊은 목사가 난관을 극복하고 성벽을 건축한 탁월한 리더 느헤미야라는 주제로 설교집을 펴냈다. 나는 느헤미야의 전방향 리더십에 감탄했다. 이번에는 목회현장에서 상처받은 영혼을 어루만지는 치유사역자가 느헤미야의 배후에서 일하시는 하나님의 섭리라는 주제로 설교집을 내놨다. 나는 역사를 주관하시는 하나님의 손길에 탄복했다. 성경이 다양성 속에서 통일성을 추구하듯이 두 분의 설교는 다르면서도 같은 내용으로 귀결되었다. 


김형준 목사님의 설교를 방송과 책을 통해 접해보면 성경에서 우물가에서 ...+ 더보기",5,2007-07-11
934202,"섬기는 사람, 느헤미야",12498644,-,만족해요,5,2021-03-27
271420557,사탄과의 싸움,13808622,주한길,믿는 사람은 사탄과 그가 거느린 악의 세력을 상대하는 싸움이 아주 치열함을 알아야 한다. 사탄은 지성과 감정 그리고 의지를 모두 갖추고 있는 존재이다. 그는 교활하고 지능적인 강력한 원수이지만 과대평가하거나 과소평가할 필요는 없다.​사탄의 죄는 교만에서 시작되어 자기 기만으로 발전했고 반역하는 마음으로 귀결되었다. 사탄은 사람들 앞에서는 하나님을 비방하고 하나님 앞에서는 사람들을 비방한다. 사탄은 하나님의 나라를 전복시키려고 하고 우리를 파멸시키고 멸망시키려고 한다.​성경은 사탄의 존재를 인정하고 들어내는데 일부 성직자와 신학자들은...+ 더보기,4,2022-07-31
370739554,성경 속 동물과 식물,16705085,emillucius,"책을 처음 받아보자마자 감격에 젖었습니다. 책의 디자인이 너무 예뻐서요. 표지와 책 사이사이에 삽입된 보태니컬아트가 매력적입니다. 책을 읽다보면 저도 모르게 빠져들게 되고 어느새 다 읽고 난 자신을 발견하게 됩니다. 우아한 디자인도 그렇지만 내용도 어렵거나 길거나 하지 않아서 약 한두 시간이면 충분히 다 읽을 수 있는 분량입니다. 그러나 저는 너무 빨리 읽는 편이라 묵상에 도움이 되도록 천천히 읽는 것이 더 좋을 것 같아요. 성경을 읽거나 공부할 때, 우리는 주로 사람들의 행위와 예수님의 업적에만 집중합니다. 그러나 성경 속에는 사...+ 더보기",5,2025-08-30
370739554,성경 속 동물과 식물,16807155,belleunhi,"찬미예수님~ 안녕하세요~ 가톨릭출판사 캐스리더스 9,10월의 도서는 허영엽 신부님의 「성경 속 동물과 식물」입니다. 작년 캐스리더스 7기 때에 허영엽 신부님의 「성경순례」를 통해 성경 속에 나오는 지역에 대해 알아보았다면, 올해는 「성경 속 동물과 식물」을 통해 성경 속에 나오는 동물과 식물에 대해 알아보았습니다. 탈출기 그룹성경 할때에 “왜 궤약 궤를 만들 때 아카시아 나무로 하라고 되어있나요?”, “왜 주님께 제물로 바칠 때 나귀의 첫새끼는 양으로 대속해야 하나요?” 질문들을 하셨는데 성경 공부 할 때에 이 책을 곁에 두고 함께...+ 더보기",5,2025-10-14
370739554,성경 속 동물과 식물,16806842,라파엘坤,"<본 게시물은 가톨출판사로부터 도서를 제공받아 작성한 서평입니다.>올해는 다시 청년 성서 모임에 발을 담그게 됐다. 과거에 그룹 공부는 했지만 연수는 다녀오지 않았던 요한복음도 교재가 새롭게 개정되어 다시 그룹 공부를 시작했고, 지난주부터는 사도행전 그룹 공부도 함께하고 있다.  군 시절부터 이어온 신앙생활이지만, 본격적으로 성경을 깊이 접하게 된 건 첫 청년활동을 연합회, 전례부에서 하게 되면서였다. 당시 전례부이자 청년회장 누나의 추천으로 연합회로 시작해 전례부에 들어가게 되었는데, 그때가 내 성경 여정의 출...+ 더보기",5,2025-10-14
370739554,성경 속 동물과 식물,16806528,winds08,"자연관찰 책에 흥미를 갖고 있는 아기와 함께 자연책을 읽다 보니 성경 속에 등장하는 동물과 식물에 대한 책에도 관심이 생겼다. 무엇보다도 현대에도 존재하는 동물과 식물이 성경 속에서 언급되었다는 게 신기했다. 책의 구성은 각 동물과 식물의 특성과 그에 관해 얽힌 이야기, 언급된 성경 구절이 덧붙여있다. 그래서인지 마치 작은 백과사전을 읽는 것 같은 느낌이었다.
읽는 내내, 아이가 좀 더 커서 성경을 접하게 될 나이가 되었을 때 다시 한번 같이 읽어보면 너무 좋을 것 같다는 생각이 들었다. 가정에 동물이나 식물을 좋아하는 자녀나 조...+ 더보기",5,2025-10-14
370739554,성경 속 동물과 식물,16806831,Rena,"이번에 접해본 책은 성경 속 동물과 식물로,성경에 등장하는 80여 종의 동식물을 신학적, 생태적, 문학적으로 담아놓은 책이다.그 중에서도 성경에서 자주 접하고 익숙한 동식물을 살펴보았다.사랑과 평화의 상징인 비둘기는 창세기의 노아의 방주 이야기에서 비롯되었는데, 올리브잎을 물고 오면서 새로운 땅(시대)이 있음을 알려주었다. 더불어 비둘기는 하느님의 영의 모습을 비둘기로 형상화하며 순결의 상징임을 나타냈다.(그런데 우리 현대에서는 비둘기는, 친숙하지만 더럽다는 이미지로 극혐의 존재가 된 것에 살짝 슬프기도 하였다.)초대교회 믿음의 상...+ 더보기",5,2025-10-14
370739554,성경 속 동물과 식물,16806210,bogoomi,"#보금자리묵상​#독자적보금#성경속동물과식물🐌느리지만 근면한 달팽이""흘러내리는 물처럼 그들은 사라지고 그들이 화살을 당긴다 해도 무디어지게 하소서. 녹아내리는 달팽이처럼, 햇빛을 못 보는, 유산된 태아처럼 되게 하소서.”(시편 58,8-9)이 구절에서 ‘녹아내리는 달팽이’라는 표현은 오랫동안 햇볕을 쬐면 껍질 속에서 말라 죽는 특징을 빗대어 썼을 것이다. 달팽이는 느리게 움직이는 동물이다. 빠르게 변화하는 현대 사회에서 우리는 종종 쫓기듯 바쁘게 살아간다. 이럴 때 잠시 숨을 고르고, 천천히 자신만의 속도로 나아가는 달팽이처럼 여유...+ 더보기",5,2025-10-14
370739554,성경 속 동물과 식물,16809780,보나,"책을 읽은 소감을 한마디로 표현해보자면, '성경을 통해 바라보는 동물과 식물 대백과'라는 말이 적당할 것 같아요. 차례에서 알 수 있듯이 아주 다양한 동물과 식물들이 등장하고 있답니다. 단순히 동식물의 이름만 나열된 차례가 아닌, 해당 동식물의 간단한 설명이 함께 있어 더욱 호기심이 생겼어요. 특히 우리에게 아주 친근한 '개'가 성경속에서는 '이방인'으로 비유된다거나, 고수풀이 약초로 사용되었다는 것은 굉장히 이끌리는 내용이었습니다.책 본문 속으로 들어가면 과연 이 책을 가톨릭계의 동식물 백과사전으로 불러도 손색이 없겠다 싶은 페이...+ 더보기",5,2025-10-15
370739554,성경 속 동물과 식물,16809303,mh130mmg,"성경을 읽다 보면 배경이나 비유로 동물과 식물이 자주 나옵니다.동물은 책이나 TV 등으로 많이 봐 와서 익숙한 것도 많고, 동물이 의미하는 바를 어느 정도 알고 있지만 식물은 우리나라에 없거나 흔하지 않아서 낯선 식물이 많고 궁금할 때가 많았기에 <성경 속 동물과 식물> 책을 알게 되었을 때 그 내용이 무척 궁금했습니다.이 책은 내용이 쉽고 재미있습니다.그리고 각 동식물마다 한 장 반에서 두 장 정도로 구성되어 있어서 한두 장씩 가볍게 읽기 좋았습니다.이 책에는 어린양, 물고기, 메뚜기, 메추라기, 포도, 무화과나무, 돌...+ 더보기",5,2025-10-15
370739554,성경 속 동물과 식물,16809755,puda,"하느님께서 지으신 모든 피조물은 저마다의 의미를 지닌다 <성경 속 동물과 식물>은 2009년 허영엽 신부님이 평화신문에 연재했던 글을 묶은 책으로, 16년 만에 개정판으로 새로 단장해 나온 책이다. 제목 그대로 성경에 나오는 동물 43종, 식물 35종 총 78종의 동식물 이야기가 담겨 있다. 동물 편, 식물 편으로 나뉘어 있어 차례대로 읽어도 좋고, 동식물을 번갈아 가면서 읽어도 좋다. 나는 두 달 동안 하루치씩 동식물을 번갈아 가면서 읽었다. 식물 편을 읽고 나선 엄혜진 수녀님의 <성경 ...+ 더보기",5,2025-10-15
370739554,성경 속 동물과 식물,16799030,카타리나,"책 표지마저 너무 예쁜 책이에요.​들판의 한 송이 꽃, 하늘을 나는 새 한마리에서도 하느님의 뜻을 만날 수 있다는 신부님의 소개말에흥미롭게 목차를 바라보다가​""평화와 안정의 무화과 나무""​라는 문구에 눈길이 가서 무화과나무 챕터부터 읽기 시작했습니다.​집 마당에서도 무화과 나무가 자라고 있고ㅡ 집에 무화과 나무가 들어온 다음 해부터 매년 무화과를 따먹기 시작했어요. 매년 먹을때마다 의식을 못했는데, 이제서 의식을 하면서 먹게 되니 매번 먹던 무화과가 새롭게 느껴지는 맛이었습니다.이렇게 무화과는 안전한 삶을 뜻한다.사람이 무화과나무 ...+ 더보기",5,2025-10-10
370739554,성경 속 동물과 식물,16810008,나랭,"이번 도서는 '성경 속 동물과 식물'이다.이 책은 제목 그대로 성경 속에 등장하는 동물과 식물들에 대해 간단히 소개하는 책이다. 단순히 '이 생물은 무엇이다!' 이런 내용이 아니라 이 생물이 각 나라 별로 가지고 있는 이미지와 성경 속에서 어떤 구절에 등장하고, 어떤 의미로 사용되는지 짧고 간결하게 서술하고 있다.여기 나오는 모든 생물에 대해 당연히 다 알고 있을 거라고 생각했는데 막상 책을 읽어보니 이런 생물도 있었나..? 싶은 생물들이 보였다. 너무 당연하게도 다 알고 있을거라고 생각했는데 의외로 생소한 생물들이 있어서 성경을 ...+ 더보기",5,2025-10-15
370739554,성경 속 동물과 식물,16808956,stella7625,"제목 ; 성경 속 동물과 식물글 ; 허영엽출판사 ; 가톨릭 출판사이 책을 처음 받아 목차를 보고 깜짝 놀랐습니다. 왜냐하면 성경에 이렇게 많은 동물과 식물들이 나왔다는 사실이 놀라웠습니다.또 '이런 동물도 나왔어?', '앗! 이런식물들도 나왔구나~'제가 평소에 성경을 꼼꼼히 보지 않은 것이죠ᆢ^^;;이 책은 허영엽 신부님께서 2009년 신문에 연재했던 글을 책으로 묶어 출간한 책입니다.그래서 동물이나 식물 하나하나 간단히 소개가 되어있어 읽기도 편하고 성경 어느부분에 있는지 소개도 되어 있어 '아~내가 이걸 인지를 못 했네~', '...+ 더보기",5,2025-10-15
370739554,성경 속 동물과 식물,16802839,trapeze,"하느님께서 보시니 손수 만드신 모든 것이 참 좋았다. (창세기 1:31)     하느님의 말씀을 담은 정경(Canon)을 ‘성경’이라고 한다. 잘 알듯이 성경은 예수님 이전(기원전, BC)에 기록된 구약 39권과 예수님 이후(기원후, AD)에 기록된 신약 27권 등 총66권으로 구성되어 있다. 허영엽 신부님의 󰡔성경 속 동물과 식물󰡕은 이 66권으로 구성된 성경에 나오는 각종 동물과 식물에 깃든 하느님의 뜻과 섭리를 깨달을 수 있는 책이다. 이 책은 허영엽 신부님께서 서문에서 밝히신 바와 같이 이 글은 200...+ 더보기",5,2025-10-12
370739554,성경 속 동물과 식물,16788832,phhasong,"성경 속 동물과 식물지은이 : 허영업가톨릭 출판사이 책은 허영엽 신부님께서 성지순례 중 양귀비 꽃의 검은 십자가를 보며 깊은 묵상을 체험하신 후, 매주 동식물을 알아가며 그 안에 깃든 하느님의 섭리를 깨달아가는 과정에 연재하셨던 글을 묶어 출판하였던 책을 다시 새롭고 아름답게 개정 출판하신 책이다.한편, 서평의 저자는 성경을 묵상하는 과정에 궁금한 부분들이 많았으나 신부님이나 수녀님을 따로 뵈어 동식물에 관하여 질문하기에는 너무 사소한거 같아 고민하던 찰나, 본 책이 저자의 손에 들어왔다.도감처럼 궁금했던 부분만 찾아 볼 생각으로 ...+ 더보기",5,2025-10-04
303700537,하나님 나라와 광장신학,14119947,모찌모찌,"예수가 전한 복음은 '하나님 나라'다.예수는 친히 '하나님 나라'가 되셨다.하나님 나라는 예수를 통해 실현되며 완성된다.예수를 빼고는 하나님 나라를 논할 수 없다.하지만 하나님 나라는 그 중요성이 간과되거나다른 개념과 혼용되어 오해를 불러일으킬 때가 많았다.저자인 유태화 교수는 ""아우토 바실레이아""(αὐτὸ βασιλεία)라는 개념을 통해하나님 나라 개념의 핵심을 다루며 논의를 시작한다.저자는 성경신학과 조직신학을 아우르며하나님 나라를 포괄적으로 살펴보고 통섭하려고 한다.일반 계시와 특별계시에 대한 신학적 토대를 역사적으로 추적하...+ 더보기",5,2022-11-24
303700537,하나님 나라와 광장신학,14065086,yunechoi,"이 책을 집어 든 순간, 어릴때부터 수없이 들어온 “하나님 나라”에 관한 메시지들이 스쳐갔다. “예수 천당, 불신 지옥”에서 연상되는 장소로서의 하나님 나라에서부터 현재 가장 많이 언급되는 “하나님 나라의 선한 통치”에 이르기까지 기독교인 각자가 가지고 있는 다양한 이해와 개념이 존재한다는 생각을 가지고 읽기 시작했다. 또한 기독교에 대한 반감이 극에 달한 이 시대에 주목하게 되는 “공공신학”의 의미와 사명은 무엇인지, 그 진지한 고민과 신학적 사색에 공감하며 읽었다.저자는 20세기에 접어들면서 너무나 흔히 듣게 된 단어인 ""하나님...+ 더보기",5,2022-11-03
363049262,절 마당에 앉아,16440592,beresung,"2018년부터 독자들과 소통하고 있는 성진스님의 다섯번째 책이다.현재는 남양주에 위치한 성관사라는 절의 주지로 있다고 한다.대개의 사람들이 신과 직접 소통할 수 있는 능력은? 없으니신부, 목사, 스님과 같은 종교인에게서 일상의 구원을 얻고자 한다.누군가에겐 아무 무게감도 없는 뻔하고 지루한 일상인데누군가에겐 커다란 짐으로 뻘밭에 빠진 마냥 힘겨운 하루하루일 수 있다.그래서 성관사를 찾았다가 성진스님의 얼굴을 보는 순간많은 질문을 쏟을 것이다.""내가 지금 이런데 어떻게 살아야하는냐고""그렇게 성관사 절마당에서 신도가 묻고 스님이 답해준...+ 더보기",5,2025-05-10
259447449,진리에 대한 복종,12307488,모찌모찌,"『진리에 대한 복종: 갈라디아서에 나타난 바울의 윤리학』(Obeying the Truth: Study of Paul's Ethics in Galatians) 은 1986년 1월에 케임브리지(Cambridge) 대학에 제출된 존 M. G. 바클레이(John M. G. Barclay, 1958~)의 박사학위 논문이다. 1988년에 원본의 여러 부분을 개정하여 책으로 출간된다.  즉시 몇 가지 질문이 떠오른다. '최근 학문 경향이 매우 중요시되는 성서학에서 기존의 박사학위 논문이 우리에게 어떤 의미인가...+ 더보기",5,2021-01-15
187486969,성령과 트라우마,10774334,김준우,"저자의 말대로 ˝해피엔딩을 강요하는 사회˝에서 트라우마는 외면당하기 쉽지만, 트라우마를 외면하는 부활 승리의 구원론은 억압자의 논리가 될 뿐이지, 삶 속에서 끈질긴 죽음을 경험을 하면서 살아가는 많은 이들을 더욱 절망시키는 구원론이 된다.",5,2019-04-03
69096120,말씀으로 생각을 태우라,8317017,에어,하나님의 말씀을 어떻게 하면 우리의삶 속에서 생활 그자체로 만들수 있을지에관해 잘 설파한 책입니다.실질적인 훈련법을 알려주시기에 매우 유익하고흥미로운 책입니다.,5,2016-03-11
69096120,말씀으로 생각을 태우라,8012499,별빛하늘,"요즘들어 부쩍 잠이 오지 않는 날이 많은데, 마음이 불편해서 그랬던 것 같아요. 좋은 말씀 읽으면서 마음을 다스려보고 싶네요",5,2015-12-05
375046541,감사 혁명 : 10년 된 시골교회가 젊은 교회 된 비밀,16838341,크리스틴,감사혁명 책을 읽으며 나도 모르게 감사대신불평을 많이하고 있음을 알게되었다일상속에서 감사를 실천해야 겠다고생각이 든다,5,2025-10-29
375046541,감사 혁명 : 10년 된 시골교회가 젊은 교회 된 비밀,16839378,taewoo619,코로나19이후 멈춰있는 크리스천들에게 많은 도움이 될 것 같다. 나도 책에 소개된 내용들을 실천해 봄으로 내 삶에도 감사혁명이 일어나 행복한 삶으로 변화되길 기대해본다!,5,2025-10-29
375046541,감사 혁명 : 10년 된 시골교회가 젊은 교회 된 비밀,16838739,goodperson84,"˝감사 혁명˝ 정말이지 제목처럼 감사로 꽉꽉 눌러 담은 매우 귀중한 책입니다. 내용 구성이 부담스럽지 않고 가벼운 마음으로 읽기에 너무 좋습니다.감사에 대한 명사들의 명언이 가득히 들어있어서, 인용하기에",5,2025-10-29
375046541,감사 혁명 : 10년 된 시골교회가 젊은 교회 된 비밀,16837983,fmdc,"감사를 통해 하나님의 은혜를 알게 되었습니다. 나의 작은 감사가 가족의 감사가 되고, 교회의 감사가 됨을 알게 되었습니다.",5,2025-10-29
375046541,감사 혁명 : 10년 된 시골교회가 젊은 교회 된 비밀,16861845,다윗,"‘출판사로부터 도서를 지원받아 주관적으로 작성한 리뷰입니다.’     1. 십자가의 고통, 그리고 감사로의 초대40년이라는 긴 세월 동안 하나님의 양 떼를 먹이고 정년 은퇴를 맞이했을 때, 제게 찾아온 것은 평안이 아닌 ‘암’이라는 무거운 소식이었다. 신장암과 전립선암, 두 번의 큰 수술을 거치며 마취에서 깼을 때 느꼈던 그 극심한 통증은 일생 경험해 본 적 없는 절망적인 아픔이었다.     하지만 그 극한의 고통 속에서 제가 만난 것은 다름 아닌 ‘예수님의 십자가’였다. 주님이 날 위해 지신 고통의 무게를 아주 ...+ 더보기",5,2025-11-07
375046541,감사 혁명 : 10년 된 시골교회가 젊은 교회 된 비밀,16963576,파레시아,"감사는 하나님의 뜻입니다. 감사해야 된다는 것을 모르는 성도들은 없을 것이다. 감사가 있는 곳에 행복이 있고, 기쁨이 넘치는 모습들을 봄에도 불구하고 삶의 현실에서 현실을 뛰어넘는 감사를 하는 것은 쉽지 않아 보이는 것 같다. 그럼에도 불구하고 감사하는 삶은 삶을 바꾸어 놓는다. 그것을 보여주는 책이 바로 감사 혁명이다.     감사혁명은 100년이 넘은 송전 교회에서 일어난 감사 이야기이다. 저자는 감사는 송전교회에 주신 하나님의 선물이라고 고백한다. 감사는 하나님이 주신 선물이기에 감사를 통해서 자신이 새로워지고, 교회...+ 더보기",5,2025-12-21
62321775,한.새.사람,7678687,lilycoffee,나 자신의 존재이유에 대해 다시한번 스스로 물어보게 되는 책,4,2015-07-29
62321775,한.새.사람,7684200,뿡뿡이,어떤 내용일지 정말 기대되네요..궁금합니다.,5,2015-07-31
62321775,한.새.사람,7667651,herbyoo,"여기 에베소서를 통해 인생을 향한 하나님의 생각을 들여다볼 수 있는 책을 하나 발견한다.내가 바라보야할 것이 무엇인지, 알아야 할 것이 무엇인지...그리고 무엇이 되어야할지에 대한통찰이 기대된다.하나님이 찾으시는 한 새 사람이 되기를 소망한다.",4,2015-07-23
14703430,너의 죄를 고백하라,6631315,책사랑,"하나님께 지은 죄, 개인적인 관계 속에서의 죄, 교회에 지은 (공적인) 죄에 대해서 각각 하나님께 회개함, 개인적인 용서구함, 교회에 용서를 구하고 치리를 받음이라는 죄고백 방법을 제시하고 있다. 그리고 카톨릭 교회의 고해성사 제도가 성경적 죄고백 개념에 어떻게 어긋나는지 논증하고 있다. 제목과는 사뭇 다른 내용을 가진 책이어서 주제에 대한 정확한 정보가 없으면 다른 내용을 원하는 독자에게 읽혀지거나 또는 뭍힐 책이다. 이 주제에 관심이 있는 사람들에게는 존 스토트 특유의 명확한 정리가 큰 도움이 될 것이다.",4,2013-10-10
632299,간화선입문,11442142,독공,입문서를 쓴다는 것은 참 어려운 문제이다. 어떤 것의 배경지식이 없는 사람이 전체적인 그림을 그려보고자 할 때 찾는것이 입문서일 것이다. 그래서 너무 개괄적인 이야기는 와닫지 않고 세부적인 것은 지엽적인 것밖에 파악할 수 없다. 간화선 더 찾아서 읽어볼 수 밖에... 말을 떠나 생각이 없는 수양이라하니 참 어렵다,2,2020-01-17
632299,간화선입문,6190645,달팽이,"장경각에서 발행한 오래된 책 '고경'이 있다. 방학동안 어떤 공부를 할까 하고 생각하다 성철스님 불교강의와 장경각에서 나온 성철스님 법어집 시리즈를 들었다. 물론 집에는 백일법문, 신심명 증도가, 선문정로, 본지풍광 등...열 몇권의 책이 있고 여기에 없는 것을 다시 구하고자 하니 절판되었다. 그러던 중 아는 선생님의 집에서 고경을 들춰보다가 여기에 마음이 문득 막히었다.   ""어찌 자성이 본래 청정함을 알았으며, 어찌 자성이 본래 생멸없음을 알았으며, 어찌 자성이 본래 스스로 갖추어져 있음을 알았으며...+ 더보기",5,2013-02-27
299825553,하나님의 첫사랑을 회복하라,13943864,파레시아,"예수 그리스도께서 이루신 구원은 인류 세계를 완전히 바꾸어 놓았다. 아담의 범죄로 말미암아 타락한 인간과 세상은 하나님의 사랑을 잃어버렸고, 하나님이 원하시는 삶을 살 수 없는 존재가 되었다. 이런 세상에 하나님의 사랑의 영이 부어지고, 새로운 삶이 시작되었는데, 이 놀라운 삶이 얼마나 엄청난 것인지를 안다면 우리의 신앙생활 뿐만 아니라 삶 또한 달라질 수 밖에 없을 것이다. 윌리엄 로우의 하나님의 첫 사랑을 회복하라를 읽으면서 본질에서 하나님은 그 자체가 사랑이시고 선이신데, 하나님의 본질과 인간의 타락한 본성에 대한 바른 이해를...+ 더보기",5,2022-09-19
299825553,하나님의 첫사랑을 회복하라,13887542,우연히행복해지다,하나님의 첫사랑을 회복하라 서평마음속에 처음 존재했던 하나님의 사랑을 회복하는 길하나님을 뜨겁게 사랑했던 내 모습을 떠올려 본다.내 삶의 전부라고 말하면서 가슴 벅찼던 시간.내가 살아가는 이유라고 고백했던 시간.하나님은 나에게 그런분이시다.지금 내 마음과 내 삶은 어떨까?온갖 핑계로 하나님과의 교제하는 시간을 내고 있지 않다.이 시간을 제일 뒷전으로 여기고 있는 것 같다.제일 우선순위가 되어야 하는 시간을.. 내일 마지막 시간으로 미루고 있다내 할일 다하고 내가 하고 싶은거 다하고 하나님께 시간을 드릴게요.. 라고 말하고 있는 내모...+ 더보기,5,2022-08-30
7326244,하나님은 불의한가?,4272578,마하네임,참된 기독교인이 누구인가? 그는 진실로 하나님의 말씀에 순종하는 새로운 인류이다.,4,2010-11-17
7326244,하나님은 불의한가?,3996962,행복한미소,"이스라엘 민족을 위한 기독교 신학이는 부제에서 느끼듯이 이 책은 
이스라엘의 민족적인 배경과 함께 하는 로마서 9장 에서 12장에
나오는 내용을 깊이있게 조명하고 있다. 자끄 엘륄은 많은 이들에게 
깊은 묵상속에서 나오는 보배로운 하나님의 계시를 밝혀주고 있다.
하나님의 절대적인 주권속에서 유대민족은 하나님의 사역에서 
빼놓을 수 없는 깊은 관계를 가지고 있다. 유대인의 특수성과 유대인에게 베풀어진 
선물이 바로 여기에서 찾아볼 수 있다. 이스라엘에게 주어진 가장 큰 선물은 인류의...+ 더보기",5,2010-08-08
7326244,하나님은 불의한가?,3960770,쩐디닥,"들어가기에 앞서, "" "" 속 내용은 본문 인용문임을 밝혀 둡니다.


　유대인은 매우 독특한 역사를 갖고 있는 민족이다. 다른 어느 민족보다 우여곡절이 많은 민족이다. 어느 민족이 하나님께 선택 받았다고 자부하는가? 어느 민족이 2천 년 간 나라 없이 방황하다가 다시 나라를 찾았는가? 오직 유대인만 그러하다. 나라를 잃은 후 어디를 가든 박해 받고, 헤아릴 수 없이 많은 사람들이 몰살당하고도 생명을 유지하고 있는 민족이 어디 있는가? 오직 유대인 뿐 이다. 유대인은 신비하고 특별하다. 
　유대인은 하나님께 택함 받은 특별한 ...+ 더보기",5,2010-07-26
2495769,하늘 생명수,2334456,ifnh1001,"하늘생명수 ..

제목처럼 내삶속에 생수로서 다가왔다.

안일한 신앙생활에서 회초리같은 책으로 나의 삶속에서 하늘의 생명수가 흐르는가를 뒤돌아 보게 하였다. 

겉으로는 살쪄가지만 영적인 빈곤에 야위어가는 상황속에서 만난

하늘 생명수는 한줄기의 빛과 같은 책이었다.

종교로서 하나님인아닌 인격적인 주님을 만나고 나의 삶가운데서 하나님의 능력과 임재를 

구해야겠다.

책첫장에 믿음이란 한알의 밀알이 땅에 떨어져 죽음으로 많은 열매를 맺음과 같이 진리의 열매를 

위하여 스스로 죽는 것을 뜻한다는 글을 ...+ 더보기",4,2008-10-05
336983363,미래학자 고난을 말하다,15745478,aprudent,"미래학자 고난을 말하다​아시아 대표 미래학자가 전하는인생 고난에 대한 성경적 통찰​최윤식생명의말씀사 [교회오빠] 이관희 집사님의 이야기를 들어보았는가? 몇해 전 영화로 본 것을 최근에 다시 볼 기회가 있었다. 대장암에 걸린 엄친아 이관희집사님. 엎친데 덮친격으로 어머니가 돌아가시고 아내는 혈액암..이제 가정을 이루어 돌이 된 아이를 두고 하나님 앞에서 그 믿음을 더욱 견고하게 했던 집사님의 고백... 성경 속 욥의 모습을 현대판 이야기로 만난 것 같았다.​고난을 지나며 하나님을 더 깊이 만나고 성장하는 과정은 알지만, 고난...+ 더보기",5,2024-08-03
151562521,365일 웨스트민스터 소교리문답,12454314,숨비북,얼마 전 신혼 가전이었던 TV를 버렸습니다. 오래 사용한 연유로 기능상의 문제가 발생한 이유가 컸지만 삶에서 TV가 차지하는 비중을 줄이고 싶었던 내면의 갈망도 있었죠. 연일 웃고 떠들어대는 TV가 사라진 공간과 시간이 주는 그 적막함과 약간의 공허함(?)이 느껴졌지만 역시 인간은 환경에 무섭게 적응하는 동물인가 봅니다. 몇 달 전 초등학생인 첫째 아이가 출석했던 교회의 주일학교에서 부모님과 아이들이 함께 성경 말씀을 공부할 수 있는 제본 노트 한 권을 주었습니다. 매일 부모님과 아이가 번갈아가면서 성경적인 질...+ 더보기,5,2021-03-10
285277160,재앙을 축복으로 만드는 사람들 1,13891875,지금여기,김원수 법사님의 새벽 법문을 잘 정리한 책입니다. 마음 밝아지는데 좋은 강의입니다.,5,2022-08-31
297932387,치유티칭,15395738,truebible,간단하지만 치유에 대한 놀라운 진리를 담고 있습니다!,5,2024-03-20
353783690,성경을 따라가는 52주 가정예배 6 : 서신서와 요한계시록,16138208,Pauline,"본 서는 가족 구성원 전체가 1년에 1권씩 6년 동안 사용하여 성경을 1독 할 수 있는 가정예배 가이드 책입니다. 전체 6권 중 저는 마지막 여섯 번째 서신서와 요한계시록편을 읽고 활용했습니다. 저희 가정은 매일성경 본문으로 주 1회이상 가정예배를 드립니다. 이번에는 이 책을 활용해 요한계시록의 한 부분으로 가정 예배를 드렸습니다. 책의 구성은 찬송가, 가정예배 성경 본문의 해설, 묵상 2가지 질문 그리고 기도로 이루어졌습니다.  가정예배에서 활용할 때 중요한 것은 2~3장씩 1주에 읽기 분량을 읽는 것이라 생각이 들었습니다. 가정...+ 더보기",5,2025-01-08
353783690,성경을 따라가는 52주 가정예배 6 : 서신서와 요한계시록,16113126,mtsedc99,#책리뷰 #책추천 #세움북스#성경을따라가는52주가정예배 #김태희 #서신서와요한계시록#가정예배 #기독교교육 #부모교육 #가정예배서 가정예배를 드리고 싶으나 어떻게 드려야 할지 모른다면!추천합니다!!!매일 매일 드리고 싶은 마음 가득하지만 막상 가족이 모두 시간을 맞추기 어렵다. 그래서 52주 한주에 하루 시간을 정해보자! 그렇게 시작하는 가정예배 우리 가족이 모두 모여 찬양을 하고 말씀을 읽고 말씀을 나누고 기도제목을 나누는 시간52주 ...+ 더보기,5,2024-12-31
353783690,성경을 따라가는 52주 가정예배 6 : 서신서와 요한계시록,16137926,마르지않는샘,"📖성경을 따라가는 52주 가정예배 북리뷰우리 가정은 묵상집인 생명의 삶을 따라 가정예배를 드리는데아직 아이들이 어리다보니본문을 쉬운 성경으로 읽고 해설로 이해시키는 시간이 꼭 필요했었다첫째는 초2, 둘째는 아직 한글을 떼지 않은 6세이다책을 혼자 보다가 읽다보니그래도 아이들과 같이 보고 싶은 마음에민민형제에게 요청했다엄마랑 같이 말씀읽고 예배하자니까쪼르르 상으로 다가와 앉는다📍책의 구성중요한 부분을 놓치지 않고 잘 이해할 수 있는 본문과질문을 통해 답하면서 본문을 다시 생각하고예배의 나눔을 풍성하게 할 수 있었다딱 적당한 길이의...+ 더보기",5,2025-01-08
145888887,관계 중심의 어린이 사역,10131960,EZEL,"오, 이 책 내용 좋더라고요. 요즘 애들 대하는 게 쉽지 않았는데, 이거 보면서 우리 아이들이 귀중한 존재라는 걸 다시 리마인드하게 되는 것 같아요. 암튼 주일학교 교사 분들께 강추합니당",5,2018-06-04
66073701,시편,7964593,수다쟁이향나무,"칼뱅은 교회에서 찬양은 시편으로만 해야 한다고 하였다. 요즘에도 많은 찬양들이 말씀을 가지고 만들며, 그중에서도 시편을 가지고 음률을 붙여 부른 노래들이 많다. 소싯적에는 그저 음률들이 좋아서 흥얼거리던 노래들이 시편을 읽다가 ‘그 노래가 이 시편이었구나!’하고 반가워했던 기억들이 새록새록 떠오른다. 하지만 시를 분석하고 공부하는 것은 참 어렵다. 시를 읽는 것은 좋았으나 문학수업은 힘들었다. 이미 학자들이 분석한 내용은 지루했고, 이렇게까지 쪼개야 하나는 생각이 머릿속을 떠나지 않았고, 마구 쑤셔 넣는 지식은 시를 씹는 것을 방해...+ 더보기",5,2015-11-26
214326607,다만 그윽한 마음을 내라,15223965,letash,말그대로 다만 그윽한 마음을 내게하는 책입니다.감사합니다.,5,2024-01-15
214326607,다만 그윽한 마음을 내라,11446552,Grace,*천지의 근본도 내 한마음이 근본이요태양의 근본도 내 한마음이 근본이라어찌 모든 세상 두루 살피지를 못하리오 *한 생각에 지옥을 만들고 한 생각에 극락을 이룬다그 한 생각을 잘 다스려라 *나 하나를 버린다면 모든 것이 다 잠자고 쉬게 되니삼세에 걸림없는 자유인이 된다 *나보다 남을 생각하는 마음그 마음이 마침내 온 우주와 함께하는 한마음인 것이다,5,2020-01-19
322801597,창세기에서 예수님을 만나다 2,15245335,ljs032412,마음속 죄의 문제를 어떻게 해결 받고 의인되어지는지 알게하고 예수그리스께로 인도해 주님의 구원사역으로 주님의 자녀되게 하는 진리의 말씀이네요~,5,2024-01-23
